trace,trace_type,eviction,prefetcher,cache_size,interaction_window,miss_ratio,byte_miss_ratio,n_req,n_prefetch,n_prefetch_then_evict,n_prefetch_then_evict_then_miss,n_prefetch_then_evict_no_demand,n_prefetch_then_evict_then_hit,n_evict,n_evict_then_prefetch,n_evict_then_useful_prefetch,n_evict_then_useless_prefetch,log_path,status
w01.oracleGeneral.bin.zst,oracleGeneral,sieve,Mithril,16mb,1000,,,,,,,,,,,,,./results/cp_sweep_intensity/logs/w01.oracleGeneral.bin.zst__sieve__Mithril__16mb__w1000.log,fail:134
w01.oracleGeneral.bin.zst,oracleGeneral,sieve,Mithril,16mb,100,,,,,,,,,,,,,./results/cp_sweep_intensity/logs/w01.oracleGeneral.bin.zst__sieve__Mithril__16mb__w100.log,fail:134
w01.oracleGeneral.bin.zst,oracleGeneral,sieve,Mithril,16mb,10000,,,,,,,,,,,,,./results/cp_sweep_intensity/logs/w01.oracleGeneral.bin.zst__sieve__Mithril__16mb__w10000.log,fail:134
w01.oracleGeneral.bin.zst,oracleGeneral,fifo,Mithril,16mb,100,,,,,,,,,,,,,./results/cp_sweep_intensity/logs/w01.oracleGeneral.bin.zst__fifo__Mithril__16mb__w100.log,fail:134
w01.oracleGeneral.bin.zst,oracleGeneral,fifo,Mithril,16mb,1000,,,,,,,,,,,,,./results/cp_sweep_intensity/logs/w01.oracleGeneral.bin.zst__fifo__Mithril__16mb__w1000.log,fail:134
w01.oracleGeneral.bin.zst,oracleGeneral,fifo,Mithril,16mb,10000,,,,,,,,,,,,,./results/cp_sweep_intensity/logs/w01.oracleGeneral.bin.zst__fifo__Mithril__16mb__w10000.log,fail:134
w01.oracleGeneral.bin.zst,oracleGeneral,sieve,Mithril,64mb,100,,,,,,,,,,,,,./results/cp_sweep_intensity/logs/w01.oracleGeneral.bin.zst__sieve__Mithril__64mb__w100.log,fail:134
w01.oracleGeneral.bin.zst,oracleGeneral,sieve,Mithril,64mb,1000,,,,,,,,,,,,,./results/cp_sweep_intensity/logs/w01.oracleGeneral.bin.zst__sieve__Mithril__64mb__w1000.log,fail:134
w01.oracleGeneral.bin.zst,oracleGeneral,sieve,Mithril,64mb,10000,,,,,,,,,,,,,./results/cp_sweep_intensity/logs/w01.oracleGeneral.bin.zst__sieve__Mithril__64mb__w10000.log,fail:134
w01.oracleGeneral.bin.zst,oracleGeneral,lru,Mithril,64mb,1000,,,,,,,,,,,,,./results/cp_sweep_intensity/logs/w01.oracleGeneral.bin.zst__lru__Mithril__64mb__w1000.log,fail:134
w01.oracleGeneral.bin.zst,oracleGeneral,lru,Mithril,64mb,100,,,,,,,,,,,,,./results/cp_sweep_intensity/logs/w01.oracleGeneral.bin.zst__lru__Mithril__64mb__w100.log,fail:134
w01.oracleGeneral.bin.zst,oracleGeneral,lru,Mithril,64mb,10000,,,,,,,,,,,,,./results/cp_sweep_intensity/logs/w01.oracleGeneral.bin.zst__lru__Mithril__64mb__w10000.log,fail:134
w01.oracleGeneral.bin.zst,oracleGeneral,fifo,Mithril,64mb,100,,,,,,,,,,,,,./results/cp_sweep_intensity/logs/w01.oracleGeneral.bin.zst__fifo__Mithril__64mb__w100.log,fail:134
w01.oracleGeneral.bin.zst,oracleGeneral,fifo,Mithril,64mb,1000,,,,,,,,,,,,,./results/cp_sweep_intensity/logs/w01.oracleGeneral.bin.zst__fifo__Mithril__64mb__w1000.log,fail:134
w01.oracleGeneral.bin.zst,oracleGeneral,lru,Mithril,16mb,100,,,,,,,,,,,,,./results/cp_sweep_intensity/logs/w01.oracleGeneral.bin.zst__lru__Mithril__16mb__w100.log,fail:134
w01.oracleGeneral.bin.zst,oracleGeneral,fifo,Mithril,64mb,10000,,,,,,,,,,,,,./results/cp_sweep_intensity/logs/w01.oracleGeneral.bin.zst__fifo__Mithril__64mb__w10000.log,fail:134
w01.oracleGeneral.bin.zst,oracleGeneral,lru,Mithril,16mb,10000,,,,,,,,,,,,,./results/cp_sweep_intensity/logs/w01.oracleGeneral.bin.zst__lru__Mithril__16mb__w10000.log,fail:134
w01.oracleGeneral.bin.zst,oracleGeneral,lru,Mithril,16mb,1000,,,,,,,,,,,,,./results/cp_sweep_intensity/logs/w01.oracleGeneral.bin.zst__lru__Mithril__16mb__w1000.log,fail:134
w01.oracleGeneral.bin.zst,oracleGeneral,fifo,Mithril,256mb,1000,,,,,,,,,,,,,./results/cp_sweep_intensity/logs/w01.oracleGeneral.bin.zst__fifo__Mithril__256mb__w1000.log,fail:134
w01.oracleGeneral.bin.zst,oracleGeneral,fifo,Mithril,256mb,10000,,,,,,,,,,,,,./results/cp_sweep_intensity/logs/w01.oracleGeneral.bin.zst__fifo__Mithril__256mb__w10000.log,fail:134
w01.oracleGeneral.bin.zst,oracleGeneral,fifo,Mithril,256mb,100,,,,,,,,,,,,,./results/cp_sweep_intensity/logs/w01.oracleGeneral.bin.zst__fifo__Mithril__256mb__w100.log,fail:134
w01.oracleGeneral.bin.zst,oracleGeneral,lru,Mithril,256mb,100,,,,,,,,,,,,,./results/cp_sweep_intensity/logs/w01.oracleGeneral.bin.zst__lru__Mithril__256mb__w100.log,fail:134
w01.oracleGeneral.bin.zst,oracleGeneral,lru,Mithril,256mb,1000,,,,,,,,,,,,,./results/cp_sweep_intensity/logs/w01.oracleGeneral.bin.zst__lru__Mithril__256mb__w1000.log,fail:134
w01.oracleGeneral.bin.zst,oracleGeneral,lru,Mithril,256mb,10000,,,,,,,,,,,,,./results/cp_sweep_intensity/logs/w01.oracleGeneral.bin.zst__lru__Mithril__256mb__w10000.log,fail:134
w01.oracleGeneral.bin.zst,oracleGeneral,sieve,Mithril,256mb,100,,,,,,,,,,,,,./results/cp_sweep_intensity/logs/w01.oracleGeneral.bin.zst__sieve__Mithril__256mb__w100.log,fail:134
w01.oracleGeneral.bin.zst,oracleGeneral,sieve,Mithril,256mb,1000,,,,,,,,,,,,,./results/cp_sweep_intensity/logs/w01.oracleGeneral.bin.zst__sieve__Mithril__256mb__w1000.log,fail:134
w01.oracleGeneral.bin.zst,oracleGeneral,sieve,Mithril,256mb,10000,,,,,,,,,,,,,./results/cp_sweep_intensity/logs/w01.oracleGeneral.bin.zst__sieve__Mithril__256mb__w10000.log,fail:134
w01.oracleGeneral.bin.zst,oracleGeneral,sieve,Mithril,1gb,1000,,,,,,,,,,,,,./results/cp_sweep_intensity/logs/w01.oracleGeneral.bin.zst__sieve__Mithril__1gb__w1000.log,fail:1
w01.oracleGeneral.bin.zst,oracleGeneral,sieve,Mithril,1gb,100,,,,,,,,,,,,,./results/cp_sweep_intensity/logs/w01.oracleGeneral.bin.zst__sieve__Mithril__1gb__w100.log,fail:1
w01.oracleGeneral.bin.zst,oracleGeneral,sieve,Mithril,1gb,10000,,,,,,,,,,,,,./results/cp_sweep_intensity/logs/w01.oracleGeneral.bin.zst__sieve__Mithril__1gb__w10000.log,fail:1
w02.oracleGeneral.bin.zst,oracleGeneral,lru,Mithril,16mb,100,0.8550,0.8715,122181000,20871396,0,0,0,0,125338493,27286,3709,23577,./results/cp_sweep_intensity/logs/w02.oracleGeneral.bin.zst__lru__Mithril__16mb__w100.log,ok
w02.oracleGeneral.bin.zst,oracleGeneral,fifo,Mithril,16mb,100,0.8970,0.9227,122181000,15442000,0,0,0,0,125032557,32415,3338,29077,./results/cp_sweep_intensity/logs/w02.oracleGeneral.bin.zst__fifo__Mithril__16mb__w100.log,ok
w02.oracleGeneral.bin.zst,oracleGeneral,fifo,Mithril,16mb,1000,0.8970,0.9227,122181000,15442000,2187666,1330019,430336,427311,125032557,218231,32301,185930,./results/cp_sweep_intensity/logs/w02.oracleGeneral.bin.zst__fifo__Mithril__16mb__w1000.log,ok
w02.oracleGeneral.bin.zst,oracleGeneral,lru,Mithril,16mb,1000,0.8550,0.8715,122181000,20871396,2303437,1464687,218328,620422,125338493,210528,34156,176372,./results/cp_sweep_intensity/logs/w02.oracleGeneral.bin.zst__lru__Mithril__16mb__w1000.log,ok
w02.oracleGeneral.bin.zst,oracleGeneral,fifo,Mithril,16mb,10000,0.8970,0.9227,122181000,15442000,3815079,2250419,811139,753521,125032557,774702,135941,638761,./results/cp_sweep_intensity/logs/w02.oracleGeneral.bin.zst__fifo__Mithril__16mb__w10000.log,ok
w02.oracleGeneral.bin.zst,oracleGeneral,lru,Mithril,16mb,10000,0.8550,0.8715,122181000,20871396,4148191,2563708,515326,1069157,125338493,796537,163843,632694,./results/cp_sweep_intensity/logs/w02.oracleGeneral.bin.zst__lru__Mithril__16mb__w10000.log,ok
w02.oracleGeneral.bin.zst,oracleGeneral,sieve,Mithril,16mb,100,0.8907,0.9231,122181000,15834809,952090,722797,99949,129344,124660712,64910,4204,60706,./results/cp_sweep_intensity/logs/w02.oracleGeneral.bin.zst__sieve__Mithril__16mb__w100.log,ok
w01.oracleGeneral.bin.zst,oracleGeneral,lru,Mithril,1gb,10000,,,,,,,,,,,,,./results/cp_sweep_intensity/logs/w01.oracleGeneral.bin.zst__lru__Mithril__1gb__w10000.log,fail:134
w01.oracleGeneral.bin.zst,oracleGeneral,lru,Mithril,1gb,100,,,,,,,,,,,,,./results/cp_sweep_intensity/logs/w01.oracleGeneral.bin.zst__lru__Mithril__1gb__w100.log,fail:134
w01.oracleGeneral.bin.zst,oracleGeneral,lru,Mithril,1gb,1000,,,,,,,,,,,,,./results/cp_sweep_intensity/logs/w01.oracleGeneral.bin.zst__lru__Mithril__1gb__w1000.log,fail:134
w02.oracleGeneral.bin.zst,oracleGeneral,sieve,Mithril,16mb,1000,0.8907,0.9231,122181000,15834809,3929396,2777154,505745,646497,124660712,285799,23574,262225,./results/cp_sweep_intensity/logs/w02.oracleGeneral.bin.zst__sieve__Mithril__16mb__w1000.log,ok
w01.oracleGeneral.bin.zst,oracleGeneral,fifo,Mithril,1gb,100,0.8455,0.7936,215796257,1441354,0,0,0,0,183626938,1174,103,1071,./results/cp_sweep_intensity/logs/w01.oracleGeneral.bin.zst__fifo__Mithril__1gb__w100.log,ok
w03.oracleGeneral.bin.zst,oracleGeneral,lru,Mithril,16mb,100,,,,,,,,,,,,,./results/cp_sweep_intensity/logs/w03.oracleGeneral.bin.zst__lru__Mithril__16mb__w100.log,fail:134
w02.oracleGeneral.bin.zst,oracleGeneral,sieve,Mithril,16mb,10000,0.8907,0.9231,122181000,15834809,4402557,3081546,593183,727828,124660712,855501,100928,754573,./results/cp_sweep_intensity/logs/w02.oracleGeneral.bin.zst__sieve__Mithril__16mb__w10000.log,ok
w01.oracleGeneral.bin.zst,oracleGeneral,fifo,Mithril,1gb,1000,0.8455,0.7936,215796257,1441354,0,0,0,0,183626938,10748,952,9796,./results/cp_sweep_intensity/logs/w01.oracleGeneral.bin.zst__fifo__Mithril__1gb__w1000.log,ok
w03.oracleGeneral.bin.zst,oracleGeneral,lru,Mithril,16mb,1000,,,,,,,,,,,,,./results/cp_sweep_intensity/logs/w03.oracleGeneral.bin.zst__lru__Mithril__16mb__w1000.log,fail:134
w03.oracleGeneral.bin.zst,oracleGeneral,lru,Mithril,16mb,10000,,,,,,,,,,,,,./results/cp_sweep_intensity/logs/w03.oracleGeneral.bin.zst__lru__Mithril__16mb__w10000.log,fail:134
w01.oracleGeneral.bin.zst,oracleGeneral,fifo,Mithril,1gb,10000,0.8455,0.7936,215796257,1441354,522,127,333,62,183626938,89949,17143,72806,./results/cp_sweep_intensity/logs/w01.oracleGeneral.bin.zst__fifo__Mithril__1gb__w10000.log,ok
w03.oracleGeneral.bin.zst,oracleGeneral,lru,Mithril,64mb,100,,,,,,,,,,,,,./results/cp_sweep_intensity/logs/w03.oracleGeneral.bin.zst__lru__Mithril__64mb__w100.log,fail:134
w03.oracleGeneral.bin.zst,oracleGeneral,lru,Mithril,64mb,1000,,,,,,,,,,,,,./results/cp_sweep_intensity/logs/w03.oracleGeneral.bin.zst__lru__Mithril__64mb__w1000.log,fail:134
w03.oracleGeneral.bin.zst,oracleGeneral,lru,Mithril,256mb,100,,,,,,,,,,,,,./results/cp_sweep_intensity/logs/w03.oracleGeneral.bin.zst__lru__Mithril__256mb__w100.log,fail:134
w03.oracleGeneral.bin.zst,oracleGeneral,lru,Mithril,64mb,10000,,,,,,,,,,,,,./results/cp_sweep_intensity/logs/w03.oracleGeneral.bin.zst__lru__Mithril__64mb__w10000.log,fail:134
w03.oracleGeneral.bin.zst,oracleGeneral,lru,Mithril,256mb,1000,,,,,,,,,,,,,./results/cp_sweep_intensity/logs/w03.oracleGeneral.bin.zst__lru__Mithril__256mb__w1000.log,fail:134
w03.oracleGeneral.bin.zst,oracleGeneral,lru,Mithril,1gb,100,,,,,,,,,,,,,./results/cp_sweep_intensity/logs/w03.oracleGeneral.bin.zst__lru__Mithril__1gb__w100.log,fail:134
w03.oracleGeneral.bin.zst,oracleGeneral,lru,Mithril,1gb,1000,,,,,,,,,,,,,./results/cp_sweep_intensity/logs/w03.oracleGeneral.bin.zst__lru__Mithril__1gb__w1000.log,fail:134
w03.oracleGeneral.bin.zst,oracleGeneral,fifo,Mithril,16mb,100,,,,,,,,,,,,,./results/cp_sweep_intensity/logs/w03.oracleGeneral.bin.zst__fifo__Mithril__16mb__w100.log,fail:134
w03.oracleGeneral.bin.zst,oracleGeneral,fifo,Mithril,16mb,1000,,,,,,,,,,,,,./results/cp_sweep_intensity/logs/w03.oracleGeneral.bin.zst__fifo__Mithril__16mb__w1000.log,fail:134
w03.oracleGeneral.bin.zst,oracleGeneral,fifo,Mithril,16mb,10000,,,,,,,,,,,,,./results/cp_sweep_intensity/logs/w03.oracleGeneral.bin.zst__fifo__Mithril__16mb__w10000.log,fail:134
w03.oracleGeneral.bin.zst,oracleGeneral,fifo,Mithril,64mb,100,,,,,,,,,,,,,./results/cp_sweep_intensity/logs/w03.oracleGeneral.bin.zst__fifo__Mithril__64mb__w100.log,fail:134
w02.oracleGeneral.bin.zst,oracleGeneral,lru,Mithril,1gb,100,0.1466,0.1160,122181000,174216939,0,0,0,0,192108715,255815,50796,205019,./results/cp_sweep_intensity/logs/w02.oracleGeneral.bin.zst__lru__Mithril__1gb__w100.log,ok
w02.oracleGeneral.bin.zst,oracleGeneral,fifo,Mithril,1gb,100,0.1468,0.1163,122181000,174247061,0,0,0,0,192153455,271668,56031,215637,./results/cp_sweep_intensity/logs/w02.oracleGeneral.bin.zst__fifo__Mithril__1gb__w100.log,ok
w03.oracleGeneral.bin.zst,oracleGeneral,fifo,Mithril,64mb,1000,,,,,,,,,,,,,./results/cp_sweep_intensity/logs/w03.oracleGeneral.bin.zst__fifo__Mithril__64mb__w1000.log,fail:134
w02.oracleGeneral.bin.zst,oracleGeneral,lru,Mithril,64mb,100,0.1760,0.1287,122181000,204350235,0,0,0,0,225849087,532482,85126,447356,./results/cp_sweep_intensity/logs/w02.oracleGeneral.bin.zst__lru__Mithril__64mb__w100.log,ok
w03.oracleGeneral.bin.zst,oracleGeneral,lru,Mithril,256mb,10000,,,,,,,,,,,,,./results/cp_sweep_intensity/logs/w03.oracleGeneral.bin.zst__lru__Mithril__256mb__w10000.log,fail:134
w03.oracleGeneral.bin.zst,oracleGeneral,fifo,Mithril,256mb,100,,,,,,,,,,,,,./results/cp_sweep_intensity/logs/w03.oracleGeneral.bin.zst__fifo__Mithril__256mb__w100.log,fail:134
w03.oracleGeneral.bin.zst,oracleGeneral,fifo,Mithril,64mb,10000,,,,,,,,,,,,,./results/cp_sweep_intensity/logs/w03.oracleGeneral.bin.zst__fifo__Mithril__64mb__w10000.log,fail:134
w03.oracleGeneral.bin.zst,oracleGeneral,fifo,Mithril,1gb,100,,,,,,,,,,,,,./results/cp_sweep_intensity/logs/w03.oracleGeneral.bin.zst__fifo__Mithril__1gb__w100.log,fail:134
w03.oracleGeneral.bin.zst,oracleGeneral,fifo,Mithril,256mb,1000,,,,,,,,,,,,,./results/cp_sweep_intensity/logs/w03.oracleGeneral.bin.zst__fifo__Mithril__256mb__w1000.log,fail:134
w03.oracleGeneral.bin.zst,oracleGeneral,sieve,Mithril,16mb,100,,,,,,,,,,,,,./results/cp_sweep_intensity/logs/w03.oracleGeneral.bin.zst__sieve__Mithril__16mb__w100.log,fail:134
w02.oracleGeneral.bin.zst,oracleGeneral,fifo,Mithril,64mb,100,0.1761,0.1285,122181000,204367165,0,0,0,0,225876344,534971,85492,449479,./results/cp_sweep_intensity/logs/w02.oracleGeneral.bin.zst__fifo__Mithril__64mb__w100.log,ok
w03.oracleGeneral.bin.zst,oracleGeneral,fifo,Mithril,1gb,1000,,,,,,,,,,,,,./results/cp_sweep_intensity/logs/w03.oracleGeneral.bin.zst__fifo__Mithril__1gb__w1000.log,fail:134
w03.oracleGeneral.bin.zst,oracleGeneral,sieve,Mithril,16mb,1000,,,,,,,,,,,,,./results/cp_sweep_intensity/logs/w03.oracleGeneral.bin.zst__sieve__Mithril__16mb__w1000.log,fail:134
w02.oracleGeneral.bin.zst,oracleGeneral,lru,Mithril,256mb,100,0.1621,0.1243,122181000,202058826,0,0,0,0,221852652,384055,65871,318184,./results/cp_sweep_intensity/logs/w02.oracleGeneral.bin.zst__lru__Mithril__256mb__w100.log,ok
w03.oracleGeneral.bin.zst,oracleGeneral,sieve,Mithril,16mb,10000,,,,,,,,,,,,,./results/cp_sweep_intensity/logs/w03.oracleGeneral.bin.zst__sieve__Mithril__16mb__w10000.log,fail:134
w02.oracleGeneral.bin.zst,oracleGeneral,fifo,Mithril,256mb,100,0.1623,0.1244,122181000,202132011,0,0,0,0,221956385,385760,65122,320638,./results/cp_sweep_intensity/logs/w02.oracleGeneral.bin.zst__fifo__Mithril__256mb__w100.log,ok
w03.oracleGeneral.bin.zst,oracleGeneral,sieve,Mithril,64mb,100,,,,,,,,,,,,,./results/cp_sweep_intensity/logs/w03.oracleGeneral.bin.zst__sieve__Mithril__64mb__w100.log,fail:134
w03.oracleGeneral.bin.zst,oracleGeneral,sieve,Mithril,64mb,1000,,,,,,,,,,,,,./results/cp_sweep_intensity/logs/w03.oracleGeneral.bin.zst__sieve__Mithril__64mb__w1000.log,fail:134
w03.oracleGeneral.bin.zst,oracleGeneral,sieve,Mithril,256mb,100,,,,,,,,,,,,,./results/cp_sweep_intensity/logs/w03.oracleGeneral.bin.zst__sieve__Mithril__256mb__w100.log,fail:134
w03.oracleGeneral.bin.zst,oracleGeneral,sieve,Mithril,64mb,10000,,,,,,,,,,,,,./results/cp_sweep_intensity/logs/w03.oracleGeneral.bin.zst__sieve__Mithril__64mb__w10000.log,fail:134
w03.oracleGeneral.bin.zst,oracleGeneral,sieve,Mithril,1gb,100,,,,,,,,,,,,,./results/cp_sweep_intensity/logs/w03.oracleGeneral.bin.zst__sieve__Mithril__1gb__w100.log,fail:134
w03.oracleGeneral.bin.zst,oracleGeneral,sieve,Mithril,256mb,1000,,,,,,,,,,,,,./results/cp_sweep_intensity/logs/w03.oracleGeneral.bin.zst__sieve__Mithril__256mb__w1000.log,fail:134
w04.oracleGeneral.bin.zst,oracleGeneral,lru,Mithril,16mb,100,,,,,,,,,,,,,./results/cp_sweep_intensity/logs/w04.oracleGeneral.bin.zst__lru__Mithril__16mb__w100.log,fail:134
w04.oracleGeneral.bin.zst,oracleGeneral,lru,Mithril,16mb,1000,,,,,,,,,,,,,./results/cp_sweep_intensity/logs/w04.oracleGeneral.bin.zst__lru__Mithril__16mb__w1000.log,fail:134
w03.oracleGeneral.bin.zst,oracleGeneral,sieve,Mithril,1gb,1000,,,,,,,,,,,,,./results/cp_sweep_intensity/logs/w03.oracleGeneral.bin.zst__sieve__Mithril__1gb__w1000.log,fail:134
w03.oracleGeneral.bin.zst,oracleGeneral,lru,Mithril,1gb,10000,,,,,,,,,,,,,./results/cp_sweep_intensity/logs/w03.oracleGeneral.bin.zst__lru__Mithril__1gb__w10000.log,fail:134
w04.oracleGeneral.bin.zst,oracleGeneral,lru,Mithril,64mb,100,,,,,,,,,,,,,./results/cp_sweep_intensity/logs/w04.oracleGeneral.bin.zst__lru__Mithril__64mb__w100.log,fail:134
w03.oracleGeneral.bin.zst,oracleGeneral,fifo,Mithril,256mb,10000,,,,,,,,,,,,,./results/cp_sweep_intensity/logs/w03.oracleGeneral.bin.zst__fifo__Mithril__256mb__w10000.log,fail:134
w04.oracleGeneral.bin.zst,oracleGeneral,lru,Mithril,16mb,10000,,,,,,,,,,,,,./results/cp_sweep_intensity/logs/w04.oracleGeneral.bin.zst__lru__Mithril__16mb__w10000.log,fail:134
w03.oracleGeneral.bin.zst,oracleGeneral,sieve,Mithril,256mb,10000,,,,,,,,,,,,,./results/cp_sweep_intensity/logs/w03.oracleGeneral.bin.zst__sieve__Mithril__256mb__w10000.log,fail:134
w04.oracleGeneral.bin.zst,oracleGeneral,lru,Mithril,1gb,100,,,,,,,,,,,,,./results/cp_sweep_intensity/logs/w04.oracleGeneral.bin.zst__lru__Mithril__1gb__w100.log,fail:134
w04.oracleGeneral.bin.zst,oracleGeneral,lru,Mithril,256mb,100,,,,,,,,,,,,,./results/cp_sweep_intensity/logs/w04.oracleGeneral.bin.zst__lru__Mithril__256mb__w100.log,fail:134
w04.oracleGeneral.bin.zst,oracleGeneral,lru,Mithril,64mb,1000,,,,,,,,,,,,,./results/cp_sweep_intensity/logs/w04.oracleGeneral.bin.zst__lru__Mithril__64mb__w1000.log,fail:134
w04.oracleGeneral.bin.zst,oracleGeneral,lru,Mithril,1gb,1000,,,,,,,,,,,,,./results/cp_sweep_intensity/logs/w04.oracleGeneral.bin.zst__lru__Mithril__1gb__w1000.log,fail:134
w04.oracleGeneral.bin.zst,oracleGeneral,fifo,Mithril,16mb,100,,,,,,,,,,,,,./results/cp_sweep_intensity/logs/w04.oracleGeneral.bin.zst__fifo__Mithril__16mb__w100.log,fail:134
w04.oracleGeneral.bin.zst,oracleGeneral,lru,Mithril,64mb,10000,,,,,,,,,,,,,./results/cp_sweep_intensity/logs/w04.oracleGeneral.bin.zst__lru__Mithril__64mb__w10000.log,fail:134
w04.oracleGeneral.bin.zst,oracleGeneral,fifo,Mithril,16mb,1000,,,,,,,,,,,,,./results/cp_sweep_intensity/logs/w04.oracleGeneral.bin.zst__fifo__Mithril__16mb__w1000.log,fail:134
w04.oracleGeneral.bin.zst,oracleGeneral,lru,Mithril,256mb,1000,,,,,,,,,,,,,./results/cp_sweep_intensity/logs/w04.oracleGeneral.bin.zst__lru__Mithril__256mb__w1000.log,fail:134
w04.oracleGeneral.bin.zst,oracleGeneral,fifo,Mithril,16mb,10000,,,,,,,,,,,,,./results/cp_sweep_intensity/logs/w04.oracleGeneral.bin.zst__fifo__Mithril__16mb__w10000.log,fail:134
w04.oracleGeneral.bin.zst,oracleGeneral,fifo,Mithril,64mb,100,,,,,,,,,,,,,./results/cp_sweep_intensity/logs/w04.oracleGeneral.bin.zst__fifo__Mithril__64mb__w100.log,fail:134
w04.oracleGeneral.bin.zst,oracleGeneral,fifo,Mithril,64mb,1000,,,,,,,,,,,,,./results/cp_sweep_intensity/logs/w04.oracleGeneral.bin.zst__fifo__Mithril__64mb__w1000.log,fail:134
w03.oracleGeneral.bin.zst,oracleGeneral,fifo,Mithril,1gb,10000,,,,,,,,,,,,,./results/cp_sweep_intensity/logs/w03.oracleGeneral.bin.zst__fifo__Mithril__1gb__w10000.log,fail:134
w04.oracleGeneral.bin.zst,oracleGeneral,fifo,Mithril,256mb,100,,,,,,,,,,,,,./results/cp_sweep_intensity/logs/w04.oracleGeneral.bin.zst__fifo__Mithril__256mb__w100.log,fail:134
w04.oracleGeneral.bin.zst,oracleGeneral,fifo,Mithril,1gb,100,,,,,,,,,,,,,./results/cp_sweep_intensity/logs/w04.oracleGeneral.bin.zst__fifo__Mithril__1gb__w100.log,fail:134
w04.oracleGeneral.bin.zst,oracleGeneral,fifo,Mithril,64mb,10000,,,,,,,,,,,,,./results/cp_sweep_intensity/logs/w04.oracleGeneral.bin.zst__fifo__Mithril__64mb__w10000.log,fail:134
w02.oracleGeneral.bin.zst,oracleGeneral,sieve,Mithril,64mb,100,0.1931,0.1516,122181000,204416742,15373754,7828637,142881,7402236,228013063,833300,223470,609830,./results/cp_sweep_intensity/logs/w02.oracleGeneral.bin.zst__sieve__Mithril__64mb__w100.log,ok
w04.oracleGeneral.bin.zst,oracleGeneral,sieve,Mithril,16mb,100,,,,,,,,,,,,,./results/cp_sweep_intensity/logs/w04.oracleGeneral.bin.zst__sieve__Mithril__16mb__w100.log,fail:134
w04.oracleGeneral.bin.zst,oracleGeneral,fifo,Mithril,256mb,1000,,,,,,,,,,,,,./results/cp_sweep_intensity/logs/w04.oracleGeneral.bin.zst__fifo__Mithril__256mb__w1000.log,fail:134
w03.oracleGeneral.bin.zst,oracleGeneral,sieve,Mithril,1gb,10000,,,,,,,,,,,,,./results/cp_sweep_intensity/logs/w03.oracleGeneral.bin.zst__sieve__Mithril__1gb__w10000.log,fail:134
w04.oracleGeneral.bin.zst,oracleGeneral,fifo,Mithril,1gb,1000,,,,,,,,,,,,,./results/cp_sweep_intensity/logs/w04.oracleGeneral.bin.zst__fifo__Mithril__1gb__w1000.log,fail:134
w04.oracleGeneral.bin.zst,oracleGeneral,sieve,Mithril,16mb,1000,,,,,,,,,,,,,./results/cp_sweep_intensity/logs/w04.oracleGeneral.bin.zst__sieve__Mithril__16mb__w1000.log,fail:134
w04.oracleGeneral.bin.zst,oracleGeneral,sieve,Mithril,16mb,10000,,,,,,,,,,,,,./results/cp_sweep_intensity/logs/w04.oracleGeneral.bin.zst__sieve__Mithril__16mb__w10000.log,fail:134
w04.oracleGeneral.bin.zst,oracleGeneral,sieve,Mithril,64mb,100,,,,,,,,,,,,,./results/cp_sweep_intensity/logs/w04.oracleGeneral.bin.zst__sieve__Mithril__64mb__w100.log,fail:134
w04.oracleGeneral.bin.zst,oracleGeneral,sieve,Mithril,256mb,100,,,,,,,,,,,,,./results/cp_sweep_intensity/logs/w04.oracleGeneral.bin.zst__sieve__Mithril__256mb__w100.log,fail:134
w04.oracleGeneral.bin.zst,oracleGeneral,sieve,Mithril,64mb,1000,,,,,,,,,,,,,./results/cp_sweep_intensity/logs/w04.oracleGeneral.bin.zst__sieve__Mithril__64mb__w1000.log,fail:134
w04.oracleGeneral.bin.zst,oracleGeneral,sieve,Mithril,64mb,10000,,,,,,,,,,,,,./results/cp_sweep_intensity/logs/w04.oracleGeneral.bin.zst__sieve__Mithril__64mb__w10000.log,fail:134
w04.oracleGeneral.bin.zst,oracleGeneral,sieve,Mithril,1gb,100,,,,,,,,,,,,,./results/cp_sweep_intensity/logs/w04.oracleGeneral.bin.zst__sieve__Mithril__1gb__w100.log,fail:134
w04.oracleGeneral.bin.zst,oracleGeneral,lru,Mithril,1gb,10000,,,,,,,,,,,,,./results/cp_sweep_intensity/logs/w04.oracleGeneral.bin.zst__lru__Mithril__1gb__w10000.log,fail:134
w02.oracleGeneral.bin.zst,oracleGeneral,sieve,Mithril,256mb,100,0.1749,0.1377,122181000,204769310,4138263,2207200,60314,1870749,226133951,522049,100851,421198,./results/cp_sweep_intensity/logs/w02.oracleGeneral.bin.zst__sieve__Mithril__256mb__w100.log,ok
w02.oracleGeneral.bin.zst,oracleGeneral,sieve,Mithril,1gb,100,0.1743,0.1412,122181000,178734766,979070,552589,18658,407823,200014995,335393,63765,271628,./results/cp_sweep_intensity/logs/w02.oracleGeneral.bin.zst__sieve__Mithril__1gb__w100.log,ok
w04.oracleGeneral.bin.zst,oracleGeneral,sieve,Mithril,256mb,1000,,,,,,,,,,,,,./results/cp_sweep_intensity/logs/w04.oracleGeneral.bin.zst__sieve__Mithril__256mb__w1000.log,fail:134
w04.oracleGeneral.bin.zst,oracleGeneral,sieve,Mithril,1gb,1000,,,,,,,,,,,,,./results/cp_sweep_intensity/logs/w04.oracleGeneral.bin.zst__sieve__Mithril__1gb__w1000.log,fail:134
w04.oracleGeneral.bin.zst,oracleGeneral,lru,Mithril,256mb,10000,,,,,,,,,,,,,./results/cp_sweep_intensity/logs/w04.oracleGeneral.bin.zst__lru__Mithril__256mb__w10000.log,fail:134
w04.oracleGeneral.bin.zst,oracleGeneral,sieve,Mithril,256mb,10000,,,,,,,,,,,,,./results/cp_sweep_intensity/logs/w04.oracleGeneral.bin.zst__sieve__Mithril__256mb__w10000.log,fail:134
w04.oracleGeneral.bin.zst,oracleGeneral,fifo,Mithril,1gb,10000,,,,,,,,,,,,,./results/cp_sweep_intensity/logs/w04.oracleGeneral.bin.zst__fifo__Mithril__1gb__w10000.log,fail:134
w04.oracleGeneral.bin.zst,oracleGeneral,fifo,Mithril,256mb,10000,,,,,,,,,,,,,./results/cp_sweep_intensity/logs/w04.oracleGeneral.bin.zst__fifo__Mithril__256mb__w10000.log,fail:134
w05.oracleGeneral.bin.zst,oracleGeneral,lru,Mithril,16mb,100,0.9874,0.9978,73034546,1476977,6362,3467,2403,492,73592097,3485,303,3182,./results/cp_sweep_intensity/logs/w05.oracleGeneral.bin.zst__lru__Mithril__16mb__w100.log,ok
w05.oracleGeneral.bin.zst,oracleGeneral,lru,Mithril,64mb,100,0.9573,0.9910,73034546,5301929,0,0,0,0,75215772,26567,5534,21033,./results/cp_sweep_intensity/logs/w05.oracleGeneral.bin.zst__lru__Mithril__64mb__w100.log,ok
w05.oracleGeneral.bin.zst,oracleGeneral,lru,Mithril,16mb,1000,0.9874,0.9978,73034546,1476977,136551,81556,41059,13936,73592097,45845,9552,36293,./results/cp_sweep_intensity/logs/w05.oracleGeneral.bin.zst__lru__Mithril__16mb__w1000.log,ok
w05.oracleGeneral.bin.zst,oracleGeneral,lru,Mithril,64mb,1000,0.9573,0.9910,73034546,5301929,139613,89924,31620,18069,75215772,291873,71776,220097,./results/cp_sweep_intensity/logs/w05.oracleGeneral.bin.zst__lru__Mithril__64mb__w1000.log,ok
w04.oracleGeneral.bin.zst,oracleGeneral,sieve,Mithril,1gb,10000,,,,,,,,,,,,,./results/cp_sweep_intensity/logs/w04.oracleGeneral.bin.zst__sieve__Mithril__1gb__w10000.log,fail:134
w05.oracleGeneral.bin.zst,oracleGeneral,lru,Mithril,16mb,10000,0.9874,0.9978,73034546,1476977,874646,610132,177414,87100,73592097,830717,369581,461136,./results/cp_sweep_intensity/logs/w05.oracleGeneral.bin.zst__lru__Mithril__16mb__w10000.log,ok
w05.oracleGeneral.bin.zst,oracleGeneral,lru,Mithril,256mb,100,0.8923,0.9669,73034546,5868474,0,0,0,0,71032513,13748,2533,11215,./results/cp_sweep_intensity/logs/w05.oracleGeneral.bin.zst__lru__Mithril__256mb__w100.log,ok
w05.oracleGeneral.bin.zst,oracleGeneral,lru,Mithril,256mb,1000,0.8923,0.9669,73034546,5868474,161729,76238,52293,33198,71032513,135276,25673,109603,./results/cp_sweep_intensity/logs/w05.oracleGeneral.bin.zst__lru__Mithril__256mb__w1000.log,ok
w05.oracleGeneral.bin.zst,oracleGeneral,lru,Mithril,1gb,100,0.8500,0.8522,73034546,8091103,0,0,0,0,70144494,6607,350,6257,./results/cp_sweep_intensity/logs/w05.oracleGeneral.bin.zst__lru__Mithril__1gb__w100.log,ok
w05.oracleGeneral.bin.zst,oracleGeneral,lru,Mithril,64mb,10000,0.9573,0.9910,73034546,5301929,3164865,2134801,621358,408706,75215772,2125494,823402,1302092,./results/cp_sweep_intensity/logs/w05.oracleGeneral.bin.zst__lru__Mithril__64mb__w10000.log,ok
w05.oracleGeneral.bin.zst,oracleGeneral,fifo,Mithril,16mb,100,0.9875,0.9978,73034546,1463415,6305,3437,2393,475,73584879,3341,254,3087,./results/cp_sweep_intensity/logs/w05.oracleGeneral.bin.zst__fifo__Mithril__16mb__w100.log,ok
w05.oracleGeneral.bin.zst,oracleGeneral,lru,Mithril,1gb,1000,0.8500,0.8522,73034546,8091103,0,0,0,0,70144494,62634,3759,58875,./results/cp_sweep_intensity/logs/w05.oracleGeneral.bin.zst__lru__Mithril__1gb__w1000.log,ok
w05.oracleGeneral.bin.zst,oracleGeneral,fifo,Mithril,64mb,100,0.9573,0.9910,73034546,5304325,0,0,0,0,75217144,23285,3597,19688,./results/cp_sweep_intensity/logs/w05.oracleGeneral.bin.zst__fifo__Mithril__64mb__w100.log,ok
w05.oracleGeneral.bin.zst,oracleGeneral,fifo,Mithril,16mb,10000,0.9875,0.9978,73034546,1463415,868465,607093,173815,87557,73584879,827240,368529,458711,./results/cp_sweep_intensity/logs/w05.oracleGeneral.bin.zst__fifo__Mithril__16mb__w10000.log,ok
w05.oracleGeneral.bin.zst,oracleGeneral,fifo,Mithril,16mb,1000,0.9875,0.9978,73034546,1463415,135055,80945,40245,13865,73584879,45476,9046,36430,./results/cp_sweep_intensity/logs/w05.oracleGeneral.bin.zst__fifo__Mithril__16mb__w1000.log,ok
w05.oracleGeneral.bin.zst,oracleGeneral,fifo,Mithril,64mb,1000,0.9573,0.9910,73034546,5304325,139539,89891,31322,18326,75217144,281419,67922,213497,./results/cp_sweep_intensity/logs/w05.oracleGeneral.bin.zst__fifo__Mithril__64mb__w1000.log,ok
w05.oracleGeneral.bin.zst,oracleGeneral,lru,Mithril,256mb,10000,0.8923,0.9669,73034546,5868474,1330725,824766,367732,138227,71032513,1062952,271219,791733,./results/cp_sweep_intensity/logs/w05.oracleGeneral.bin.zst__lru__Mithril__256mb__w10000.log,ok
w05.oracleGeneral.bin.zst,oracleGeneral,fifo,Mithril,256mb,100,0.8971,0.9682,73034546,6162380,0,0,0,0,71677602,15243,3358,11885,./results/cp_sweep_intensity/logs/w05.oracleGeneral.bin.zst__fifo__Mithril__256mb__w100.log,ok
w05.oracleGeneral.bin.zst,oracleGeneral,fifo,Mithril,256mb,1000,0.8971,0.9682,73034546,6162380,163065,76797,52317,33951,71677602,166239,43910,122329,./results/cp_sweep_intensity/logs/w05.oracleGeneral.bin.zst__fifo__Mithril__256mb__w1000.log,ok
w05.oracleGeneral.bin.zst,oracleGeneral,fifo,Mithril,64mb,10000,0.9573,0.9910,73034546,5304325,3151293,2120194,621695,409404,75217144,2123216,830414,1292802,./results/cp_sweep_intensity/logs/w05.oracleGeneral.bin.zst__fifo__Mithril__64mb__w10000.log,ok
w05.oracleGeneral.bin.zst,oracleGeneral,sieve,Mithril,16mb,100,0.9781,0.9952,73034546,832673,49211,32059,15208,1944,72263599,2679,131,2548,./results/cp_sweep_intensity/logs/w05.oracleGeneral.bin.zst__sieve__Mithril__16mb__w100.log,ok
w05.oracleGeneral.bin.zst,oracleGeneral,fifo,Mithril,1gb,100,0.8560,0.8538,73034546,8310132,0,0,0,0,70802873,8130,1097,7033,./results/cp_sweep_intensity/logs/w05.oracleGeneral.bin.zst__fifo__Mithril__1gb__w100.log,ok
w05.oracleGeneral.bin.zst,oracleGeneral,sieve,Mithril,16mb,1000,0.9781,0.9952,73034546,832673,587359,423107,128354,35898,72263599,20816,2156,18660,./results/cp_sweep_intensity/logs/w05.oracleGeneral.bin.zst__sieve__Mithril__16mb__w1000.log,ok
w05.oracleGeneral.bin.zst,oracleGeneral,fifo,Mithril,1gb,1000,0.8560,0.8538,73034546,8310132,0,0,0,0,70802873,83438,13995,69443,./results/cp_sweep_intensity/logs/w05.oracleGeneral.bin.zst__fifo__Mithril__1gb__w1000.log,ok
w05.oracleGeneral.bin.zst,oracleGeneral,sieve,Mithril,16mb,10000,0.9781,0.9952,73034546,832673,643442,464871,140068,38503,72263599,429537,116332,313205,./results/cp_sweep_intensity/logs/w05.oracleGeneral.bin.zst__sieve__Mithril__16mb__w10000.log,ok
w05.oracleGeneral.bin.zst,oracleGeneral,sieve,Mithril,64mb,100,0.9559,0.9906,73034546,2875662,74538,47280,22774,4484,72683653,6920,330,6590,./results/cp_sweep_intensity/logs/w05.oracleGeneral.bin.zst__sieve__Mithril__64mb__w100.log,ok
w06.oracleGeneral.bin.zst,oracleGeneral,lru,Mithril,16mb,100,,,,,,,,,,,,,./results/cp_sweep_intensity/logs/w06.oracleGeneral.bin.zst__lru__Mithril__16mb__w100.log,fail:134
w05.oracleGeneral.bin.zst,oracleGeneral,fifo,Mithril,256mb,10000,0.8971,0.9682,73034546,6162380,1338888,828113,369034,141741,71677602,1280911,468506,812405,./results/cp_sweep_intensity/logs/w05.oracleGeneral.bin.zst__fifo__Mithril__256mb__w10000.log,ok
w05.oracleGeneral.bin.zst,oracleGeneral,sieve,Mithril,64mb,1000,0.9559,0.9906,73034546,2875662,1255767,835851,348790,71126,72683653,68131,4639,63492,./results/cp_sweep_intensity/logs/w05.oracleGeneral.bin.zst__sieve__Mithril__64mb__w1000.log,ok
w06.oracleGeneral.bin.zst,oracleGeneral,lru,Mithril,16mb,1000,,,,,,,,,,,,,./results/cp_sweep_intensity/logs/w06.oracleGeneral.bin.zst__lru__Mithril__16mb__w1000.log,fail:134
w06.oracleGeneral.bin.zst,oracleGeneral,lru,Mithril,16mb,10000,,,,,,,,,,,,,./results/cp_sweep_intensity/logs/w06.oracleGeneral.bin.zst__lru__Mithril__16mb__w10000.log,fail:134
w06.oracleGeneral.bin.zst,oracleGeneral,lru,Mithril,64mb,100,,,,,,,,,,,,,./results/cp_sweep_intensity/logs/w06.oracleGeneral.bin.zst__lru__Mithril__64mb__w100.log,fail:134
w05.oracleGeneral.bin.zst,oracleGeneral,sieve,Mithril,64mb,10000,0.9559,0.9906,73034546,2875662,2487949,1696929,638707,152313,72683653,963142,114112,849030,./results/cp_sweep_intensity/logs/w05.oracleGeneral.bin.zst__sieve__Mithril__64mb__w10000.log,ok
w05.oracleGeneral.bin.zst,oracleGeneral,lru,Mithril,1gb,10000,0.8500,0.8522,73034546,8091103,1129863,602318,344299,183246,70144494,642283,78234,564049,./results/cp_sweep_intensity/logs/w05.oracleGeneral.bin.zst__lru__Mithril__1gb__w10000.log,ok
w05.oracleGeneral.bin.zst,oracleGeneral,sieve,Mithril,256mb,100,0.9211,0.9761,73034546,5862509,115004,64764,37468,12772,73126780,15629,300,15329,./results/cp_sweep_intensity/logs/w05.oracleGeneral.bin.zst__sieve__Mithril__256mb__w100.log,ok
w06.oracleGeneral.bin.zst,oracleGeneral,lru,Mithril,64mb,1000,,,,,,,,,,,,,./results/cp_sweep_intensity/logs/w06.oracleGeneral.bin.zst__lru__Mithril__64mb__w1000.log,fail:134
w05.oracleGeneral.bin.zst,oracleGeneral,sieve,Mithril,1gb,100,0.8623,0.9259,73034546,9069323,100846,53678,35978,11190,72017372,14811,267,14544,./results/cp_sweep_intensity/logs/w05.oracleGeneral.bin.zst__sieve__Mithril__1gb__w100.log,ok
w05.oracleGeneral.bin.zst,oracleGeneral,sieve,Mithril,256mb,1000,0.9211,0.9761,73034546,5862509,1440013,888557,428620,122836,73126780,151183,5113,146070,./results/cp_sweep_intensity/logs/w05.oracleGeneral.bin.zst__sieve__Mithril__256mb__w1000.log,ok
w06.oracleGeneral.bin.zst,oracleGeneral,fifo,Mithril,16mb,100,,,,,,,,,,,,,./results/cp_sweep_intensity/logs/w06.oracleGeneral.bin.zst__fifo__Mithril__16mb__w100.log,fail:134
w05.oracleGeneral.bin.zst,oracleGeneral,sieve,Mithril,1gb,1000,0.8623,0.9259,73034546,9069323,1113716,621782,378061,113873,72017372,151027,5290,145737,./results/cp_sweep_intensity/logs/w05.oracleGeneral.bin.zst__sieve__Mithril__1gb__w1000.log,ok
w06.oracleGeneral.bin.zst,oracleGeneral,lru,Mithril,1gb,100,0.0988,0.0592,69392150,10014673,0,0,0,0,16718848,8648,561,8087,./results/cp_sweep_intensity/logs/w06.oracleGeneral.bin.zst__lru__Mithril__1gb__w100.log,ok
w06.oracleGeneral.bin.zst,oracleGeneral,fifo,Mithril,16mb,1000,,,,,,,,,,,,,./results/cp_sweep_intensity/logs/w06.oracleGeneral.bin.zst__fifo__Mithril__16mb__w1000.log,fail:134
w06.oracleGeneral.bin.zst,oracleGeneral,fifo,Mithril,64mb,100,,,,,,,,,,,,,./results/cp_sweep_intensity/logs/w06.oracleGeneral.bin.zst__fifo__Mithril__64mb__w100.log,fail:134
w05.oracleGeneral.bin.zst,oracleGeneral,sieve,Mithril,256mb,10000,0.9211,0.9761,73034546,5862509,4370559,2813852,1253741,302966,73126780,1334885,104824,1230061,./results/cp_sweep_intensity/logs/w05.oracleGeneral.bin.zst__sieve__Mithril__256mb__w10000.log,ok
w06.oracleGeneral.bin.zst,oracleGeneral,fifo,Mithril,16mb,10000,,,,,,,,,,,,,./results/cp_sweep_intensity/logs/w06.oracleGeneral.bin.zst__fifo__Mithril__16mb__w10000.log,fail:134
w06.oracleGeneral.bin.zst,oracleGeneral,lru,Mithril,256mb,100,0.2556,0.1416,69392150,37327046,0,0,0,0,55029691,106938,24524,82414,./results/cp_sweep_intensity/logs/w06.oracleGeneral.bin.zst__lru__Mithril__256mb__w100.log,ok
w06.oracleGeneral.bin.zst,oracleGeneral,lru,Mithril,1gb,1000,0.0988,0.0592,69392150,10014673,0,0,0,0,16718848,77232,4518,72714,./results/cp_sweep_intensity/logs/w06.oracleGeneral.bin.zst__lru__Mithril__1gb__w1000.log,ok
w05.oracleGeneral.bin.zst,oracleGeneral,fifo,Mithril,1gb,10000,0.8560,0.8538,73034546,8310132,1133300,604748,339825,188727,70802873,804156,190591,613565,./results/cp_sweep_intensity/logs/w05.oracleGeneral.bin.zst__fifo__Mithril__1gb__w10000.log,ok
w06.oracleGeneral.bin.zst,oracleGeneral,fifo,Mithril,64mb,1000,,,,,,,,,,,,,./results/cp_sweep_intensity/logs/w06.oracleGeneral.bin.zst__fifo__Mithril__64mb__w1000.log,fail:134
w06.oracleGeneral.bin.zst,oracleGeneral,sieve,Mithril,16mb,100,,,,,,,,,,,,,./results/cp_sweep_intensity/logs/w06.oracleGeneral.bin.zst__sieve__Mithril__16mb__w100.log,fail:134
w06.oracleGeneral.bin.zst,oracleGeneral,sieve,Mithril,16mb,1000,,,,,,,,,,,,,./results/cp_sweep_intensity/logs/w06.oracleGeneral.bin.zst__sieve__Mithril__16mb__w1000.log,fail:134
w06.oracleGeneral.bin.zst,oracleGeneral,fifo,Mithril,1gb,100,0.1135,0.0712,69392150,10342084,0,0,0,0,18075054,20449,7875,12574,./results/cp_sweep_intensity/logs/w06.oracleGeneral.bin.zst__fifo__Mithril__1gb__w100.log,ok
w06.oracleGeneral.bin.zst,oracleGeneral,sieve,Mithril,16mb,10000,,,,,,,,,,,,,./results/cp_sweep_intensity/logs/w06.oracleGeneral.bin.zst__sieve__Mithril__16mb__w10000.log,fail:134
w06.oracleGeneral.bin.zst,oracleGeneral,sieve,Mithril,64mb,100,,,,,,,,,,,,,./results/cp_sweep_intensity/logs/w06.oracleGeneral.bin.zst__sieve__Mithril__64mb__w100.log,fail:134
w06.oracleGeneral.bin.zst,oracleGeneral,fifo,Mithril,1gb,1000,0.1135,0.0712,69392150,10342084,0,0,0,0,18075054,130143,28377,101766,./results/cp_sweep_intensity/logs/w06.oracleGeneral.bin.zst__fifo__Mithril__1gb__w1000.log,ok
w06.oracleGeneral.bin.zst,oracleGeneral,fifo,Mithril,256mb,100,0.2645,0.1620,69392150,36544480,0,0,0,0,54860075,144834,52571,92263,./results/cp_sweep_intensity/logs/w06.oracleGeneral.bin.zst__fifo__Mithril__256mb__w100.log,ok
w06.oracleGeneral.bin.zst,oracleGeneral,sieve,Mithril,64mb,1000,,,,,,,,,,,,,./results/cp_sweep_intensity/logs/w06.oracleGeneral.bin.zst__sieve__Mithril__64mb__w1000.log,fail:134
w02.oracleGeneral.bin.zst,oracleGeneral,sieve,Mithril,64mb,1000,0.1931,0.1516,122181000,204416742,96085172,47073396,926753,48085023,228013063,5739104,1317542,4421562,./results/cp_sweep_intensity/logs/w02.oracleGeneral.bin.zst__sieve__Mithril__64mb__w1000.log,ok
w05.oracleGeneral.bin.zst,oracleGeneral,sieve,Mithril,1gb,10000,0.8623,0.9259,73034546,9069323,4467578,2500470,1544798,422310,72017372,1269494,66803,1202691,./results/cp_sweep_intensity/logs/w05.oracleGeneral.bin.zst__sieve__Mithril__1gb__w10000.log,ok
w06.oracleGeneral.bin.zst,oracleGeneral,lru,Mithril,1gb,10000,0.0988,0.0592,69392150,10014673,0,0,0,0,16718848,636010,47432,588578,./results/cp_sweep_intensity/logs/w06.oracleGeneral.bin.zst__lru__Mithril__1gb__w10000.log,ok
w06.oracleGeneral.bin.zst,oracleGeneral,lru,Mithril,256mb,1000,0.2556,0.1416,69392150,37327046,0,0,0,0,55029691,884467,174592,709875,./results/cp_sweep_intensity/logs/w06.oracleGeneral.bin.zst__lru__Mithril__256mb__w1000.log,ok
w02.oracleGeneral.bin.zst,oracleGeneral,sieve,Mithril,64mb,10000,0.1931,0.1516,122181000,204416742,106870653,52697789,1032623,53140241,228013063,38694815,9428780,29266035,./results/cp_sweep_intensity/logs/w02.oracleGeneral.bin.zst__sieve__Mithril__64mb__w10000.log,ok
w06.oracleGeneral.bin.zst,oracleGeneral,sieve,Mithril,64mb,10000,,,,,,,,,,,,,./results/cp_sweep_intensity/logs/w06.oracleGeneral.bin.zst__sieve__Mithril__64mb__w10000.log,fail:134
w06.oracleGeneral.bin.zst,oracleGeneral,lru,Mithril,64mb,10000,,,,,,,,,,,,,./results/cp_sweep_intensity/logs/w06.oracleGeneral.bin.zst__lru__Mithril__64mb__w10000.log,fail:134
w06.oracleGeneral.bin.zst,oracleGeneral,sieve,Mithril,1gb,100,0.0651,0.0550,69392150,12176090,11187,6247,2307,2633,16544914,14663,172,14491,./results/cp_sweep_intensity/logs/w06.oracleGeneral.bin.zst__sieve__Mithril__1gb__w100.log,ok
w06.oracleGeneral.bin.zst,oracleGeneral,sieve,Mithril,256mb,100,0.2323,0.1154,69392150,41694591,315478,221729,26486,67263,57774189,188395,4358,184037,./results/cp_sweep_intensity/logs/w06.oracleGeneral.bin.zst__sieve__Mithril__256mb__w100.log,ok
w06.oracleGeneral.bin.zst,oracleGeneral,sieve,Mithril,1gb,1000,0.0651,0.0550,69392150,12176090,209811,106224,55473,48114,16544914,126365,1896,124469,./results/cp_sweep_intensity/logs/w06.oracleGeneral.bin.zst__sieve__Mithril__1gb__w1000.log,ok
w07.oracleGeneral.bin.zst,oracleGeneral,lru,Mithril,16mb,100,0.8858,0.9388,67427405,8376422,0,0,0,0,68099742,39212,4609,34603,./results/cp_sweep_intensity/logs/w07.oracleGeneral.bin.zst__lru__Mithril__16mb__w100.log,ok
w07.oracleGeneral.bin.zst,oracleGeneral,lru,Mithril,16mb,1000,0.8858,0.9388,67427405,8376422,72118,63322,2339,6457,68099742,323959,47713,276246,./results/cp_sweep_intensity/logs/w07.oracleGeneral.bin.zst__lru__Mithril__16mb__w1000.log,ok
w06.oracleGeneral.bin.zst,oracleGeneral,fifo,Mithril,1gb,10000,0.1135,0.0712,69392150,10342084,0,0,0,0,18075054,877355,159757,717598,./results/cp_sweep_intensity/logs/w06.oracleGeneral.bin.zst__fifo__Mithril__1gb__w10000.log,ok
w06.oracleGeneral.bin.zst,oracleGeneral,fifo,Mithril,256mb,1000,0.2645,0.1620,69392150,36544480,0,0,0,0,54860075,1045674,265807,779867,./results/cp_sweep_intensity/logs/w06.oracleGeneral.bin.zst__fifo__Mithril__256mb__w1000.log,ok
w07.oracleGeneral.bin.zst,oracleGeneral,lru,Mithril,64mb,100,0.8134,0.8831,67427405,21049430,0,0,0,0,75888592,28842,1174,27668,./results/cp_sweep_intensity/logs/w07.oracleGeneral.bin.zst__lru__Mithril__64mb__w100.log,ok
w07.oracleGeneral.bin.zst,oracleGeneral,lru,Mithril,16mb,10000,0.8858,0.9388,67427405,8376422,7304063,6329168,177012,797883,68099742,1541667,199009,1342658,./results/cp_sweep_intensity/logs/w07.oracleGeneral.bin.zst__lru__Mithril__16mb__w10000.log,ok
w07.oracleGeneral.bin.zst,oracleGeneral,lru,Mithril,64mb,1000,0.8134,0.8831,67427405,21049430,0,0,0,0,75888592,270106,15303,254803,./results/cp_sweep_intensity/logs/w07.oracleGeneral.bin.zst__lru__Mithril__64mb__w1000.log,ok
w06.oracleGeneral.bin.zst,oracleGeneral,fifo,Mithril,64mb,10000,,,,,,,,,,,,,./results/cp_sweep_intensity/logs/w06.oracleGeneral.bin.zst__fifo__Mithril__64mb__w10000.log,fail:134
w07.oracleGeneral.bin.zst,oracleGeneral,lru,Mithril,256mb,100,0.6771,0.7708,67427405,39028052,0,0,0,0,84646250,26440,618,25822,./results/cp_sweep_intensity/logs/w07.oracleGeneral.bin.zst__lru__Mithril__256mb__w100.log,ok
w07.oracleGeneral.bin.zst,oracleGeneral,fifo,Mithril,16mb,100,0.8865,0.9390,67427405,8442585,0,0,0,0,68217386,49618,5142,44476,./results/cp_sweep_intensity/logs/w07.oracleGeneral.bin.zst__fifo__Mithril__16mb__w100.log,ok
w07.oracleGeneral.bin.zst,oracleGeneral,lru,Mithril,1gb,100,0.4815,0.5787,67427405,44394744,0,0,0,0,76732818,15867,889,14978,./results/cp_sweep_intensity/logs/w07.oracleGeneral.bin.zst__lru__Mithril__1gb__w100.log,ok
w02.oracleGeneral.bin.zst,oracleGeneral,fifo,Mithril,1gb,1000,0.1468,0.1163,122181000,174247061,0,0,0,0,192153455,2688080,654417,2033663,./results/cp_sweep_intensity/logs/w02.oracleGeneral.bin.zst__fifo__Mithril__1gb__w1000.log,ok
w07.oracleGeneral.bin.zst,oracleGeneral,fifo,Mithril,16mb,1000,0.8865,0.9390,67427405,8442585,73165,63993,2383,6789,68217386,369520,52491,317029,./results/cp_sweep_intensity/logs/w07.oracleGeneral.bin.zst__fifo__Mithril__16mb__w1000.log,ok
w07.oracleGeneral.bin.zst,oracleGeneral,fifo,Mithril,64mb,100,0.8161,0.8849,67427405,21163954,0,0,0,0,76181509,34574,1696,32878,./results/cp_sweep_intensity/logs/w07.oracleGeneral.bin.zst__fifo__Mithril__64mb__w100.log,ok
w02.oracleGeneral.bin.zst,oracleGeneral,lru,Mithril,1gb,1000,0.1466,0.1160,122181000,174216939,0,0,0,0,192108715,2569849,622871,1946978,./results/cp_sweep_intensity/logs/w02.oracleGeneral.bin.zst__lru__Mithril__1gb__w1000.log,ok
w06.oracleGeneral.bin.zst,oracleGeneral,sieve,Mithril,1gb,10000,0.0651,0.0550,69392150,12176090,1674113,845940,476548,351625,16544914,942717,19673,923044,./results/cp_sweep_intensity/logs/w06.oracleGeneral.bin.zst__sieve__Mithril__1gb__w10000.log,ok
w06.oracleGeneral.bin.zst,oracleGeneral,sieve,Mithril,256mb,1000,0.2323,0.1154,69392150,41694591,3567474,2535759,282461,749254,57774189,1321899,35457,1286442,./results/cp_sweep_intensity/logs/w06.oracleGeneral.bin.zst__sieve__Mithril__256mb__w1000.log,ok
w07.oracleGeneral.bin.zst,oracleGeneral,fifo,Mithril,16mb,10000,0.8865,0.9390,67427405,8442585,7363018,6367463,176279,819276,68217386,1611470,213585,1397885,./results/cp_sweep_intensity/logs/w07.oracleGeneral.bin.zst__fifo__Mithril__16mb__w10000.log,ok
w07.oracleGeneral.bin.zst,oracleGeneral,fifo,Mithril,64mb,1000,0.8161,0.8849,67427405,21163954,0,0,0,0,76181509,305890,21995,283895,./results/cp_sweep_intensity/logs/w07.oracleGeneral.bin.zst__fifo__Mithril__64mb__w1000.log,ok
w07.oracleGeneral.bin.zst,oracleGeneral,sieve,Mithril,16mb,100,0.9403,0.9664,67427405,9966129,1162140,1045436,34274,82430,73364171,123647,2657,120990,./results/cp_sweep_intensity/logs/w07.oracleGeneral.bin.zst__sieve__Mithril__16mb__w100.log,ok
w07.oracleGeneral.bin.zst,oracleGeneral,fifo,Mithril,256mb,100,0.6802,0.7727,67427405,39119371,0,0,0,0,84944455,29359,823,28536,./results/cp_sweep_intensity/logs/w07.oracleGeneral.bin.zst__fifo__Mithril__256mb__w100.log,ok
w07.oracleGeneral.bin.zst,oracleGeneral,lru,Mithril,256mb,1000,0.6771,0.7708,67427405,39028052,0,0,0,0,84646250,254627,8198,246429,./results/cp_sweep_intensity/logs/w07.oracleGeneral.bin.zst__lru__Mithril__256mb__w1000.log,ok
w07.oracleGeneral.bin.zst,oracleGeneral,lru,Mithril,1gb,1000,0.4815,0.5787,67427405,44394744,0,0,0,0,76732818,157962,9386,148576,./results/cp_sweep_intensity/logs/w07.oracleGeneral.bin.zst__lru__Mithril__1gb__w1000.log,ok
w07.oracleGeneral.bin.zst,oracleGeneral,fifo,Mithril,1gb,100,0.4882,0.5825,67427405,44847226,0,0,0,0,77639996,17496,665,16831,./results/cp_sweep_intensity/logs/w07.oracleGeneral.bin.zst__fifo__Mithril__1gb__w100.log,ok
w02.oracleGeneral.bin.zst,oracleGeneral,sieve,Mithril,1gb,1000,0.1743,0.1412,122181000,178734766,7477892,3954352,127440,3396100,200014995,3123037,647024,2476013,./results/cp_sweep_intensity/logs/w02.oracleGeneral.bin.zst__sieve__Mithril__1gb__w1000.log,ok
w07.oracleGeneral.bin.zst,oracleGeneral,sieve,Mithril,16mb,1000,0.9403,0.9664,67427405,9966129,5828522,5249583,162020,416919,73364171,1050447,33019,1017428,./results/cp_sweep_intensity/logs/w07.oracleGeneral.bin.zst__sieve__Mithril__16mb__w1000.log,ok
w07.oracleGeneral.bin.zst,oracleGeneral,sieve,Mithril,16mb,10000,0.9403,0.9664,67427405,9966129,9183910,8259136,232942,691832,73364171,2708136,92338,2615798,./results/cp_sweep_intensity/logs/w07.oracleGeneral.bin.zst__sieve__Mithril__16mb__w10000.log,ok
w07.oracleGeneral.bin.zst,oracleGeneral,sieve,Mithril,64mb,100,0.8393,0.9018,67427405,22343983,672983,562230,21554,89199,78922631,128197,3208,124989,./results/cp_sweep_intensity/logs/w07.oracleGeneral.bin.zst__sieve__Mithril__64mb__w100.log,ok
w07.oracleGeneral.bin.zst,oracleGeneral,sieve,Mithril,256mb,100,0.6675,0.7665,67427405,38904795,239013,175445,10504,53064,83875186,72560,1761,70799,./results/cp_sweep_intensity/logs/w07.oracleGeneral.bin.zst__sieve__Mithril__256mb__w100.log,ok
w07.oracleGeneral.bin.zst,oracleGeneral,sieve,Mithril,64mb,1000,0.8393,0.9018,67427405,22343983,4467579,3764882,124749,577948,78922631,1039944,35925,1004019,./results/cp_sweep_intensity/logs/w07.oracleGeneral.bin.zst__sieve__Mithril__64mb__w1000.log,ok
w08.oracleGeneral.bin.zst,oracleGeneral,lru,Mithril,16mb,100,,,,,,,,,,,,,./results/cp_sweep_intensity/logs/w08.oracleGeneral.bin.zst__lru__Mithril__16mb__w100.log,fail:134
w08.oracleGeneral.bin.zst,oracleGeneral,lru,Mithril,16mb,1000,,,,,,,,,,,,,./results/cp_sweep_intensity/logs/w08.oracleGeneral.bin.zst__lru__Mithril__16mb__w1000.log,fail:134
w08.oracleGeneral.bin.zst,oracleGeneral,lru,Mithril,16mb,10000,,,,,,,,,,,,,./results/cp_sweep_intensity/logs/w08.oracleGeneral.bin.zst__lru__Mithril__16mb__w10000.log,fail:134
w08.oracleGeneral.bin.zst,oracleGeneral,lru,Mithril,64mb,100,,,,,,,,,,,,,./results/cp_sweep_intensity/logs/w08.oracleGeneral.bin.zst__lru__Mithril__64mb__w100.log,fail:134
w08.oracleGeneral.bin.zst,oracleGeneral,lru,Mithril,64mb,1000,,,,,,,,,,,,,./results/cp_sweep_intensity/logs/w08.oracleGeneral.bin.zst__lru__Mithril__64mb__w1000.log,fail:134
w08.oracleGeneral.bin.zst,oracleGeneral,lru,Mithril,64mb,10000,,,,,,,,,,,,,./results/cp_sweep_intensity/logs/w08.oracleGeneral.bin.zst__lru__Mithril__64mb__w10000.log,fail:134
w07.oracleGeneral.bin.zst,oracleGeneral,fifo,Mithril,256mb,1000,0.6802,0.7727,67427405,39119371,0,0,0,0,84944455,274853,11443,263410,./results/cp_sweep_intensity/logs/w07.oracleGeneral.bin.zst__fifo__Mithril__256mb__w1000.log,ok
w08.oracleGeneral.bin.zst,oracleGeneral,lru,Mithril,256mb,100,,,,,,,,,,,,,./results/cp_sweep_intensity/logs/w08.oracleGeneral.bin.zst__lru__Mithril__256mb__w100.log,fail:134
w08.oracleGeneral.bin.zst,oracleGeneral,lru,Mithril,256mb,1000,,,,,,,,,,,,,./results/cp_sweep_intensity/logs/w08.oracleGeneral.bin.zst__lru__Mithril__256mb__w1000.log,fail:134
w08.oracleGeneral.bin.zst,oracleGeneral,lru,Mithril,256mb,10000,,,,,,,,,,,,,./results/cp_sweep_intensity/logs/w08.oracleGeneral.bin.zst__lru__Mithril__256mb__w10000.log,fail:134
w07.oracleGeneral.bin.zst,oracleGeneral,fifo,Mithril,1gb,1000,0.4882,0.5825,67427405,44847226,0,0,0,0,77639996,172694,9199,163495,./results/cp_sweep_intensity/logs/w07.oracleGeneral.bin.zst__fifo__Mithril__1gb__w1000.log,ok
w08.oracleGeneral.bin.zst,oracleGeneral,lru,Mithril,1gb,100,,,,,,,,,,,,,./results/cp_sweep_intensity/logs/w08.oracleGeneral.bin.zst__lru__Mithril__1gb__w100.log,fail:134
w08.oracleGeneral.bin.zst,oracleGeneral,fifo,Mithril,16mb,100,,,,,,,,,,,,,./results/cp_sweep_intensity/logs/w08.oracleGeneral.bin.zst__fifo__Mithril__16mb__w100.log,fail:134
w08.oracleGeneral.bin.zst,oracleGeneral,fifo,Mithril,16mb,1000,,,,,,,,,,,,,./results/cp_sweep_intensity/logs/w08.oracleGeneral.bin.zst__fifo__Mithril__16mb__w1000.log,fail:134
w08.oracleGeneral.bin.zst,oracleGeneral,fifo,Mithril,16mb,10000,,,,,,,,,,,,,./results/cp_sweep_intensity/logs/w08.oracleGeneral.bin.zst__fifo__Mithril__16mb__w10000.log,fail:134
w08.oracleGeneral.bin.zst,oracleGeneral,fifo,Mithril,64mb,100,,,,,,,,,,,,,./results/cp_sweep_intensity/logs/w08.oracleGeneral.bin.zst__fifo__Mithril__64mb__w100.log,fail:134
w08.oracleGeneral.bin.zst,oracleGeneral,fifo,Mithril,64mb,1000,,,,,,,,,,,,,./results/cp_sweep_intensity/logs/w08.oracleGeneral.bin.zst__fifo__Mithril__64mb__w1000.log,fail:134
w08.oracleGeneral.bin.zst,oracleGeneral,fifo,Mithril,64mb,10000,,,,,,,,,,,,,./results/cp_sweep_intensity/logs/w08.oracleGeneral.bin.zst__fifo__Mithril__64mb__w10000.log,fail:134
w08.oracleGeneral.bin.zst,oracleGeneral,lru,Mithril,1gb,1000,,,,,,,,,,,,,./results/cp_sweep_intensity/logs/w08.oracleGeneral.bin.zst__lru__Mithril__1gb__w1000.log,fail:134
w08.oracleGeneral.bin.zst,oracleGeneral,fifo,Mithril,256mb,100,,,,,,,,,,,,,./results/cp_sweep_intensity/logs/w08.oracleGeneral.bin.zst__fifo__Mithril__256mb__w100.log,fail:134
w08.oracleGeneral.bin.zst,oracleGeneral,fifo,Mithril,256mb,1000,,,,,,,,,,,,,./results/cp_sweep_intensity/logs/w08.oracleGeneral.bin.zst__fifo__Mithril__256mb__w1000.log,fail:134
w08.oracleGeneral.bin.zst,oracleGeneral,fifo,Mithril,256mb,10000,,,,,,,,,,,,,./results/cp_sweep_intensity/logs/w08.oracleGeneral.bin.zst__fifo__Mithril__256mb__w10000.log,fail:134
w07.oracleGeneral.bin.zst,oracleGeneral,sieve,Mithril,1gb,100,0.4458,0.5592,67427405,45799069,57006,36588,4874,15544,75729638,24911,1432,23479,./results/cp_sweep_intensity/logs/w07.oracleGeneral.bin.zst__sieve__Mithril__1gb__w100.log,ok
w08.oracleGeneral.bin.zst,oracleGeneral,fifo,Mithril,1gb,100,,,,,,,,,,,,,./results/cp_sweep_intensity/logs/w08.oracleGeneral.bin.zst__fifo__Mithril__1gb__w100.log,fail:134
w08.oracleGeneral.bin.zst,oracleGeneral,sieve,Mithril,16mb,100,,,,,,,,,,,,,./results/cp_sweep_intensity/logs/w08.oracleGeneral.bin.zst__sieve__Mithril__16mb__w100.log,fail:134
w08.oracleGeneral.bin.zst,oracleGeneral,sieve,Mithril,16mb,1000,,,,,,,,,,,,,./results/cp_sweep_intensity/logs/w08.oracleGeneral.bin.zst__sieve__Mithril__16mb__w1000.log,fail:134
w08.oracleGeneral.bin.zst,oracleGeneral,sieve,Mithril,16mb,10000,,,,,,,,,,,,,./results/cp_sweep_intensity/logs/w08.oracleGeneral.bin.zst__sieve__Mithril__16mb__w10000.log,fail:134
w08.oracleGeneral.bin.zst,oracleGeneral,sieve,Mithril,64mb,100,,,,,,,,,,,,,./results/cp_sweep_intensity/logs/w08.oracleGeneral.bin.zst__sieve__Mithril__64mb__w100.log,fail:134
w08.oracleGeneral.bin.zst,oracleGeneral,sieve,Mithril,64mb,1000,,,,,,,,,,,,,./results/cp_sweep_intensity/logs/w08.oracleGeneral.bin.zst__sieve__Mithril__64mb__w1000.log,fail:134
w08.oracleGeneral.bin.zst,oracleGeneral,sieve,Mithril,64mb,10000,,,,,,,,,,,,,./results/cp_sweep_intensity/logs/w08.oracleGeneral.bin.zst__sieve__Mithril__64mb__w10000.log,fail:134
w08.oracleGeneral.bin.zst,oracleGeneral,sieve,Mithril,256mb,100,,,,,,,,,,,,,./results/cp_sweep_intensity/logs/w08.oracleGeneral.bin.zst__sieve__Mithril__256mb__w100.log,fail:134
w08.oracleGeneral.bin.zst,oracleGeneral,sieve,Mithril,256mb,1000,,,,,,,,,,,,,./results/cp_sweep_intensity/logs/w08.oracleGeneral.bin.zst__sieve__Mithril__256mb__w1000.log,fail:134
w08.oracleGeneral.bin.zst,oracleGeneral,sieve,Mithril,256mb,10000,,,,,,,,,,,,,./results/cp_sweep_intensity/logs/w08.oracleGeneral.bin.zst__sieve__Mithril__256mb__w10000.log,fail:134
w08.oracleGeneral.bin.zst,oracleGeneral,sieve,Mithril,1gb,100,,,,,,,,,,,,,./results/cp_sweep_intensity/logs/w08.oracleGeneral.bin.zst__sieve__Mithril__1gb__w100.log,fail:134
w08.oracleGeneral.bin.zst,oracleGeneral,fifo,Mithril,1gb,1000,,,,,,,,,,,,,./results/cp_sweep_intensity/logs/w08.oracleGeneral.bin.zst__fifo__Mithril__1gb__w1000.log,fail:134
w08.oracleGeneral.bin.zst,oracleGeneral,lru,Mithril,1gb,10000,,,,,,,,,,,,,./results/cp_sweep_intensity/logs/w08.oracleGeneral.bin.zst__lru__Mithril__1gb__w10000.log,fail:134
w08.oracleGeneral.bin.zst,oracleGeneral,sieve,Mithril,1gb,1000,,,,,,,,,,,,,./results/cp_sweep_intensity/logs/w08.oracleGeneral.bin.zst__sieve__Mithril__1gb__w1000.log,fail:134
w08.oracleGeneral.bin.zst,oracleGeneral,sieve,Mithril,1gb,10000,,,,,,,,,,,,,./results/cp_sweep_intensity/logs/w08.oracleGeneral.bin.zst__sieve__Mithril__1gb__w10000.log,fail:134
w09.oracleGeneral.bin.zst,oracleGeneral,lru,Mithril,16mb,100,,,,,,,,,,,,,./results/cp_sweep_intensity/logs/w09.oracleGeneral.bin.zst__lru__Mithril__16mb__w100.log,fail:134
w09.oracleGeneral.bin.zst,oracleGeneral,lru,Mithril,16mb,1000,,,,,,,,,,,,,./results/cp_sweep_intensity/logs/w09.oracleGeneral.bin.zst__lru__Mithril__16mb__w1000.log,fail:134
w09.oracleGeneral.bin.zst,oracleGeneral,lru,Mithril,16mb,10000,,,,,,,,,,,,,./results/cp_sweep_intensity/logs/w09.oracleGeneral.bin.zst__lru__Mithril__16mb__w10000.log,fail:134
w09.oracleGeneral.bin.zst,oracleGeneral,lru,Mithril,64mb,100,,,,,,,,,,,,,./results/cp_sweep_intensity/logs/w09.oracleGeneral.bin.zst__lru__Mithril__64mb__w100.log,fail:134
w09.oracleGeneral.bin.zst,oracleGeneral,lru,Mithril,256mb,100,,,,,,,,,,,,,./results/cp_sweep_intensity/logs/w09.oracleGeneral.bin.zst__lru__Mithril__256mb__w100.log,fail:134
w09.oracleGeneral.bin.zst,oracleGeneral,lru,Mithril,64mb,1000,,,,,,,,,,,,,./results/cp_sweep_intensity/logs/w09.oracleGeneral.bin.zst__lru__Mithril__64mb__w1000.log,fail:134
w09.oracleGeneral.bin.zst,oracleGeneral,lru,Mithril,64mb,10000,,,,,,,,,,,,,./results/cp_sweep_intensity/logs/w09.oracleGeneral.bin.zst__lru__Mithril__64mb__w10000.log,fail:134
w08.oracleGeneral.bin.zst,oracleGeneral,fifo,Mithril,1gb,10000,,,,,,,,,,,,,./results/cp_sweep_intensity/logs/w08.oracleGeneral.bin.zst__fifo__Mithril__1gb__w10000.log,fail:134
w09.oracleGeneral.bin.zst,oracleGeneral,lru,Mithril,256mb,1000,,,,,,,,,,,,,./results/cp_sweep_intensity/logs/w09.oracleGeneral.bin.zst__lru__Mithril__256mb__w1000.log,fail:134
w09.oracleGeneral.bin.zst,oracleGeneral,lru,Mithril,1gb,100,,,,,,,,,,,,,./results/cp_sweep_intensity/logs/w09.oracleGeneral.bin.zst__lru__Mithril__1gb__w100.log,fail:134
w09.oracleGeneral.bin.zst,oracleGeneral,lru,Mithril,1gb,1000,,,,,,,,,,,,,./results/cp_sweep_intensity/logs/w09.oracleGeneral.bin.zst__lru__Mithril__1gb__w1000.log,fail:134
w09.oracleGeneral.bin.zst,oracleGeneral,fifo,Mithril,16mb,100,,,,,,,,,,,,,./results/cp_sweep_intensity/logs/w09.oracleGeneral.bin.zst__fifo__Mithril__16mb__w100.log,fail:134
w09.oracleGeneral.bin.zst,oracleGeneral,fifo,Mithril,16mb,1000,,,,,,,,,,,,,./results/cp_sweep_intensity/logs/w09.oracleGeneral.bin.zst__fifo__Mithril__16mb__w1000.log,fail:134
w09.oracleGeneral.bin.zst,oracleGeneral,fifo,Mithril,16mb,10000,,,,,,,,,,,,,./results/cp_sweep_intensity/logs/w09.oracleGeneral.bin.zst__fifo__Mithril__16mb__w10000.log,fail:134
w09.oracleGeneral.bin.zst,oracleGeneral,fifo,Mithril,64mb,100,,,,,,,,,,,,,./results/cp_sweep_intensity/logs/w09.oracleGeneral.bin.zst__fifo__Mithril__64mb__w100.log,fail:134
w09.oracleGeneral.bin.zst,oracleGeneral,lru,Mithril,256mb,10000,,,,,,,,,,,,,./results/cp_sweep_intensity/logs/w09.oracleGeneral.bin.zst__lru__Mithril__256mb__w10000.log,fail:134
w09.oracleGeneral.bin.zst,oracleGeneral,lru,Mithril,1gb,10000,,,,,,,,,,,,,./results/cp_sweep_intensity/logs/w09.oracleGeneral.bin.zst__lru__Mithril__1gb__w10000.log,fail:134
w09.oracleGeneral.bin.zst,oracleGeneral,fifo,Mithril,64mb,1000,,,,,,,,,,,,,./results/cp_sweep_intensity/logs/w09.oracleGeneral.bin.zst__fifo__Mithril__64mb__w1000.log,fail:134
w09.oracleGeneral.bin.zst,oracleGeneral,fifo,Mithril,256mb,100,,,,,,,,,,,,,./results/cp_sweep_intensity/logs/w09.oracleGeneral.bin.zst__fifo__Mithril__256mb__w100.log,fail:134
w09.oracleGeneral.bin.zst,oracleGeneral,fifo,Mithril,64mb,10000,,,,,,,,,,,,,./results/cp_sweep_intensity/logs/w09.oracleGeneral.bin.zst__fifo__Mithril__64mb__w10000.log,fail:134
w09.oracleGeneral.bin.zst,oracleGeneral,fifo,Mithril,256mb,1000,,,,,,,,,,,,,./results/cp_sweep_intensity/logs/w09.oracleGeneral.bin.zst__fifo__Mithril__256mb__w1000.log,fail:134
w09.oracleGeneral.bin.zst,oracleGeneral,fifo,Mithril,1gb,100,,,,,,,,,,,,,./results/cp_sweep_intensity/logs/w09.oracleGeneral.bin.zst__fifo__Mithril__1gb__w100.log,fail:134
w09.oracleGeneral.bin.zst,oracleGeneral,fifo,Mithril,1gb,1000,,,,,,,,,,,,,./results/cp_sweep_intensity/logs/w09.oracleGeneral.bin.zst__fifo__Mithril__1gb__w1000.log,fail:134
w09.oracleGeneral.bin.zst,oracleGeneral,sieve,Mithril,16mb,100,,,,,,,,,,,,,./results/cp_sweep_intensity/logs/w09.oracleGeneral.bin.zst__sieve__Mithril__16mb__w100.log,fail:134
w02.oracleGeneral.bin.zst,oracleGeneral,fifo,Mithril,256mb,1000,0.1623,0.1244,122181000,202132011,0,0,0,0,221956385,3759333,763451,2995882,./results/cp_sweep_intensity/logs/w02.oracleGeneral.bin.zst__fifo__Mithril__256mb__w1000.log,ok
w09.oracleGeneral.bin.zst,oracleGeneral,sieve,Mithril,16mb,1000,,,,,,,,,,,,,./results/cp_sweep_intensity/logs/w09.oracleGeneral.bin.zst__sieve__Mithril__16mb__w1000.log,fail:134
w07.oracleGeneral.bin.zst,oracleGeneral,sieve,Mithril,256mb,1000,0.6675,0.7665,67427405,38904795,1878811,1390365,74268,414178,83875186,616233,20490,595743,./results/cp_sweep_intensity/logs/w07.oracleGeneral.bin.zst__sieve__Mithril__256mb__w1000.log,ok
w09.oracleGeneral.bin.zst,oracleGeneral,sieve,Mithril,16mb,10000,,,,,,,,,,,,,./results/cp_sweep_intensity/logs/w09.oracleGeneral.bin.zst__sieve__Mithril__16mb__w10000.log,fail:134
w09.oracleGeneral.bin.zst,oracleGeneral,sieve,Mithril,64mb,100,,,,,,,,,,,,,./results/cp_sweep_intensity/logs/w09.oracleGeneral.bin.zst__sieve__Mithril__64mb__w100.log,fail:134
w02.oracleGeneral.bin.zst,oracleGeneral,lru,Mithril,256mb,1000,0.1621,0.1243,122181000,202058826,0,0,0,0,221852652,3747028,749446,2997582,./results/cp_sweep_intensity/logs/w02.oracleGeneral.bin.zst__lru__Mithril__256mb__w1000.log,ok
w09.oracleGeneral.bin.zst,oracleGeneral,fifo,Mithril,256mb,10000,,,,,,,,,,,,,./results/cp_sweep_intensity/logs/w09.oracleGeneral.bin.zst__fifo__Mithril__256mb__w10000.log,fail:134
w09.oracleGeneral.bin.zst,oracleGeneral,sieve,Mithril,64mb,1000,,,,,,,,,,,,,./results/cp_sweep_intensity/logs/w09.oracleGeneral.bin.zst__sieve__Mithril__64mb__w1000.log,fail:134
w09.oracleGeneral.bin.zst,oracleGeneral,sieve,Mithril,256mb,100,,,,,,,,,,,,,./results/cp_sweep_intensity/logs/w09.oracleGeneral.bin.zst__sieve__Mithril__256mb__w100.log,fail:134
w09.oracleGeneral.bin.zst,oracleGeneral,sieve,Mithril,64mb,10000,,,,,,,,,,,,,./results/cp_sweep_intensity/logs/w09.oracleGeneral.bin.zst__sieve__Mithril__64mb__w10000.log,fail:134
w100.oracleGeneral.bin.zst,oracleGeneral,lru,Mithril,16mb,100,0.8204,0.9511,3645877,701635,0,0,0,0,3691983,21507,1462,20045,./results/cp_sweep_intensity/logs/w100.oracleGeneral.bin.zst__lru__Mithril__16mb__w100.log,ok
w09.oracleGeneral.bin.zst,oracleGeneral,sieve,Mithril,1gb,100,,,,,,,,,,,,,./results/cp_sweep_intensity/logs/w09.oracleGeneral.bin.zst__sieve__Mithril__1gb__w100.log,fail:134
w02.oracleGeneral.bin.zst,oracleGeneral,fifo,Mithril,64mb,1000,0.1761,0.1285,122181000,204367165,31894069,14571919,511120,16811030,225876344,4602740,870017,3732723,./results/cp_sweep_intensity/logs/w02.oracleGeneral.bin.zst__fifo__Mithril__64mb__w1000.log,ok
w100.oracleGeneral.bin.zst,oracleGeneral,lru,Mithril,16mb,1000,0.8204,0.9511,3645877,701635,56679,39463,8968,8248,3691983,143711,16788,126923,./results/cp_sweep_intensity/logs/w100.oracleGeneral.bin.zst__lru__Mithril__16mb__w1000.log,ok
w09.oracleGeneral.bin.zst,oracleGeneral,fifo,Mithril,1gb,10000,,,,,,,,,,,,,./results/cp_sweep_intensity/logs/w09.oracleGeneral.bin.zst__fifo__Mithril__1gb__w10000.log,fail:134
w100.oracleGeneral.bin.zst,oracleGeneral,lru,Mithril,64mb,100,0.7750,0.9372,3645877,635564,0,0,0,0,3458496,10534,577,9957,./results/cp_sweep_intensity/logs/w100.oracleGeneral.bin.zst__lru__Mithril__64mb__w100.log,ok
w09.oracleGeneral.bin.zst,oracleGeneral,sieve,Mithril,1gb,1000,,,,,,,,,,,,,./results/cp_sweep_intensity/logs/w09.oracleGeneral.bin.zst__sieve__Mithril__1gb__w1000.log,fail:134
w09.oracleGeneral.bin.zst,oracleGeneral,sieve,Mithril,256mb,1000,,,,,,,,,,,,,./results/cp_sweep_intensity/logs/w09.oracleGeneral.bin.zst__sieve__Mithril__256mb__w1000.log,fail:134
w100.oracleGeneral.bin.zst,oracleGeneral,lru,Mithril,16mb,10000,0.8204,0.9511,3645877,701635,633511,409650,114019,109842,3691983,436352,46541,389811,./results/cp_sweep_intensity/logs/w100.oracleGeneral.bin.zst__lru__Mithril__16mb__w10000.log,ok
w100.oracleGeneral.bin.zst,oracleGeneral,lru,Mithril,64mb,1000,0.7750,0.9372,3645877,635564,0,0,0,0,3458496,80315,8159,72156,./results/cp_sweep_intensity/logs/w100.oracleGeneral.bin.zst__lru__Mithril__64mb__w1000.log,ok
w100.oracleGeneral.bin.zst,oracleGeneral,lru,Mithril,256mb,100,0.7378,0.9243,3645877,540108,0,0,0,0,3220838,3100,54,3046,./results/cp_sweep_intensity/logs/w100.oracleGeneral.bin.zst__lru__Mithril__256mb__w100.log,ok
w100.oracleGeneral.bin.zst,oracleGeneral,lru,Mithril,1gb,100,0.6920,0.8954,3645877,462760,0,0,0,0,2952678,829,6,823,./results/cp_sweep_intensity/logs/w100.oracleGeneral.bin.zst__lru__Mithril__1gb__w100.log,ok
w100.oracleGeneral.bin.zst,oracleGeneral,lru,Mithril,256mb,1000,0.7378,0.9243,3645877,540108,0,0,0,0,3220838,26704,835,25869,./results/cp_sweep_intensity/logs/w100.oracleGeneral.bin.zst__lru__Mithril__256mb__w1000.log,ok
w100.oracleGeneral.bin.zst,oracleGeneral,lru,Mithril,1gb,1000,0.6920,0.8954,3645877,462760,0,0,0,0,2952678,7646,181,7465,./results/cp_sweep_intensity/logs/w100.oracleGeneral.bin.zst__lru__Mithril__1gb__w1000.log,ok
w100.oracleGeneral.bin.zst,oracleGeneral,fifo,Mithril,16mb,100,0.8339,0.9543,3645877,721433,0,0,0,0,3760917,23092,2448,20644,./results/cp_sweep_intensity/logs/w100.oracleGeneral.bin.zst__fifo__Mithril__16mb__w100.log,ok
w100.oracleGeneral.bin.zst,oracleGeneral,lru,Mithril,64mb,10000,0.7750,0.9372,3645877,635564,531461,347196,69925,114340,3458496,308940,51748,257192,./results/cp_sweep_intensity/logs/w100.oracleGeneral.bin.zst__lru__Mithril__64mb__w10000.log,ok
w100.oracleGeneral.bin.zst,oracleGeneral,fifo,Mithril,16mb,1000,0.8339,0.9543,3645877,721433,53869,36503,10024,7342,3760917,151155,21942,129213,./results/cp_sweep_intensity/logs/w100.oracleGeneral.bin.zst__fifo__Mithril__16mb__w1000.log,ok
w100.oracleGeneral.bin.zst,oracleGeneral,fifo,Mithril,64mb,100,0.7883,0.9400,3645877,653893,0,0,0,0,3525391,11756,1337,10419,./results/cp_sweep_intensity/logs/w100.oracleGeneral.bin.zst__fifo__Mithril__64mb__w100.log,ok
w100.oracleGeneral.bin.zst,oracleGeneral,lru,Mithril,256mb,10000,0.7378,0.9243,3645877,540108,0,0,0,0,3220838,152069,28248,123821,./results/cp_sweep_intensity/logs/w100.oracleGeneral.bin.zst__lru__Mithril__256mb__w10000.log,ok
w100.oracleGeneral.bin.zst,oracleGeneral,fifo,Mithril,16mb,10000,0.8339,0.9543,3645877,721433,646530,405295,135087,106148,3760917,449459,53331,396128,./results/cp_sweep_intensity/logs/w100.oracleGeneral.bin.zst__fifo__Mithril__16mb__w10000.log,ok
w100.oracleGeneral.bin.zst,oracleGeneral,fifo,Mithril,64mb,1000,0.7883,0.9400,3645877,653893,0,0,0,0,3525391,87299,14288,73011,./results/cp_sweep_intensity/logs/w100.oracleGeneral.bin.zst__fifo__Mithril__64mb__w1000.log,ok
w09.oracleGeneral.bin.zst,oracleGeneral,sieve,Mithril,256mb,10000,,,,,,,,,,,,,./results/cp_sweep_intensity/logs/w09.oracleGeneral.bin.zst__sieve__Mithril__256mb__w10000.log,fail:134
w100.oracleGeneral.bin.zst,oracleGeneral,lru,Mithril,1gb,10000,0.6920,0.8954,3645877,462760,0,0,0,0,2952678,54873,4416,50457,./results/cp_sweep_intensity/logs/w100.oracleGeneral.bin.zst__lru__Mithril__1gb__w10000.log,ok
w100.oracleGeneral.bin.zst,oracleGeneral,fifo,Mithril,256mb,100,0.7465,0.9263,3645877,565098,0,0,0,0,3277598,4914,434,4480,./results/cp_sweep_intensity/logs/w100.oracleGeneral.bin.zst__fifo__Mithril__256mb__w100.log,ok
w100.oracleGeneral.bin.zst,oracleGeneral,fifo,Mithril,256mb,1000,0.7465,0.9263,3645877,565098,0,0,0,0,3277598,38402,5133,33269,./results/cp_sweep_intensity/logs/w100.oracleGeneral.bin.zst__fifo__Mithril__256mb__w1000.log,ok
w100.oracleGeneral.bin.zst,oracleGeneral,fifo,Mithril,1gb,100,0.7024,0.8986,3645877,485237,0,0,0,0,3012861,1474,75,1399,./results/cp_sweep_intensity/logs/w100.oracleGeneral.bin.zst__fifo__Mithril__1gb__w100.log,ok
w100.oracleGeneral.bin.zst,oracleGeneral,fifo,Mithril,1gb,1000,0.7024,0.8986,3645877,485237,0,0,0,0,3012861,12923,874,12049,./results/cp_sweep_intensity/logs/w100.oracleGeneral.bin.zst__fifo__Mithril__1gb__w1000.log,ok
w100.oracleGeneral.bin.zst,oracleGeneral,sieve,Mithril,16mb,100,0.7957,0.9460,3645877,602683,59568,40127,13019,6422,3502215,15291,153,15138,./results/cp_sweep_intensity/logs/w100.oracleGeneral.bin.zst__sieve__Mithril__16mb__w100.log,ok
w100.oracleGeneral.bin.zst,oracleGeneral,fifo,Mithril,64mb,10000,0.7883,0.9400,3645877,653893,536407,349510,76462,110435,3525391,322671,64181,258490,./results/cp_sweep_intensity/logs/w100.oracleGeneral.bin.zst__fifo__Mithril__64mb__w10000.log,ok
w100.oracleGeneral.bin.zst,oracleGeneral,sieve,Mithril,16mb,1000,0.7957,0.9460,3645877,602683,508619,346899,111648,50072,3502215,91864,1555,90309,./results/cp_sweep_intensity/logs/w100.oracleGeneral.bin.zst__sieve__Mithril__16mb__w1000.log,ok
w100.oracleGeneral.bin.zst,oracleGeneral,sieve,Mithril,16mb,10000,0.7957,0.9460,3645877,602683,577609,391109,128609,57891,3502215,332983,9585,323398,./results/cp_sweep_intensity/logs/w100.oracleGeneral.bin.zst__sieve__Mithril__16mb__w10000.log,ok
w100.oracleGeneral.bin.zst,oracleGeneral,sieve,Mithril,64mb,100,0.7341,0.9268,3645877,412231,13154,8420,3507,1227,3085362,4058,32,4026,./results/cp_sweep_intensity/logs/w100.oracleGeneral.bin.zst__sieve__Mithril__64mb__w100.log,ok
w100.oracleGeneral.bin.zst,oracleGeneral,sieve,Mithril,64mb,1000,0.7341,0.9268,3645877,412231,113117,74351,28722,10044,3085362,26330,376,25954,./results/cp_sweep_intensity/logs/w100.oracleGeneral.bin.zst__sieve__Mithril__64mb__w1000.log,ok
w100.oracleGeneral.bin.zst,oracleGeneral,sieve,Mithril,64mb,10000,0.7341,0.9268,3645877,412231,389297,256727,98981,33589,3085362,114496,3650,110846,./results/cp_sweep_intensity/logs/w100.oracleGeneral.bin.zst__sieve__Mithril__64mb__w10000.log,ok
w100.oracleGeneral.bin.zst,oracleGeneral,fifo,Mithril,256mb,10000,0.7465,0.9263,3645877,565098,0,0,0,0,3277598,177888,42230,135658,./results/cp_sweep_intensity/logs/w100.oracleGeneral.bin.zst__fifo__Mithril__256mb__w10000.log,ok
w09.oracleGeneral.bin.zst,oracleGeneral,sieve,Mithril,1gb,10000,,,,,,,,,,,,,./results/cp_sweep_intensity/logs/w09.oracleGeneral.bin.zst__sieve__Mithril__1gb__w10000.log,fail:134
w100.oracleGeneral.bin.zst,oracleGeneral,sieve,Mithril,256mb,100,0.7004,0.9145,3645877,316106,2207,1483,566,158,2853462,937,5,932,./results/cp_sweep_intensity/logs/w100.oracleGeneral.bin.zst__sieve__Mithril__256mb__w100.log,ok
w100.oracleGeneral.bin.zst,oracleGeneral,sieve,Mithril,256mb,1000,0.7004,0.9145,3645877,316106,22171,14415,6082,1674,2853462,6399,35,6364,./results/cp_sweep_intensity/logs/w100.oracleGeneral.bin.zst__sieve__Mithril__256mb__w1000.log,ok
w100.oracleGeneral.bin.zst,oracleGeneral,sieve,Mithril,1gb,100,0.6657,0.8821,3645877,292337,603,247,323,33,2664426,263,4,259,./results/cp_sweep_intensity/logs/w100.oracleGeneral.bin.zst__sieve__Mithril__1gb__w100.log,ok
w100.oracleGeneral.bin.zst,oracleGeneral,fifo,Mithril,1gb,10000,0.7024,0.8986,3645877,485237,0,0,0,0,3012861,73792,11239,62553,./results/cp_sweep_intensity/logs/w100.oracleGeneral.bin.zst__fifo__Mithril__1gb__w10000.log,ok
w100.oracleGeneral.bin.zst,oracleGeneral,sieve,Mithril,1gb,1000,0.6657,0.8821,3645877,292337,6622,2567,3672,383,2664426,2006,54,1952,./results/cp_sweep_intensity/logs/w100.oracleGeneral.bin.zst__sieve__Mithril__1gb__w1000.log,ok
w101.oracleGeneral.bin.zst,oracleGeneral,lru,Mithril,16mb,100,0.8189,0.9516,3587707,666651,0,0,0,0,3603814,21433,1273,20160,./results/cp_sweep_intensity/logs/w101.oracleGeneral.bin.zst__lru__Mithril__16mb__w100.log,ok
w100.oracleGeneral.bin.zst,oracleGeneral,sieve,Mithril,256mb,10000,0.7004,0.9145,3645877,316106,209455,134054,61049,14352,2853462,31926,994,30932,./results/cp_sweep_intensity/logs/w100.oracleGeneral.bin.zst__sieve__Mithril__256mb__w10000.log,ok
w101.oracleGeneral.bin.zst,oracleGeneral,lru,Mithril,16mb,1000,0.8189,0.9516,3587707,666651,46211,31082,6519,8610,3603814,140054,16387,123667,./results/cp_sweep_intensity/logs/w101.oracleGeneral.bin.zst__lru__Mithril__16mb__w1000.log,ok
w100.oracleGeneral.bin.zst,oracleGeneral,sieve,Mithril,1gb,10000,0.6657,0.8821,3645877,292337,54932,21064,31232,2636,2664426,12909,597,12312,./results/cp_sweep_intensity/logs/w100.oracleGeneral.bin.zst__sieve__Mithril__1gb__w10000.log,ok
w101.oracleGeneral.bin.zst,oracleGeneral,lru,Mithril,64mb,100,0.7722,0.9372,3587707,612813,0,0,0,0,3380338,10113,539,9574,./results/cp_sweep_intensity/logs/w101.oracleGeneral.bin.zst__lru__Mithril__64mb__w100.log,ok
w101.oracleGeneral.bin.zst,oracleGeneral,lru,Mithril,16mb,10000,0.8189,0.9516,3587707,666651,601893,383847,111317,106729,3603814,423240,45201,378039,./results/cp_sweep_intensity/logs/w101.oracleGeneral.bin.zst__lru__Mithril__16mb__w10000.log,ok
w101.oracleGeneral.bin.zst,oracleGeneral,lru,Mithril,64mb,1000,0.7722,0.9372,3587707,612813,0,0,0,0,3380338,79015,8441,70574,./results/cp_sweep_intensity/logs/w101.oracleGeneral.bin.zst__lru__Mithril__64mb__w1000.log,ok
w101.oracleGeneral.bin.zst,oracleGeneral,lru,Mithril,256mb,100,0.7281,0.9225,3587707,535117,0,0,0,0,3136442,2960,33,2927,./results/cp_sweep_intensity/logs/w101.oracleGeneral.bin.zst__lru__Mithril__256mb__w100.log,ok
w101.oracleGeneral.bin.zst,oracleGeneral,lru,Mithril,256mb,1000,0.7281,0.9225,3587707,535117,0,0,0,0,3136442,26052,802,25250,./results/cp_sweep_intensity/logs/w101.oracleGeneral.bin.zst__lru__Mithril__256mb__w1000.log,ok
w101.oracleGeneral.bin.zst,oracleGeneral,lru,Mithril,1gb,100,0.6882,0.8955,3587707,433473,0,0,0,0,2865710,747,13,734,./results/cp_sweep_intensity/logs/w101.oracleGeneral.bin.zst__lru__Mithril__1gb__w100.log,ok
w101.oracleGeneral.bin.zst,oracleGeneral,lru,Mithril,1gb,1000,0.6882,0.8955,3587707,433473,0,0,0,0,2865710,7010,194,6816,./results/cp_sweep_intensity/logs/w101.oracleGeneral.bin.zst__lru__Mithril__1gb__w1000.log,ok
w101.oracleGeneral.bin.zst,oracleGeneral,fifo,Mithril,16mb,100,0.8322,0.9545,3587707,687993,0,0,0,0,3672858,22513,1981,20532,./results/cp_sweep_intensity/logs/w101.oracleGeneral.bin.zst__fifo__Mithril__16mb__w100.log,ok
w101.oracleGeneral.bin.zst,oracleGeneral,fifo,Mithril,16mb,1000,0.8322,0.9545,3587707,687993,45515,29040,8452,8023,3672858,146190,20602,125588,./results/cp_sweep_intensity/logs/w101.oracleGeneral.bin.zst__fifo__Mithril__16mb__w1000.log,ok
w101.oracleGeneral.bin.zst,oracleGeneral,lru,Mithril,64mb,10000,0.7722,0.9372,3587707,612813,505756,325632,69554,110570,3380338,302042,53281,248761,./results/cp_sweep_intensity/logs/w101.oracleGeneral.bin.zst__lru__Mithril__64mb__w10000.log,ok
w101.oracleGeneral.bin.zst,oracleGeneral,fifo,Mithril,64mb,100,0.7854,0.9400,3587707,626632,0,0,0,0,3441821,11280,1147,10133,./results/cp_sweep_intensity/logs/w101.oracleGeneral.bin.zst__fifo__Mithril__64mb__w100.log,ok
w101.oracleGeneral.bin.zst,oracleGeneral,fifo,Mithril,16mb,10000,0.8322,0.9545,3587707,687993,617058,377363,136052,103643,3672858,436326,50884,385442,./results/cp_sweep_intensity/logs/w101.oracleGeneral.bin.zst__fifo__Mithril__16mb__w10000.log,ok
w101.oracleGeneral.bin.zst,oracleGeneral,fifo,Mithril,64mb,1000,0.7854,0.9400,3587707,626632,0,0,0,0,3441821,85684,14386,71298,./results/cp_sweep_intensity/logs/w101.oracleGeneral.bin.zst__fifo__Mithril__64mb__w1000.log,ok
w101.oracleGeneral.bin.zst,oracleGeneral,lru,Mithril,256mb,10000,0.7281,0.9225,3587707,535117,0,0,0,0,3136442,146732,27777,118955,./results/cp_sweep_intensity/logs/w101.oracleGeneral.bin.zst__lru__Mithril__256mb__w10000.log,ok
w101.oracleGeneral.bin.zst,oracleGeneral,fifo,Mithril,256mb,100,0.7371,0.9246,3587707,559589,0,0,0,0,3192866,4915,458,4457,./results/cp_sweep_intensity/logs/w101.oracleGeneral.bin.zst__fifo__Mithril__256mb__w100.log,ok
w101.oracleGeneral.bin.zst,oracleGeneral,fifo,Mithril,256mb,1000,0.7371,0.9246,3587707,559589,0,0,0,0,3192866,37350,5057,32293,./results/cp_sweep_intensity/logs/w101.oracleGeneral.bin.zst__fifo__Mithril__256mb__w1000.log,ok
w101.oracleGeneral.bin.zst,oracleGeneral,lru,Mithril,1gb,10000,0.6882,0.8955,3587707,433473,0,0,0,0,2865710,51137,4312,46825,./results/cp_sweep_intensity/logs/w101.oracleGeneral.bin.zst__lru__Mithril__1gb__w10000.log,ok
w101.oracleGeneral.bin.zst,oracleGeneral,fifo,Mithril,1gb,100,0.6987,0.8988,3587707,454581,0,0,0,0,2923829,1594,65,1529,./results/cp_sweep_intensity/logs/w101.oracleGeneral.bin.zst__fifo__Mithril__1gb__w100.log,ok
w101.oracleGeneral.bin.zst,oracleGeneral,fifo,Mithril,1gb,1000,0.6987,0.8988,3587707,454581,0,0,0,0,2923829,13255,942,12313,./results/cp_sweep_intensity/logs/w101.oracleGeneral.bin.zst__fifo__Mithril__1gb__w1000.log,ok
w101.oracleGeneral.bin.zst,oracleGeneral,fifo,Mithril,64mb,10000,0.7854,0.9400,3587707,626632,506680,321677,76574,108429,3441821,313315,65028,248287,./results/cp_sweep_intensity/logs/w101.oracleGeneral.bin.zst__fifo__Mithril__64mb__w10000.log,ok
w101.oracleGeneral.bin.zst,oracleGeneral,sieve,Mithril,16mb,100,0.7925,0.9460,3587707,556102,50258,32683,11984,5591,3397867,13669,134,13535,./results/cp_sweep_intensity/logs/w101.oracleGeneral.bin.zst__sieve__Mithril__16mb__w100.log,ok
w101.oracleGeneral.bin.zst,oracleGeneral,sieve,Mithril,16mb,1000,0.7925,0.9460,3587707,556102,457942,307942,103961,46039,3397867,80430,1445,78985,./results/cp_sweep_intensity/logs/w101.oracleGeneral.bin.zst__sieve__Mithril__16mb__w1000.log,ok
w101.oracleGeneral.bin.zst,oracleGeneral,sieve,Mithril,64mb,100,0.7298,0.9271,3587707,379670,10999,6966,2905,1128,2994544,4358,21,4337,./results/cp_sweep_intensity/logs/w101.oracleGeneral.bin.zst__sieve__Mithril__64mb__w100.log,ok
w101.oracleGeneral.bin.zst,oracleGeneral,sieve,Mithril,16mb,10000,0.7925,0.9460,3587707,556102,531528,354366,122856,54306,3397867,305557,10392,295165,./results/cp_sweep_intensity/logs/w101.oracleGeneral.bin.zst__sieve__Mithril__16mb__w10000.log,ok
w101.oracleGeneral.bin.zst,oracleGeneral,sieve,Mithril,256mb,100,0.6940,0.9140,3587707,330613,3066,1909,918,239,2799134,985,1,984,./results/cp_sweep_intensity/logs/w101.oracleGeneral.bin.zst__sieve__Mithril__256mb__w100.log,ok
w101.oracleGeneral.bin.zst,oracleGeneral,sieve,Mithril,64mb,1000,0.7298,0.9271,3587707,379670,102429,65306,27854,9269,2994544,26606,361,26245,./results/cp_sweep_intensity/logs/w101.oracleGeneral.bin.zst__sieve__Mithril__64mb__w1000.log,ok
w101.oracleGeneral.bin.zst,oracleGeneral,sieve,Mithril,256mb,1000,0.6940,0.9140,3587707,330613,22887,14626,6239,2022,2799134,7235,67,7168,./results/cp_sweep_intensity/logs/w101.oracleGeneral.bin.zst__sieve__Mithril__256mb__w1000.log,ok
w07.oracleGeneral.bin.zst,oracleGeneral,sieve,Mithril,1gb,1000,0.4458,0.5592,67427405,45799069,486198,313343,43280,129575,75729638,223702,11959,211743,./results/cp_sweep_intensity/logs/w07.oracleGeneral.bin.zst__sieve__Mithril__1gb__w1000.log,ok
w101.oracleGeneral.bin.zst,oracleGeneral,sieve,Mithril,64mb,10000,0.7298,0.9271,3587707,379670,356464,231062,94976,30426,2994544,106092,3588,102504,./results/cp_sweep_intensity/logs/w101.oracleGeneral.bin.zst__sieve__Mithril__64mb__w10000.log,ok
w101.oracleGeneral.bin.zst,oracleGeneral,sieve,Mithril,1gb,100,0.6636,0.8822,3587707,274348,571,257,278,36,2597814,267,2,265,./results/cp_sweep_intensity/logs/w101.oracleGeneral.bin.zst__sieve__Mithril__1gb__w100.log,ok
w101.oracleGeneral.bin.zst,oracleGeneral,fifo,Mithril,1gb,10000,0.6987,0.8988,3587707,454581,0,0,0,0,2923829,71160,11468,59692,./results/cp_sweep_intensity/logs/w101.oracleGeneral.bin.zst__fifo__Mithril__1gb__w10000.log,ok
w101.oracleGeneral.bin.zst,oracleGeneral,sieve,Mithril,1gb,1000,0.6636,0.8822,3587707,274348,5651,2286,3003,362,2597814,1865,51,1814,./results/cp_sweep_intensity/logs/w101.oracleGeneral.bin.zst__sieve__Mithril__1gb__w1000.log,ok
w101.oracleGeneral.bin.zst,oracleGeneral,fifo,Mithril,256mb,10000,0.7371,0.9246,3587707,559589,0,0,0,0,3192866,170995,41533,129462,./results/cp_sweep_intensity/logs/w101.oracleGeneral.bin.zst__fifo__Mithril__256mb__w10000.log,ok
w102.oracleGeneral.bin.zst,oracleGeneral,lru,Mithril,16mb,100,0.3383,0.5992,3558215,851066,1416,812,411,193,2054008,65484,6081,59403,./results/cp_sweep_intensity/logs/w102.oracleGeneral.bin.zst__lru__Mithril__16mb__w100.log,ok
w07.oracleGeneral.bin.zst,oracleGeneral,lru,Mithril,64mb,10000,0.8134,0.8831,67427405,21049430,2455696,1939791,182139,333766,75888592,1873079,195063,1678016,./results/cp_sweep_intensity/logs/w07.oracleGeneral.bin.zst__lru__Mithril__64mb__w10000.log,ok
w102.oracleGeneral.bin.zst,oracleGeneral,lru,Mithril,64mb,100,0.2425,0.4902,3558215,816913,0,0,0,0,1677536,27312,3361,23951,./results/cp_sweep_intensity/logs/w102.oracleGeneral.bin.zst__lru__Mithril__64mb__w100.log,ok
w101.oracleGeneral.bin.zst,oracleGeneral,sieve,Mithril,256mb,10000,0.6940,0.9140,3587707,330613,181171,111753,56201,13217,2799134,31870,1041,30829,./results/cp_sweep_intensity/logs/w101.oracleGeneral.bin.zst__sieve__Mithril__256mb__w10000.log,ok
w102.oracleGeneral.bin.zst,oracleGeneral,lru,Mithril,16mb,1000,0.3383,0.5992,3558215,851066,188752,95384,68036,25332,2054008,286357,43847,242510,./results/cp_sweep_intensity/logs/w102.oracleGeneral.bin.zst__lru__Mithril__16mb__w1000.log,ok
w102.oracleGeneral.bin.zst,oracleGeneral,lru,Mithril,256mb,100,0.1934,0.3685,3558215,464189,0,0,0,0,1143130,2964,52,2912,./results/cp_sweep_intensity/logs/w102.oracleGeneral.bin.zst__lru__Mithril__256mb__w100.log,ok
w101.oracleGeneral.bin.zst,oracleGeneral,sieve,Mithril,1gb,10000,0.6636,0.8822,3587707,274348,43895,18043,23485,2367,2597814,10713,661,10052,./results/cp_sweep_intensity/logs/w101.oracleGeneral.bin.zst__sieve__Mithril__1gb__w10000.log,ok
w102.oracleGeneral.bin.zst,oracleGeneral,lru,Mithril,1gb,100,0.1583,0.2811,3558215,205824,0,0,0,0,730401,152,0,152,./results/cp_sweep_intensity/logs/w102.oracleGeneral.bin.zst__lru__Mithril__1gb__w100.log,ok
w102.oracleGeneral.bin.zst,oracleGeneral,lru,Mithril,256mb,1000,0.1934,0.3685,3558215,464189,0,0,0,0,1143130,19348,870,18478,./results/cp_sweep_intensity/logs/w102.oracleGeneral.bin.zst__lru__Mithril__256mb__w1000.log,ok
w102.oracleGeneral.bin.zst,oracleGeneral,lru,Mithril,16mb,10000,0.3383,0.5992,3558215,851066,707092,378173,214247,114672,2054008,567133,105120,462013,./results/cp_sweep_intensity/logs/w102.oracleGeneral.bin.zst__lru__Mithril__16mb__w10000.log,ok
w102.oracleGeneral.bin.zst,oracleGeneral,lru,Mithril,1gb,1000,0.1583,0.2811,3558215,205824,0,0,0,0,730401,1173,31,1142,./results/cp_sweep_intensity/logs/w102.oracleGeneral.bin.zst__lru__Mithril__1gb__w1000.log,ok
w102.oracleGeneral.bin.zst,oracleGeneral,lru,Mithril,64mb,1000,0.2425,0.4902,3558215,816913,3078,1707,745,626,1677536,128486,15598,112888,./results/cp_sweep_intensity/logs/w102.oracleGeneral.bin.zst__lru__Mithril__64mb__w1000.log,ok
w102.oracleGeneral.bin.zst,oracleGeneral,lru,Mithril,1gb,10000,0.1583,0.2811,3558215,205824,0,0,0,0,730401,8261,733,7528,./results/cp_sweep_intensity/logs/w102.oracleGeneral.bin.zst__lru__Mithril__1gb__w10000.log,ok
w102.oracleGeneral.bin.zst,oracleGeneral,fifo,Mithril,16mb,100,0.3771,0.6159,3558215,874815,1421,788,450,183,2215945,80821,18116,62705,./results/cp_sweep_intensity/logs/w102.oracleGeneral.bin.zst__fifo__Mithril__16mb__w100.log,ok
w102.oracleGeneral.bin.zst,oracleGeneral,fifo,Mithril,256mb,100,0.2052,0.3882,3558215,484175,0,0,0,0,1205374,6402,1169,5233,./results/cp_sweep_intensity/logs/w102.oracleGeneral.bin.zst__fifo__Mithril__256mb__w100.log,ok
w102.oracleGeneral.bin.zst,oracleGeneral,fifo,Mithril,64mb,100,0.2674,0.5037,3558215,839102,0,0,0,0,1788342,33245,8919,24326,./results/cp_sweep_intensity/logs/w102.oracleGeneral.bin.zst__fifo__Mithril__64mb__w100.log,ok
w102.oracleGeneral.bin.zst,oracleGeneral,fifo,Mithril,16mb,1000,0.3771,0.6159,3558215,874815,164644,79901,63024,21719,2215945,319435,72796,246639,./results/cp_sweep_intensity/logs/w102.oracleGeneral.bin.zst__fifo__Mithril__16mb__w1000.log,ok
w102.oracleGeneral.bin.zst,oracleGeneral,fifo,Mithril,64mb,1000,0.2674,0.5037,3558215,839102,3098,1643,788,667,1788342,147238,39582,107656,./results/cp_sweep_intensity/logs/w102.oracleGeneral.bin.zst__fifo__Mithril__64mb__w1000.log,ok
w102.oracleGeneral.bin.zst,oracleGeneral,fifo,Mithril,256mb,1000,0.2052,0.3882,3558215,484175,0,0,0,0,1205374,32575,6696,25879,./results/cp_sweep_intensity/logs/w102.oracleGeneral.bin.zst__fifo__Mithril__256mb__w1000.log,ok
w102.oracleGeneral.bin.zst,oracleGeneral,fifo,Mithril,1gb,100,0.1614,0.2881,3558215,220577,0,0,0,0,756004,755,94,661,./results/cp_sweep_intensity/logs/w102.oracleGeneral.bin.zst__fifo__Mithril__1gb__w100.log,ok
w102.oracleGeneral.bin.zst,oracleGeneral,fifo,Mithril,1gb,1000,0.1614,0.2881,3558215,220577,0,0,0,0,756004,4490,635,3855,./results/cp_sweep_intensity/logs/w102.oracleGeneral.bin.zst__fifo__Mithril__1gb__w1000.log,ok
w102.oracleGeneral.bin.zst,oracleGeneral,fifo,Mithril,16mb,10000,0.3771,0.6159,3558215,874815,701555,358620,232394,110541,2215945,593952,135978,457974,./results/cp_sweep_intensity/logs/w102.oracleGeneral.bin.zst__fifo__Mithril__16mb__w10000.log,ok
w102.oracleGeneral.bin.zst,oracleGeneral,lru,Mithril,256mb,10000,0.1934,0.3685,3558215,464189,3455,1287,1754,414,1143130,85394,10707,74687,./results/cp_sweep_intensity/logs/w102.oracleGeneral.bin.zst__lru__Mithril__256mb__w10000.log,ok
w102.oracleGeneral.bin.zst,oracleGeneral,fifo,Mithril,1gb,10000,0.1614,0.2881,3558215,220577,0,0,0,0,756004,20194,4081,16113,./results/cp_sweep_intensity/logs/w102.oracleGeneral.bin.zst__fifo__Mithril__1gb__w10000.log,ok
w102.oracleGeneral.bin.zst,oracleGeneral,sieve,Mithril,16mb,100,0.3132,0.5948,3558215,998478,179587,86483,63634,29470,2112235,137736,879,136857,./results/cp_sweep_intensity/logs/w102.oracleGeneral.bin.zst__sieve__Mithril__16mb__w100.log,ok
w102.oracleGeneral.bin.zst,oracleGeneral,lru,Mithril,64mb,10000,0.2425,0.4902,3558215,816913,574600,322491,176566,75543,1677536,347040,76281,270759,./results/cp_sweep_intensity/logs/w102.oracleGeneral.bin.zst__lru__Mithril__64mb__w10000.log,ok
w102.oracleGeneral.bin.zst,oracleGeneral,sieve,Mithril,64mb,100,0.2422,0.5105,3558215,931563,58006,25990,24039,7977,1791402,54262,90,54172,./results/cp_sweep_intensity/logs/w102.oracleGeneral.bin.zst__sieve__Mithril__64mb__w100.log,ok
w102.oracleGeneral.bin.zst,oracleGeneral,sieve,Mithril,16mb,1000,0.3132,0.5948,3558215,998478,823260,410584,285042,127634,2112235,431565,6832,424733,./results/cp_sweep_intensity/logs/w102.oracleGeneral.bin.zst__sieve__Mithril__16mb__w1000.log,ok
w102.oracleGeneral.bin.zst,oracleGeneral,sieve,Mithril,16mb,10000,0.3132,0.5948,3558215,998478,929707,476644,310912,142151,2112235,719654,38317,681337,./results/cp_sweep_intensity/logs/w102.oracleGeneral.bin.zst__sieve__Mithril__16mb__w10000.log,ok
w102.oracleGeneral.bin.zst,oracleGeneral,sieve,Mithril,256mb,100,0.1971,0.3834,3558215,454520,3426,1271,1885,270,1146721,5315,158,5157,./results/cp_sweep_intensity/logs/w102.oracleGeneral.bin.zst__sieve__Mithril__256mb__w100.log,ok
w103.oracleGeneral.bin.zst,oracleGeneral,lru,Mithril,16mb,100,,,,,,,,,,,,,./results/cp_sweep_intensity/logs/w103.oracleGeneral.bin.zst__lru__Mithril__16mb__w100.log,fail:134
w102.oracleGeneral.bin.zst,oracleGeneral,sieve,Mithril,64mb,1000,0.2422,0.5105,3558215,931563,402882,202296,151353,49233,1791402,223685,1925,221760,./results/cp_sweep_intensity/logs/w102.oracleGeneral.bin.zst__sieve__Mithril__64mb__w1000.log,ok
w103.oracleGeneral.bin.zst,oracleGeneral,lru,Mithril,16mb,1000,,,,,,,,,,,,,./results/cp_sweep_intensity/logs/w103.oracleGeneral.bin.zst__lru__Mithril__16mb__w1000.log,fail:134
w102.oracleGeneral.bin.zst,oracleGeneral,sieve,Mithril,1gb,100,0.1508,0.2716,3558215,171030,363,165,128,70,665935,522,7,515,./results/cp_sweep_intensity/logs/w102.oracleGeneral.bin.zst__sieve__Mithril__1gb__w100.log,ok
w103.oracleGeneral.bin.zst,oracleGeneral,lru,Mithril,16mb,10000,,,,,,,,,,,,,./results/cp_sweep_intensity/logs/w103.oracleGeneral.bin.zst__lru__Mithril__16mb__w10000.log,fail:134
w102.oracleGeneral.bin.zst,oracleGeneral,sieve,Mithril,256mb,1000,0.1971,0.3834,3558215,454520,39868,17850,18673,3345,1146721,25253,362,24891,./results/cp_sweep_intensity/logs/w102.oracleGeneral.bin.zst__sieve__Mithril__256mb__w1000.log,ok
w102.oracleGeneral.bin.zst,oracleGeneral,sieve,Mithril,1gb,1000,0.1508,0.2716,3558215,171030,4023,1649,1713,661,665935,2729,38,2691,./results/cp_sweep_intensity/logs/w102.oracleGeneral.bin.zst__sieve__Mithril__1gb__w1000.log,ok
w102.oracleGeneral.bin.zst,oracleGeneral,fifo,Mithril,256mb,10000,0.2052,0.3882,3558215,484175,2382,826,1333,223,1205374,112113,31878,80235,./results/cp_sweep_intensity/logs/w102.oracleGeneral.bin.zst__fifo__Mithril__256mb__w10000.log,ok
w102.oracleGeneral.bin.zst,oracleGeneral,sieve,Mithril,1gb,10000,0.1508,0.2716,3558215,171030,19523,8815,8121,2587,665935,10437,578,9859,./results/cp_sweep_intensity/logs/w102.oracleGeneral.bin.zst__sieve__Mithril__1gb__w10000.log,ok
w103.oracleGeneral.bin.zst,oracleGeneral,lru,Mithril,64mb,100,0.2639,0.3217,3442094,646270,0,0,0,0,1551142,5637,549,5088,./results/cp_sweep_intensity/logs/w103.oracleGeneral.bin.zst__lru__Mithril__64mb__w100.log,ok
w103.oracleGeneral.bin.zst,oracleGeneral,lru,Mithril,256mb,100,0.2343,0.2903,3442094,443167,0,0,0,0,1239641,1285,429,856,./results/cp_sweep_intensity/logs/w103.oracleGeneral.bin.zst__lru__Mithril__256mb__w100.log,ok
w103.oracleGeneral.bin.zst,oracleGeneral,lru,Mithril,1gb,100,0.1947,0.2469,3442094,198998,0,0,0,0,823632,93,33,60,./results/cp_sweep_intensity/logs/w103.oracleGeneral.bin.zst__lru__Mithril__1gb__w100.log,ok
w103.oracleGeneral.bin.zst,oracleGeneral,lru,Mithril,256mb,1000,0.2343,0.2903,3442094,443167,0,0,0,0,1239641,9682,3153,6529,./results/cp_sweep_intensity/logs/w103.oracleGeneral.bin.zst__lru__Mithril__256mb__w1000.log,ok
w102.oracleGeneral.bin.zst,oracleGeneral,sieve,Mithril,256mb,10000,0.1971,0.3834,3558215,454520,197612,107818,76732,13062,1146721,65382,2245,63137,./results/cp_sweep_intensity/logs/w102.oracleGeneral.bin.zst__sieve__Mithril__256mb__w10000.log,ok
w103.oracleGeneral.bin.zst,oracleGeneral,fifo,Mithril,16mb,100,,,,,,,,,,,,,./results/cp_sweep_intensity/logs/w103.oracleGeneral.bin.zst__fifo__Mithril__16mb__w100.log,fail:134
w102.oracleGeneral.bin.zst,oracleGeneral,sieve,Mithril,64mb,10000,0.2422,0.5105,3558215,931563,828939,465293,275747,87899,1791402,445468,9840,435628,./results/cp_sweep_intensity/logs/w102.oracleGeneral.bin.zst__sieve__Mithril__64mb__w10000.log,ok
w103.oracleGeneral.bin.zst,oracleGeneral,fifo,Mithril,16mb,1000,,,,,,,,,,,,,./results/cp_sweep_intensity/logs/w103.oracleGeneral.bin.zst__fifo__Mithril__16mb__w1000.log,fail:134
w103.oracleGeneral.bin.zst,oracleGeneral,fifo,Mithril,16mb,10000,,,,,,,,,,,,,./results/cp_sweep_intensity/logs/w103.oracleGeneral.bin.zst__fifo__Mithril__16mb__w10000.log,fail:134
w103.oracleGeneral.bin.zst,oracleGeneral,lru,Mithril,64mb,1000,0.2639,0.3217,3442094,646270,803,334,187,282,1551142,36096,6659,29437,./results/cp_sweep_intensity/logs/w103.oracleGeneral.bin.zst__lru__Mithril__64mb__w1000.log,ok
w102.oracleGeneral.bin.zst,oracleGeneral,fifo,Mithril,64mb,10000,0.2674,0.5037,3558215,839102,542791,293753,179228,69810,1788342,369912,112659,257253,./results/cp_sweep_intensity/logs/w102.oracleGeneral.bin.zst__fifo__Mithril__64mb__w10000.log,ok
w103.oracleGeneral.bin.zst,oracleGeneral,lru,Mithril,1gb,1000,0.1947,0.2469,3442094,198998,0,0,0,0,823632,1423,793,630,./results/cp_sweep_intensity/logs/w103.oracleGeneral.bin.zst__lru__Mithril__1gb__w1000.log,ok
w103.oracleGeneral.bin.zst,oracleGeneral,lru,Mithril,1gb,10000,0.1947,0.2469,3442094,198998,0,0,0,0,823632,13231,9328,3903,./results/cp_sweep_intensity/logs/w103.oracleGeneral.bin.zst__lru__Mithril__1gb__w10000.log,ok
w103.oracleGeneral.bin.zst,oracleGeneral,fifo,Mithril,256mb,100,0.2388,0.2940,3442094,462202,0,0,0,0,1274092,1755,436,1319,./results/cp_sweep_intensity/logs/w103.oracleGeneral.bin.zst__fifo__Mithril__256mb__w100.log,ok
w103.oracleGeneral.bin.zst,oracleGeneral,fifo,Mithril,64mb,100,0.2723,0.3278,3442094,665832,0,0,0,0,1599960,8672,2485,6187,./results/cp_sweep_intensity/logs/w103.oracleGeneral.bin.zst__fifo__Mithril__64mb__w100.log,ok
w103.oracleGeneral.bin.zst,oracleGeneral,fifo,Mithril,1gb,100,0.1972,0.2498,3442094,208625,0,0,0,0,841759,280,104,176,./results/cp_sweep_intensity/logs/w103.oracleGeneral.bin.zst__fifo__Mithril__1gb__w100.log,ok
w103.oracleGeneral.bin.zst,oracleGeneral,sieve,Mithril,16mb,100,,,,,,,,,,,,,./results/cp_sweep_intensity/logs/w103.oracleGeneral.bin.zst__sieve__Mithril__16mb__w100.log,fail:134
w103.oracleGeneral.bin.zst,oracleGeneral,fifo,Mithril,256mb,1000,0.2388,0.2940,3442094,462202,0,0,0,0,1274092,13819,5137,8682,./results/cp_sweep_intensity/logs/w103.oracleGeneral.bin.zst__fifo__Mithril__256mb__w1000.log,ok
w103.oracleGeneral.bin.zst,oracleGeneral,sieve,Mithril,16mb,1000,,,,,,,,,,,,,./results/cp_sweep_intensity/logs/w103.oracleGeneral.bin.zst__sieve__Mithril__16mb__w1000.log,fail:134
w103.oracleGeneral.bin.zst,oracleGeneral,sieve,Mithril,16mb,10000,,,,,,,,,,,,,./results/cp_sweep_intensity/logs/w103.oracleGeneral.bin.zst__sieve__Mithril__16mb__w10000.log,fail:134
w103.oracleGeneral.bin.zst,oracleGeneral,fifo,Mithril,64mb,1000,0.2723,0.3278,3442094,665832,816,351,202,263,1599960,46577,16308,30269,./results/cp_sweep_intensity/logs/w103.oracleGeneral.bin.zst__fifo__Mithril__64mb__w1000.log,ok
w103.oracleGeneral.bin.zst,oracleGeneral,fifo,Mithril,1gb,1000,0.1972,0.2498,3442094,208625,0,0,0,0,841759,2016,793,1223,./results/cp_sweep_intensity/logs/w103.oracleGeneral.bin.zst__fifo__Mithril__1gb__w1000.log,ok
w103.oracleGeneral.bin.zst,oracleGeneral,lru,Mithril,256mb,10000,0.2343,0.2903,3442094,443167,0,0,0,0,1239641,40183,12816,27367,./results/cp_sweep_intensity/logs/w103.oracleGeneral.bin.zst__lru__Mithril__256mb__w10000.log,ok
w103.oracleGeneral.bin.zst,oracleGeneral,fifo,Mithril,1gb,10000,0.1972,0.2498,3442094,208625,0,0,0,0,841759,10586,5115,5471,./results/cp_sweep_intensity/logs/w103.oracleGeneral.bin.zst__fifo__Mithril__1gb__w10000.log,ok
w103.oracleGeneral.bin.zst,oracleGeneral,sieve,Mithril,64mb,100,0.2653,0.3280,3442094,716064,21861,9851,6600,5410,1626175,25341,435,24906,./results/cp_sweep_intensity/logs/w103.oracleGeneral.bin.zst__sieve__Mithril__64mb__w100.log,ok
w103.oracleGeneral.bin.zst,oracleGeneral,sieve,Mithril,256mb,100,0.2337,0.2931,3442094,470242,4229,1612,1606,1011,1265823,5323,155,5168,./results/cp_sweep_intensity/logs/w103.oracleGeneral.bin.zst__sieve__Mithril__256mb__w100.log,ok
w103.oracleGeneral.bin.zst,oracleGeneral,lru,Mithril,64mb,10000,0.2639,0.3217,3442094,646270,146259,64291,48170,33798,1551142,130720,43655,87065,./results/cp_sweep_intensity/logs/w103.oracleGeneral.bin.zst__lru__Mithril__64mb__w10000.log,ok
w103.oracleGeneral.bin.zst,oracleGeneral,sieve,Mithril,64mb,1000,0.2653,0.3280,3442094,716064,141405,66570,42767,32068,1626175,90830,4053,86777,./results/cp_sweep_intensity/logs/w103.oracleGeneral.bin.zst__sieve__Mithril__64mb__w1000.log,ok
w103.oracleGeneral.bin.zst,oracleGeneral,sieve,Mithril,256mb,1000,0.2337,0.2931,3442094,470242,24492,10503,9055,4934,1265823,22088,1312,20776,./results/cp_sweep_intensity/logs/w103.oracleGeneral.bin.zst__sieve__Mithril__256mb__w1000.log,ok
w103.oracleGeneral.bin.zst,oracleGeneral,sieve,Mithril,1gb,100,0.1934,0.2452,3442094,167691,109,27,64,18,787246,2197,1888,309,./results/cp_sweep_intensity/logs/w103.oracleGeneral.bin.zst__sieve__Mithril__1gb__w100.log,ok
w104.oracleGeneral.bin.zst,oracleGeneral,lru,Mithril,16mb,100,,,,,,,,,,,,,./results/cp_sweep_intensity/logs/w104.oracleGeneral.bin.zst__lru__Mithril__16mb__w100.log,fail:134
w103.oracleGeneral.bin.zst,oracleGeneral,fifo,Mithril,256mb,10000,0.2388,0.2940,3442094,462202,0,0,0,0,1274092,52794,20889,31905,./results/cp_sweep_intensity/logs/w103.oracleGeneral.bin.zst__fifo__Mithril__256mb__w10000.log,ok
w104.oracleGeneral.bin.zst,oracleGeneral,lru,Mithril,16mb,1000,,,,,,,,,,,,,./results/cp_sweep_intensity/logs/w104.oracleGeneral.bin.zst__lru__Mithril__16mb__w1000.log,fail:134
w103.oracleGeneral.bin.zst,oracleGeneral,sieve,Mithril,1gb,1000,0.1934,0.2452,3442094,167691,1473,362,602,509,787246,3852,2175,1677,./results/cp_sweep_intensity/logs/w103.oracleGeneral.bin.zst__sieve__Mithril__1gb__w1000.log,ok
w104.oracleGeneral.bin.zst,oracleGeneral,lru,Mithril,16mb,10000,,,,,,,,,,,,,./results/cp_sweep_intensity/logs/w104.oracleGeneral.bin.zst__lru__Mithril__16mb__w10000.log,fail:134
w104.oracleGeneral.bin.zst,oracleGeneral,lru,Mithril,256mb,100,,,,,,,,,,,,,./results/cp_sweep_intensity/logs/w104.oracleGeneral.bin.zst__lru__Mithril__256mb__w100.log,fail:134
w104.oracleGeneral.bin.zst,oracleGeneral,lru,Mithril,64mb,100,,,,,,,,,,,,,./results/cp_sweep_intensity/logs/w104.oracleGeneral.bin.zst__lru__Mithril__64mb__w100.log,fail:134
w104.oracleGeneral.bin.zst,oracleGeneral,lru,Mithril,256mb,1000,,,,,,,,,,,,,./results/cp_sweep_intensity/logs/w104.oracleGeneral.bin.zst__lru__Mithril__256mb__w1000.log,fail:134
w104.oracleGeneral.bin.zst,oracleGeneral,lru,Mithril,64mb,1000,,,,,,,,,,,,,./results/cp_sweep_intensity/logs/w104.oracleGeneral.bin.zst__lru__Mithril__64mb__w1000.log,fail:134
w104.oracleGeneral.bin.zst,oracleGeneral,lru,Mithril,256mb,10000,,,,,,,,,,,,,./results/cp_sweep_intensity/logs/w104.oracleGeneral.bin.zst__lru__Mithril__256mb__w10000.log,fail:134
w103.oracleGeneral.bin.zst,oracleGeneral,sieve,Mithril,1gb,10000,0.1934,0.2452,3442094,167691,12978,4007,4204,4767,787246,15209,9452,5757,./results/cp_sweep_intensity/logs/w103.oracleGeneral.bin.zst__sieve__Mithril__1gb__w10000.log,ok
w104.oracleGeneral.bin.zst,oracleGeneral,lru,Mithril,64mb,10000,,,,,,,,,,,,,./results/cp_sweep_intensity/logs/w104.oracleGeneral.bin.zst__lru__Mithril__64mb__w10000.log,fail:134
w103.oracleGeneral.bin.zst,oracleGeneral,sieve,Mithril,64mb,10000,0.2653,0.3280,3442094,716064,362644,171670,115810,75164,1626175,198276,21025,177251,./results/cp_sweep_intensity/logs/w103.oracleGeneral.bin.zst__sieve__Mithril__64mb__w10000.log,ok
w104.oracleGeneral.bin.zst,oracleGeneral,fifo,Mithril,16mb,100,,,,,,,,,,,,,./results/cp_sweep_intensity/logs/w104.oracleGeneral.bin.zst__fifo__Mithril__16mb__w100.log,fail:134
w104.oracleGeneral.bin.zst,oracleGeneral,fifo,Mithril,16mb,1000,,,,,,,,,,,,,./results/cp_sweep_intensity/logs/w104.oracleGeneral.bin.zst__fifo__Mithril__16mb__w1000.log,fail:134
w104.oracleGeneral.bin.zst,oracleGeneral,fifo,Mithril,16mb,10000,,,,,,,,,,,,,./results/cp_sweep_intensity/logs/w104.oracleGeneral.bin.zst__fifo__Mithril__16mb__w10000.log,fail:134
w103.oracleGeneral.bin.zst,oracleGeneral,fifo,Mithril,64mb,10000,0.2723,0.3278,3442094,665832,142472,61602,48429,32441,1599960,149984,63211,86773,./results/cp_sweep_intensity/logs/w103.oracleGeneral.bin.zst__fifo__Mithril__64mb__w10000.log,ok
w104.oracleGeneral.bin.zst,oracleGeneral,fifo,Mithril,64mb,100,,,,,,,,,,,,,./results/cp_sweep_intensity/logs/w104.oracleGeneral.bin.zst__fifo__Mithril__64mb__w100.log,fail:134
w104.oracleGeneral.bin.zst,oracleGeneral,fifo,Mithril,64mb,1000,,,,,,,,,,,,,./results/cp_sweep_intensity/logs/w104.oracleGeneral.bin.zst__fifo__Mithril__64mb__w1000.log,fail:134
w103.oracleGeneral.bin.zst,oracleGeneral,sieve,Mithril,256mb,10000,0.2337,0.2931,3442094,470242,95595,39561,39619,16415,1265823,61951,10346,51605,./results/cp_sweep_intensity/logs/w103.oracleGeneral.bin.zst__sieve__Mithril__256mb__w10000.log,ok
w104.oracleGeneral.bin.zst,oracleGeneral,fifo,Mithril,256mb,100,,,,,,,,,,,,,./results/cp_sweep_intensity/logs/w104.oracleGeneral.bin.zst__fifo__Mithril__256mb__w100.log,fail:134
w104.oracleGeneral.bin.zst,oracleGeneral,fifo,Mithril,256mb,1000,,,,,,,,,,,,,./results/cp_sweep_intensity/logs/w104.oracleGeneral.bin.zst__fifo__Mithril__256mb__w1000.log,fail:134
w104.oracleGeneral.bin.zst,oracleGeneral,fifo,Mithril,256mb,10000,,,,,,,,,,,,,./results/cp_sweep_intensity/logs/w104.oracleGeneral.bin.zst__fifo__Mithril__256mb__w10000.log,fail:134
w104.oracleGeneral.bin.zst,oracleGeneral,sieve,Mithril,16mb,100,,,,,,,,,,,,,./results/cp_sweep_intensity/logs/w104.oracleGeneral.bin.zst__sieve__Mithril__16mb__w100.log,fail:134
w104.oracleGeneral.bin.zst,oracleGeneral,fifo,Mithril,64mb,10000,,,,,,,,,,,,,./results/cp_sweep_intensity/logs/w104.oracleGeneral.bin.zst__fifo__Mithril__64mb__w10000.log,fail:134
w104.oracleGeneral.bin.zst,oracleGeneral,sieve,Mithril,16mb,1000,,,,,,,,,,,,,./results/cp_sweep_intensity/logs/w104.oracleGeneral.bin.zst__sieve__Mithril__16mb__w1000.log,fail:134
w104.oracleGeneral.bin.zst,oracleGeneral,sieve,Mithril,16mb,10000,,,,,,,,,,,,,./results/cp_sweep_intensity/logs/w104.oracleGeneral.bin.zst__sieve__Mithril__16mb__w10000.log,fail:134
w104.oracleGeneral.bin.zst,oracleGeneral,sieve,Mithril,64mb,100,,,,,,,,,,,,,./results/cp_sweep_intensity/logs/w104.oracleGeneral.bin.zst__sieve__Mithril__64mb__w100.log,fail:134
w104.oracleGeneral.bin.zst,oracleGeneral,lru,Mithril,1gb,100,0.8443,0.9365,3395553,292173,0,0,0,0,3141836,181,2,179,./results/cp_sweep_intensity/logs/w104.oracleGeneral.bin.zst__lru__Mithril__1gb__w100.log,ok
w104.oracleGeneral.bin.zst,oracleGeneral,sieve,Mithril,64mb,1000,,,,,,,,,,,,,./results/cp_sweep_intensity/logs/w104.oracleGeneral.bin.zst__sieve__Mithril__64mb__w1000.log,fail:134
w104.oracleGeneral.bin.zst,oracleGeneral,sieve,Mithril,256mb,100,,,,,,,,,,,,,./results/cp_sweep_intensity/logs/w104.oracleGeneral.bin.zst__sieve__Mithril__256mb__w100.log,fail:134
w104.oracleGeneral.bin.zst,oracleGeneral,sieve,Mithril,64mb,10000,,,,,,,,,,,,,./results/cp_sweep_intensity/logs/w104.oracleGeneral.bin.zst__sieve__Mithril__64mb__w10000.log,fail:134
w104.oracleGeneral.bin.zst,oracleGeneral,lru,Mithril,1gb,1000,0.8443,0.9365,3395553,292173,0,0,0,0,3141836,1809,95,1714,./results/cp_sweep_intensity/logs/w104.oracleGeneral.bin.zst__lru__Mithril__1gb__w1000.log,ok
w104.oracleGeneral.bin.zst,oracleGeneral,sieve,Mithril,256mb,1000,,,,,,,,,,,,,./results/cp_sweep_intensity/logs/w104.oracleGeneral.bin.zst__sieve__Mithril__256mb__w1000.log,fail:134
w105.oracleGeneral.bin.zst,oracleGeneral,lru,Mithril,16mb,100,,,,,,,,,,,,,./results/cp_sweep_intensity/logs/w105.oracleGeneral.bin.zst__lru__Mithril__16mb__w100.log,fail:134
w104.oracleGeneral.bin.zst,oracleGeneral,sieve,Mithril,256mb,10000,,,,,,,,,,,,,./results/cp_sweep_intensity/logs/w104.oracleGeneral.bin.zst__sieve__Mithril__256mb__w10000.log,fail:134
w105.oracleGeneral.bin.zst,oracleGeneral,lru,Mithril,16mb,1000,,,,,,,,,,,,,./results/cp_sweep_intensity/logs/w105.oracleGeneral.bin.zst__lru__Mithril__16mb__w1000.log,fail:134
w105.oracleGeneral.bin.zst,oracleGeneral,lru,Mithril,16mb,10000,,,,,,,,,,,,,./results/cp_sweep_intensity/logs/w105.oracleGeneral.bin.zst__lru__Mithril__16mb__w10000.log,fail:134
w104.oracleGeneral.bin.zst,oracleGeneral,fifo,Mithril,1gb,100,0.8486,0.9384,3395553,307338,0,0,0,0,3171574,313,11,302,./results/cp_sweep_intensity/logs/w104.oracleGeneral.bin.zst__fifo__Mithril__1gb__w100.log,ok
w105.oracleGeneral.bin.zst,oracleGeneral,lru,Mithril,64mb,100,,,,,,,,,,,,,./results/cp_sweep_intensity/logs/w105.oracleGeneral.bin.zst__lru__Mithril__64mb__w100.log,fail:134
w104.oracleGeneral.bin.zst,oracleGeneral,fifo,Mithril,1gb,1000,0.8486,0.9384,3395553,307338,0,0,0,0,3171574,2089,65,2024,./results/cp_sweep_intensity/logs/w104.oracleGeneral.bin.zst__fifo__Mithril__1gb__w1000.log,ok
w105.oracleGeneral.bin.zst,oracleGeneral,lru,Mithril,64mb,1000,,,,,,,,,,,,,./results/cp_sweep_intensity/logs/w105.oracleGeneral.bin.zst__lru__Mithril__64mb__w1000.log,fail:134
w105.oracleGeneral.bin.zst,oracleGeneral,lru,Mithril,64mb,10000,,,,,,,,,,,,,./results/cp_sweep_intensity/logs/w105.oracleGeneral.bin.zst__lru__Mithril__64mb__w10000.log,fail:134
w104.oracleGeneral.bin.zst,oracleGeneral,sieve,Mithril,1gb,100,0.8320,0.9289,3395553,280838,210,56,141,13,3065511,275,3,272,./results/cp_sweep_intensity/logs/w104.oracleGeneral.bin.zst__sieve__Mithril__1gb__w100.log,ok
w104.oracleGeneral.bin.zst,oracleGeneral,sieve,Mithril,1gb,1000,0.8320,0.9289,3395553,280838,11357,6315,4529,513,3065511,2672,35,2637,./results/cp_sweep_intensity/logs/w104.oracleGeneral.bin.zst__sieve__Mithril__1gb__w1000.log,ok
w105.oracleGeneral.bin.zst,oracleGeneral,fifo,Mithril,16mb,100,,,,,,,,,,,,,./results/cp_sweep_intensity/logs/w105.oracleGeneral.bin.zst__fifo__Mithril__16mb__w100.log,fail:134
w105.oracleGeneral.bin.zst,oracleGeneral,lru,Mithril,256mb,100,0.3523,0.3735,3375344,1670632,0,0,0,0,2852147,560,85,475,./results/cp_sweep_intensity/logs/w105.oracleGeneral.bin.zst__lru__Mithril__256mb__w100.log,ok
w105.oracleGeneral.bin.zst,oracleGeneral,fifo,Mithril,16mb,1000,,,,,,,,,,,,,./results/cp_sweep_intensity/logs/w105.oracleGeneral.bin.zst__fifo__Mithril__16mb__w1000.log,fail:134
w105.oracleGeneral.bin.zst,oracleGeneral,fifo,Mithril,16mb,10000,,,,,,,,,,,,,./results/cp_sweep_intensity/logs/w105.oracleGeneral.bin.zst__fifo__Mithril__16mb__w10000.log,fail:134
w105.oracleGeneral.bin.zst,oracleGeneral,fifo,Mithril,64mb,100,,,,,,,,,,,,,./results/cp_sweep_intensity/logs/w105.oracleGeneral.bin.zst__fifo__Mithril__64mb__w100.log,fail:134
w105.oracleGeneral.bin.zst,oracleGeneral,lru,Mithril,1gb,100,0.3424,0.3623,3375344,1557358,0,0,0,0,2662597,236,99,137,./results/cp_sweep_intensity/logs/w105.oracleGeneral.bin.zst__lru__Mithril__1gb__w100.log,ok
w104.oracleGeneral.bin.zst,oracleGeneral,lru,Mithril,1gb,10000,0.8443,0.9365,3395553,292173,0,0,0,0,3141836,19043,1373,17670,./results/cp_sweep_intensity/logs/w104.oracleGeneral.bin.zst__lru__Mithril__1gb__w10000.log,ok
w105.oracleGeneral.bin.zst,oracleGeneral,fifo,Mithril,64mb,1000,,,,,,,,,,,,,./results/cp_sweep_intensity/logs/w105.oracleGeneral.bin.zst__fifo__Mithril__64mb__w1000.log,fail:134
w105.oracleGeneral.bin.zst,oracleGeneral,fifo,Mithril,64mb,10000,,,,,,,,,,,,,./results/cp_sweep_intensity/logs/w105.oracleGeneral.bin.zst__fifo__Mithril__64mb__w10000.log,fail:134
w105.oracleGeneral.bin.zst,oracleGeneral,lru,Mithril,256mb,1000,0.3523,0.3735,3375344,1670632,366,102,181,83,2852147,4938,1013,3925,./results/cp_sweep_intensity/logs/w105.oracleGeneral.bin.zst__lru__Mithril__256mb__w1000.log,ok
w105.oracleGeneral.bin.zst,oracleGeneral,lru,Mithril,1gb,1000,0.3424,0.3623,3375344,1557358,0,0,0,0,2662597,3186,1694,1492,./results/cp_sweep_intensity/logs/w105.oracleGeneral.bin.zst__lru__Mithril__1gb__w1000.log,ok
w104.oracleGeneral.bin.zst,oracleGeneral,fifo,Mithril,1gb,10000,0.8486,0.9384,3395553,307338,0,0,0,0,3171574,21899,1829,20070,./results/cp_sweep_intensity/logs/w104.oracleGeneral.bin.zst__fifo__Mithril__1gb__w10000.log,ok
w104.oracleGeneral.bin.zst,oracleGeneral,sieve,Mithril,1gb,10000,0.8320,0.9289,3395553,280838,99406,44007,51755,3644,3065511,24026,1657,22369,./results/cp_sweep_intensity/logs/w104.oracleGeneral.bin.zst__sieve__Mithril__1gb__w10000.log,ok
w105.oracleGeneral.bin.zst,oracleGeneral,sieve,Mithril,16mb,100,,,,,,,,,,,,,./results/cp_sweep_intensity/logs/w105.oracleGeneral.bin.zst__sieve__Mithril__16mb__w100.log,fail:134
w105.oracleGeneral.bin.zst,oracleGeneral,sieve,Mithril,16mb,1000,,,,,,,,,,,,,./results/cp_sweep_intensity/logs/w105.oracleGeneral.bin.zst__sieve__Mithril__16mb__w1000.log,fail:134
w105.oracleGeneral.bin.zst,oracleGeneral,sieve,Mithril,64mb,100,,,,,,,,,,,,,./results/cp_sweep_intensity/logs/w105.oracleGeneral.bin.zst__sieve__Mithril__64mb__w100.log,fail:134
w105.oracleGeneral.bin.zst,oracleGeneral,sieve,Mithril,16mb,10000,,,,,,,,,,,,,./results/cp_sweep_intensity/logs/w105.oracleGeneral.bin.zst__sieve__Mithril__16mb__w10000.log,fail:134
w105.oracleGeneral.bin.zst,oracleGeneral,fifo,Mithril,256mb,100,0.3531,0.3742,3375344,1681811,0,0,0,0,2866225,971,344,627,./results/cp_sweep_intensity/logs/w105.oracleGeneral.bin.zst__fifo__Mithril__256mb__w100.log,ok
w105.oracleGeneral.bin.zst,oracleGeneral,sieve,Mithril,64mb,1000,,,,,,,,,,,,,./results/cp_sweep_intensity/logs/w105.oracleGeneral.bin.zst__sieve__Mithril__64mb__w1000.log,fail:134
w105.oracleGeneral.bin.zst,oracleGeneral,sieve,Mithril,64mb,10000,,,,,,,,,,,,,./results/cp_sweep_intensity/logs/w105.oracleGeneral.bin.zst__sieve__Mithril__64mb__w10000.log,fail:134
w105.oracleGeneral.bin.zst,oracleGeneral,fifo,Mithril,1gb,100,0.3427,0.3623,3375344,1559909,0,0,0,0,2666715,435,279,156,./results/cp_sweep_intensity/logs/w105.oracleGeneral.bin.zst__fifo__Mithril__1gb__w100.log,ok
w105.oracleGeneral.bin.zst,oracleGeneral,fifo,Mithril,256mb,1000,0.3531,0.3742,3375344,1681811,408,105,204,99,2866225,8626,4382,4244,./results/cp_sweep_intensity/logs/w105.oracleGeneral.bin.zst__fifo__Mithril__256mb__w1000.log,ok
w105.oracleGeneral.bin.zst,oracleGeneral,fifo,Mithril,1gb,1000,0.3427,0.3623,3375344,1559909,0,0,0,0,2666715,3975,2287,1688,./results/cp_sweep_intensity/logs/w105.oracleGeneral.bin.zst__fifo__Mithril__1gb__w1000.log,ok
w105.oracleGeneral.bin.zst,oracleGeneral,sieve,Mithril,256mb,100,0.3579,0.3806,3375344,1645374,2668,1299,458,911,2846481,1396,217,1179,./results/cp_sweep_intensity/logs/w105.oracleGeneral.bin.zst__sieve__Mithril__256mb__w100.log,ok
w105.oracleGeneral.bin.zst,oracleGeneral,sieve,Mithril,1gb,100,0.3472,0.3705,3375344,1486383,925,357,169,399,2613913,1150,699,451,./results/cp_sweep_intensity/logs/w105.oracleGeneral.bin.zst__sieve__Mithril__1gb__w100.log,ok
w105.oracleGeneral.bin.zst,oracleGeneral,sieve,Mithril,256mb,1000,0.3579,0.3806,3375344,1645374,25141,11299,4965,8877,2846481,9348,2130,7218,./results/cp_sweep_intensity/logs/w105.oracleGeneral.bin.zst__sieve__Mithril__256mb__w1000.log,ok
w105.oracleGeneral.bin.zst,oracleGeneral,sieve,Mithril,1gb,1000,0.3472,0.3705,3375344,1486383,9035,3972,1991,3072,2613913,5853,2411,3442,./results/cp_sweep_intensity/logs/w105.oracleGeneral.bin.zst__sieve__Mithril__1gb__w1000.log,ok
w106.oracleGeneral.bin.zst,oracleGeneral,lru,Mithril,16mb,100,0.2812,0.3698,3275919,809955,0,0,0,0,1729821,25105,3918,21187,./results/cp_sweep_intensity/logs/w106.oracleGeneral.bin.zst__lru__Mithril__16mb__w100.log,ok
w106.oracleGeneral.bin.zst,oracleGeneral,lru,Mithril,64mb,100,0.2295,0.2973,3275919,652070,0,0,0,0,1397718,11339,5153,6186,./results/cp_sweep_intensity/logs/w106.oracleGeneral.bin.zst__lru__Mithril__64mb__w100.log,ok
w105.oracleGeneral.bin.zst,oracleGeneral,lru,Mithril,1gb,10000,0.3424,0.3623,3375344,1557358,0,0,0,0,2662597,25905,16180,9725,./results/cp_sweep_intensity/logs/w105.oracleGeneral.bin.zst__lru__Mithril__1gb__w10000.log,ok
w106.oracleGeneral.bin.zst,oracleGeneral,lru,Mithril,16mb,1000,0.2812,0.3698,3275919,809955,27741,16752,4850,6139,1729821,136215,34486,101729,./results/cp_sweep_intensity/logs/w106.oracleGeneral.bin.zst__lru__Mithril__16mb__w1000.log,ok
w105.oracleGeneral.bin.zst,oracleGeneral,lru,Mithril,256mb,10000,0.3523,0.3735,3375344,1670632,56336,20113,11880,24343,2852147,48644,27779,20865,./results/cp_sweep_intensity/logs/w105.oracleGeneral.bin.zst__lru__Mithril__256mb__w10000.log,ok
w105.oracleGeneral.bin.zst,oracleGeneral,fifo,Mithril,1gb,10000,0.3427,0.3623,3375344,1559909,0,0,0,0,2666715,28234,17819,10415,./results/cp_sweep_intensity/logs/w105.oracleGeneral.bin.zst__fifo__Mithril__1gb__w10000.log,ok
w106.oracleGeneral.bin.zst,oracleGeneral,lru,Mithril,256mb,100,0.1991,0.2486,3275919,357894,0,0,0,0,984552,1229,687,542,./results/cp_sweep_intensity/logs/w106.oracleGeneral.bin.zst__lru__Mithril__256mb__w100.log,ok
w07.oracleGeneral.bin.zst,oracleGeneral,sieve,Mithril,64mb,10000,0.8393,0.9018,67427405,22343983,17346157,14502560,484102,2359495,78922631,3708672,180587,3528085,./results/cp_sweep_intensity/logs/w07.oracleGeneral.bin.zst__sieve__Mithril__64mb__w10000.log,ok
w106.oracleGeneral.bin.zst,oracleGeneral,lru,Mithril,64mb,1000,0.2295,0.2973,3275919,652070,0,0,0,0,1397718,49024,17585,31439,./results/cp_sweep_intensity/logs/w106.oracleGeneral.bin.zst__lru__Mithril__64mb__w1000.log,ok
w106.oracleGeneral.bin.zst,oracleGeneral,lru,Mithril,256mb,1000,0.1991,0.2486,3275919,357894,0,0,0,0,984552,10053,5944,4109,./results/cp_sweep_intensity/logs/w106.oracleGeneral.bin.zst__lru__Mithril__256mb__w1000.log,ok
w106.oracleGeneral.bin.zst,oracleGeneral,lru,Mithril,1gb,100,0.1333,0.1767,3275919,10836,0,0,0,0,363179,3,0,3,./results/cp_sweep_intensity/logs/w106.oracleGeneral.bin.zst__lru__Mithril__1gb__w100.log,ok
w106.oracleGeneral.bin.zst,oracleGeneral,lru,Mithril,1gb,1000,0.1333,0.1767,3275919,10836,0,0,0,0,363179,40,0,40,./results/cp_sweep_intensity/logs/w106.oracleGeneral.bin.zst__lru__Mithril__1gb__w1000.log,ok
w106.oracleGeneral.bin.zst,oracleGeneral,lru,Mithril,1gb,10000,0.1333,0.1767,3275919,10836,0,0,0,0,363179,415,50,365,./results/cp_sweep_intensity/logs/w106.oracleGeneral.bin.zst__lru__Mithril__1gb__w10000.log,ok
w105.oracleGeneral.bin.zst,oracleGeneral,sieve,Mithril,256mb,10000,0.3579,0.3806,3375344,1645374,144559,56760,29380,58419,2846481,49147,17709,31438,./results/cp_sweep_intensity/logs/w105.oracleGeneral.bin.zst__sieve__Mithril__256mb__w10000.log,ok
w106.oracleGeneral.bin.zst,oracleGeneral,lru,Mithril,16mb,10000,0.2812,0.3698,3275919,809955,468999,278500,78468,112031,1729821,429120,208929,220191,./results/cp_sweep_intensity/logs/w106.oracleGeneral.bin.zst__lru__Mithril__16mb__w10000.log,ok
w106.oracleGeneral.bin.zst,oracleGeneral,fifo,Mithril,16mb,100,0.2995,0.3836,3275919,837565,0,0,0,0,1817307,29954,8230,21724,./results/cp_sweep_intensity/logs/w106.oracleGeneral.bin.zst__fifo__Mithril__16mb__w100.log,ok
w105.oracleGeneral.bin.zst,oracleGeneral,sieve,Mithril,1gb,10000,0.3472,0.3705,3375344,1486383,46094,17305,11539,17250,2613913,37232,20108,17124,./results/cp_sweep_intensity/logs/w105.oracleGeneral.bin.zst__sieve__Mithril__1gb__w10000.log,ok
w106.oracleGeneral.bin.zst,oracleGeneral,fifo,Mithril,64mb,100,0.2388,0.3080,3275919,700414,0,0,0,0,1476511,15096,7899,7197,./results/cp_sweep_intensity/logs/w106.oracleGeneral.bin.zst__fifo__Mithril__64mb__w100.log,ok
w106.oracleGeneral.bin.zst,oracleGeneral,fifo,Mithril,16mb,1000,0.2995,0.3836,3275919,837565,26825,16098,4714,6013,1817307,163578,62310,101268,./results/cp_sweep_intensity/logs/w106.oracleGeneral.bin.zst__fifo__Mithril__16mb__w1000.log,ok
w105.oracleGeneral.bin.zst,oracleGeneral,fifo,Mithril,256mb,10000,0.3531,0.3742,3375344,1681811,55475,19893,11323,24259,2866225,53232,31004,22228,./results/cp_sweep_intensity/logs/w105.oracleGeneral.bin.zst__fifo__Mithril__256mb__w10000.log,ok
w106.oracleGeneral.bin.zst,oracleGeneral,lru,Mithril,256mb,10000,0.1991,0.2486,3275919,357894,0,0,0,0,984552,38902,16723,22179,./results/cp_sweep_intensity/logs/w106.oracleGeneral.bin.zst__lru__Mithril__256mb__w10000.log,ok
w106.oracleGeneral.bin.zst,oracleGeneral,fifo,Mithril,256mb,100,0.2036,0.2577,3275919,388568,0,0,0,0,1030089,2541,1249,1292,./results/cp_sweep_intensity/logs/w106.oracleGeneral.bin.zst__fifo__Mithril__256mb__w100.log,ok
w106.oracleGeneral.bin.zst,oracleGeneral,fifo,Mithril,1gb,100,0.1364,0.1810,3275919,22995,0,0,0,0,384657,543,438,105,./results/cp_sweep_intensity/logs/w106.oracleGeneral.bin.zst__fifo__Mithril__1gb__w100.log,ok
w106.oracleGeneral.bin.zst,oracleGeneral,fifo,Mithril,1gb,1000,0.1364,0.1810,3275919,22995,0,0,0,0,384657,1817,1441,376,./results/cp_sweep_intensity/logs/w106.oracleGeneral.bin.zst__fifo__Mithril__1gb__w1000.log,ok
w106.oracleGeneral.bin.zst,oracleGeneral,fifo,Mithril,64mb,1000,0.2388,0.3080,3275919,700414,0,0,0,0,1476511,68916,33031,35885,./results/cp_sweep_intensity/logs/w106.oracleGeneral.bin.zst__fifo__Mithril__64mb__w1000.log,ok
w106.oracleGeneral.bin.zst,oracleGeneral,fifo,Mithril,1gb,10000,0.1364,0.1810,3275919,22995,0,0,0,0,384657,3918,2611,1307,./results/cp_sweep_intensity/logs/w106.oracleGeneral.bin.zst__fifo__Mithril__1gb__w10000.log,ok
w106.oracleGeneral.bin.zst,oracleGeneral,fifo,Mithril,256mb,1000,0.2036,0.2577,3275919,388568,0,0,0,0,1030089,16488,9174,7314,./results/cp_sweep_intensity/logs/w106.oracleGeneral.bin.zst__fifo__Mithril__256mb__w1000.log,ok
w106.oracleGeneral.bin.zst,oracleGeneral,sieve,Mithril,256mb,100,0.1953,0.2468,3275919,305207,2548,1380,841,327,925572,1344,49,1295,./results/cp_sweep_intensity/logs/w106.oracleGeneral.bin.zst__sieve__Mithril__256mb__w100.log,ok
w106.oracleGeneral.bin.zst,oracleGeneral,sieve,Mithril,16mb,100,0.2792,0.3701,3275919,1177826,292311,161933,46774,83604,2091027,195999,7555,188444,./results/cp_sweep_intensity/logs/w106.oracleGeneral.bin.zst__sieve__Mithril__16mb__w100.log,ok
w106.oracleGeneral.bin.zst,oracleGeneral,fifo,Mithril,16mb,10000,0.2995,0.3836,3275919,837565,467394,270853,79544,116997,1817307,458071,237880,220191,./results/cp_sweep_intensity/logs/w106.oracleGeneral.bin.zst__fifo__Mithril__16mb__w10000.log,ok
w106.oracleGeneral.bin.zst,oracleGeneral,sieve,Mithril,64mb,100,0.2293,0.2987,3275919,684102,23017,11965,5107,5945,1427615,20059,658,19401,./results/cp_sweep_intensity/logs/w106.oracleGeneral.bin.zst__sieve__Mithril__64mb__w100.log,ok
w106.oracleGeneral.bin.zst,oracleGeneral,sieve,Mithril,1gb,100,0.1302,0.1750,3275919,6330,0,0,0,0,344761,1,0,1,./results/cp_sweep_intensity/logs/w106.oracleGeneral.bin.zst__sieve__Mithril__1gb__w100.log,ok
w106.oracleGeneral.bin.zst,oracleGeneral,sieve,Mithril,16mb,1000,0.2792,0.3701,3275919,1177826,756459,433883,124113,198463,2091027,517558,27072,490486,./results/cp_sweep_intensity/logs/w106.oracleGeneral.bin.zst__sieve__Mithril__16mb__w1000.log,ok
w106.oracleGeneral.bin.zst,oracleGeneral,sieve,Mithril,64mb,1000,0.2293,0.2987,3275919,684102,115604,65343,24682,25579,1427615,74891,4280,70611,./results/cp_sweep_intensity/logs/w106.oracleGeneral.bin.zst__sieve__Mithril__64mb__w1000.log,ok
w106.oracleGeneral.bin.zst,oracleGeneral,sieve,Mithril,1gb,1000,0.1302,0.1750,3275919,6330,0,0,0,0,344761,25,2,23,./results/cp_sweep_intensity/logs/w106.oracleGeneral.bin.zst__sieve__Mithril__1gb__w1000.log,ok
w106.oracleGeneral.bin.zst,oracleGeneral,sieve,Mithril,1gb,10000,0.1302,0.1750,3275919,6330,0,0,0,0,344761,420,65,355,./results/cp_sweep_intensity/logs/w106.oracleGeneral.bin.zst__sieve__Mithril__1gb__w10000.log,ok
w106.oracleGeneral.bin.zst,oracleGeneral,sieve,Mithril,16mb,10000,0.2792,0.3701,3275919,1177826,952118,559110,150769,242239,2091027,794920,108607,686313,./results/cp_sweep_intensity/logs/w106.oracleGeneral.bin.zst__sieve__Mithril__16mb__w10000.log,ok
w106.oracleGeneral.bin.zst,oracleGeneral,sieve,Mithril,256mb,1000,0.1953,0.2468,3275919,305207,11608,6470,3696,1442,925572,6273,282,5991,./results/cp_sweep_intensity/logs/w106.oracleGeneral.bin.zst__sieve__Mithril__256mb__w1000.log,ok
w106.oracleGeneral.bin.zst,oracleGeneral,fifo,Mithril,256mb,10000,0.2036,0.2577,3275919,388568,0,0,0,0,1030089,66400,34789,31611,./results/cp_sweep_intensity/logs/w106.oracleGeneral.bin.zst__fifo__Mithril__256mb__w10000.log,ok
w106.oracleGeneral.bin.zst,oracleGeneral,lru,Mithril,64mb,10000,0.2295,0.2973,3275919,652070,73275,42376,17321,13578,1397718,179675,69541,110134,./results/cp_sweep_intensity/logs/w106.oracleGeneral.bin.zst__lru__Mithril__64mb__w10000.log,ok
w106.oracleGeneral.bin.zst,oracleGeneral,sieve,Mithril,256mb,10000,0.1953,0.2468,3275919,305207,72593,39759,25308,7526,925572,24236,1367,22869,./results/cp_sweep_intensity/logs/w106.oracleGeneral.bin.zst__sieve__Mithril__256mb__w10000.log,ok
w106.oracleGeneral.bin.zst,oracleGeneral,sieve,Mithril,64mb,10000,0.2293,0.2987,3275919,684102,428499,256600,93626,78273,1427615,204282,26564,177718,./results/cp_sweep_intensity/logs/w106.oracleGeneral.bin.zst__sieve__Mithril__64mb__w10000.log,ok
w106.oracleGeneral.bin.zst,oracleGeneral,fifo,Mithril,64mb,10000,0.2388,0.3080,3275919,700414,69580,40250,16528,12802,1476511,233972,121988,111984,./results/cp_sweep_intensity/logs/w106.oracleGeneral.bin.zst__fifo__Mithril__64mb__w10000.log,ok
w02.oracleGeneral.bin.zst,oracleGeneral,sieve,Mithril,256mb,1000,0.1749,0.1377,122181000,204769310,33073781,16382850,529327,16161604,226133951,4502304,914325,3587979,./results/cp_sweep_intensity/logs/w02.oracleGeneral.bin.zst__sieve__Mithril__256mb__w1000.log,ok
w10.oracleGeneral.bin.zst,oracleGeneral,lru,Mithril,16mb,100,0.9329,0.9623,48342350,4727490,29421,14880,2499,12042,49825730,490057,126664,363393,./results/cp_sweep_intensity/logs/w10.oracleGeneral.bin.zst__lru__Mithril__16mb__w100.log,ok
w10.oracleGeneral.bin.zst,oracleGeneral,lru,Mithril,16mb,1000,0.9329,0.9623,48342350,4727490,1281481,635856,129210,516415,49825730,1431362,717115,714247,./results/cp_sweep_intensity/logs/w10.oracleGeneral.bin.zst__lru__Mithril__16mb__w1000.log,ok
w10.oracleGeneral.bin.zst,oracleGeneral,lru,Mithril,64mb,100,0.8815,0.9525,48342350,6661446,0,0,0,0,49273422,35262,7779,27483,./results/cp_sweep_intensity/logs/w10.oracleGeneral.bin.zst__lru__Mithril__64mb__w100.log,ok
w10.oracleGeneral.bin.zst,oracleGeneral,lru,Mithril,16mb,10000,0.9329,0.9623,48342350,4727490,2040654,1201647,243684,595323,49825730,2391474,1138084,1253390,./results/cp_sweep_intensity/logs/w10.oracleGeneral.bin.zst__lru__Mithril__16mb__w10000.log,ok
w10.oracleGeneral.bin.zst,oracleGeneral,lru,Mithril,256mb,100,0.7525,0.9082,48342350,10543639,0,0,0,0,46916154,24001,5497,18504,./results/cp_sweep_intensity/logs/w10.oracleGeneral.bin.zst__lru__Mithril__256mb__w100.log,ok
w10.oracleGeneral.bin.zst,oracleGeneral,lru,Mithril,64mb,1000,0.8815,0.9525,48342350,6661446,188796,122514,40296,25986,49273422,323783,87344,236439,./results/cp_sweep_intensity/logs/w10.oracleGeneral.bin.zst__lru__Mithril__64mb__w1000.log,ok
w10.oracleGeneral.bin.zst,oracleGeneral,lru,Mithril,1gb,100,0.6698,0.8050,48342350,14886421,0,0,0,0,47248585,11021,949,10072,./results/cp_sweep_intensity/logs/w10.oracleGeneral.bin.zst__lru__Mithril__1gb__w100.log,ok
w02.oracleGeneral.bin.zst,oracleGeneral,lru,Mithril,64mb,1000,0.1760,0.1287,122181000,204350235,33142239,15246239,472365,17423635,225849087,4587559,875442,3712117,./results/cp_sweep_intensity/logs/w02.oracleGeneral.bin.zst__lru__Mithril__64mb__w1000.log,ok
w10.oracleGeneral.bin.zst,oracleGeneral,lru,Mithril,256mb,1000,0.7525,0.9082,48342350,10543639,176409,82641,47158,46610,46916154,203130,47226,155904,./results/cp_sweep_intensity/logs/w10.oracleGeneral.bin.zst__lru__Mithril__256mb__w1000.log,ok
w10.oracleGeneral.bin.zst,oracleGeneral,fifo,Mithril,16mb,100,0.9349,0.9637,48342350,4453675,26878,14006,2533,10339,49648820,443622,110103,333519,./results/cp_sweep_intensity/logs/w10.oracleGeneral.bin.zst__fifo__Mithril__16mb__w100.log,ok
w10.oracleGeneral.bin.zst,oracleGeneral,fifo,Mithril,16mb,1000,0.9349,0.9637,48342350,4453675,1183586,584702,123661,475223,49648820,1314581,652051,662530,./results/cp_sweep_intensity/logs/w10.oracleGeneral.bin.zst__fifo__Mithril__16mb__w1000.log,ok
w10.oracleGeneral.bin.zst,oracleGeneral,fifo,Mithril,64mb,100,0.8821,0.9532,48342350,6570360,0,0,0,0,49212915,32131,5743,26388,./results/cp_sweep_intensity/logs/w10.oracleGeneral.bin.zst__fifo__Mithril__64mb__w100.log,ok
w10.oracleGeneral.bin.zst,oracleGeneral,fifo,Mithril,16mb,10000,0.9349,0.9637,48342350,4453675,1946084,1153737,238377,553970,49648820,2260489,1064427,1196062,./results/cp_sweep_intensity/logs/w10.oracleGeneral.bin.zst__fifo__Mithril__16mb__w10000.log,ok
w10.oracleGeneral.bin.zst,oracleGeneral,lru,Mithril,1gb,1000,0.6698,0.8050,48342350,14886421,0,0,0,0,47248585,109871,10512,99359,./results/cp_sweep_intensity/logs/w10.oracleGeneral.bin.zst__lru__Mithril__1gb__w1000.log,ok
w10.oracleGeneral.bin.zst,oracleGeneral,fifo,Mithril,64mb,1000,0.8821,0.9532,48342350,6570360,187279,120907,40005,26367,49212915,313105,80005,233100,./results/cp_sweep_intensity/logs/w10.oracleGeneral.bin.zst__fifo__Mithril__64mb__w1000.log,ok
w10.oracleGeneral.bin.zst,oracleGeneral,lru,Mithril,64mb,10000,0.8815,0.9525,48342350,6661446,4312157,2912123,784956,615078,49273422,2518043,954421,1563622,./results/cp_sweep_intensity/logs/w10.oracleGeneral.bin.zst__lru__Mithril__64mb__w10000.log,ok
w10.oracleGeneral.bin.zst,oracleGeneral,fifo,Mithril,256mb,100,0.7573,0.9093,48342350,10624212,0,0,0,0,47229973,22840,4146,18694,./results/cp_sweep_intensity/logs/w10.oracleGeneral.bin.zst__fifo__Mithril__256mb__w100.log,ok
w07.oracleGeneral.bin.zst,oracleGeneral,fifo,Mithril,64mb,10000,0.8161,0.8849,67427405,21163954,2369588,1870320,175332,323936,76181509,1962187,221790,1740397,./results/cp_sweep_intensity/logs/w07.oracleGeneral.bin.zst__fifo__Mithril__64mb__w10000.log,ok
w10.oracleGeneral.bin.zst,oracleGeneral,sieve,Mithril,16mb,100,0.9291,0.9624,48342350,5146365,1668141,1030533,59852,577756,50058912,820673,178616,642057,./results/cp_sweep_intensity/logs/w10.oracleGeneral.bin.zst__sieve__Mithril__16mb__w100.log,ok
w10.oracleGeneral.bin.zst,oracleGeneral,fifo,Mithril,256mb,1000,0.7573,0.9093,48342350,10624212,176920,82211,47043,47666,47229973,215229,50691,164538,./results/cp_sweep_intensity/logs/w10.oracleGeneral.bin.zst__fifo__Mithril__256mb__w1000.log,ok
w10.oracleGeneral.bin.zst,oracleGeneral,fifo,Mithril,1gb,100,0.6790,0.8073,48342350,15083717,0,0,0,0,47891705,14419,2002,12417,./results/cp_sweep_intensity/logs/w10.oracleGeneral.bin.zst__fifo__Mithril__1gb__w100.log,ok
w10.oracleGeneral.bin.zst,oracleGeneral,sieve,Mithril,16mb,1000,0.9291,0.9624,48342350,5146365,2763844,1770209,210609,783026,50058912,1870628,446296,1424332,./results/cp_sweep_intensity/logs/w10.oracleGeneral.bin.zst__sieve__Mithril__16mb__w1000.log,ok
w10.oracleGeneral.bin.zst,oracleGeneral,sieve,Mithril,16mb,10000,0.9291,0.9624,48342350,5146365,2974713,1935285,238136,801292,50058912,2688546,731511,1957035,./results/cp_sweep_intensity/logs/w10.oracleGeneral.bin.zst__sieve__Mithril__16mb__w10000.log,ok
w10.oracleGeneral.bin.zst,oracleGeneral,sieve,Mithril,64mb,100,0.8788,0.9436,48342350,7919402,530034,327382,66272,136380,50400520,173069,26280,146789,./results/cp_sweep_intensity/logs/w10.oracleGeneral.bin.zst__sieve__Mithril__64mb__w100.log,ok
w10.oracleGeneral.bin.zst,oracleGeneral,fifo,Mithril,64mb,10000,0.8821,0.9532,48342350,6570360,4243463,2861873,776206,605384,49212915,2510716,956536,1554180,./results/cp_sweep_intensity/logs/w10.oracleGeneral.bin.zst__fifo__Mithril__64mb__w10000.log,ok
w10.oracleGeneral.bin.zst,oracleGeneral,sieve,Mithril,64mb,1000,0.8788,0.9436,48342350,7919402,2674139,1694435,478107,501597,50400520,726429,141622,584807,./results/cp_sweep_intensity/logs/w10.oracleGeneral.bin.zst__sieve__Mithril__64mb__w1000.log,ok
w11.oracleGeneral.bin.zst,oracleGeneral,lru,Mithril,16mb,100,,,,,,,,,,,,,./results/cp_sweep_intensity/logs/w11.oracleGeneral.bin.zst__lru__Mithril__16mb__w100.log,fail:134
w11.oracleGeneral.bin.zst,oracleGeneral,lru,Mithril,16mb,1000,,,,,,,,,,,,,./results/cp_sweep_intensity/logs/w11.oracleGeneral.bin.zst__lru__Mithril__16mb__w1000.log,fail:134
w11.oracleGeneral.bin.zst,oracleGeneral,lru,Mithril,16mb,10000,,,,,,,,,,,,,./results/cp_sweep_intensity/logs/w11.oracleGeneral.bin.zst__lru__Mithril__16mb__w10000.log,fail:134
w11.oracleGeneral.bin.zst,oracleGeneral,lru,Mithril,64mb,100,,,,,,,,,,,,,./results/cp_sweep_intensity/logs/w11.oracleGeneral.bin.zst__lru__Mithril__64mb__w100.log,fail:134
w10.oracleGeneral.bin.zst,oracleGeneral,fifo,Mithril,1gb,1000,0.6790,0.8073,48342350,15083717,0,0,0,0,47891705,140491,23945,116546,./results/cp_sweep_intensity/logs/w10.oracleGeneral.bin.zst__fifo__Mithril__1gb__w1000.log,ok
w11.oracleGeneral.bin.zst,oracleGeneral,lru,Mithril,64mb,1000,,,,,,,,,,,,,./results/cp_sweep_intensity/logs/w11.oracleGeneral.bin.zst__lru__Mithril__64mb__w1000.log,fail:134
w11.oracleGeneral.bin.zst,oracleGeneral,lru,Mithril,256mb,100,,,,,,,,,,,,,./results/cp_sweep_intensity/logs/w11.oracleGeneral.bin.zst__lru__Mithril__256mb__w100.log,fail:134
w11.oracleGeneral.bin.zst,oracleGeneral,lru,Mithril,64mb,10000,,,,,,,,,,,,,./results/cp_sweep_intensity/logs/w11.oracleGeneral.bin.zst__lru__Mithril__64mb__w10000.log,fail:134
w10.oracleGeneral.bin.zst,oracleGeneral,sieve,Mithril,256mb,100,0.8041,0.9212,48342350,10526818,212200,121136,47191,43873,49396294,63335,5187,58148,./results/cp_sweep_intensity/logs/w10.oracleGeneral.bin.zst__sieve__Mithril__256mb__w100.log,ok
w10.oracleGeneral.bin.zst,oracleGeneral,sieve,Mithril,64mb,10000,0.8788,0.9436,48342350,7919402,5203164,3459167,918711,825286,50400520,2628998,593904,2035094,./results/cp_sweep_intensity/logs/w10.oracleGeneral.bin.zst__sieve__Mithril__64mb__w10000.log,ok
w11.oracleGeneral.bin.zst,oracleGeneral,lru,Mithril,256mb,1000,,,,,,,,,,,,,./results/cp_sweep_intensity/logs/w11.oracleGeneral.bin.zst__lru__Mithril__256mb__w1000.log,fail:134
w10.oracleGeneral.bin.zst,oracleGeneral,sieve,Mithril,1gb,100,0.6761,0.8098,48342350,16327325,168438,96876,44195,27367,48995528,42628,2440,40188,./results/cp_sweep_intensity/logs/w10.oracleGeneral.bin.zst__sieve__Mithril__1gb__w100.log,ok
w11.oracleGeneral.bin.zst,oracleGeneral,fifo,Mithril,16mb,100,,,,,,,,,,,,,./results/cp_sweep_intensity/logs/w11.oracleGeneral.bin.zst__fifo__Mithril__16mb__w100.log,fail:134
w11.oracleGeneral.bin.zst,oracleGeneral,fifo,Mithril,16mb,1000,,,,,,,,,,,,,./results/cp_sweep_intensity/logs/w11.oracleGeneral.bin.zst__fifo__Mithril__16mb__w1000.log,fail:134
w11.oracleGeneral.bin.zst,oracleGeneral,fifo,Mithril,16mb,10000,,,,,,,,,,,,,./results/cp_sweep_intensity/logs/w11.oracleGeneral.bin.zst__fifo__Mithril__16mb__w10000.log,fail:134
w10.oracleGeneral.bin.zst,oracleGeneral,sieve,Mithril,256mb,1000,0.8041,0.9212,48342350,10526818,1485254,888773,372553,223928,49396294,407484,42983,364501,./results/cp_sweep_intensity/logs/w10.oracleGeneral.bin.zst__sieve__Mithril__256mb__w1000.log,ok
w11.oracleGeneral.bin.zst,oracleGeneral,fifo,Mithril,64mb,100,,,,,,,,,,,,,./results/cp_sweep_intensity/logs/w11.oracleGeneral.bin.zst__fifo__Mithril__64mb__w100.log,fail:134
w11.oracleGeneral.bin.zst,oracleGeneral,fifo,Mithril,64mb,1000,,,,,,,,,,,,,./results/cp_sweep_intensity/logs/w11.oracleGeneral.bin.zst__fifo__Mithril__64mb__w1000.log,fail:134
w11.oracleGeneral.bin.zst,oracleGeneral,fifo,Mithril,256mb,100,,,,,,,,,,,,,./results/cp_sweep_intensity/logs/w11.oracleGeneral.bin.zst__fifo__Mithril__256mb__w100.log,fail:134
w11.oracleGeneral.bin.zst,oracleGeneral,fifo,Mithril,64mb,10000,,,,,,,,,,,,,./results/cp_sweep_intensity/logs/w11.oracleGeneral.bin.zst__fifo__Mithril__64mb__w10000.log,fail:134
w10.oracleGeneral.bin.zst,oracleGeneral,lru,Mithril,256mb,10000,0.7525,0.9082,48342350,10543639,2445884,1397329,668912,379643,46916154,1610541,490143,1120398,./results/cp_sweep_intensity/logs/w10.oracleGeneral.bin.zst__lru__Mithril__256mb__w10000.log,ok
w11.oracleGeneral.bin.zst,oracleGeneral,fifo,Mithril,256mb,1000,,,,,,,,,,,,,./results/cp_sweep_intensity/logs/w11.oracleGeneral.bin.zst__fifo__Mithril__256mb__w1000.log,fail:134
w10.oracleGeneral.bin.zst,oracleGeneral,sieve,Mithril,1gb,1000,0.6761,0.8098,48342350,16327325,1201611,689075,337743,174793,48995528,316853,22356,294497,./results/cp_sweep_intensity/logs/w10.oracleGeneral.bin.zst__sieve__Mithril__1gb__w1000.log,ok
w11.oracleGeneral.bin.zst,oracleGeneral,sieve,Mithril,16mb,100,,,,,,,,,,,,,./results/cp_sweep_intensity/logs/w11.oracleGeneral.bin.zst__sieve__Mithril__16mb__w100.log,fail:134
w11.oracleGeneral.bin.zst,oracleGeneral,sieve,Mithril,16mb,1000,,,,,,,,,,,,,./results/cp_sweep_intensity/logs/w11.oracleGeneral.bin.zst__sieve__Mithril__16mb__w1000.log,fail:134
w11.oracleGeneral.bin.zst,oracleGeneral,sieve,Mithril,16mb,10000,,,,,,,,,,,,,./results/cp_sweep_intensity/logs/w11.oracleGeneral.bin.zst__sieve__Mithril__16mb__w10000.log,fail:134
w11.oracleGeneral.bin.zst,oracleGeneral,sieve,Mithril,64mb,100,,,,,,,,,,,,,./results/cp_sweep_intensity/logs/w11.oracleGeneral.bin.zst__sieve__Mithril__64mb__w100.log,fail:134
w11.oracleGeneral.bin.zst,oracleGeneral,lru,Mithril,256mb,10000,,,,,,,,,,,,,./results/cp_sweep_intensity/logs/w11.oracleGeneral.bin.zst__lru__Mithril__256mb__w10000.log,fail:134
w11.oracleGeneral.bin.zst,oracleGeneral,sieve,Mithril,64mb,1000,,,,,,,,,,,,,./results/cp_sweep_intensity/logs/w11.oracleGeneral.bin.zst__sieve__Mithril__64mb__w1000.log,fail:134
w11.oracleGeneral.bin.zst,oracleGeneral,sieve,Mithril,64mb,10000,,,,,,,,,,,,,./results/cp_sweep_intensity/logs/w11.oracleGeneral.bin.zst__sieve__Mithril__64mb__w10000.log,fail:134
w10.oracleGeneral.bin.zst,oracleGeneral,sieve,Mithril,256mb,10000,0.8041,0.9212,48342350,10526818,6936657,4446880,1642799,846978,49396294,2123773,283877,1839896,./results/cp_sweep_intensity/logs/w10.oracleGeneral.bin.zst__sieve__Mithril__256mb__w10000.log,ok
w11.oracleGeneral.bin.zst,oracleGeneral,sieve,Mithril,256mb,100,,,,,,,,,,,,,./results/cp_sweep_intensity/logs/w11.oracleGeneral.bin.zst__sieve__Mithril__256mb__w100.log,fail:134
w11.oracleGeneral.bin.zst,oracleGeneral,fifo,Mithril,256mb,10000,,,,,,,,,,,,,./results/cp_sweep_intensity/logs/w11.oracleGeneral.bin.zst__fifo__Mithril__256mb__w10000.log,fail:134
w10.oracleGeneral.bin.zst,oracleGeneral,fifo,Mithril,256mb,10000,0.7573,0.9093,48342350,10624212,2250039,1290970,609513,349556,47229973,1746812,624359,1122453,./results/cp_sweep_intensity/logs/w10.oracleGeneral.bin.zst__fifo__Mithril__256mb__w10000.log,ok
w11.oracleGeneral.bin.zst,oracleGeneral,sieve,Mithril,256mb,1000,,,,,,,,,,,,,./results/cp_sweep_intensity/logs/w11.oracleGeneral.bin.zst__sieve__Mithril__256mb__w1000.log,fail:134
w12.oracleGeneral.bin.zst,oracleGeneral,lru,Mithril,16mb,100,,,,,,,,,,,,,./results/cp_sweep_intensity/logs/w12.oracleGeneral.bin.zst__lru__Mithril__16mb__w100.log,fail:134
w12.oracleGeneral.bin.zst,oracleGeneral,lru,Mithril,16mb,1000,,,,,,,,,,,,,./results/cp_sweep_intensity/logs/w12.oracleGeneral.bin.zst__lru__Mithril__16mb__w1000.log,fail:134
w11.oracleGeneral.bin.zst,oracleGeneral,lru,Mithril,1gb,100,0.6428,0.6349,46173369,60654009,0,0,0,0,90305498,48691,4499,44192,./results/cp_sweep_intensity/logs/w11.oracleGeneral.bin.zst__lru__Mithril__1gb__w100.log,ok
w12.oracleGeneral.bin.zst,oracleGeneral,lru,Mithril,16mb,10000,,,,,,,,,,,,,./results/cp_sweep_intensity/logs/w12.oracleGeneral.bin.zst__lru__Mithril__16mb__w10000.log,fail:134
w12.oracleGeneral.bin.zst,oracleGeneral,lru,Mithril,64mb,100,,,,,,,,,,,,,./results/cp_sweep_intensity/logs/w12.oracleGeneral.bin.zst__lru__Mithril__64mb__w100.log,fail:134
w11.oracleGeneral.bin.zst,oracleGeneral,fifo,Mithril,1gb,100,0.6452,0.6441,46173369,60736886,0,0,0,0,90497706,50518,4572,45946,./results/cp_sweep_intensity/logs/w11.oracleGeneral.bin.zst__fifo__Mithril__1gb__w100.log,ok
w12.oracleGeneral.bin.zst,oracleGeneral,lru,Mithril,64mb,1000,,,,,,,,,,,,,./results/cp_sweep_intensity/logs/w12.oracleGeneral.bin.zst__lru__Mithril__64mb__w1000.log,fail:134
w12.oracleGeneral.bin.zst,oracleGeneral,lru,Mithril,256mb,100,0.0415,0.0975,45355529,2360679,0,0,0,0,4213130,5274,135,5139,./results/cp_sweep_intensity/logs/w12.oracleGeneral.bin.zst__lru__Mithril__256mb__w100.log,ok
w11.oracleGeneral.bin.zst,oracleGeneral,sieve,Mithril,256mb,10000,,,,,,,,,,,,,./results/cp_sweep_intensity/logs/w11.oracleGeneral.bin.zst__sieve__Mithril__256mb__w10000.log,fail:134
w12.oracleGeneral.bin.zst,oracleGeneral,lru,Mithril,256mb,1000,0.0415,0.0975,45355529,2360679,0,0,0,0,4213130,33278,986,32292,./results/cp_sweep_intensity/logs/w12.oracleGeneral.bin.zst__lru__Mithril__256mb__w1000.log,ok
w12.oracleGeneral.bin.zst,oracleGeneral,lru,Mithril,1gb,100,0.0169,0.0544,45355529,270815,0,0,0,0,944272,330,168,162,./results/cp_sweep_intensity/logs/w12.oracleGeneral.bin.zst__lru__Mithril__1gb__w100.log,ok
w12.oracleGeneral.bin.zst,oracleGeneral,lru,Mithril,1gb,1000,0.0169,0.0544,45355529,270815,0,0,0,0,944272,1380,286,1094,./results/cp_sweep_intensity/logs/w12.oracleGeneral.bin.zst__lru__Mithril__1gb__w1000.log,ok
w12.oracleGeneral.bin.zst,oracleGeneral,fifo,Mithril,16mb,100,,,,,,,,,,,,,./results/cp_sweep_intensity/logs/w12.oracleGeneral.bin.zst__fifo__Mithril__16mb__w100.log,fail:134
w12.oracleGeneral.bin.zst,oracleGeneral,lru,Mithril,1gb,10000,0.0169,0.0544,45355529,270815,0,0,0,0,944272,7425,2185,5240,./results/cp_sweep_intensity/logs/w12.oracleGeneral.bin.zst__lru__Mithril__1gb__w10000.log,ok
w12.oracleGeneral.bin.zst,oracleGeneral,fifo,Mithril,16mb,1000,,,,,,,,,,,,,./results/cp_sweep_intensity/logs/w12.oracleGeneral.bin.zst__fifo__Mithril__16mb__w1000.log,fail:134
w12.oracleGeneral.bin.zst,oracleGeneral,lru,Mithril,256mb,10000,0.0415,0.0975,45355529,2360679,0,0,0,0,4213130,165223,10006,155217,./results/cp_sweep_intensity/logs/w12.oracleGeneral.bin.zst__lru__Mithril__256mb__w10000.log,ok
w12.oracleGeneral.bin.zst,oracleGeneral,fifo,Mithril,16mb,10000,,,,,,,,,,,,,./results/cp_sweep_intensity/logs/w12.oracleGeneral.bin.zst__fifo__Mithril__16mb__w10000.log,fail:134
w12.oracleGeneral.bin.zst,oracleGeneral,lru,Mithril,64mb,10000,,,,,,,,,,,,,./results/cp_sweep_intensity/logs/w12.oracleGeneral.bin.zst__lru__Mithril__64mb__w10000.log,fail:134
w12.oracleGeneral.bin.zst,oracleGeneral,fifo,Mithril,64mb,100,,,,,,,,,,,,,./results/cp_sweep_intensity/logs/w12.oracleGeneral.bin.zst__fifo__Mithril__64mb__w100.log,fail:134
w12.oracleGeneral.bin.zst,oracleGeneral,fifo,Mithril,64mb,1000,,,,,,,,,,,,,./results/cp_sweep_intensity/logs/w12.oracleGeneral.bin.zst__fifo__Mithril__64mb__w1000.log,fail:134
w12.oracleGeneral.bin.zst,oracleGeneral,fifo,Mithril,256mb,100,0.0438,0.1017,45355529,2366689,0,0,0,0,4322638,7682,315,7367,./results/cp_sweep_intensity/logs/w12.oracleGeneral.bin.zst__fifo__Mithril__256mb__w100.log,ok
w12.oracleGeneral.bin.zst,oracleGeneral,fifo,Mithril,256mb,1000,0.0438,0.1017,45355529,2366689,0,0,0,0,4322638,43315,2516,40799,./results/cp_sweep_intensity/logs/w12.oracleGeneral.bin.zst__fifo__Mithril__256mb__w1000.log,ok
w12.oracleGeneral.bin.zst,oracleGeneral,fifo,Mithril,1gb,100,0.0204,0.0609,45355529,461265,0,0,0,0,1290975,952,340,612,./results/cp_sweep_intensity/logs/w12.oracleGeneral.bin.zst__fifo__Mithril__1gb__w100.log,ok
w12.oracleGeneral.bin.zst,oracleGeneral,fifo,Mithril,256mb,10000,0.0438,0.1017,45355529,2366689,0,0,0,0,4322638,188144,16222,171922,./results/cp_sweep_intensity/logs/w12.oracleGeneral.bin.zst__fifo__Mithril__256mb__w10000.log,ok
w11.oracleGeneral.bin.zst,oracleGeneral,sieve,Mithril,1gb,100,0.6509,0.6346,46173369,62629857,603129,428920,86536,87673,92654326,76600,4179,72421,./results/cp_sweep_intensity/logs/w11.oracleGeneral.bin.zst__sieve__Mithril__1gb__w100.log,ok
w12.oracleGeneral.bin.zst,oracleGeneral,sieve,Mithril,16mb,100,,,,,,,,,,,,,./results/cp_sweep_intensity/logs/w12.oracleGeneral.bin.zst__sieve__Mithril__16mb__w100.log,fail:134
w12.oracleGeneral.bin.zst,oracleGeneral,fifo,Mithril,1gb,1000,0.0204,0.0609,45355529,461265,0,0,0,0,1290975,4605,670,3935,./results/cp_sweep_intensity/logs/w12.oracleGeneral.bin.zst__fifo__Mithril__1gb__w1000.log,ok
w12.oracleGeneral.bin.zst,oracleGeneral,sieve,Mithril,16mb,1000,,,,,,,,,,,,,./results/cp_sweep_intensity/logs/w12.oracleGeneral.bin.zst__sieve__Mithril__16mb__w1000.log,fail:134
w12.oracleGeneral.bin.zst,oracleGeneral,fifo,Mithril,1gb,10000,0.0204,0.0609,45355529,461265,0,0,0,0,1290975,20638,2689,17949,./results/cp_sweep_intensity/logs/w12.oracleGeneral.bin.zst__fifo__Mithril__1gb__w10000.log,ok
w12.oracleGeneral.bin.zst,oracleGeneral,sieve,Mithril,16mb,10000,,,,,,,,,,,,,./results/cp_sweep_intensity/logs/w12.oracleGeneral.bin.zst__sieve__Mithril__16mb__w10000.log,fail:134
w12.oracleGeneral.bin.zst,oracleGeneral,sieve,Mithril,64mb,100,,,,,,,,,,,,,./results/cp_sweep_intensity/logs/w12.oracleGeneral.bin.zst__sieve__Mithril__64mb__w100.log,fail:134
w12.oracleGeneral.bin.zst,oracleGeneral,sieve,Mithril,256mb,100,0.0347,0.0884,45355529,2455101,4596,2204,1362,1030,4000165,16549,67,16482,./results/cp_sweep_intensity/logs/w12.oracleGeneral.bin.zst__sieve__Mithril__256mb__w100.log,ok
w12.oracleGeneral.bin.zst,oracleGeneral,sieve,Mithril,256mb,1000,0.0347,0.0884,45355529,2455101,71478,39061,18965,13452,4000165,75166,435,74731,./results/cp_sweep_intensity/logs/w12.oracleGeneral.bin.zst__sieve__Mithril__256mb__w1000.log,ok
w12.oracleGeneral.bin.zst,oracleGeneral,sieve,Mithril,64mb,1000,,,,,,,,,,,,,./results/cp_sweep_intensity/logs/w12.oracleGeneral.bin.zst__sieve__Mithril__64mb__w1000.log,fail:134
w12.oracleGeneral.bin.zst,oracleGeneral,fifo,Mithril,64mb,10000,,,,,,,,,,,,,./results/cp_sweep_intensity/logs/w12.oracleGeneral.bin.zst__fifo__Mithril__64mb__w10000.log,fail:134
w12.oracleGeneral.bin.zst,oracleGeneral,sieve,Mithril,1gb,100,0.0132,0.0496,45355529,115019,40,12,27,1,622539,611,287,324,./results/cp_sweep_intensity/logs/w12.oracleGeneral.bin.zst__sieve__Mithril__1gb__w100.log,ok
w12.oracleGeneral.bin.zst,oracleGeneral,sieve,Mithril,1gb,1000,0.0132,0.0496,45355529,115019,1807,215,1355,237,622539,2067,331,1736,./results/cp_sweep_intensity/logs/w12.oracleGeneral.bin.zst__sieve__Mithril__1gb__w1000.log,ok
w12.oracleGeneral.bin.zst,oracleGeneral,sieve,Mithril,1gb,10000,0.0132,0.0496,45355529,115019,7715,1369,5321,1025,622539,5095,393,4702,./results/cp_sweep_intensity/logs/w12.oracleGeneral.bin.zst__sieve__Mithril__1gb__w10000.log,ok
w12.oracleGeneral.bin.zst,oracleGeneral,sieve,Mithril,256mb,10000,0.0347,0.0884,45355529,2455101,372720,216317,96485,59918,4000165,227013,3780,223233,./results/cp_sweep_intensity/logs/w12.oracleGeneral.bin.zst__sieve__Mithril__256mb__w10000.log,ok
w10.oracleGeneral.bin.zst,oracleGeneral,lru,Mithril,1gb,10000,0.6698,0.8050,48342350,14886421,1506519,807513,431086,267920,47248585,1085844,167634,918210,./results/cp_sweep_intensity/logs/w10.oracleGeneral.bin.zst__lru__Mithril__1gb__w10000.log,ok
w13.oracleGeneral.bin.zst,oracleGeneral,lru,Mithril,16mb,100,0.8920,0.8878,39822877,4669493,0,0,0,0,40190214,34680,9239,25441,./results/cp_sweep_intensity/logs/w13.oracleGeneral.bin.zst__lru__Mithril__16mb__w100.log,ok
w12.oracleGeneral.bin.zst,oracleGeneral,sieve,Mithril,64mb,10000,,,,,,,,,,,,,./results/cp_sweep_intensity/logs/w12.oracleGeneral.bin.zst__sieve__Mithril__64mb__w10000.log,fail:134
w13.oracleGeneral.bin.zst,oracleGeneral,lru,Mithril,16mb,1000,0.8920,0.8878,39822877,4669493,1610341,1265588,123273,221480,40190214,176107,37334,138773,./results/cp_sweep_intensity/logs/w13.oracleGeneral.bin.zst__lru__Mithril__16mb__w1000.log,ok
w13.oracleGeneral.bin.zst,oracleGeneral,lru,Mithril,16mb,10000,0.8920,0.8878,39822877,4669493,2466906,1930305,205333,331268,40190214,1196493,458562,737931,./results/cp_sweep_intensity/logs/w13.oracleGeneral.bin.zst__lru__Mithril__16mb__w10000.log,ok
w13.oracleGeneral.bin.zst,oracleGeneral,lru,Mithril,64mb,100,0.8443,0.8392,39822877,9282361,0,0,0,0,42903502,35949,3776,32173,./results/cp_sweep_intensity/logs/w13.oracleGeneral.bin.zst__lru__Mithril__64mb__w100.log,ok
w13.oracleGeneral.bin.zst,oracleGeneral,lru,Mithril,64mb,1000,0.8443,0.8392,39822877,9282361,3085,2576,64,445,42903502,308315,56255,252060,./results/cp_sweep_intensity/logs/w13.oracleGeneral.bin.zst__lru__Mithril__64mb__w1000.log,ok
w10.oracleGeneral.bin.zst,oracleGeneral,fifo,Mithril,1gb,10000,0.6790,0.8073,48342350,15083717,1482581,790190,424295,268096,47891705,1288248,308472,979776,./results/cp_sweep_intensity/logs/w10.oracleGeneral.bin.zst__fifo__Mithril__1gb__w10000.log,ok
w13.oracleGeneral.bin.zst,oracleGeneral,lru,Mithril,256mb,100,0.6264,0.6362,39822877,27669496,0,0,0,0,52604315,70448,5996,64452,./results/cp_sweep_intensity/logs/w13.oracleGeneral.bin.zst__lru__Mithril__256mb__w100.log,ok
w13.oracleGeneral.bin.zst,oracleGeneral,lru,Mithril,1gb,100,0.4358,0.4467,39822877,22586022,0,0,0,0,39894966,55285,14352,40933,./results/cp_sweep_intensity/logs/w13.oracleGeneral.bin.zst__lru__Mithril__1gb__w100.log,ok
w10.oracleGeneral.bin.zst,oracleGeneral,sieve,Mithril,1gb,10000,0.6761,0.8098,48342350,16327325,6558939,3619389,2124381,815169,48995528,1808516,150327,1658189,./results/cp_sweep_intensity/logs/w10.oracleGeneral.bin.zst__sieve__Mithril__1gb__w10000.log,ok
w13.oracleGeneral.bin.zst,oracleGeneral,lru,Mithril,64mb,10000,0.8443,0.8392,39822877,9282361,5508826,4188217,694276,626333,42903502,2173036,766927,1406109,./results/cp_sweep_intensity/logs/w13.oracleGeneral.bin.zst__lru__Mithril__64mb__w10000.log,ok
w06.oracleGeneral.bin.zst,oracleGeneral,fifo,Mithril,256mb,10000,0.2645,0.1620,69392150,36544480,3796,2493,161,1142,54860075,6191417,1773219,4418198,./results/cp_sweep_intensity/logs/w06.oracleGeneral.bin.zst__fifo__Mithril__256mb__w10000.log,ok
w13.oracleGeneral.bin.zst,oracleGeneral,fifo,Mithril,16mb,100,0.8949,0.8915,39822877,4678472,0,0,0,0,40315134,36432,11472,24960,./results/cp_sweep_intensity/logs/w13.oracleGeneral.bin.zst__fifo__Mithril__16mb__w100.log,ok
w13.oracleGeneral.bin.zst,oracleGeneral,fifo,Mithril,16mb,1000,0.8949,0.8915,39822877,4678472,1588802,1248576,120145,220081,40315134,181694,46028,135666,./results/cp_sweep_intensity/logs/w13.oracleGeneral.bin.zst__fifo__Mithril__16mb__w1000.log,ok
w13.oracleGeneral.bin.zst,oracleGeneral,fifo,Mithril,16mb,10000,0.8949,0.8915,39822877,4678472,2464206,1928031,203036,333139,40315134,1210081,475685,734396,./results/cp_sweep_intensity/logs/w13.oracleGeneral.bin.zst__fifo__Mithril__16mb__w10000.log,ok
w13.oracleGeneral.bin.zst,oracleGeneral,fifo,Mithril,64mb,100,0.8459,0.8410,39822877,9312847,0,0,0,0,42997599,35057,3807,31250,./results/cp_sweep_intensity/logs/w13.oracleGeneral.bin.zst__fifo__Mithril__64mb__w100.log,ok
w13.oracleGeneral.bin.zst,oracleGeneral,fifo,Mithril,64mb,1000,0.8459,0.8410,39822877,9312847,2474,2073,53,348,42997599,313533,60527,253006,./results/cp_sweep_intensity/logs/w13.oracleGeneral.bin.zst__fifo__Mithril__64mb__w1000.log,ok
w13.oracleGeneral.bin.zst,oracleGeneral,fifo,Mithril,256mb,100,0.6294,0.6394,39822877,27766958,0,0,0,0,52820548,74156,6599,67557,./results/cp_sweep_intensity/logs/w13.oracleGeneral.bin.zst__fifo__Mithril__256mb__w100.log,ok
w13.oracleGeneral.bin.zst,oracleGeneral,lru,Mithril,1gb,1000,0.4358,0.4467,39822877,22586022,0,0,0,0,39894966,550298,159730,390568,./results/cp_sweep_intensity/logs/w13.oracleGeneral.bin.zst__lru__Mithril__1gb__w1000.log,ok
w13.oracleGeneral.bin.zst,oracleGeneral,lru,Mithril,256mb,1000,0.6264,0.6362,39822877,27669496,0,0,0,0,52604315,686143,83704,602439,./results/cp_sweep_intensity/logs/w13.oracleGeneral.bin.zst__lru__Mithril__256mb__w1000.log,ok
w13.oracleGeneral.bin.zst,oracleGeneral,fifo,Mithril,64mb,10000,0.8459,0.8410,39822877,9312847,5495264,4173515,693977,627772,42997599,2200463,798846,1401617,./results/cp_sweep_intensity/logs/w13.oracleGeneral.bin.zst__fifo__Mithril__64mb__w10000.log,ok
w13.oracleGeneral.bin.zst,oracleGeneral,fifo,Mithril,1gb,100,0.4424,0.4539,39822877,22711863,0,0,0,0,40286575,48503,8168,40335,./results/cp_sweep_intensity/logs/w13.oracleGeneral.bin.zst__fifo__Mithril__1gb__w100.log,ok
w13.oracleGeneral.bin.zst,oracleGeneral,sieve,Mithril,16mb,100,0.9164,0.9140,39822877,4631131,738854,596493,64784,77577,41125337,140769,8190,132579,./results/cp_sweep_intensity/logs/w13.oracleGeneral.bin.zst__sieve__Mithril__16mb__w100.log,ok
w11.oracleGeneral.bin.zst,oracleGeneral,fifo,Mithril,1gb,1000,0.6452,0.6441,46173369,60736886,0,0,0,0,90497706,479492,50398,429094,./results/cp_sweep_intensity/logs/w11.oracleGeneral.bin.zst__fifo__Mithril__1gb__w1000.log,ok
w13.oracleGeneral.bin.zst,oracleGeneral,sieve,Mithril,16mb,1000,0.9164,0.9140,39822877,4631131,2648308,2117103,214977,316228,41125337,367746,37794,329952,./results/cp_sweep_intensity/logs/w13.oracleGeneral.bin.zst__sieve__Mithril__16mb__w1000.log,ok
w13.oracleGeneral.bin.zst,oracleGeneral,sieve,Mithril,16mb,10000,0.9164,0.9140,39822877,4631131,2704471,2160847,220215,323409,41125337,1288747,354032,934715,./results/cp_sweep_intensity/logs/w13.oracleGeneral.bin.zst__sieve__Mithril__16mb__w10000.log,ok
w06.oracleGeneral.bin.zst,oracleGeneral,lru,Mithril,256mb,10000,0.2556,0.1416,69392150,37327046,6348,4048,275,2025,55029691,5918484,1249778,4668706,./results/cp_sweep_intensity/logs/w06.oracleGeneral.bin.zst__lru__Mithril__256mb__w10000.log,ok
w13.oracleGeneral.bin.zst,oracleGeneral,sieve,Mithril,64mb,100,0.8470,0.8403,39822877,9339396,797532,649763,84760,63009,43066685,142353,6790,135563,./results/cp_sweep_intensity/logs/w13.oracleGeneral.bin.zst__sieve__Mithril__64mb__w100.log,ok
w13.oracleGeneral.bin.zst,oracleGeneral,sieve,Mithril,64mb,1000,0.8470,0.8403,39822877,9339396,3755017,3012753,435510,306754,43066685,602683,56626,546057,./results/cp_sweep_intensity/logs/w13.oracleGeneral.bin.zst__sieve__Mithril__64mb__w1000.log,ok
w11.oracleGeneral.bin.zst,oracleGeneral,lru,Mithril,1gb,1000,0.6428,0.6349,46173369,60654009,0,0,0,0,90305498,464188,47117,417071,./results/cp_sweep_intensity/logs/w11.oracleGeneral.bin.zst__lru__Mithril__1gb__w1000.log,ok
w13.oracleGeneral.bin.zst,oracleGeneral,sieve,Mithril,64mb,10000,0.8470,0.8403,39822877,9339396,6333200,5002347,767071,563782,43066685,2411133,532661,1878472,./results/cp_sweep_intensity/logs/w13.oracleGeneral.bin.zst__sieve__Mithril__64mb__w10000.log,ok
w02.oracleGeneral.bin.zst,oracleGeneral,lru,Mithril,64mb,10000,0.1760,0.1287,122181000,204350235,104704100,51315683,1286014,52102403,225849087,33414550,7063924,26350626,./results/cp_sweep_intensity/logs/w02.oracleGeneral.bin.zst__lru__Mithril__64mb__w10000.log,ok
w14.oracleGeneral.bin.zst,oracleGeneral,lru,Mithril,16mb,100,,,,,,,,,,,,,./results/cp_sweep_intensity/logs/w14.oracleGeneral.bin.zst__lru__Mithril__16mb__w100.log,fail:134
w14.oracleGeneral.bin.zst,oracleGeneral,lru,Mithril,16mb,1000,,,,,,,,,,,,,./results/cp_sweep_intensity/logs/w14.oracleGeneral.bin.zst__lru__Mithril__16mb__w1000.log,fail:134
w02.oracleGeneral.bin.zst,oracleGeneral,fifo,Mithril,64mb,10000,0.1761,0.1285,122181000,204367165,104699958,51170085,1374603,52155270,225876344,33406033,7131633,26274400,./results/cp_sweep_intensity/logs/w02.oracleGeneral.bin.zst__fifo__Mithril__64mb__w10000.log,ok
w13.oracleGeneral.bin.zst,oracleGeneral,fifo,Mithril,256mb,1000,0.6294,0.6394,39822877,27766958,0,0,0,0,52820548,720307,96442,623865,./results/cp_sweep_intensity/logs/w13.oracleGeneral.bin.zst__fifo__Mithril__256mb__w1000.log,ok
w14.oracleGeneral.bin.zst,oracleGeneral,lru,Mithril,16mb,10000,,,,,,,,,,,,,./results/cp_sweep_intensity/logs/w14.oracleGeneral.bin.zst__lru__Mithril__16mb__w10000.log,fail:134
w14.oracleGeneral.bin.zst,oracleGeneral,lru,Mithril,64mb,100,,,,,,,,,,,,,./results/cp_sweep_intensity/logs/w14.oracleGeneral.bin.zst__lru__Mithril__64mb__w100.log,fail:134
w14.oracleGeneral.bin.zst,oracleGeneral,lru,Mithril,64mb,1000,,,,,,,,,,,,,./results/cp_sweep_intensity/logs/w14.oracleGeneral.bin.zst__lru__Mithril__64mb__w1000.log,fail:134
w14.oracleGeneral.bin.zst,oracleGeneral,lru,Mithril,256mb,100,,,,,,,,,,,,,./results/cp_sweep_intensity/logs/w14.oracleGeneral.bin.zst__lru__Mithril__256mb__w100.log,fail:134
w14.oracleGeneral.bin.zst,oracleGeneral,lru,Mithril,64mb,10000,,,,,,,,,,,,,./results/cp_sweep_intensity/logs/w14.oracleGeneral.bin.zst__lru__Mithril__64mb__w10000.log,fail:134
w14.oracleGeneral.bin.zst,oracleGeneral,lru,Mithril,256mb,1000,,,,,,,,,,,,,./results/cp_sweep_intensity/logs/w14.oracleGeneral.bin.zst__lru__Mithril__256mb__w1000.log,fail:134
w13.oracleGeneral.bin.zst,oracleGeneral,sieve,Mithril,256mb,100,0.6306,0.6328,39822877,27929508,1191309,881355,156744,153210,53030057,212524,12829,199695,./results/cp_sweep_intensity/logs/w13.oracleGeneral.bin.zst__sieve__Mithril__256mb__w100.log,ok
w14.oracleGeneral.bin.zst,oracleGeneral,lru,Mithril,1gb,100,,,,,,,,,,,,,./results/cp_sweep_intensity/logs/w14.oracleGeneral.bin.zst__lru__Mithril__1gb__w100.log,fail:134
w14.oracleGeneral.bin.zst,oracleGeneral,lru,Mithril,1gb,1000,,,,,,,,,,,,,./results/cp_sweep_intensity/logs/w14.oracleGeneral.bin.zst__lru__Mithril__1gb__w1000.log,fail:134
w14.oracleGeneral.bin.zst,oracleGeneral,fifo,Mithril,16mb,100,,,,,,,,,,,,,./results/cp_sweep_intensity/logs/w14.oracleGeneral.bin.zst__fifo__Mithril__16mb__w100.log,fail:134
w13.oracleGeneral.bin.zst,oracleGeneral,fifo,Mithril,1gb,1000,0.4424,0.4539,39822877,22711863,0,0,0,0,40286575,488435,108471,379964,./results/cp_sweep_intensity/logs/w13.oracleGeneral.bin.zst__fifo__Mithril__1gb__w1000.log,ok
w14.oracleGeneral.bin.zst,oracleGeneral,fifo,Mithril,16mb,1000,,,,,,,,,,,,,./results/cp_sweep_intensity/logs/w14.oracleGeneral.bin.zst__fifo__Mithril__16mb__w1000.log,fail:134
w14.oracleGeneral.bin.zst,oracleGeneral,fifo,Mithril,16mb,10000,,,,,,,,,,,,,./results/cp_sweep_intensity/logs/w14.oracleGeneral.bin.zst__fifo__Mithril__16mb__w10000.log,fail:134
w14.oracleGeneral.bin.zst,oracleGeneral,fifo,Mithril,64mb,100,,,,,,,,,,,,,./results/cp_sweep_intensity/logs/w14.oracleGeneral.bin.zst__fifo__Mithril__64mb__w100.log,fail:134
w14.oracleGeneral.bin.zst,oracleGeneral,fifo,Mithril,64mb,1000,,,,,,,,,,,,,./results/cp_sweep_intensity/logs/w14.oracleGeneral.bin.zst__fifo__Mithril__64mb__w1000.log,fail:134
w14.oracleGeneral.bin.zst,oracleGeneral,lru,Mithril,256mb,10000,,,,,,,,,,,,,./results/cp_sweep_intensity/logs/w14.oracleGeneral.bin.zst__lru__Mithril__256mb__w10000.log,fail:134
w14.oracleGeneral.bin.zst,oracleGeneral,lru,Mithril,1gb,10000,,,,,,,,,,,,,./results/cp_sweep_intensity/logs/w14.oracleGeneral.bin.zst__lru__Mithril__1gb__w10000.log,fail:134
w14.oracleGeneral.bin.zst,oracleGeneral,fifo,Mithril,256mb,100,,,,,,,,,,,,,./results/cp_sweep_intensity/logs/w14.oracleGeneral.bin.zst__fifo__Mithril__256mb__w100.log,fail:134
w14.oracleGeneral.bin.zst,oracleGeneral,fifo,Mithril,64mb,10000,,,,,,,,,,,,,./results/cp_sweep_intensity/logs/w14.oracleGeneral.bin.zst__fifo__Mithril__64mb__w10000.log,fail:134
w13.oracleGeneral.bin.zst,oracleGeneral,sieve,Mithril,1gb,100,0.4164,0.4205,39822877,27676914,491677,276569,149552,65556,44213739,84001,3234,80767,./results/cp_sweep_intensity/logs/w13.oracleGeneral.bin.zst__sieve__Mithril__1gb__w100.log,ok
w14.oracleGeneral.bin.zst,oracleGeneral,fifo,Mithril,1gb,100,,,,,,,,,,,,,./results/cp_sweep_intensity/logs/w14.oracleGeneral.bin.zst__fifo__Mithril__1gb__w100.log,fail:134
w14.oracleGeneral.bin.zst,oracleGeneral,fifo,Mithril,256mb,1000,,,,,,,,,,,,,./results/cp_sweep_intensity/logs/w14.oracleGeneral.bin.zst__fifo__Mithril__256mb__w1000.log,fail:134
w14.oracleGeneral.bin.zst,oracleGeneral,fifo,Mithril,1gb,1000,,,,,,,,,,,,,./results/cp_sweep_intensity/logs/w14.oracleGeneral.bin.zst__fifo__Mithril__1gb__w1000.log,fail:134
w14.oracleGeneral.bin.zst,oracleGeneral,sieve,Mithril,16mb,100,,,,,,,,,,,,,./results/cp_sweep_intensity/logs/w14.oracleGeneral.bin.zst__sieve__Mithril__16mb__w100.log,fail:134
w14.oracleGeneral.bin.zst,oracleGeneral,sieve,Mithril,16mb,1000,,,,,,,,,,,,,./results/cp_sweep_intensity/logs/w14.oracleGeneral.bin.zst__sieve__Mithril__16mb__w1000.log,fail:134
w14.oracleGeneral.bin.zst,oracleGeneral,sieve,Mithril,16mb,10000,,,,,,,,,,,,,./results/cp_sweep_intensity/logs/w14.oracleGeneral.bin.zst__sieve__Mithril__16mb__w10000.log,fail:134
w14.oracleGeneral.bin.zst,oracleGeneral,sieve,Mithril,64mb,1000,,,,,,,,,,,,,./results/cp_sweep_intensity/logs/w14.oracleGeneral.bin.zst__sieve__Mithril__64mb__w1000.log,fail:134
w14.oracleGeneral.bin.zst,oracleGeneral,sieve,Mithril,64mb,100,,,,,,,,,,,,,./results/cp_sweep_intensity/logs/w14.oracleGeneral.bin.zst__sieve__Mithril__64mb__w100.log,fail:134
w14.oracleGeneral.bin.zst,oracleGeneral,sieve,Mithril,256mb,100,,,,,,,,,,,,,./results/cp_sweep_intensity/logs/w14.oracleGeneral.bin.zst__sieve__Mithril__256mb__w100.log,fail:134
w14.oracleGeneral.bin.zst,oracleGeneral,sieve,Mithril,64mb,10000,,,,,,,,,,,,,./results/cp_sweep_intensity/logs/w14.oracleGeneral.bin.zst__sieve__Mithril__64mb__w10000.log,fail:134
w14.oracleGeneral.bin.zst,oracleGeneral,fifo,Mithril,256mb,10000,,,,,,,,,,,,,./results/cp_sweep_intensity/logs/w14.oracleGeneral.bin.zst__fifo__Mithril__256mb__w10000.log,fail:134
w14.oracleGeneral.bin.zst,oracleGeneral,sieve,Mithril,256mb,1000,,,,,,,,,,,,,./results/cp_sweep_intensity/logs/w14.oracleGeneral.bin.zst__sieve__Mithril__256mb__w1000.log,fail:134
w14.oracleGeneral.bin.zst,oracleGeneral,fifo,Mithril,1gb,10000,,,,,,,,,,,,,./results/cp_sweep_intensity/logs/w14.oracleGeneral.bin.zst__fifo__Mithril__1gb__w10000.log,fail:134
w14.oracleGeneral.bin.zst,oracleGeneral,sieve,Mithril,1gb,100,,,,,,,,,,,,,./results/cp_sweep_intensity/logs/w14.oracleGeneral.bin.zst__sieve__Mithril__1gb__w100.log,fail:134
w14.oracleGeneral.bin.zst,oracleGeneral,sieve,Mithril,1gb,1000,,,,,,,,,,,,,./results/cp_sweep_intensity/logs/w14.oracleGeneral.bin.zst__sieve__Mithril__1gb__w1000.log,fail:134
w14.oracleGeneral.bin.zst,oracleGeneral,sieve,Mithril,256mb,10000,,,,,,,,,,,,,./results/cp_sweep_intensity/logs/w14.oracleGeneral.bin.zst__sieve__Mithril__256mb__w10000.log,fail:134
w14.oracleGeneral.bin.zst,oracleGeneral,sieve,Mithril,1gb,10000,,,,,,,,,,,,,./results/cp_sweep_intensity/logs/w14.oracleGeneral.bin.zst__sieve__Mithril__1gb__w10000.log,fail:134
w15.oracleGeneral.bin.zst,oracleGeneral,lru,Mithril,64mb,100,,,,,,,,,,,,,./results/cp_sweep_intensity/logs/w15.oracleGeneral.bin.zst__lru__Mithril__64mb__w100.log,fail:134
w15.oracleGeneral.bin.zst,oracleGeneral,lru,Mithril,16mb,1000,0.9921,0.9834,33628757,288896,10062,5087,3017,1958,33652592,13178,775,12403,./results/cp_sweep_intensity/logs/w15.oracleGeneral.bin.zst__lru__Mithril__16mb__w1000.log,ok
w15.oracleGeneral.bin.zst,oracleGeneral,lru,Mithril,16mb,100,0.9921,0.9834,33628757,288896,0,0,0,0,33652592,1941,67,1874,./results/cp_sweep_intensity/logs/w15.oracleGeneral.bin.zst__lru__Mithril__16mb__w100.log,ok
w15.oracleGeneral.bin.zst,oracleGeneral,lru,Mithril,64mb,1000,,,,,,,,,,,,,./results/cp_sweep_intensity/logs/w15.oracleGeneral.bin.zst__lru__Mithril__64mb__w1000.log,fail:134
w15.oracleGeneral.bin.zst,oracleGeneral,lru,Mithril,16mb,10000,0.9921,0.9834,33628757,288896,110105,61063,26980,22062,33652592,57280,15877,41403,./results/cp_sweep_intensity/logs/w15.oracleGeneral.bin.zst__lru__Mithril__16mb__w10000.log,ok
w15.oracleGeneral.bin.zst,oracleGeneral,lru,Mithril,256mb,100,,,,,,,,,,,,,./results/cp_sweep_intensity/logs/w15.oracleGeneral.bin.zst__lru__Mithril__256mb__w100.log,fail:134
w15.oracleGeneral.bin.zst,oracleGeneral,lru,Mithril,64mb,10000,,,,,,,,,,,,,./results/cp_sweep_intensity/logs/w15.oracleGeneral.bin.zst__lru__Mithril__64mb__w10000.log,fail:134
w06.oracleGeneral.bin.zst,oracleGeneral,sieve,Mithril,256mb,10000,0.2323,0.1154,69392150,41694591,23174282,16797081,1736158,4641043,57774189,7765307,337337,7427970,./results/cp_sweep_intensity/logs/w06.oracleGeneral.bin.zst__sieve__Mithril__256mb__w10000.log,ok
w15.oracleGeneral.bin.zst,oracleGeneral,lru,Mithril,256mb,1000,,,,,,,,,,,,,./results/cp_sweep_intensity/logs/w15.oracleGeneral.bin.zst__lru__Mithril__256mb__w1000.log,fail:134
w15.oracleGeneral.bin.zst,oracleGeneral,lru,Mithril,1gb,100,,,,,,,,,,,,,./results/cp_sweep_intensity/logs/w15.oracleGeneral.bin.zst__lru__Mithril__1gb__w100.log,fail:134
w15.oracleGeneral.bin.zst,oracleGeneral,lru,Mithril,256mb,10000,,,,,,,,,,,,,./results/cp_sweep_intensity/logs/w15.oracleGeneral.bin.zst__lru__Mithril__256mb__w10000.log,fail:134
w15.oracleGeneral.bin.zst,oracleGeneral,lru,Mithril,1gb,1000,,,,,,,,,,,,,./results/cp_sweep_intensity/logs/w15.oracleGeneral.bin.zst__lru__Mithril__1gb__w1000.log,fail:134
w15.oracleGeneral.bin.zst,oracleGeneral,lru,Mithril,1gb,10000,,,,,,,,,,,,,./results/cp_sweep_intensity/logs/w15.oracleGeneral.bin.zst__lru__Mithril__1gb__w10000.log,fail:134
w15.oracleGeneral.bin.zst,oracleGeneral,fifo,Mithril,64mb,100,,,,,,,,,,,,,./results/cp_sweep_intensity/logs/w15.oracleGeneral.bin.zst__fifo__Mithril__64mb__w100.log,fail:134
w15.oracleGeneral.bin.zst,oracleGeneral,fifo,Mithril,16mb,100,0.9921,0.9834,33628757,294364,0,0,0,0,33657491,2832,428,2404,./results/cp_sweep_intensity/logs/w15.oracleGeneral.bin.zst__fifo__Mithril__16mb__w100.log,ok
w15.oracleGeneral.bin.zst,oracleGeneral,fifo,Mithril,64mb,1000,,,,,,,,,,,,,./results/cp_sweep_intensity/logs/w15.oracleGeneral.bin.zst__fifo__Mithril__64mb__w1000.log,fail:134
w15.oracleGeneral.bin.zst,oracleGeneral,fifo,Mithril,16mb,1000,0.9921,0.9834,33628757,294364,9463,4730,2733,2000,33657491,16779,3730,13049,./results/cp_sweep_intensity/logs/w15.oracleGeneral.bin.zst__fifo__Mithril__16mb__w1000.log,ok
w15.oracleGeneral.bin.zst,oracleGeneral,fifo,Mithril,64mb,10000,,,,,,,,,,,,,./results/cp_sweep_intensity/logs/w15.oracleGeneral.bin.zst__fifo__Mithril__64mb__w10000.log,fail:134
w15.oracleGeneral.bin.zst,oracleGeneral,fifo,Mithril,256mb,1000,,,,,,,,,,,,,./results/cp_sweep_intensity/logs/w15.oracleGeneral.bin.zst__fifo__Mithril__256mb__w1000.log,fail:134
w15.oracleGeneral.bin.zst,oracleGeneral,fifo,Mithril,16mb,10000,0.9921,0.9834,33628757,294364,111825,62081,25290,24454,33657491,62746,19870,42876,./results/cp_sweep_intensity/logs/w15.oracleGeneral.bin.zst__fifo__Mithril__16mb__w10000.log,ok
w15.oracleGeneral.bin.zst,oracleGeneral,fifo,Mithril,256mb,100,,,,,,,,,,,,,./results/cp_sweep_intensity/logs/w15.oracleGeneral.bin.zst__fifo__Mithril__256mb__w100.log,fail:134
w15.oracleGeneral.bin.zst,oracleGeneral,fifo,Mithril,1gb,100,,,,,,,,,,,,,./results/cp_sweep_intensity/logs/w15.oracleGeneral.bin.zst__fifo__Mithril__1gb__w100.log,fail:134
w15.oracleGeneral.bin.zst,oracleGeneral,fifo,Mithril,256mb,10000,,,,,,,,,,,,,./results/cp_sweep_intensity/logs/w15.oracleGeneral.bin.zst__fifo__Mithril__256mb__w10000.log,fail:134
w15.oracleGeneral.bin.zst,oracleGeneral,fifo,Mithril,1gb,1000,,,,,,,,,,,,,./results/cp_sweep_intensity/logs/w15.oracleGeneral.bin.zst__fifo__Mithril__1gb__w1000.log,fail:134
w15.oracleGeneral.bin.zst,oracleGeneral,fifo,Mithril,1gb,10000,,,,,,,,,,,,,./results/cp_sweep_intensity/logs/w15.oracleGeneral.bin.zst__fifo__Mithril__1gb__w10000.log,fail:134
w15.oracleGeneral.bin.zst,oracleGeneral,sieve,Mithril,64mb,100,,,,,,,,,,,,,./results/cp_sweep_intensity/logs/w15.oracleGeneral.bin.zst__sieve__Mithril__64mb__w100.log,fail:134
w15.oracleGeneral.bin.zst,oracleGeneral,sieve,Mithril,64mb,1000,,,,,,,,,,,,,./results/cp_sweep_intensity/logs/w15.oracleGeneral.bin.zst__sieve__Mithril__64mb__w1000.log,fail:134
w13.oracleGeneral.bin.zst,oracleGeneral,sieve,Mithril,256mb,1000,0.6306,0.6328,39822877,27929508,6550393,4677685,938788,933920,53030057,1234875,134228,1100647,./results/cp_sweep_intensity/logs/w13.oracleGeneral.bin.zst__sieve__Mithril__256mb__w1000.log,ok
w15.oracleGeneral.bin.zst,oracleGeneral,sieve,Mithril,16mb,1000,0.9916,0.9858,33628757,287205,80901,44618,26746,9537,33631502,11264,751,10513,./results/cp_sweep_intensity/logs/w15.oracleGeneral.bin.zst__sieve__Mithril__16mb__w1000.log,ok
w15.oracleGeneral.bin.zst,oracleGeneral,sieve,Mithril,16mb,100,0.9916,0.9858,33628757,287205,7669,4210,2629,830,33631502,1523,82,1441,./results/cp_sweep_intensity/logs/w15.oracleGeneral.bin.zst__sieve__Mithril__16mb__w100.log,ok
w15.oracleGeneral.bin.zst,oracleGeneral,sieve,Mithril,16mb,10000,0.9916,0.9858,33628757,287205,117756,66226,35434,16096,33631502,54270,14370,39900,./results/cp_sweep_intensity/logs/w15.oracleGeneral.bin.zst__sieve__Mithril__16mb__w10000.log,ok
w15.oracleGeneral.bin.zst,oracleGeneral,sieve,Mithril,64mb,10000,,,,,,,,,,,,,./results/cp_sweep_intensity/logs/w15.oracleGeneral.bin.zst__sieve__Mithril__64mb__w10000.log,fail:134
w15.oracleGeneral.bin.zst,oracleGeneral,sieve,Mithril,256mb,100,,,,,,,,,,,,,./results/cp_sweep_intensity/logs/w15.oracleGeneral.bin.zst__sieve__Mithril__256mb__w100.log,fail:134
w15.oracleGeneral.bin.zst,oracleGeneral,sieve,Mithril,256mb,1000,,,,,,,,,,,,,./results/cp_sweep_intensity/logs/w15.oracleGeneral.bin.zst__sieve__Mithril__256mb__w1000.log,fail:134
w15.oracleGeneral.bin.zst,oracleGeneral,sieve,Mithril,1gb,100,,,,,,,,,,,,,./results/cp_sweep_intensity/logs/w15.oracleGeneral.bin.zst__sieve__Mithril__1gb__w100.log,fail:134
w15.oracleGeneral.bin.zst,oracleGeneral,sieve,Mithril,256mb,10000,,,,,,,,,,,,,./results/cp_sweep_intensity/logs/w15.oracleGeneral.bin.zst__sieve__Mithril__256mb__w10000.log,fail:134
w15.oracleGeneral.bin.zst,oracleGeneral,sieve,Mithril,1gb,1000,,,,,,,,,,,,,./results/cp_sweep_intensity/logs/w15.oracleGeneral.bin.zst__sieve__Mithril__1gb__w1000.log,fail:134
w15.oracleGeneral.bin.zst,oracleGeneral,sieve,Mithril,1gb,10000,,,,,,,,,,,,,./results/cp_sweep_intensity/logs/w15.oracleGeneral.bin.zst__sieve__Mithril__1gb__w10000.log,fail:134
w16.oracleGeneral.bin.zst,oracleGeneral,lru,Mithril,16mb,100,0.8467,0.8080,26702188,4296032,1182,595,222,365,26903102,65137,14002,51135,./results/cp_sweep_intensity/logs/w16.oracleGeneral.bin.zst__lru__Mithril__16mb__w100.log,ok
w16.oracleGeneral.bin.zst,oracleGeneral,lru,Mithril,16mb,1000,0.8467,0.8080,26702188,4296032,1180557,566797,88574,525186,26903102,490757,150834,339923,./results/cp_sweep_intensity/logs/w16.oracleGeneral.bin.zst__lru__Mithril__16mb__w1000.log,ok
w16.oracleGeneral.bin.zst,oracleGeneral,lru,Mithril,64mb,100,0.8142,0.7477,26702188,5608791,6,1,5,0,27345404,57117,10486,46631,./results/cp_sweep_intensity/logs/w16.oracleGeneral.bin.zst__lru__Mithril__64mb__w100.log,ok
w16.oracleGeneral.bin.zst,oracleGeneral,lru,Mithril,16mb,10000,0.8467,0.8080,26702188,4296032,2133926,1047880,198983,887063,26903102,2213729,954697,1259032,./results/cp_sweep_intensity/logs/w16.oracleGeneral.bin.zst__lru__Mithril__16mb__w10000.log,ok
w16.oracleGeneral.bin.zst,oracleGeneral,lru,Mithril,256mb,100,0.7974,0.7299,26702188,4388546,0,0,0,0,25671413,25992,6156,19836,./results/cp_sweep_intensity/logs/w16.oracleGeneral.bin.zst__lru__Mithril__256mb__w100.log,ok
w13.oracleGeneral.bin.zst,oracleGeneral,sieve,Mithril,1gb,1000,0.4164,0.4205,39822877,27676914,2821315,1592130,887472,341713,44213739,585753,35041,550712,./results/cp_sweep_intensity/logs/w13.oracleGeneral.bin.zst__sieve__Mithril__1gb__w1000.log,ok
w16.oracleGeneral.bin.zst,oracleGeneral,lru,Mithril,1gb,100,0.7405,0.6655,26702188,3338749,0,0,0,0,23074716,2577,874,1703,./results/cp_sweep_intensity/logs/w16.oracleGeneral.bin.zst__lru__Mithril__1gb__w100.log,ok
w16.oracleGeneral.bin.zst,oracleGeneral,lru,Mithril,256mb,1000,0.7974,0.7299,26702188,4388546,0,0,0,0,25671413,283875,115496,168379,./results/cp_sweep_intensity/logs/w16.oracleGeneral.bin.zst__lru__Mithril__256mb__w1000.log,ok
w16.oracleGeneral.bin.zst,oracleGeneral,fifo,Mithril,16mb,100,0.8499,0.8090,26702188,4383431,1257,623,193,441,27076683,81783,22427,59356,./results/cp_sweep_intensity/logs/w16.oracleGeneral.bin.zst__fifo__Mithril__16mb__w100.log,ok
w16.oracleGeneral.bin.zst,oracleGeneral,lru,Mithril,64mb,1000,0.8142,0.7477,26702188,5608791,120350,59336,13030,47984,27345404,517799,149168,368631,./results/cp_sweep_intensity/logs/w16.oracleGeneral.bin.zst__lru__Mithril__64mb__w1000.log,ok
w16.oracleGeneral.bin.zst,oracleGeneral,lru,Mithril,1gb,1000,0.7405,0.6655,26702188,3338749,0,0,0,0,23074716,24430,9982,14448,./results/cp_sweep_intensity/logs/w16.oracleGeneral.bin.zst__lru__Mithril__1gb__w1000.log,ok
w16.oracleGeneral.bin.zst,oracleGeneral,fifo,Mithril,16mb,1000,0.8499,0.8090,26702188,4383431,1190381,573481,88478,528422,27076683,547045,182426,364619,./results/cp_sweep_intensity/logs/w16.oracleGeneral.bin.zst__fifo__Mithril__16mb__w1000.log,ok
w16.oracleGeneral.bin.zst,oracleGeneral,fifo,Mithril,64mb,100,0.8164,0.7495,26702188,5661517,4,1,2,1,27455313,64245,14732,49513,./results/cp_sweep_intensity/logs/w16.oracleGeneral.bin.zst__fifo__Mithril__64mb__w100.log,ok
w16.oracleGeneral.bin.zst,oracleGeneral,lru,Mithril,64mb,10000,0.8142,0.7477,26702188,5608791,2724944,1391887,232652,1100405,27345404,2550749,1039380,1511369,./results/cp_sweep_intensity/logs/w16.oracleGeneral.bin.zst__lru__Mithril__64mb__w10000.log,ok
w16.oracleGeneral.bin.zst,oracleGeneral,fifo,Mithril,16mb,10000,0.8499,0.8090,26702188,4383431,2195989,1082295,196130,917564,27076683,2300957,992321,1308636,./results/cp_sweep_intensity/logs/w16.oracleGeneral.bin.zst__fifo__Mithril__16mb__w10000.log,ok
w16.oracleGeneral.bin.zst,oracleGeneral,fifo,Mithril,256mb,100,0.7997,0.7301,26702188,4400220,0,0,0,0,25743450,27272,6868,20404,./results/cp_sweep_intensity/logs/w16.oracleGeneral.bin.zst__fifo__Mithril__256mb__w100.log,ok
w16.oracleGeneral.bin.zst,oracleGeneral,lru,Mithril,1gb,10000,0.7405,0.6655,26702188,3338749,0,0,0,0,23074716,200779,102758,98021,./results/cp_sweep_intensity/logs/w16.oracleGeneral.bin.zst__lru__Mithril__1gb__w10000.log,ok
w16.oracleGeneral.bin.zst,oracleGeneral,fifo,Mithril,64mb,1000,0.8164,0.7495,26702188,5661517,124505,61265,12698,50542,27455313,546057,172041,374016,./results/cp_sweep_intensity/logs/w16.oracleGeneral.bin.zst__fifo__Mithril__64mb__w1000.log,ok
w16.oracleGeneral.bin.zst,oracleGeneral,fifo,Mithril,256mb,1000,0.7997,0.7301,26702188,4400220,0,0,0,0,25743450,297522,115451,182071,./results/cp_sweep_intensity/logs/w16.oracleGeneral.bin.zst__fifo__Mithril__256mb__w1000.log,ok
w16.oracleGeneral.bin.zst,oracleGeneral,fifo,Mithril,1gb,100,0.7440,0.6700,26702188,3585046,0,0,0,0,23416178,4155,1076,3079,./results/cp_sweep_intensity/logs/w16.oracleGeneral.bin.zst__fifo__Mithril__1gb__w100.log,ok
w16.oracleGeneral.bin.zst,oracleGeneral,fifo,Mithril,1gb,1000,0.7440,0.6700,26702188,3585046,0,0,0,0,23416178,40084,13551,26533,./results/cp_sweep_intensity/logs/w16.oracleGeneral.bin.zst__fifo__Mithril__1gb__w1000.log,ok
w16.oracleGeneral.bin.zst,oracleGeneral,sieve,Mithril,16mb,100,0.8469,0.8136,26702188,4367008,407167,212177,31160,163830,26979670,122701,15626,107075,./results/cp_sweep_intensity/logs/w16.oracleGeneral.bin.zst__sieve__Mithril__16mb__w100.log,ok
w16.oracleGeneral.bin.zst,oracleGeneral,sieve,Mithril,16mb,1000,0.8469,0.8136,26702188,4367008,2086104,1069090,187193,829821,26979670,627458,113437,514021,./results/cp_sweep_intensity/logs/w16.oracleGeneral.bin.zst__sieve__Mithril__16mb__w1000.log,ok
w16.oracleGeneral.bin.zst,oracleGeneral,sieve,Mithril,64mb,100,0.8136,0.7504,26702188,5626763,238984,134788,21565,82631,27349275,85435,11639,73796,./results/cp_sweep_intensity/logs/w16.oracleGeneral.bin.zst__sieve__Mithril__64mb__w100.log,ok
w16.oracleGeneral.bin.zst,oracleGeneral,sieve,Mithril,16mb,10000,0.8469,0.8136,26702188,4367008,2463793,1278743,235288,949762,26979670,2342596,786392,1556204,./results/cp_sweep_intensity/logs/w16.oracleGeneral.bin.zst__sieve__Mithril__16mb__w10000.log,ok
w16.oracleGeneral.bin.zst,oracleGeneral,sieve,Mithril,256mb,100,0.7897,0.7185,26702188,3543101,50437,31422,6590,12425,24617689,16554,2176,14378,./results/cp_sweep_intensity/logs/w16.oracleGeneral.bin.zst__sieve__Mithril__256mb__w100.log,ok
w11.oracleGeneral.bin.zst,oracleGeneral,sieve,Mithril,1gb,1000,0.6509,0.6346,46173369,62629857,5508073,3891706,831928,784439,92654326,605661,41370,564291,./results/cp_sweep_intensity/logs/w11.oracleGeneral.bin.zst__sieve__Mithril__1gb__w1000.log,ok
w16.oracleGeneral.bin.zst,oracleGeneral,fifo,Mithril,64mb,10000,0.8164,0.7495,26702188,5661517,2715572,1377749,236053,1101770,27455313,2589162,1084177,1504985,./results/cp_sweep_intensity/logs/w16.oracleGeneral.bin.zst__fifo__Mithril__64mb__w10000.log,ok
w16.oracleGeneral.bin.zst,oracleGeneral,fifo,Mithril,1gb,10000,0.7440,0.6700,26702188,3585046,0,0,0,0,23416178,325876,179095,146781,./results/cp_sweep_intensity/logs/w16.oracleGeneral.bin.zst__fifo__Mithril__1gb__w10000.log,ok
w16.oracleGeneral.bin.zst,oracleGeneral,sieve,Mithril,256mb,1000,0.7897,0.7185,26702188,3543101,441455,274049,60974,106432,24617689,133608,16102,117506,./results/cp_sweep_intensity/logs/w16.oracleGeneral.bin.zst__sieve__Mithril__256mb__w1000.log,ok
w16.oracleGeneral.bin.zst,oracleGeneral,sieve,Mithril,64mb,1000,0.8136,0.7504,26702188,5626763,1905300,1047875,184186,673239,27349275,585623,118016,467607,./results/cp_sweep_intensity/logs/w16.oracleGeneral.bin.zst__sieve__Mithril__64mb__w1000.log,ok
w16.oracleGeneral.bin.zst,oracleGeneral,lru,Mithril,256mb,10000,0.7974,0.7299,26702188,4388546,652411,336974,95729,219708,25671413,1267986,666179,601807,./results/cp_sweep_intensity/logs/w16.oracleGeneral.bin.zst__lru__Mithril__256mb__w10000.log,ok
w16.oracleGeneral.bin.zst,oracleGeneral,sieve,Mithril,1gb,100,0.7387,0.6639,26702188,2875921,7801,3308,2873,1620,22568598,3722,262,3460,./results/cp_sweep_intensity/logs/w16.oracleGeneral.bin.zst__sieve__Mithril__1gb__w100.log,ok
w16.oracleGeneral.bin.zst,oracleGeneral,sieve,Mithril,64mb,10000,0.8136,0.7504,26702188,5626763,3283329,1812615,329949,1140765,27349275,2613020,817597,1795423,./results/cp_sweep_intensity/logs/w16.oracleGeneral.bin.zst__sieve__Mithril__64mb__w10000.log,ok
w16.oracleGeneral.bin.zst,oracleGeneral,sieve,Mithril,1gb,1000,0.7387,0.6639,26702188,2875921,36516,18326,9099,9091,22568598,15627,1060,14567,./results/cp_sweep_intensity/logs/w16.oracleGeneral.bin.zst__sieve__Mithril__1gb__w1000.log,ok
w17.oracleGeneral.bin.zst,oracleGeneral,lru,Mithril,16mb,100,0.7466,0.7411,31398089,12516182,1443,768,198,477,35956246,82365,14054,68311,./results/cp_sweep_intensity/logs/w17.oracleGeneral.bin.zst__lru__Mithril__16mb__w100.log,ok
w16.oracleGeneral.bin.zst,oracleGeneral,sieve,Mithril,256mb,10000,0.7897,0.7185,26702188,3543101,1923894,1197129,263848,462917,24617689,833460,158606,674854,./results/cp_sweep_intensity/logs/w16.oracleGeneral.bin.zst__sieve__Mithril__256mb__w10000.log,ok
w16.oracleGeneral.bin.zst,oracleGeneral,sieve,Mithril,1gb,10000,0.7387,0.6639,26702188,2875921,243727,131510,48672,63545,22568598,112220,24637,87583,./results/cp_sweep_intensity/logs/w16.oracleGeneral.bin.zst__sieve__Mithril__1gb__w10000.log,ok
w17.oracleGeneral.bin.zst,oracleGeneral,lru,Mithril,64mb,100,0.5734,0.5694,31398089,17991105,0,0,0,0,35986536,113161,17494,95667,./results/cp_sweep_intensity/logs/w17.oracleGeneral.bin.zst__lru__Mithril__64mb__w100.log,ok
w16.oracleGeneral.bin.zst,oracleGeneral,fifo,Mithril,256mb,10000,0.7997,0.7301,26702188,4400220,488136,241391,80391,166354,25743450,1308463,706244,602219,./results/cp_sweep_intensity/logs/w16.oracleGeneral.bin.zst__fifo__Mithril__256mb__w10000.log,ok
w17.oracleGeneral.bin.zst,oracleGeneral,lru,Mithril,256mb,100,0.2986,0.3641,31398089,15420388,0,0,0,0,24766812,87501,35623,51878,./results/cp_sweep_intensity/logs/w17.oracleGeneral.bin.zst__lru__Mithril__256mb__w100.log,ok
w17.oracleGeneral.bin.zst,oracleGeneral,lru,Mithril,1gb,100,0.1810,0.2459,31398089,6286341,0,0,0,0,11869492,4750,1431,3319,./results/cp_sweep_intensity/logs/w17.oracleGeneral.bin.zst__lru__Mithril__1gb__w100.log,ok
w17.oracleGeneral.bin.zst,oracleGeneral,lru,Mithril,16mb,1000,0.7466,0.7411,31398089,12516182,2866440,1645995,37441,1183004,35956246,743833,153242,590591,./results/cp_sweep_intensity/logs/w17.oracleGeneral.bin.zst__lru__Mithril__16mb__w1000.log,ok
w17.oracleGeneral.bin.zst,oracleGeneral,lru,Mithril,1gb,1000,0.1810,0.2459,31398089,6286341,0,0,0,0,11869492,45331,14603,30728,./results/cp_sweep_intensity/logs/w17.oracleGeneral.bin.zst__lru__Mithril__1gb__w1000.log,ok
w17.oracleGeneral.bin.zst,oracleGeneral,lru,Mithril,16mb,10000,0.7466,0.7411,31398089,12516182,6745638,4289230,225696,2230712,35956246,5146795,1413363,3733432,./results/cp_sweep_intensity/logs/w17.oracleGeneral.bin.zst__lru__Mithril__16mb__w10000.log,ok
w17.oracleGeneral.bin.zst,oracleGeneral,fifo,Mithril,16mb,100,0.7471,0.7408,31398089,12552454,1140,672,157,311,36006476,82722,14729,67993,./results/cp_sweep_intensity/logs/w17.oracleGeneral.bin.zst__fifo__Mithril__16mb__w100.log,ok
w17.oracleGeneral.bin.zst,oracleGeneral,lru,Mithril,64mb,1000,0.5734,0.5694,31398089,17991105,1880,1140,287,453,35986536,1116690,213069,903621,./results/cp_sweep_intensity/logs/w17.oracleGeneral.bin.zst__lru__Mithril__64mb__w1000.log,ok
w17.oracleGeneral.bin.zst,oracleGeneral,lru,Mithril,256mb,1000,0.2986,0.3641,31398089,15420388,0,0,0,0,24766812,760695,268044,492651,./results/cp_sweep_intensity/logs/w17.oracleGeneral.bin.zst__lru__Mithril__256mb__w1000.log,ok
w07.oracleGeneral.bin.zst,oracleGeneral,lru,Mithril,256mb,10000,0.6771,0.7708,67427405,39028052,855,235,518,102,84646250,2083697,158609,1925088,./results/cp_sweep_intensity/logs/w07.oracleGeneral.bin.zst__lru__Mithril__256mb__w10000.log,ok
w17.oracleGeneral.bin.zst,oracleGeneral,fifo,Mithril,64mb,100,0.5749,0.5715,31398089,18010062,0,0,0,0,36052904,111587,16301,95286,./results/cp_sweep_intensity/logs/w17.oracleGeneral.bin.zst__fifo__Mithril__64mb__w100.log,ok
w17.oracleGeneral.bin.zst,oracleGeneral,fifo,Mithril,16mb,1000,0.7471,0.7408,31398089,12552454,2828201,1625390,38066,1164745,36006476,755517,158792,596725,./results/cp_sweep_intensity/logs/w17.oracleGeneral.bin.zst__fifo__Mithril__16mb__w1000.log,ok
w17.oracleGeneral.bin.zst,oracleGeneral,fifo,Mithril,1gb,100,0.1962,0.2602,31398089,6891754,0,0,0,0,12953607,5559,979,4580,./results/cp_sweep_intensity/logs/w17.oracleGeneral.bin.zst__fifo__Mithril__1gb__w100.log,ok
w17.oracleGeneral.bin.zst,oracleGeneral,fifo,Mithril,256mb,100,0.3100,0.3727,31398089,16203493,0,0,0,0,25907202,66466,10932,55534,./results/cp_sweep_intensity/logs/w17.oracleGeneral.bin.zst__fifo__Mithril__256mb__w100.log,ok
w17.oracleGeneral.bin.zst,oracleGeneral,lru,Mithril,1gb,10000,0.1810,0.2459,31398089,6286341,0,0,0,0,11869492,524858,240026,284832,./results/cp_sweep_intensity/logs/w17.oracleGeneral.bin.zst__lru__Mithril__1gb__w10000.log,ok
w17.oracleGeneral.bin.zst,oracleGeneral,fifo,Mithril,16mb,10000,0.7471,0.7408,31398089,12552454,6761539,4299703,230407,2231429,36006476,5169756,1422770,3746986,./results/cp_sweep_intensity/logs/w17.oracleGeneral.bin.zst__fifo__Mithril__16mb__w10000.log,ok
w17.oracleGeneral.bin.zst,oracleGeneral,fifo,Mithril,1gb,1000,0.1962,0.2602,31398089,6891754,0,0,0,0,12953607,61408,17747,43661,./results/cp_sweep_intensity/logs/w17.oracleGeneral.bin.zst__fifo__Mithril__1gb__w1000.log,ok
w17.oracleGeneral.bin.zst,oracleGeneral,sieve,Mithril,16mb,1000,0.7427,0.7409,31398089,12315343,5583296,3664807,177988,1740501,35632865,735417,134252,601165,./results/cp_sweep_intensity/logs/w17.oracleGeneral.bin.zst__sieve__Mithril__16mb__w1000.log,ok
w17.oracleGeneral.bin.zst,oracleGeneral,sieve,Mithril,16mb,100,0.7427,0.7409,31398089,12315343,1012241,668880,24847,318514,35632865,128023,20383,107640,./results/cp_sweep_intensity/logs/w17.oracleGeneral.bin.zst__sieve__Mithril__16mb__w100.log,ok
w13.oracleGeneral.bin.zst,oracleGeneral,sieve,Mithril,256mb,10000,0.6306,0.6328,39822877,27929508,19274236,12989409,2991875,3292952,53030057,7225952,1451209,5774743,./results/cp_sweep_intensity/logs/w13.oracleGeneral.bin.zst__sieve__Mithril__256mb__w10000.log,ok
w17.oracleGeneral.bin.zst,oracleGeneral,fifo,Mithril,256mb,1000,0.3100,0.3727,31398089,16203493,0,0,0,0,25907202,663030,131185,531845,./results/cp_sweep_intensity/logs/w17.oracleGeneral.bin.zst__fifo__Mithril__256mb__w1000.log,ok
w17.oracleGeneral.bin.zst,oracleGeneral,fifo,Mithril,64mb,1000,0.5749,0.5715,31398089,18010062,1999,1190,330,479,36052904,1113938,210546,903392,./results/cp_sweep_intensity/logs/w17.oracleGeneral.bin.zst__fifo__Mithril__64mb__w1000.log,ok
w07.oracleGeneral.bin.zst,oracleGeneral,lru,Mithril,1gb,10000,0.4815,0.5787,67427405,44394744,0,0,0,0,76732818,1334158,139576,1194582,./results/cp_sweep_intensity/logs/w07.oracleGeneral.bin.zst__lru__Mithril__1gb__w10000.log,ok
w17.oracleGeneral.bin.zst,oracleGeneral,sieve,Mithril,64mb,100,0.5676,0.5673,31398089,18141308,488699,315349,23256,150094,35957486,133006,23777,109229,./results/cp_sweep_intensity/logs/w17.oracleGeneral.bin.zst__sieve__Mithril__64mb__w100.log,ok
w17.oracleGeneral.bin.zst,oracleGeneral,sieve,Mithril,16mb,10000,0.7427,0.7409,31398089,12315343,7120504,4780551,269835,2070118,35632865,5049949,1197108,3852841,./results/cp_sweep_intensity/logs/w17.oracleGeneral.bin.zst__sieve__Mithril__16mb__w10000.log,ok
w17.oracleGeneral.bin.zst,oracleGeneral,sieve,Mithril,256mb,100,0.2814,0.3513,31398089,17272244,163206,101887,23976,37343,26081407,59488,9364,50124,./results/cp_sweep_intensity/logs/w17.oracleGeneral.bin.zst__sieve__Mithril__256mb__w100.log,ok
w17.oracleGeneral.bin.zst,oracleGeneral,sieve,Mithril,1gb,100,0.1803,0.2463,31398089,8774145,31105,12387,12084,6634,14339338,12329,369,11960,./results/cp_sweep_intensity/logs/w17.oracleGeneral.bin.zst__sieve__Mithril__1gb__w100.log,ok
w18.oracleGeneral.bin.zst,oracleGeneral,lru,Mithril,16mb,100,0.7693,0.7527,22466283,5502454,1008,541,112,355,22783829,110500,20758,89742,./results/cp_sweep_intensity/logs/w18.oracleGeneral.bin.zst__lru__Mithril__16mb__w100.log,ok
w17.oracleGeneral.bin.zst,oracleGeneral,sieve,Mithril,1gb,1000,0.1803,0.2463,31398089,8774145,421524,170153,156232,95139,14339338,125820,4001,121819,./results/cp_sweep_intensity/logs/w17.oracleGeneral.bin.zst__sieve__Mithril__1gb__w1000.log,ok
w18.oracleGeneral.bin.zst,oracleGeneral,lru,Mithril,16mb,1000,0.7693,0.7527,22466283,5502454,1971797,888880,161379,921538,22783829,798777,223311,575466,./results/cp_sweep_intensity/logs/w18.oracleGeneral.bin.zst__lru__Mithril__16mb__w1000.log,ok
w17.oracleGeneral.bin.zst,oracleGeneral,fifo,Mithril,1gb,10000,0.1962,0.2602,31398089,6891754,0,0,0,0,12953607,678137,323793,354344,./results/cp_sweep_intensity/logs/w17.oracleGeneral.bin.zst__fifo__Mithril__1gb__w10000.log,ok
w07.oracleGeneral.bin.zst,oracleGeneral,sieve,Mithril,256mb,10000,0.6675,0.7665,67427405,38904795,11111306,8175024,474965,2461317,83875186,2922923,183617,2739306,./results/cp_sweep_intensity/logs/w07.oracleGeneral.bin.zst__sieve__Mithril__256mb__w10000.log,ok
w18.oracleGeneral.bin.zst,oracleGeneral,lru,Mithril,64mb,100,0.7245,0.6736,22466283,6652489,31,16,11,4,22926085,67994,13053,54941,./results/cp_sweep_intensity/logs/w18.oracleGeneral.bin.zst__lru__Mithril__64mb__w100.log,ok
w18.oracleGeneral.bin.zst,oracleGeneral,lru,Mithril,16mb,10000,0.7693,0.7527,22466283,5502454,3094412,1462192,302482,1329738,22783829,3346428,1352217,1994211,./results/cp_sweep_intensity/logs/w18.oracleGeneral.bin.zst__lru__Mithril__16mb__w10000.log,ok
w17.oracleGeneral.bin.zst,oracleGeneral,sieve,Mithril,64mb,1000,0.5676,0.5673,31398089,18141308,3657803,2314873,185294,1157636,35957486,1074622,219680,854942,./results/cp_sweep_intensity/logs/w17.oracleGeneral.bin.zst__sieve__Mithril__64mb__w1000.log,ok
w17.oracleGeneral.bin.zst,oracleGeneral,sieve,Mithril,256mb,1000,0.2814,0.3513,31398089,17272244,1762014,1097347,280293,384374,26081407,550396,91717,458679,./results/cp_sweep_intensity/logs/w17.oracleGeneral.bin.zst__sieve__Mithril__256mb__w1000.log,ok
w18.oracleGeneral.bin.zst,oracleGeneral,lru,Mithril,256mb,100,0.6888,0.6302,22466283,5961753,0,0,0,0,21428516,37550,7901,29649,./results/cp_sweep_intensity/logs/w18.oracleGeneral.bin.zst__lru__Mithril__256mb__w100.log,ok
w18.oracleGeneral.bin.zst,oracleGeneral,lru,Mithril,1gb,100,0.4156,0.4693,22466283,9118777,0,0,0,0,18421750,3387,1114,2273,./results/cp_sweep_intensity/logs/w18.oracleGeneral.bin.zst__lru__Mithril__1gb__w100.log,ok
w18.oracleGeneral.bin.zst,oracleGeneral,lru,Mithril,64mb,1000,0.7245,0.6736,22466283,6652489,10825,5672,2079,3074,22926085,570345,160148,410197,./results/cp_sweep_intensity/logs/w18.oracleGeneral.bin.zst__lru__Mithril__64mb__w1000.log,ok
w18.oracleGeneral.bin.zst,oracleGeneral,lru,Mithril,1gb,1000,0.4156,0.4693,22466283,9118777,0,0,0,0,18421750,31262,11786,19476,./results/cp_sweep_intensity/logs/w18.oracleGeneral.bin.zst__lru__Mithril__1gb__w1000.log,ok
w18.oracleGeneral.bin.zst,oracleGeneral,lru,Mithril,256mb,1000,0.6888,0.6302,22466283,5961753,0,0,0,0,21428516,334409,92413,241996,./results/cp_sweep_intensity/logs/w18.oracleGeneral.bin.zst__lru__Mithril__256mb__w1000.log,ok
w07.oracleGeneral.bin.zst,oracleGeneral,fifo,Mithril,256mb,10000,0.6802,0.7727,67427405,39119371,824,221,500,103,84944455,2153224,180945,1972279,./results/cp_sweep_intensity/logs/w07.oracleGeneral.bin.zst__fifo__Mithril__256mb__w10000.log,ok
w18.oracleGeneral.bin.zst,oracleGeneral,fifo,Mithril,16mb,100,0.7743,0.7556,22466283,5538368,987,551,134,302,22933925,124735,32837,91898,./results/cp_sweep_intensity/logs/w18.oracleGeneral.bin.zst__fifo__Mithril__16mb__w100.log,ok
w18.oracleGeneral.bin.zst,oracleGeneral,fifo,Mithril,16mb,1000,0.7743,0.7556,22466283,5538368,1954963,877114,167749,910100,22933925,833024,257735,575289,./results/cp_sweep_intensity/logs/w18.oracleGeneral.bin.zst__fifo__Mithril__16mb__w1000.log,ok
w18.oracleGeneral.bin.zst,oracleGeneral,fifo,Mithril,64mb,100,0.7292,0.6768,22466283,6768656,37,16,16,5,23148576,78846,18669,60177,./results/cp_sweep_intensity/logs/w18.oracleGeneral.bin.zst__fifo__Mithril__64mb__w100.log,ok
w18.oracleGeneral.bin.zst,oracleGeneral,fifo,Mithril,16mb,10000,0.7743,0.7556,22466283,5538368,3097407,1454762,316429,1326216,22933925,3387872,1390268,1997604,./results/cp_sweep_intensity/logs/w18.oracleGeneral.bin.zst__fifo__Mithril__16mb__w10000.log,ok
w17.oracleGeneral.bin.zst,oracleGeneral,sieve,Mithril,64mb,10000,0.5676,0.5673,31398089,18141308,9869531,6249407,623097,2997027,35957486,6938684,1890160,5048524,./results/cp_sweep_intensity/logs/w17.oracleGeneral.bin.zst__sieve__Mithril__64mb__w10000.log,ok
w18.oracleGeneral.bin.zst,oracleGeneral,lru,Mithril,64mb,10000,0.7245,0.6736,22466283,6652489,3498481,1885457,399874,1213150,22926085,3033369,1287775,1745594,./results/cp_sweep_intensity/logs/w18.oracleGeneral.bin.zst__lru__Mithril__64mb__w10000.log,ok
w18.oracleGeneral.bin.zst,oracleGeneral,fifo,Mithril,256mb,100,0.6932,0.6325,22466283,6012519,0,0,0,0,21577447,35865,6500,29365,./results/cp_sweep_intensity/logs/w18.oracleGeneral.bin.zst__fifo__Mithril__256mb__w100.log,ok
w18.oracleGeneral.bin.zst,oracleGeneral,fifo,Mithril,64mb,1000,0.7292,0.6768,22466283,6768656,10996,5742,2047,3207,23148576,616701,193039,423662,./results/cp_sweep_intensity/logs/w18.oracleGeneral.bin.zst__fifo__Mithril__64mb__w1000.log,ok
w18.oracleGeneral.bin.zst,oracleGeneral,fifo,Mithril,1gb,100,0.4214,0.4761,22466283,9360068,0,0,0,0,18790886,5421,1352,4069,./results/cp_sweep_intensity/logs/w18.oracleGeneral.bin.zst__fifo__Mithril__1gb__w100.log,ok
w18.oracleGeneral.bin.zst,oracleGeneral,fifo,Mithril,1gb,1000,0.4214,0.4761,22466283,9360068,0,0,0,0,18790886,55458,20623,34835,./results/cp_sweep_intensity/logs/w18.oracleGeneral.bin.zst__fifo__Mithril__1gb__w1000.log,ok
w18.oracleGeneral.bin.zst,oracleGeneral,fifo,Mithril,256mb,1000,0.6932,0.6325,22466283,6012519,0,0,0,0,21577447,333917,97843,236074,./results/cp_sweep_intensity/logs/w18.oracleGeneral.bin.zst__fifo__Mithril__256mb__w1000.log,ok
w18.oracleGeneral.bin.zst,oracleGeneral,sieve,Mithril,16mb,100,0.7664,0.7567,22466283,5481403,641500,318645,56798,266057,22698551,165415,19186,146229,./results/cp_sweep_intensity/logs/w18.oracleGeneral.bin.zst__sieve__Mithril__16mb__w100.log,ok
w18.oracleGeneral.bin.zst,oracleGeneral,sieve,Mithril,16mb,10000,0.7664,0.7567,22466283,5481403,3379514,1686688,362016,1330810,22698551,3375801,1123814,2251987,./results/cp_sweep_intensity/logs/w18.oracleGeneral.bin.zst__sieve__Mithril__16mb__w10000.log,ok
w18.oracleGeneral.bin.zst,oracleGeneral,sieve,Mithril,16mb,1000,0.7664,0.7567,22466283,5481403,2985446,1476467,306494,1202485,22698551,866715,143093,723622,./results/cp_sweep_intensity/logs/w18.oracleGeneral.bin.zst__sieve__Mithril__16mb__w1000.log,ok
w18.oracleGeneral.bin.zst,oracleGeneral,sieve,Mithril,64mb,100,0.7247,0.6773,22466283,6890563,290741,167659,30587,92495,23169487,109418,12212,97206,./results/cp_sweep_intensity/logs/w18.oracleGeneral.bin.zst__sieve__Mithril__64mb__w100.log,ok
w18.oracleGeneral.bin.zst,oracleGeneral,lru,Mithril,1gb,10000,0.4156,0.4693,22466283,9118777,0,0,0,0,18421750,236674,102182,134492,./results/cp_sweep_intensity/logs/w18.oracleGeneral.bin.zst__lru__Mithril__1gb__w10000.log,ok
w18.oracleGeneral.bin.zst,oracleGeneral,sieve,Mithril,256mb,100,0.6800,0.6184,22466283,5304796,80847,49444,14481,16922,20572431,33341,3140,30201,./results/cp_sweep_intensity/logs/w18.oracleGeneral.bin.zst__sieve__Mithril__256mb__w100.log,ok
w18.oracleGeneral.bin.zst,oracleGeneral,fifo,Mithril,64mb,10000,0.7292,0.6768,22466283,6768656,3528957,1884797,407618,1236542,23148576,3143898,1368494,1775404,./results/cp_sweep_intensity/logs/w18.oracleGeneral.bin.zst__fifo__Mithril__64mb__w10000.log,ok
w18.oracleGeneral.bin.zst,oracleGeneral,sieve,Mithril,64mb,1000,0.7247,0.6773,22466283,6890563,2296815,1303423,255064,738328,23169487,687749,124855,562894,./results/cp_sweep_intensity/logs/w18.oracleGeneral.bin.zst__sieve__Mithril__64mb__w1000.log,ok
w18.oracleGeneral.bin.zst,oracleGeneral,sieve,Mithril,256mb,1000,0.6800,0.6184,22466283,5304796,772447,471154,141038,160255,20572431,244896,24540,220356,./results/cp_sweep_intensity/logs/w18.oracleGeneral.bin.zst__sieve__Mithril__256mb__w1000.log,ok
w18.oracleGeneral.bin.zst,oracleGeneral,sieve,Mithril,1gb,100,0.4139,0.4705,22466283,8867283,8854,5082,1698,2074,18126002,4722,290,4432,./results/cp_sweep_intensity/logs/w18.oracleGeneral.bin.zst__sieve__Mithril__1gb__w100.log,ok
w07.oracleGeneral.bin.zst,oracleGeneral,fifo,Mithril,1gb,10000,0.4882,0.5825,67427405,44847226,0,0,0,0,77639996,1429660,144826,1284834,./results/cp_sweep_intensity/logs/w07.oracleGeneral.bin.zst__fifo__Mithril__1gb__w10000.log,ok
w19.oracleGeneral.bin.zst,oracleGeneral,lru,Mithril,16mb,100,,,,,,,,,,,,,./results/cp_sweep_intensity/logs/w19.oracleGeneral.bin.zst__lru__Mithril__16mb__w100.log,fail:134
w18.oracleGeneral.bin.zst,oracleGeneral,sieve,Mithril,64mb,10000,0.7247,0.6773,22466283,6890563,4284972,2446637,502763,1335572,23169487,3257502,1085272,2172230,./results/cp_sweep_intensity/logs/w18.oracleGeneral.bin.zst__sieve__Mithril__64mb__w10000.log,ok
w18.oracleGeneral.bin.zst,oracleGeneral,sieve,Mithril,1gb,1000,0.4139,0.4705,22466283,8867283,84185,42655,23356,18174,18126002,41222,5725,35497,./results/cp_sweep_intensity/logs/w18.oracleGeneral.bin.zst__sieve__Mithril__1gb__w1000.log,ok
w19.oracleGeneral.bin.zst,oracleGeneral,lru,Mithril,16mb,1000,,,,,,,,,,,,,./results/cp_sweep_intensity/logs/w19.oracleGeneral.bin.zst__lru__Mithril__16mb__w1000.log,fail:134
w19.oracleGeneral.bin.zst,oracleGeneral,lru,Mithril,64mb,100,,,,,,,,,,,,,./results/cp_sweep_intensity/logs/w19.oracleGeneral.bin.zst__lru__Mithril__64mb__w100.log,fail:134
w19.oracleGeneral.bin.zst,oracleGeneral,lru,Mithril,16mb,10000,,,,,,,,,,,,,./results/cp_sweep_intensity/logs/w19.oracleGeneral.bin.zst__lru__Mithril__16mb__w10000.log,fail:134
w17.oracleGeneral.bin.zst,oracleGeneral,sieve,Mithril,1gb,10000,0.1803,0.2463,31398089,8774145,2732401,1107635,1047903,576863,14339338,1979840,57602,1922238,./results/cp_sweep_intensity/logs/w17.oracleGeneral.bin.zst__sieve__Mithril__1gb__w10000.log,ok
w18.oracleGeneral.bin.zst,oracleGeneral,fifo,Mithril,1gb,10000,0.4214,0.4761,22466283,9360068,0,0,0,0,18790886,371223,177742,193481,./results/cp_sweep_intensity/logs/w18.oracleGeneral.bin.zst__fifo__Mithril__1gb__w10000.log,ok
w19.oracleGeneral.bin.zst,oracleGeneral,lru,Mithril,64mb,1000,,,,,,,,,,,,,./results/cp_sweep_intensity/logs/w19.oracleGeneral.bin.zst__lru__Mithril__64mb__w1000.log,fail:134
w18.oracleGeneral.bin.zst,oracleGeneral,lru,Mithril,256mb,10000,0.6888,0.6302,22466283,5961753,1189502,594377,260098,335027,21428516,1782871,939351,843520,./results/cp_sweep_intensity/logs/w18.oracleGeneral.bin.zst__lru__Mithril__256mb__w10000.log,ok
w17.oracleGeneral.bin.zst,oracleGeneral,lru,Mithril,64mb,10000,0.5734,0.5694,31398089,17991105,6999415,3834755,374923,2789737,35986536,6684252,2313724,4370528,./results/cp_sweep_intensity/logs/w17.oracleGeneral.bin.zst__lru__Mithril__64mb__w10000.log,ok
w19.oracleGeneral.bin.zst,oracleGeneral,fifo,Mithril,16mb,100,,,,,,,,,,,,,./results/cp_sweep_intensity/logs/w19.oracleGeneral.bin.zst__fifo__Mithril__16mb__w100.log,fail:134
w18.oracleGeneral.bin.zst,oracleGeneral,sieve,Mithril,256mb,10000,0.6800,0.6184,22466283,5304796,3357354,2068830,595126,693398,20572431,1388730,209575,1179155,./results/cp_sweep_intensity/logs/w18.oracleGeneral.bin.zst__sieve__Mithril__256mb__w10000.log,ok
w17.oracleGeneral.bin.zst,oracleGeneral,lru,Mithril,256mb,10000,0.2986,0.3641,31398089,15420388,63031,31822,15607,15602,24766812,5264241,2555614,2708627,./results/cp_sweep_intensity/logs/w17.oracleGeneral.bin.zst__lru__Mithril__256mb__w10000.log,ok
w19.oracleGeneral.bin.zst,oracleGeneral,fifo,Mithril,16mb,1000,,,,,,,,,,,,,./results/cp_sweep_intensity/logs/w19.oracleGeneral.bin.zst__fifo__Mithril__16mb__w1000.log,fail:134
w19.oracleGeneral.bin.zst,oracleGeneral,fifo,Mithril,16mb,10000,,,,,,,,,,,,,./results/cp_sweep_intensity/logs/w19.oracleGeneral.bin.zst__fifo__Mithril__16mb__w10000.log,fail:134
w19.oracleGeneral.bin.zst,oracleGeneral,fifo,Mithril,64mb,100,,,,,,,,,,,,,./results/cp_sweep_intensity/logs/w19.oracleGeneral.bin.zst__fifo__Mithril__64mb__w100.log,fail:134
w19.oracleGeneral.bin.zst,oracleGeneral,lru,Mithril,1gb,100,0.1887,0.1581,31116216,36040334,0,0,0,0,41884876,136578,91241,45337,./results/cp_sweep_intensity/logs/w19.oracleGeneral.bin.zst__lru__Mithril__1gb__w100.log,ok
w19.oracleGeneral.bin.zst,oracleGeneral,lru,Mithril,256mb,100,0.2051,0.1661,31116216,45156750,0,0,0,0,51528270,63459,10437,53022,./results/cp_sweep_intensity/logs/w19.oracleGeneral.bin.zst__lru__Mithril__256mb__w100.log,ok
w18.oracleGeneral.bin.zst,oracleGeneral,sieve,Mithril,1gb,10000,0.4139,0.4705,22466283,8867283,555980,276167,166533,113280,18126002,248076,42002,206074,./results/cp_sweep_intensity/logs/w18.oracleGeneral.bin.zst__sieve__Mithril__1gb__w10000.log,ok
w17.oracleGeneral.bin.zst,oracleGeneral,fifo,Mithril,64mb,10000,0.5749,0.5715,31398089,18010062,6792978,3696863,355974,2740141,36052904,6680133,2305663,4374470,./results/cp_sweep_intensity/logs/w17.oracleGeneral.bin.zst__fifo__Mithril__64mb__w10000.log,ok
w19.oracleGeneral.bin.zst,oracleGeneral,fifo,Mithril,64mb,1000,,,,,,,,,,,,,./results/cp_sweep_intensity/logs/w19.oracleGeneral.bin.zst__fifo__Mithril__64mb__w1000.log,fail:134
w19.oracleGeneral.bin.zst,oracleGeneral,lru,Mithril,64mb,10000,,,,,,,,,,,,,./results/cp_sweep_intensity/logs/w19.oracleGeneral.bin.zst__lru__Mithril__64mb__w10000.log,fail:134
w19.oracleGeneral.bin.zst,oracleGeneral,sieve,Mithril,16mb,100,,,,,,,,,,,,,./results/cp_sweep_intensity/logs/w19.oracleGeneral.bin.zst__sieve__Mithril__16mb__w100.log,fail:134
w18.oracleGeneral.bin.zst,oracleGeneral,fifo,Mithril,256mb,10000,0.6932,0.6325,22466283,6012519,992647,489947,225865,276835,21577447,1876277,1040037,836240,./results/cp_sweep_intensity/logs/w18.oracleGeneral.bin.zst__fifo__Mithril__256mb__w10000.log,ok
w19.oracleGeneral.bin.zst,oracleGeneral,sieve,Mithril,16mb,1000,,,,,,,,,,,,,./results/cp_sweep_intensity/logs/w19.oracleGeneral.bin.zst__sieve__Mithril__16mb__w1000.log,fail:134
w13.oracleGeneral.bin.zst,oracleGeneral,lru,Mithril,1gb,10000,0.4358,0.4467,39822877,22586022,0,0,0,0,39894966,4555369,1715898,2839471,./results/cp_sweep_intensity/logs/w13.oracleGeneral.bin.zst__lru__Mithril__1gb__w10000.log,ok
w19.oracleGeneral.bin.zst,oracleGeneral,sieve,Mithril,16mb,10000,,,,,,,,,,,,,./results/cp_sweep_intensity/logs/w19.oracleGeneral.bin.zst__sieve__Mithril__16mb__w10000.log,fail:134
w19.oracleGeneral.bin.zst,oracleGeneral,sieve,Mithril,64mb,100,,,,,,,,,,,,,./results/cp_sweep_intensity/logs/w19.oracleGeneral.bin.zst__sieve__Mithril__64mb__w100.log,fail:134
w19.oracleGeneral.bin.zst,oracleGeneral,fifo,Mithril,256mb,100,0.2059,0.1662,31116216,45209972,0,0,0,0,51608403,67412,10503,56909,./results/cp_sweep_intensity/logs/w19.oracleGeneral.bin.zst__fifo__Mithril__256mb__w100.log,ok
w19.oracleGeneral.bin.zst,oracleGeneral,fifo,Mithril,1gb,100,0.1885,0.1572,31116216,35790492,0,0,0,0,41629163,82035,42414,39621,./results/cp_sweep_intensity/logs/w19.oracleGeneral.bin.zst__fifo__Mithril__1gb__w100.log,ok
w19.oracleGeneral.bin.zst,oracleGeneral,sieve,Mithril,64mb,1000,,,,,,,,,,,,,./results/cp_sweep_intensity/logs/w19.oracleGeneral.bin.zst__sieve__Mithril__64mb__w1000.log,fail:134
w19.oracleGeneral.bin.zst,oracleGeneral,fifo,Mithril,64mb,10000,,,,,,,,,,,,,./results/cp_sweep_intensity/logs/w19.oracleGeneral.bin.zst__fifo__Mithril__64mb__w10000.log,fail:134
w19.oracleGeneral.bin.zst,oracleGeneral,sieve,Mithril,64mb,10000,,,,,,,,,,,,,./results/cp_sweep_intensity/logs/w19.oracleGeneral.bin.zst__sieve__Mithril__64mb__w10000.log,fail:134
w20.oracleGeneral.bin.zst,oracleGeneral,lru,Mithril,16mb,100,,,,,,,,,,,,,./results/cp_sweep_intensity/logs/w20.oracleGeneral.bin.zst__lru__Mithril__16mb__w100.log,fail:134
w20.oracleGeneral.bin.zst,oracleGeneral,lru,Mithril,16mb,1000,,,,,,,,,,,,,./results/cp_sweep_intensity/logs/w20.oracleGeneral.bin.zst__lru__Mithril__16mb__w1000.log,fail:134
w20.oracleGeneral.bin.zst,oracleGeneral,lru,Mithril,16mb,10000,,,,,,,,,,,,,./results/cp_sweep_intensity/logs/w20.oracleGeneral.bin.zst__lru__Mithril__16mb__w10000.log,fail:134
w17.oracleGeneral.bin.zst,oracleGeneral,sieve,Mithril,256mb,10000,0.2814,0.3513,31398089,17272244,8541021,4973337,1782062,1785622,26081407,4701440,1195938,3505502,./results/cp_sweep_intensity/logs/w17.oracleGeneral.bin.zst__sieve__Mithril__256mb__w10000.log,ok
w20.oracleGeneral.bin.zst,oracleGeneral,lru,Mithril,64mb,100,,,,,,,,,,,,,./results/cp_sweep_intensity/logs/w20.oracleGeneral.bin.zst__lru__Mithril__64mb__w100.log,fail:134
w20.oracleGeneral.bin.zst,oracleGeneral,lru,Mithril,64mb,1000,,,,,,,,,,,,,./results/cp_sweep_intensity/logs/w20.oracleGeneral.bin.zst__lru__Mithril__64mb__w1000.log,fail:134
w17.oracleGeneral.bin.zst,oracleGeneral,fifo,Mithril,256mb,10000,0.3100,0.3727,31398089,16203493,50066,25410,11640,13016,25907202,5810180,2773537,3036643,./results/cp_sweep_intensity/logs/w17.oracleGeneral.bin.zst__fifo__Mithril__256mb__w10000.log,ok
w20.oracleGeneral.bin.zst,oracleGeneral,lru,Mithril,256mb,100,,,,,,,,,,,,,./results/cp_sweep_intensity/logs/w20.oracleGeneral.bin.zst__lru__Mithril__256mb__w100.log,fail:134
w20.oracleGeneral.bin.zst,oracleGeneral,lru,Mithril,64mb,10000,,,,,,,,,,,,,./results/cp_sweep_intensity/logs/w20.oracleGeneral.bin.zst__lru__Mithril__64mb__w10000.log,fail:134
w20.oracleGeneral.bin.zst,oracleGeneral,lru,Mithril,256mb,1000,,,,,,,,,,,,,./results/cp_sweep_intensity/logs/w20.oracleGeneral.bin.zst__lru__Mithril__256mb__w1000.log,fail:134
w20.oracleGeneral.bin.zst,oracleGeneral,lru,Mithril,256mb,10000,,,,,,,,,,,,,./results/cp_sweep_intensity/logs/w20.oracleGeneral.bin.zst__lru__Mithril__256mb__w10000.log,fail:134
w19.oracleGeneral.bin.zst,oracleGeneral,sieve,Mithril,256mb,100,0.2203,0.1835,31116216,46120568,944489,516103,87909,340477,52967637,112091,30933,81158,./results/cp_sweep_intensity/logs/w19.oracleGeneral.bin.zst__sieve__Mithril__256mb__w100.log,ok
w19.oracleGeneral.bin.zst,oracleGeneral,sieve,Mithril,1gb,100,0.1944,0.1581,31116216,36093103,309726,171165,31886,106675,42110028,76526,31223,45303,./results/cp_sweep_intensity/logs/w19.oracleGeneral.bin.zst__sieve__Mithril__1gb__w100.log,ok
w20.oracleGeneral.bin.zst,oracleGeneral,fifo,Mithril,16mb,1000,,,,,,,,,,,,,./results/cp_sweep_intensity/logs/w20.oracleGeneral.bin.zst__fifo__Mithril__16mb__w1000.log,fail:134
w20.oracleGeneral.bin.zst,oracleGeneral,fifo,Mithril,16mb,100,,,,,,,,,,,,,./results/cp_sweep_intensity/logs/w20.oracleGeneral.bin.zst__fifo__Mithril__16mb__w100.log,fail:134
w20.oracleGeneral.bin.zst,oracleGeneral,fifo,Mithril,16mb,10000,,,,,,,,,,,,,./results/cp_sweep_intensity/logs/w20.oracleGeneral.bin.zst__fifo__Mithril__16mb__w10000.log,fail:134
w20.oracleGeneral.bin.zst,oracleGeneral,fifo,Mithril,64mb,100,,,,,,,,,,,,,./results/cp_sweep_intensity/logs/w20.oracleGeneral.bin.zst__fifo__Mithril__64mb__w100.log,fail:134
w20.oracleGeneral.bin.zst,oracleGeneral,lru,Mithril,1gb,100,0.6767,0.8439,29842317,6991573,0,0,0,0,27176362,8907,563,8344,./results/cp_sweep_intensity/logs/w20.oracleGeneral.bin.zst__lru__Mithril__1gb__w100.log,ok
w20.oracleGeneral.bin.zst,oracleGeneral,fifo,Mithril,64mb,1000,,,,,,,,,,,,,./results/cp_sweep_intensity/logs/w20.oracleGeneral.bin.zst__fifo__Mithril__64mb__w1000.log,fail:134
w20.oracleGeneral.bin.zst,oracleGeneral,fifo,Mithril,256mb,100,,,,,,,,,,,,,./results/cp_sweep_intensity/logs/w20.oracleGeneral.bin.zst__fifo__Mithril__256mb__w100.log,fail:134
w20.oracleGeneral.bin.zst,oracleGeneral,fifo,Mithril,64mb,10000,,,,,,,,,,,,,./results/cp_sweep_intensity/logs/w20.oracleGeneral.bin.zst__fifo__Mithril__64mb__w10000.log,fail:134
w20.oracleGeneral.bin.zst,oracleGeneral,fifo,Mithril,256mb,1000,,,,,,,,,,,,,./results/cp_sweep_intensity/logs/w20.oracleGeneral.bin.zst__fifo__Mithril__256mb__w1000.log,fail:134
w20.oracleGeneral.bin.zst,oracleGeneral,lru,Mithril,1gb,1000,0.6767,0.8439,29842317,6991573,0,0,0,0,27176362,70497,8053,62444,./results/cp_sweep_intensity/logs/w20.oracleGeneral.bin.zst__lru__Mithril__1gb__w1000.log,ok
w20.oracleGeneral.bin.zst,oracleGeneral,fifo,Mithril,256mb,10000,,,,,,,,,,,,,./results/cp_sweep_intensity/logs/w20.oracleGeneral.bin.zst__fifo__Mithril__256mb__w10000.log,fail:134
w20.oracleGeneral.bin.zst,oracleGeneral,sieve,Mithril,16mb,100,,,,,,,,,,,,,./results/cp_sweep_intensity/logs/w20.oracleGeneral.bin.zst__sieve__Mithril__16mb__w100.log,fail:134
w20.oracleGeneral.bin.zst,oracleGeneral,sieve,Mithril,16mb,1000,,,,,,,,,,,,,./results/cp_sweep_intensity/logs/w20.oracleGeneral.bin.zst__sieve__Mithril__16mb__w1000.log,fail:134
w20.oracleGeneral.bin.zst,oracleGeneral,sieve,Mithril,16mb,10000,,,,,,,,,,,,,./results/cp_sweep_intensity/logs/w20.oracleGeneral.bin.zst__sieve__Mithril__16mb__w10000.log,fail:134
w20.oracleGeneral.bin.zst,oracleGeneral,sieve,Mithril,64mb,100,,,,,,,,,,,,,./results/cp_sweep_intensity/logs/w20.oracleGeneral.bin.zst__sieve__Mithril__64mb__w100.log,fail:134
w20.oracleGeneral.bin.zst,oracleGeneral,fifo,Mithril,1gb,100,0.6796,0.8447,29842317,7040749,0,0,0,0,27313072,15471,2633,12838,./results/cp_sweep_intensity/logs/w20.oracleGeneral.bin.zst__fifo__Mithril__1gb__w100.log,ok
w20.oracleGeneral.bin.zst,oracleGeneral,sieve,Mithril,64mb,1000,,,,,,,,,,,,,./results/cp_sweep_intensity/logs/w20.oracleGeneral.bin.zst__sieve__Mithril__64mb__w1000.log,fail:134
w20.oracleGeneral.bin.zst,oracleGeneral,sieve,Mithril,64mb,10000,,,,,,,,,,,,,./results/cp_sweep_intensity/logs/w20.oracleGeneral.bin.zst__sieve__Mithril__64mb__w10000.log,fail:134
w20.oracleGeneral.bin.zst,oracleGeneral,sieve,Mithril,256mb,100,,,,,,,,,,,,,./results/cp_sweep_intensity/logs/w20.oracleGeneral.bin.zst__sieve__Mithril__256mb__w100.log,fail:134
w20.oracleGeneral.bin.zst,oracleGeneral,sieve,Mithril,256mb,1000,,,,,,,,,,,,,./results/cp_sweep_intensity/logs/w20.oracleGeneral.bin.zst__sieve__Mithril__256mb__w1000.log,fail:134
w20.oracleGeneral.bin.zst,oracleGeneral,sieve,Mithril,256mb,10000,,,,,,,,,,,,,./results/cp_sweep_intensity/logs/w20.oracleGeneral.bin.zst__sieve__Mithril__256mb__w10000.log,fail:134
w20.oracleGeneral.bin.zst,oracleGeneral,fifo,Mithril,1gb,1000,0.6796,0.8447,29842317,7040749,0,0,0,0,27313072,97423,18778,78645,./results/cp_sweep_intensity/logs/w20.oracleGeneral.bin.zst__fifo__Mithril__1gb__w1000.log,ok
w19.oracleGeneral.bin.zst,oracleGeneral,lru,Mithril,1gb,1000,0.1887,0.1581,31116216,36040334,0,0,0,0,41884876,1435153,928587,506566,./results/cp_sweep_intensity/logs/w19.oracleGeneral.bin.zst__lru__Mithril__1gb__w1000.log,ok
w21.oracleGeneral.bin.zst,oracleGeneral,lru,Mithril,16mb,100,,,,,,,,,,,,,./results/cp_sweep_intensity/logs/w21.oracleGeneral.bin.zst__lru__Mithril__16mb__w100.log,fail:134
w21.oracleGeneral.bin.zst,oracleGeneral,lru,Mithril,16mb,1000,,,,,,,,,,,,,./results/cp_sweep_intensity/logs/w21.oracleGeneral.bin.zst__lru__Mithril__16mb__w1000.log,fail:134
w21.oracleGeneral.bin.zst,oracleGeneral,lru,Mithril,16mb,10000,,,,,,,,,,,,,./results/cp_sweep_intensity/logs/w21.oracleGeneral.bin.zst__lru__Mithril__16mb__w10000.log,fail:134
w21.oracleGeneral.bin.zst,oracleGeneral,lru,Mithril,64mb,100,,,,,,,,,,,,,./results/cp_sweep_intensity/logs/w21.oracleGeneral.bin.zst__lru__Mithril__64mb__w100.log,fail:134
w20.oracleGeneral.bin.zst,oracleGeneral,sieve,Mithril,1gb,100,0.6748,0.8433,29842317,6913788,62471,46163,6146,10162,27043916,6623,265,6358,./results/cp_sweep_intensity/logs/w20.oracleGeneral.bin.zst__sieve__Mithril__1gb__w100.log,ok
w21.oracleGeneral.bin.zst,oracleGeneral,lru,Mithril,64mb,1000,,,,,,,,,,,,,./results/cp_sweep_intensity/logs/w21.oracleGeneral.bin.zst__lru__Mithril__64mb__w1000.log,fail:134
w21.oracleGeneral.bin.zst,oracleGeneral,lru,Mithril,64mb,10000,,,,,,,,,,,,,./results/cp_sweep_intensity/logs/w21.oracleGeneral.bin.zst__lru__Mithril__64mb__w10000.log,fail:134
w21.oracleGeneral.bin.zst,oracleGeneral,lru,Mithril,256mb,100,,,,,,,,,,,,,./results/cp_sweep_intensity/logs/w21.oracleGeneral.bin.zst__lru__Mithril__256mb__w100.log,fail:134
w21.oracleGeneral.bin.zst,oracleGeneral,lru,Mithril,256mb,1000,,,,,,,,,,,,,./results/cp_sweep_intensity/logs/w21.oracleGeneral.bin.zst__lru__Mithril__256mb__w1000.log,fail:134
w21.oracleGeneral.bin.zst,oracleGeneral,lru,Mithril,256mb,10000,,,,,,,,,,,,,./results/cp_sweep_intensity/logs/w21.oracleGeneral.bin.zst__lru__Mithril__256mb__w10000.log,fail:134
w13.oracleGeneral.bin.zst,oracleGeneral,fifo,Mithril,1gb,10000,0.4424,0.4539,39822877,22711863,0,0,0,0,40286575,4381169,1704225,2676944,./results/cp_sweep_intensity/logs/w13.oracleGeneral.bin.zst__fifo__Mithril__1gb__w10000.log,ok
w20.oracleGeneral.bin.zst,oracleGeneral,sieve,Mithril,1gb,1000,0.6748,0.8433,29842317,6913788,438928,323134,43559,72235,27043916,62428,2828,59600,./results/cp_sweep_intensity/logs/w20.oracleGeneral.bin.zst__sieve__Mithril__1gb__w1000.log,ok
w21.oracleGeneral.bin.zst,oracleGeneral,lru,Mithril,1gb,100,0.6361,0.4869,29416348,10005448,0,0,0,0,28699612,3352,101,3251,./results/cp_sweep_intensity/logs/w21.oracleGeneral.bin.zst__lru__Mithril__1gb__w100.log,ok
w21.oracleGeneral.bin.zst,oracleGeneral,fifo,Mithril,16mb,100,,,,,,,,,,,,,./results/cp_sweep_intensity/logs/w21.oracleGeneral.bin.zst__fifo__Mithril__16mb__w100.log,fail:134
w21.oracleGeneral.bin.zst,oracleGeneral,fifo,Mithril,16mb,1000,,,,,,,,,,,,,./results/cp_sweep_intensity/logs/w21.oracleGeneral.bin.zst__fifo__Mithril__16mb__w1000.log,fail:134
w21.oracleGeneral.bin.zst,oracleGeneral,fifo,Mithril,16mb,10000,,,,,,,,,,,,,./results/cp_sweep_intensity/logs/w21.oracleGeneral.bin.zst__fifo__Mithril__16mb__w10000.log,fail:134
w21.oracleGeneral.bin.zst,oracleGeneral,fifo,Mithril,64mb,100,,,,,,,,,,,,,./results/cp_sweep_intensity/logs/w21.oracleGeneral.bin.zst__fifo__Mithril__64mb__w100.log,fail:134
w21.oracleGeneral.bin.zst,oracleGeneral,fifo,Mithril,64mb,1000,,,,,,,,,,,,,./results/cp_sweep_intensity/logs/w21.oracleGeneral.bin.zst__fifo__Mithril__64mb__w1000.log,fail:134
w21.oracleGeneral.bin.zst,oracleGeneral,fifo,Mithril,64mb,10000,,,,,,,,,,,,,./results/cp_sweep_intensity/logs/w21.oracleGeneral.bin.zst__fifo__Mithril__64mb__w10000.log,fail:134
w21.oracleGeneral.bin.zst,oracleGeneral,fifo,Mithril,256mb,100,,,,,,,,,,,,,./results/cp_sweep_intensity/logs/w21.oracleGeneral.bin.zst__fifo__Mithril__256mb__w100.log,fail:134
w21.oracleGeneral.bin.zst,oracleGeneral,fifo,Mithril,256mb,1000,,,,,,,,,,,,,./results/cp_sweep_intensity/logs/w21.oracleGeneral.bin.zst__fifo__Mithril__256mb__w1000.log,fail:134
w21.oracleGeneral.bin.zst,oracleGeneral,fifo,Mithril,256mb,10000,,,,,,,,,,,,,./results/cp_sweep_intensity/logs/w21.oracleGeneral.bin.zst__fifo__Mithril__256mb__w10000.log,fail:134
w19.oracleGeneral.bin.zst,oracleGeneral,fifo,Mithril,1gb,1000,0.1885,0.1572,31116216,35790492,0,0,0,0,41629163,1106375,633905,472470,./results/cp_sweep_intensity/logs/w19.oracleGeneral.bin.zst__fifo__Mithril__1gb__w1000.log,ok
w21.oracleGeneral.bin.zst,oracleGeneral,lru,Mithril,1gb,1000,0.6361,0.4869,29416348,10005448,0,0,0,0,28699612,26405,1546,24859,./results/cp_sweep_intensity/logs/w21.oracleGeneral.bin.zst__lru__Mithril__1gb__w1000.log,ok
w21.oracleGeneral.bin.zst,oracleGeneral,sieve,Mithril,16mb,100,,,,,,,,,,,,,./results/cp_sweep_intensity/logs/w21.oracleGeneral.bin.zst__sieve__Mithril__16mb__w100.log,fail:134
w21.oracleGeneral.bin.zst,oracleGeneral,sieve,Mithril,16mb,1000,,,,,,,,,,,,,./results/cp_sweep_intensity/logs/w21.oracleGeneral.bin.zst__sieve__Mithril__16mb__w1000.log,fail:134
w21.oracleGeneral.bin.zst,oracleGeneral,sieve,Mithril,16mb,10000,,,,,,,,,,,,,./results/cp_sweep_intensity/logs/w21.oracleGeneral.bin.zst__sieve__Mithril__16mb__w10000.log,fail:134
w21.oracleGeneral.bin.zst,oracleGeneral,sieve,Mithril,64mb,100,,,,,,,,,,,,,./results/cp_sweep_intensity/logs/w21.oracleGeneral.bin.zst__sieve__Mithril__64mb__w100.log,fail:134
w21.oracleGeneral.bin.zst,oracleGeneral,sieve,Mithril,64mb,1000,,,,,,,,,,,,,./results/cp_sweep_intensity/logs/w21.oracleGeneral.bin.zst__sieve__Mithril__64mb__w1000.log,fail:134
w21.oracleGeneral.bin.zst,oracleGeneral,sieve,Mithril,64mb,10000,,,,,,,,,,,,,./results/cp_sweep_intensity/logs/w21.oracleGeneral.bin.zst__sieve__Mithril__64mb__w10000.log,fail:134
w21.oracleGeneral.bin.zst,oracleGeneral,sieve,Mithril,256mb,100,,,,,,,,,,,,,./results/cp_sweep_intensity/logs/w21.oracleGeneral.bin.zst__sieve__Mithril__256mb__w100.log,fail:134
w21.oracleGeneral.bin.zst,oracleGeneral,fifo,Mithril,1gb,1000,0.6371,0.4871,29416348,10012789,0,0,0,0,28737593,33363,5255,28108,./results/cp_sweep_intensity/logs/w21.oracleGeneral.bin.zst__fifo__Mithril__1gb__w1000.log,ok
w21.oracleGeneral.bin.zst,oracleGeneral,fifo,Mithril,1gb,100,0.6371,0.4871,29416348,10012789,0,0,0,0,28737593,4563,603,3960,./results/cp_sweep_intensity/logs/w21.oracleGeneral.bin.zst__fifo__Mithril__1gb__w100.log,ok
w21.oracleGeneral.bin.zst,oracleGeneral,sieve,Mithril,256mb,1000,,,,,,,,,,,,,./results/cp_sweep_intensity/logs/w21.oracleGeneral.bin.zst__sieve__Mithril__256mb__w1000.log,fail:134
w21.oracleGeneral.bin.zst,oracleGeneral,sieve,Mithril,256mb,10000,,,,,,,,,,,,,./results/cp_sweep_intensity/logs/w21.oracleGeneral.bin.zst__sieve__Mithril__256mb__w10000.log,fail:134
w21.oracleGeneral.bin.zst,oracleGeneral,sieve,Mithril,1gb,100,,,,,,,,,,,,,./results/cp_sweep_intensity/logs/w21.oracleGeneral.bin.zst__sieve__Mithril__1gb__w100.log,fail:134
w21.oracleGeneral.bin.zst,oracleGeneral,sieve,Mithril,1gb,1000,,,,,,,,,,,,,./results/cp_sweep_intensity/logs/w21.oracleGeneral.bin.zst__sieve__Mithril__1gb__w1000.log,fail:134
w21.oracleGeneral.bin.zst,oracleGeneral,sieve,Mithril,1gb,10000,,,,,,,,,,,,,./results/cp_sweep_intensity/logs/w21.oracleGeneral.bin.zst__sieve__Mithril__1gb__w10000.log,fail:134
w22.oracleGeneral.bin.zst,oracleGeneral,lru,Mithril,16mb,100,0.9087,0.7667,22248591,1168751,456,247,106,103,21382893,29973,4556,25417,./results/cp_sweep_intensity/logs/w22.oracleGeneral.bin.zst__lru__Mithril__16mb__w100.log,ok
w22.oracleGeneral.bin.zst,oracleGeneral,lru,Mithril,16mb,1000,0.9087,0.7667,22248591,1168751,61748,27563,16609,17576,21382893,159097,40815,118282,./results/cp_sweep_intensity/logs/w22.oracleGeneral.bin.zst__lru__Mithril__16mb__w1000.log,ok
w22.oracleGeneral.bin.zst,oracleGeneral,lru,Mithril,64mb,100,0.8983,0.7551,22248591,1103697,0,0,0,0,21080804,9316,1485,7831,./results/cp_sweep_intensity/logs/w22.oracleGeneral.bin.zst__lru__Mithril__64mb__w100.log,ok
w22.oracleGeneral.bin.zst,oracleGeneral,lru,Mithril,16mb,10000,0.9087,0.7667,22248591,1168751,698747,294911,188895,214941,21382893,583187,205408,377779,./results/cp_sweep_intensity/logs/w22.oracleGeneral.bin.zst__lru__Mithril__16mb__w10000.log,ok
w19.oracleGeneral.bin.zst,oracleGeneral,lru,Mithril,256mb,1000,0.2051,0.1661,31116216,45156750,12435,4752,2643,5040,51528270,620612,121378,499234,./results/cp_sweep_intensity/logs/w19.oracleGeneral.bin.zst__lru__Mithril__256mb__w1000.log,ok
w22.oracleGeneral.bin.zst,oracleGeneral,lru,Mithril,64mb,1000,0.8983,0.7551,22248591,1103697,0,0,0,0,21080804,79040,16859,62181,./results/cp_sweep_intensity/logs/w22.oracleGeneral.bin.zst__lru__Mithril__64mb__w1000.log,ok
w21.oracleGeneral.bin.zst,oracleGeneral,lru,Mithril,1gb,10000,0.6361,0.4869,29416348,10005448,222402,82403,33124,106875,28699612,138309,18111,120198,./results/cp_sweep_intensity/logs/w21.oracleGeneral.bin.zst__lru__Mithril__1gb__w10000.log,ok
w22.oracleGeneral.bin.zst,oracleGeneral,lru,Mithril,256mb,100,0.8907,0.7432,22248591,544267,0,0,0,0,20328109,2631,727,1904,./results/cp_sweep_intensity/logs/w22.oracleGeneral.bin.zst__lru__Mithril__256mb__w100.log,ok
w22.oracleGeneral.bin.zst,oracleGeneral,lru,Mithril,64mb,10000,0.8983,0.7551,22248591,1103697,385014,182642,93767,108605,21080804,520091,266121,253970,./results/cp_sweep_intensity/logs/w22.oracleGeneral.bin.zst__lru__Mithril__64mb__w10000.log,ok
w20.oracleGeneral.bin.zst,oracleGeneral,lru,Mithril,1gb,10000,0.6767,0.8439,29842317,6991573,44025,29134,5899,8992,27176362,439924,56450,383474,./results/cp_sweep_intensity/logs/w20.oracleGeneral.bin.zst__lru__Mithril__1gb__w10000.log,ok
w20.oracleGeneral.bin.zst,oracleGeneral,sieve,Mithril,1gb,10000,0.6748,0.8433,29842317,6913788,3102586,2282123,315742,504721,27043916,448172,27833,420339,./results/cp_sweep_intensity/logs/w20.oracleGeneral.bin.zst__sieve__Mithril__1gb__w10000.log,ok
w22.oracleGeneral.bin.zst,oracleGeneral,lru,Mithril,256mb,1000,0.8907,0.7432,22248591,544267,0,0,0,0,20328109,20499,7071,13428,./results/cp_sweep_intensity/logs/w22.oracleGeneral.bin.zst__lru__Mithril__256mb__w1000.log,ok
w22.oracleGeneral.bin.zst,oracleGeneral,lru,Mithril,1gb,100,0.8813,0.7303,22248591,317290,0,0,0,0,19798221,174,66,108,./results/cp_sweep_intensity/logs/w22.oracleGeneral.bin.zst__lru__Mithril__1gb__w100.log,ok
w22.oracleGeneral.bin.zst,oracleGeneral,fifo,Mithril,16mb,100,0.9109,0.7703,22248591,1178578,157,65,40,52,21442762,34989,10148,24841,./results/cp_sweep_intensity/logs/w22.oracleGeneral.bin.zst__fifo__Mithril__16mb__w100.log,ok
w22.oracleGeneral.bin.zst,oracleGeneral,lru,Mithril,1gb,1000,0.8813,0.7303,22248591,317290,0,0,0,0,19798221,1306,428,878,./results/cp_sweep_intensity/logs/w22.oracleGeneral.bin.zst__lru__Mithril__1gb__w1000.log,ok
w22.oracleGeneral.bin.zst,oracleGeneral,lru,Mithril,256mb,10000,0.8907,0.7432,22248591,544267,0,0,0,0,20328109,110057,40171,69886,./results/cp_sweep_intensity/logs/w22.oracleGeneral.bin.zst__lru__Mithril__256mb__w10000.log,ok
w21.oracleGeneral.bin.zst,oracleGeneral,fifo,Mithril,1gb,10000,0.6371,0.4871,29416348,10012789,220322,82176,33194,104952,28737593,158428,32621,125807,./results/cp_sweep_intensity/logs/w21.oracleGeneral.bin.zst__fifo__Mithril__1gb__w10000.log,ok
w22.oracleGeneral.bin.zst,oracleGeneral,lru,Mithril,1gb,10000,0.8813,0.7303,22248591,317290,0,0,0,0,19798221,8631,1748,6883,./results/cp_sweep_intensity/logs/w22.oracleGeneral.bin.zst__lru__Mithril__1gb__w10000.log,ok
w19.oracleGeneral.bin.zst,oracleGeneral,sieve,Mithril,1gb,1000,0.1944,0.1581,31116216,36093103,2091893,1053238,260194,778461,42110028,815845,364479,451366,./results/cp_sweep_intensity/logs/w19.oracleGeneral.bin.zst__sieve__Mithril__1gb__w1000.log,ok
w22.oracleGeneral.bin.zst,oracleGeneral,fifo,Mithril,16mb,1000,0.9109,0.7703,22248591,1178578,39670,18087,9923,11660,21442762,167309,51845,115464,./results/cp_sweep_intensity/logs/w22.oracleGeneral.bin.zst__fifo__Mithril__16mb__w1000.log,ok
w22.oracleGeneral.bin.zst,oracleGeneral,fifo,Mithril,16mb,10000,0.9109,0.7703,22248591,1178578,700183,284348,192639,223196,21442762,595403,216251,379152,./results/cp_sweep_intensity/logs/w22.oracleGeneral.bin.zst__fifo__Mithril__16mb__w10000.log,ok
w22.oracleGeneral.bin.zst,oracleGeneral,fifo,Mithril,64mb,100,0.9003,0.7563,22248591,1135224,0,0,0,0,21157467,13024,3959,9065,./results/cp_sweep_intensity/logs/w22.oracleGeneral.bin.zst__fifo__Mithril__64mb__w100.log,ok
w22.oracleGeneral.bin.zst,oracleGeneral,fifo,Mithril,256mb,100,0.8926,0.7459,22248591,653651,0,0,0,0,20480573,5172,1994,3178,./results/cp_sweep_intensity/logs/w22.oracleGeneral.bin.zst__fifo__Mithril__256mb__w100.log,ok
w22.oracleGeneral.bin.zst,oracleGeneral,fifo,Mithril,64mb,1000,0.9003,0.7563,22248591,1135224,0,0,0,0,21157467,94819,26397,68422,./results/cp_sweep_intensity/logs/w22.oracleGeneral.bin.zst__fifo__Mithril__64mb__w1000.log,ok
w22.oracleGeneral.bin.zst,oracleGeneral,fifo,Mithril,256mb,1000,0.8926,0.7459,22248591,653651,0,0,0,0,20480573,44461,22482,21979,./results/cp_sweep_intensity/logs/w22.oracleGeneral.bin.zst__fifo__Mithril__256mb__w1000.log,ok
w22.oracleGeneral.bin.zst,oracleGeneral,fifo,Mithril,256mb,10000,0.8926,0.7459,22248591,653651,0,0,0,0,20480573,202907,113902,89005,./results/cp_sweep_intensity/logs/w22.oracleGeneral.bin.zst__fifo__Mithril__256mb__w10000.log,ok
w19.oracleGeneral.bin.zst,oracleGeneral,fifo,Mithril,256mb,1000,0.2059,0.1662,31116216,45209972,9218,3515,1965,3738,51608403,643464,125927,517537,./results/cp_sweep_intensity/logs/w19.oracleGeneral.bin.zst__fifo__Mithril__256mb__w1000.log,ok
w20.oracleGeneral.bin.zst,oracleGeneral,fifo,Mithril,1gb,10000,0.6796,0.8447,29842317,7040749,39936,26357,5424,8155,27313072,498732,96430,402302,./results/cp_sweep_intensity/logs/w20.oracleGeneral.bin.zst__fifo__Mithril__1gb__w10000.log,ok
w22.oracleGeneral.bin.zst,oracleGeneral,fifo,Mithril,1gb,100,0.8823,0.7319,22248591,381027,0,0,0,0,19885099,638,218,420,./results/cp_sweep_intensity/logs/w22.oracleGeneral.bin.zst__fifo__Mithril__1gb__w100.log,ok
w22.oracleGeneral.bin.zst,oracleGeneral,fifo,Mithril,1gb,1000,0.8823,0.7319,22248591,381027,0,0,0,0,19885099,5293,2335,2958,./results/cp_sweep_intensity/logs/w22.oracleGeneral.bin.zst__fifo__Mithril__1gb__w1000.log,ok
w22.oracleGeneral.bin.zst,oracleGeneral,fifo,Mithril,64mb,10000,0.9003,0.7563,22248591,1135224,374139,173952,93301,106886,21157467,548055,292587,255468,./results/cp_sweep_intensity/logs/w22.oracleGeneral.bin.zst__fifo__Mithril__64mb__w10000.log,ok
w22.oracleGeneral.bin.zst,oracleGeneral,sieve,Mithril,16mb,100,0.9045,0.7661,22248591,1180988,78222,31079,26591,20552,21303440,66849,2658,64191,./results/cp_sweep_intensity/logs/w22.oracleGeneral.bin.zst__sieve__Mithril__16mb__w100.log,ok
w22.oracleGeneral.bin.zst,oracleGeneral,sieve,Mithril,16mb,1000,0.9045,0.7661,22248591,1180988,498621,220259,153358,125004,21303440,210684,20505,190179,./results/cp_sweep_intensity/logs/w22.oracleGeneral.bin.zst__sieve__Mithril__16mb__w1000.log,ok
w22.oracleGeneral.bin.zst,oracleGeneral,sieve,Mithril,64mb,100,0.8952,0.7521,22248591,828562,11544,6466,2526,2552,20738633,10090,895,9195,./results/cp_sweep_intensity/logs/w22.oracleGeneral.bin.zst__sieve__Mithril__64mb__w100.log,ok
w22.oracleGeneral.bin.zst,oracleGeneral,sieve,Mithril,16mb,10000,0.9045,0.7661,22248591,1180988,802777,350626,247395,204756,21303440,672048,206836,465212,./results/cp_sweep_intensity/logs/w22.oracleGeneral.bin.zst__sieve__Mithril__16mb__w10000.log,ok
w22.oracleGeneral.bin.zst,oracleGeneral,fifo,Mithril,1gb,10000,0.8823,0.7319,22248591,381027,0,0,0,0,19885099,33760,18497,15263,./results/cp_sweep_intensity/logs/w22.oracleGeneral.bin.zst__fifo__Mithril__1gb__w10000.log,ok
w22.oracleGeneral.bin.zst,oracleGeneral,sieve,Mithril,64mb,1000,0.8952,0.7521,22248591,828562,134299,74615,31267,28417,20738633,65511,13634,51877,./results/cp_sweep_intensity/logs/w22.oracleGeneral.bin.zst__sieve__Mithril__64mb__w1000.log,ok
w22.oracleGeneral.bin.zst,oracleGeneral,sieve,Mithril,256mb,100,0.8879,0.7394,22248591,383146,789,470,200,119,20108621,654,18,636,./results/cp_sweep_intensity/logs/w22.oracleGeneral.bin.zst__sieve__Mithril__256mb__w100.log,ok
w22.oracleGeneral.bin.zst,oracleGeneral,sieve,Mithril,256mb,1000,0.8879,0.7394,22248591,383146,13865,7395,4430,2040,20108621,6586,217,6369,./results/cp_sweep_intensity/logs/w22.oracleGeneral.bin.zst__sieve__Mithril__256mb__w1000.log,ok
w22.oracleGeneral.bin.zst,oracleGeneral,sieve,Mithril,64mb,10000,0.8952,0.7521,22248591,828562,600163,327496,150594,122073,20738633,298462,59915,238547,./results/cp_sweep_intensity/logs/w22.oracleGeneral.bin.zst__sieve__Mithril__64mb__w10000.log,ok
w07.oracleGeneral.bin.zst,oracleGeneral,sieve,Mithril,1gb,10000,0.4458,0.5592,67427405,45799069,3471011,2197539,371085,902387,75729638,1405434,118016,1287418,./results/cp_sweep_intensity/logs/w07.oracleGeneral.bin.zst__sieve__Mithril__1gb__w10000.log,ok
w19.oracleGeneral.bin.zst,oracleGeneral,sieve,Mithril,256mb,1000,0.2203,0.1835,31116216,46120568,7295680,3717557,760550,2817573,52967637,892646,220942,671704,./results/cp_sweep_intensity/logs/w19.oracleGeneral.bin.zst__sieve__Mithril__256mb__w1000.log,ok
w22.oracleGeneral.bin.zst,oracleGeneral,sieve,Mithril,1gb,100,0.8773,0.7250,22248591,115237,15,6,7,2,19535477,66,3,63,./results/cp_sweep_intensity/logs/w22.oracleGeneral.bin.zst__sieve__Mithril__1gb__w100.log,ok
w22.oracleGeneral.bin.zst,oracleGeneral,sieve,Mithril,256mb,10000,0.8879,0.7394,22248591,383146,92555,49688,27441,15426,20108621,47442,4489,42953,./results/cp_sweep_intensity/logs/w22.oracleGeneral.bin.zst__sieve__Mithril__256mb__w10000.log,ok
w22.oracleGeneral.bin.zst,oracleGeneral,sieve,Mithril,1gb,1000,0.8773,0.7250,22248591,115237,522,253,158,111,19535477,627,24,603,./results/cp_sweep_intensity/logs/w22.oracleGeneral.bin.zst__sieve__Mithril__1gb__w1000.log,ok
w23.oracleGeneral.bin.zst,oracleGeneral,lru,Mithril,16mb,100,,,,,,,,,,,,,./results/cp_sweep_intensity/logs/w23.oracleGeneral.bin.zst__lru__Mithril__16mb__w100.log,fail:134
w22.oracleGeneral.bin.zst,oracleGeneral,sieve,Mithril,1gb,10000,0.8773,0.7250,22248591,115237,8286,4780,2078,1428,19535477,5405,250,5155,./results/cp_sweep_intensity/logs/w22.oracleGeneral.bin.zst__sieve__Mithril__1gb__w10000.log,ok
w23.oracleGeneral.bin.zst,oracleGeneral,lru,Mithril,64mb,100,,,,,,,,,,,,,./results/cp_sweep_intensity/logs/w23.oracleGeneral.bin.zst__lru__Mithril__64mb__w100.log,fail:134
w23.oracleGeneral.bin.zst,oracleGeneral,lru,Mithril,256mb,100,,,,,,,,,,,,,./results/cp_sweep_intensity/logs/w23.oracleGeneral.bin.zst__lru__Mithril__256mb__w100.log,fail:134
w23.oracleGeneral.bin.zst,oracleGeneral,fifo,Mithril,16mb,100,,,,,,,,,,,,,./results/cp_sweep_intensity/logs/w23.oracleGeneral.bin.zst__fifo__Mithril__16mb__w100.log,fail:134
w23.oracleGeneral.bin.zst,oracleGeneral,lru,Mithril,16mb,1000,,,,,,,,,,,,,./results/cp_sweep_intensity/logs/w23.oracleGeneral.bin.zst__lru__Mithril__16mb__w1000.log,fail:134
w13.oracleGeneral.bin.zst,oracleGeneral,lru,Mithril,256mb,10000,0.6264,0.6362,39822877,27669496,12102107,7708789,1730016,2663302,52604315,7110720,2566517,4544203,./results/cp_sweep_intensity/logs/w13.oracleGeneral.bin.zst__lru__Mithril__256mb__w10000.log,ok
w23.oracleGeneral.bin.zst,oracleGeneral,lru,Mithril,64mb,1000,,,,,,,,,,,,,./results/cp_sweep_intensity/logs/w23.oracleGeneral.bin.zst__lru__Mithril__64mb__w1000.log,fail:134
w23.oracleGeneral.bin.zst,oracleGeneral,lru,Mithril,16mb,10000,,,,,,,,,,,,,./results/cp_sweep_intensity/logs/w23.oracleGeneral.bin.zst__lru__Mithril__16mb__w10000.log,fail:134
w23.oracleGeneral.bin.zst,oracleGeneral,fifo,Mithril,64mb,100,,,,,,,,,,,,,./results/cp_sweep_intensity/logs/w23.oracleGeneral.bin.zst__fifo__Mithril__64mb__w100.log,fail:134
w23.oracleGeneral.bin.zst,oracleGeneral,fifo,Mithril,16mb,1000,,,,,,,,,,,,,./results/cp_sweep_intensity/logs/w23.oracleGeneral.bin.zst__fifo__Mithril__16mb__w1000.log,fail:134
w23.oracleGeneral.bin.zst,oracleGeneral,fifo,Mithril,256mb,100,,,,,,,,,,,,,./results/cp_sweep_intensity/logs/w23.oracleGeneral.bin.zst__fifo__Mithril__256mb__w100.log,fail:134
w23.oracleGeneral.bin.zst,oracleGeneral,fifo,Mithril,16mb,10000,,,,,,,,,,,,,./results/cp_sweep_intensity/logs/w23.oracleGeneral.bin.zst__fifo__Mithril__16mb__w10000.log,fail:134
w23.oracleGeneral.bin.zst,oracleGeneral,fifo,Mithril,64mb,1000,,,,,,,,,,,,,./results/cp_sweep_intensity/logs/w23.oracleGeneral.bin.zst__fifo__Mithril__64mb__w1000.log,fail:134
w23.oracleGeneral.bin.zst,oracleGeneral,lru,Mithril,256mb,1000,,,,,,,,,,,,,./results/cp_sweep_intensity/logs/w23.oracleGeneral.bin.zst__lru__Mithril__256mb__w1000.log,fail:134
w23.oracleGeneral.bin.zst,oracleGeneral,sieve,Mithril,16mb,100,,,,,,,,,,,,,./results/cp_sweep_intensity/logs/w23.oracleGeneral.bin.zst__sieve__Mithril__16mb__w100.log,fail:134
w23.oracleGeneral.bin.zst,oracleGeneral,lru,Mithril,1gb,100,0.5654,0.4148,27914470,22051343,0,0,0,0,37749612,14372,1421,12951,./results/cp_sweep_intensity/logs/w23.oracleGeneral.bin.zst__lru__Mithril__1gb__w100.log,ok
w23.oracleGeneral.bin.zst,oracleGeneral,sieve,Mithril,16mb,1000,,,,,,,,,,,,,./results/cp_sweep_intensity/logs/w23.oracleGeneral.bin.zst__sieve__Mithril__16mb__w1000.log,fail:134
w23.oracleGeneral.bin.zst,oracleGeneral,sieve,Mithril,64mb,100,,,,,,,,,,,,,./results/cp_sweep_intensity/logs/w23.oracleGeneral.bin.zst__sieve__Mithril__64mb__w100.log,fail:134
w23.oracleGeneral.bin.zst,oracleGeneral,fifo,Mithril,256mb,1000,,,,,,,,,,,,,./results/cp_sweep_intensity/logs/w23.oracleGeneral.bin.zst__fifo__Mithril__256mb__w1000.log,fail:134
w23.oracleGeneral.bin.zst,oracleGeneral,sieve,Mithril,16mb,10000,,,,,,,,,,,,,./results/cp_sweep_intensity/logs/w23.oracleGeneral.bin.zst__sieve__Mithril__16mb__w10000.log,fail:134
w23.oracleGeneral.bin.zst,oracleGeneral,sieve,Mithril,256mb,100,,,,,,,,,,,,,./results/cp_sweep_intensity/logs/w23.oracleGeneral.bin.zst__sieve__Mithril__256mb__w100.log,fail:134
w23.oracleGeneral.bin.zst,oracleGeneral,fifo,Mithril,1gb,100,0.5842,0.4297,27914470,22105246,0,0,0,0,38330302,17354,1577,15777,./results/cp_sweep_intensity/logs/w23.oracleGeneral.bin.zst__fifo__Mithril__1gb__w100.log,ok
w23.oracleGeneral.bin.zst,oracleGeneral,sieve,Mithril,64mb,1000,,,,,,,,,,,,,./results/cp_sweep_intensity/logs/w23.oracleGeneral.bin.zst__sieve__Mithril__64mb__w1000.log,fail:134
w23.oracleGeneral.bin.zst,oracleGeneral,sieve,Mithril,256mb,1000,,,,,,,,,,,,,./results/cp_sweep_intensity/logs/w23.oracleGeneral.bin.zst__sieve__Mithril__256mb__w1000.log,fail:134
w13.oracleGeneral.bin.zst,oracleGeneral,sieve,Mithril,1gb,10000,0.4164,0.4205,39822877,27676914,15432276,8437513,5067276,1927487,44213739,5259838,448628,4811210,./results/cp_sweep_intensity/logs/w13.oracleGeneral.bin.zst__sieve__Mithril__1gb__w10000.log,ok
w24.oracleGeneral.bin.zst,oracleGeneral,lru,Mithril,16mb,100,,,,,,,,,,,,,./results/cp_sweep_intensity/logs/w24.oracleGeneral.bin.zst__lru__Mithril__16mb__w100.log,fail:134
w24.oracleGeneral.bin.zst,oracleGeneral,lru,Mithril,16mb,1000,,,,,,,,,,,,,./results/cp_sweep_intensity/logs/w24.oracleGeneral.bin.zst__lru__Mithril__16mb__w1000.log,fail:134
w24.oracleGeneral.bin.zst,oracleGeneral,lru,Mithril,16mb,10000,,,,,,,,,,,,,./results/cp_sweep_intensity/logs/w24.oracleGeneral.bin.zst__lru__Mithril__16mb__w10000.log,fail:134
w23.oracleGeneral.bin.zst,oracleGeneral,sieve,Mithril,64mb,10000,,,,,,,,,,,,,./results/cp_sweep_intensity/logs/w23.oracleGeneral.bin.zst__sieve__Mithril__64mb__w10000.log,fail:134
w23.oracleGeneral.bin.zst,oracleGeneral,lru,Mithril,64mb,10000,,,,,,,,,,,,,./results/cp_sweep_intensity/logs/w23.oracleGeneral.bin.zst__lru__Mithril__64mb__w10000.log,fail:134
w24.oracleGeneral.bin.zst,oracleGeneral,lru,Mithril,64mb,100,,,,,,,,,,,,,./results/cp_sweep_intensity/logs/w24.oracleGeneral.bin.zst__lru__Mithril__64mb__w100.log,fail:134
w24.oracleGeneral.bin.zst,oracleGeneral,lru,Mithril,64mb,1000,,,,,,,,,,,,,./results/cp_sweep_intensity/logs/w24.oracleGeneral.bin.zst__lru__Mithril__64mb__w1000.log,fail:134
w24.oracleGeneral.bin.zst,oracleGeneral,lru,Mithril,256mb,100,,,,,,,,,,,,,./results/cp_sweep_intensity/logs/w24.oracleGeneral.bin.zst__lru__Mithril__256mb__w100.log,fail:134
w23.oracleGeneral.bin.zst,oracleGeneral,sieve,Mithril,1gb,100,0.5144,0.3878,27914470,21039207,103076,66682,23738,12656,35308971,14981,287,14694,./results/cp_sweep_intensity/logs/w23.oracleGeneral.bin.zst__sieve__Mithril__1gb__w100.log,ok
w24.oracleGeneral.bin.zst,oracleGeneral,lru,Mithril,256mb,1000,,,,,,,,,,,,,./results/cp_sweep_intensity/logs/w24.oracleGeneral.bin.zst__lru__Mithril__256mb__w1000.log,fail:134
w24.oracleGeneral.bin.zst,oracleGeneral,lru,Mithril,64mb,10000,,,,,,,,,,,,,./results/cp_sweep_intensity/logs/w24.oracleGeneral.bin.zst__lru__Mithril__64mb__w10000.log,fail:134
w23.oracleGeneral.bin.zst,oracleGeneral,fifo,Mithril,64mb,10000,,,,,,,,,,,,,./results/cp_sweep_intensity/logs/w23.oracleGeneral.bin.zst__fifo__Mithril__64mb__w10000.log,fail:134
w24.oracleGeneral.bin.zst,oracleGeneral,fifo,Mithril,16mb,100,,,,,,,,,,,,,./results/cp_sweep_intensity/logs/w24.oracleGeneral.bin.zst__fifo__Mithril__16mb__w100.log,fail:134
w24.oracleGeneral.bin.zst,oracleGeneral,fifo,Mithril,16mb,10000,,,,,,,,,,,,,./results/cp_sweep_intensity/logs/w24.oracleGeneral.bin.zst__fifo__Mithril__16mb__w10000.log,fail:134
w24.oracleGeneral.bin.zst,oracleGeneral,fifo,Mithril,16mb,1000,,,,,,,,,,,,,./results/cp_sweep_intensity/logs/w24.oracleGeneral.bin.zst__fifo__Mithril__16mb__w1000.log,fail:134
w24.oracleGeneral.bin.zst,oracleGeneral,fifo,Mithril,64mb,100,,,,,,,,,,,,,./results/cp_sweep_intensity/logs/w24.oracleGeneral.bin.zst__fifo__Mithril__64mb__w100.log,fail:134
w24.oracleGeneral.bin.zst,oracleGeneral,lru,Mithril,1gb,100,0.4417,0.5742,27165370,8169064,0,0,0,0,20132020,2444,226,2218,./results/cp_sweep_intensity/logs/w24.oracleGeneral.bin.zst__lru__Mithril__1gb__w100.log,ok
w24.oracleGeneral.bin.zst,oracleGeneral,fifo,Mithril,64mb,1000,,,,,,,,,,,,,./results/cp_sweep_intensity/logs/w24.oracleGeneral.bin.zst__fifo__Mithril__64mb__w1000.log,fail:134
w13.oracleGeneral.bin.zst,oracleGeneral,fifo,Mithril,256mb,10000,0.6294,0.6394,39822877,27766958,11642219,7446630,1636879,2558710,52820548,7173197,2620180,4553017,./results/cp_sweep_intensity/logs/w13.oracleGeneral.bin.zst__fifo__Mithril__256mb__w10000.log,ok
w24.oracleGeneral.bin.zst,oracleGeneral,lru,Mithril,1gb,1000,0.4417,0.5742,27165370,8169064,0,0,0,0,20132020,22647,2704,19943,./results/cp_sweep_intensity/logs/w24.oracleGeneral.bin.zst__lru__Mithril__1gb__w1000.log,ok
w23.oracleGeneral.bin.zst,oracleGeneral,lru,Mithril,1gb,1000,0.5654,0.4148,27914470,22051343,0,0,0,0,37749612,159534,19725,139809,./results/cp_sweep_intensity/logs/w23.oracleGeneral.bin.zst__lru__Mithril__1gb__w1000.log,ok
w24.oracleGeneral.bin.zst,oracleGeneral,fifo,Mithril,256mb,100,,,,,,,,,,,,,./results/cp_sweep_intensity/logs/w24.oracleGeneral.bin.zst__fifo__Mithril__256mb__w100.log,fail:134
w24.oracleGeneral.bin.zst,oracleGeneral,fifo,Mithril,64mb,10000,,,,,,,,,,,,,./results/cp_sweep_intensity/logs/w24.oracleGeneral.bin.zst__fifo__Mithril__64mb__w10000.log,fail:134
w24.oracleGeneral.bin.zst,oracleGeneral,fifo,Mithril,256mb,1000,,,,,,,,,,,,,./results/cp_sweep_intensity/logs/w24.oracleGeneral.bin.zst__fifo__Mithril__256mb__w1000.log,fail:134
w24.oracleGeneral.bin.zst,oracleGeneral,lru,Mithril,256mb,10000,,,,,,,,,,,,,./results/cp_sweep_intensity/logs/w24.oracleGeneral.bin.zst__lru__Mithril__256mb__w10000.log,fail:134
w24.oracleGeneral.bin.zst,oracleGeneral,sieve,Mithril,16mb,100,,,,,,,,,,,,,./results/cp_sweep_intensity/logs/w24.oracleGeneral.bin.zst__sieve__Mithril__16mb__w100.log,fail:134
w24.oracleGeneral.bin.zst,oracleGeneral,sieve,Mithril,16mb,1000,,,,,,,,,,,,,./results/cp_sweep_intensity/logs/w24.oracleGeneral.bin.zst__sieve__Mithril__16mb__w1000.log,fail:134
w24.oracleGeneral.bin.zst,oracleGeneral,sieve,Mithril,16mb,10000,,,,,,,,,,,,,./results/cp_sweep_intensity/logs/w24.oracleGeneral.bin.zst__sieve__Mithril__16mb__w10000.log,fail:134
w23.oracleGeneral.bin.zst,oracleGeneral,sieve,Mithril,256mb,10000,,,,,,,,,,,,,./results/cp_sweep_intensity/logs/w23.oracleGeneral.bin.zst__sieve__Mithril__256mb__w10000.log,fail:134
w24.oracleGeneral.bin.zst,oracleGeneral,sieve,Mithril,256mb,100,,,,,,,,,,,,,./results/cp_sweep_intensity/logs/w24.oracleGeneral.bin.zst__sieve__Mithril__256mb__w100.log,fail:134
w24.oracleGeneral.bin.zst,oracleGeneral,fifo,Mithril,1gb,100,0.4500,0.5789,27165370,8391470,0,0,0,0,20579587,5590,1182,4408,./results/cp_sweep_intensity/logs/w24.oracleGeneral.bin.zst__fifo__Mithril__1gb__w100.log,ok
w24.oracleGeneral.bin.zst,oracleGeneral,sieve,Mithril,64mb,100,,,,,,,,,,,,,./results/cp_sweep_intensity/logs/w24.oracleGeneral.bin.zst__sieve__Mithril__64mb__w100.log,fail:134
w24.oracleGeneral.bin.zst,oracleGeneral,sieve,Mithril,256mb,1000,,,,,,,,,,,,,./results/cp_sweep_intensity/logs/w24.oracleGeneral.bin.zst__sieve__Mithril__256mb__w1000.log,fail:134
w24.oracleGeneral.bin.zst,oracleGeneral,sieve,Mithril,64mb,1000,,,,,,,,,,,,,./results/cp_sweep_intensity/logs/w24.oracleGeneral.bin.zst__sieve__Mithril__64mb__w1000.log,fail:134
w24.oracleGeneral.bin.zst,oracleGeneral,sieve,Mithril,256mb,10000,,,,,,,,,,,,,./results/cp_sweep_intensity/logs/w24.oracleGeneral.bin.zst__sieve__Mithril__256mb__w10000.log,fail:134
w23.oracleGeneral.bin.zst,oracleGeneral,fifo,Mithril,1gb,1000,0.5842,0.4297,27914470,22105246,0,0,0,0,38330302,202216,33070,169146,./results/cp_sweep_intensity/logs/w23.oracleGeneral.bin.zst__fifo__Mithril__1gb__w1000.log,ok
w24.oracleGeneral.bin.zst,oracleGeneral,sieve,Mithril,64mb,10000,,,,,,,,,,,,,./results/cp_sweep_intensity/logs/w24.oracleGeneral.bin.zst__sieve__Mithril__64mb__w10000.log,fail:134
w24.oracleGeneral.bin.zst,oracleGeneral,fifo,Mithril,1gb,1000,0.4500,0.5789,27165370,8391470,0,0,0,0,20579587,46440,10159,36281,./results/cp_sweep_intensity/logs/w24.oracleGeneral.bin.zst__fifo__Mithril__1gb__w1000.log,ok
w25.oracleGeneral.bin.zst,oracleGeneral,lru,Mithril,16mb,100,,,,,,,,,,,,,./results/cp_sweep_intensity/logs/w25.oracleGeneral.bin.zst__lru__Mithril__16mb__w100.log,fail:134
w25.oracleGeneral.bin.zst,oracleGeneral,lru,Mithril,16mb,1000,,,,,,,,,,,,,./results/cp_sweep_intensity/logs/w25.oracleGeneral.bin.zst__lru__Mithril__16mb__w1000.log,fail:134
w25.oracleGeneral.bin.zst,oracleGeneral,lru,Mithril,16mb,10000,,,,,,,,,,,,,./results/cp_sweep_intensity/logs/w25.oracleGeneral.bin.zst__lru__Mithril__16mb__w10000.log,fail:134
w25.oracleGeneral.bin.zst,oracleGeneral,lru,Mithril,64mb,100,,,,,,,,,,,,,./results/cp_sweep_intensity/logs/w25.oracleGeneral.bin.zst__lru__Mithril__64mb__w100.log,fail:134
w24.oracleGeneral.bin.zst,oracleGeneral,sieve,Mithril,1gb,100,0.4388,0.5743,27165370,8148701,9847,4962,2819,2066,20031521,5566,180,5386,./results/cp_sweep_intensity/logs/w24.oracleGeneral.bin.zst__sieve__Mithril__1gb__w100.log,ok
w25.oracleGeneral.bin.zst,oracleGeneral,lru,Mithril,64mb,1000,,,,,,,,,,,,,./results/cp_sweep_intensity/logs/w25.oracleGeneral.bin.zst__lru__Mithril__64mb__w1000.log,fail:134
w24.oracleGeneral.bin.zst,oracleGeneral,fifo,Mithril,256mb,10000,,,,,,,,,,,,,./results/cp_sweep_intensity/logs/w24.oracleGeneral.bin.zst__fifo__Mithril__256mb__w10000.log,fail:134
w24.oracleGeneral.bin.zst,oracleGeneral,sieve,Mithril,1gb,1000,0.4388,0.5743,27165370,8148701,100271,49560,28927,21784,20031521,43871,2249,41622,./results/cp_sweep_intensity/logs/w24.oracleGeneral.bin.zst__sieve__Mithril__1gb__w1000.log,ok
w25.oracleGeneral.bin.zst,oracleGeneral,lru,Mithril,64mb,10000,,,,,,,,,,,,,./results/cp_sweep_intensity/logs/w25.oracleGeneral.bin.zst__lru__Mithril__64mb__w10000.log,fail:134
w25.oracleGeneral.bin.zst,oracleGeneral,fifo,Mithril,16mb,100,,,,,,,,,,,,,./results/cp_sweep_intensity/logs/w25.oracleGeneral.bin.zst__fifo__Mithril__16mb__w100.log,fail:134
w25.oracleGeneral.bin.zst,oracleGeneral,lru,Mithril,256mb,100,0.3449,0.3050,26569398,21112370,0,0,0,0,30262913,10725,1780,8945,./results/cp_sweep_intensity/logs/w25.oracleGeneral.bin.zst__lru__Mithril__256mb__w100.log,ok
w25.oracleGeneral.bin.zst,oracleGeneral,fifo,Mithril,16mb,1000,,,,,,,,,,,,,./results/cp_sweep_intensity/logs/w25.oracleGeneral.bin.zst__fifo__Mithril__16mb__w1000.log,fail:134
w25.oracleGeneral.bin.zst,oracleGeneral,lru,Mithril,1gb,100,0.2780,0.2403,26569398,21881458,0,0,0,0,29232012,6821,1875,4946,./results/cp_sweep_intensity/logs/w25.oracleGeneral.bin.zst__lru__Mithril__1gb__w100.log,ok
w25.oracleGeneral.bin.zst,oracleGeneral,fifo,Mithril,16mb,10000,,,,,,,,,,,,,./results/cp_sweep_intensity/logs/w25.oracleGeneral.bin.zst__fifo__Mithril__16mb__w10000.log,fail:134
w25.oracleGeneral.bin.zst,oracleGeneral,fifo,Mithril,64mb,100,,,,,,,,,,,,,./results/cp_sweep_intensity/logs/w25.oracleGeneral.bin.zst__fifo__Mithril__64mb__w100.log,fail:134
w23.oracleGeneral.bin.zst,oracleGeneral,sieve,Mithril,1gb,1000,0.5144,0.3878,27914470,21039207,1005275,675597,203332,126346,35308971,177490,3222,174268,./results/cp_sweep_intensity/logs/w23.oracleGeneral.bin.zst__sieve__Mithril__1gb__w1000.log,ok
w25.oracleGeneral.bin.zst,oracleGeneral,fifo,Mithril,64mb,1000,,,,,,,,,,,,,./results/cp_sweep_intensity/logs/w25.oracleGeneral.bin.zst__fifo__Mithril__64mb__w1000.log,fail:134
w25.oracleGeneral.bin.zst,oracleGeneral,lru,Mithril,256mb,1000,0.3449,0.3050,26569398,21112370,0,0,0,0,30262913,112281,26682,85599,./results/cp_sweep_intensity/logs/w25.oracleGeneral.bin.zst__lru__Mithril__256mb__w1000.log,ok
w25.oracleGeneral.bin.zst,oracleGeneral,fifo,Mithril,64mb,10000,,,,,,,,,,,,,./results/cp_sweep_intensity/logs/w25.oracleGeneral.bin.zst__fifo__Mithril__64mb__w10000.log,fail:134
w25.oracleGeneral.bin.zst,oracleGeneral,fifo,Mithril,256mb,100,0.3451,0.3050,26569398,21116409,0,0,0,0,30271575,11883,2399,9484,./results/cp_sweep_intensity/logs/w25.oracleGeneral.bin.zst__fifo__Mithril__256mb__w100.log,ok
w25.oracleGeneral.bin.zst,oracleGeneral,lru,Mithril,1gb,1000,0.2780,0.2403,26569398,21881458,0,0,0,0,29232012,72934,21802,51132,./results/cp_sweep_intensity/logs/w25.oracleGeneral.bin.zst__lru__Mithril__1gb__w1000.log,ok
w25.oracleGeneral.bin.zst,oracleGeneral,sieve,Mithril,16mb,100,,,,,,,,,,,,,./results/cp_sweep_intensity/logs/w25.oracleGeneral.bin.zst__sieve__Mithril__16mb__w100.log,fail:134
w25.oracleGeneral.bin.zst,oracleGeneral,fifo,Mithril,1gb,100,0.2783,0.2405,26569398,21936024,0,0,0,0,29294705,7198,1605,5593,./results/cp_sweep_intensity/logs/w25.oracleGeneral.bin.zst__fifo__Mithril__1gb__w100.log,ok
w25.oracleGeneral.bin.zst,oracleGeneral,sieve,Mithril,16mb,1000,,,,,,,,,,,,,./results/cp_sweep_intensity/logs/w25.oracleGeneral.bin.zst__sieve__Mithril__16mb__w1000.log,fail:134
w24.oracleGeneral.bin.zst,oracleGeneral,lru,Mithril,1gb,10000,0.4417,0.5742,27165370,8169064,0,0,0,0,20132020,202785,43831,158954,./results/cp_sweep_intensity/logs/w24.oracleGeneral.bin.zst__lru__Mithril__1gb__w10000.log,ok
w25.oracleGeneral.bin.zst,oracleGeneral,sieve,Mithril,16mb,10000,,,,,,,,,,,,,./results/cp_sweep_intensity/logs/w25.oracleGeneral.bin.zst__sieve__Mithril__16mb__w10000.log,fail:134
w25.oracleGeneral.bin.zst,oracleGeneral,fifo,Mithril,256mb,1000,0.3451,0.3050,26569398,21116409,0,0,0,0,30271575,113203,27969,85234,./results/cp_sweep_intensity/logs/w25.oracleGeneral.bin.zst__fifo__Mithril__256mb__w1000.log,ok
w25.oracleGeneral.bin.zst,oracleGeneral,sieve,Mithril,64mb,100,,,,,,,,,,,,,./results/cp_sweep_intensity/logs/w25.oracleGeneral.bin.zst__sieve__Mithril__64mb__w100.log,fail:134
w25.oracleGeneral.bin.zst,oracleGeneral,sieve,Mithril,64mb,1000,,,,,,,,,,,,,./results/cp_sweep_intensity/logs/w25.oracleGeneral.bin.zst__sieve__Mithril__64mb__w1000.log,fail:134
w25.oracleGeneral.bin.zst,oracleGeneral,fifo,Mithril,1gb,1000,0.2783,0.2405,26569398,21936024,0,0,0,0,29294705,72954,18566,54388,./results/cp_sweep_intensity/logs/w25.oracleGeneral.bin.zst__fifo__Mithril__1gb__w1000.log,ok
w25.oracleGeneral.bin.zst,oracleGeneral,sieve,Mithril,64mb,10000,,,,,,,,,,,,,./results/cp_sweep_intensity/logs/w25.oracleGeneral.bin.zst__sieve__Mithril__64mb__w10000.log,fail:134
w24.oracleGeneral.bin.zst,oracleGeneral,fifo,Mithril,1gb,10000,0.4500,0.5789,27165370,8391470,0,0,0,0,20579587,323517,90266,233251,./results/cp_sweep_intensity/logs/w24.oracleGeneral.bin.zst__fifo__Mithril__1gb__w10000.log,ok
w25.oracleGeneral.bin.zst,oracleGeneral,sieve,Mithril,256mb,100,0.3521,0.3093,26569398,21551732,133411,68922,15107,49382,30897164,24500,5302,19198,./results/cp_sweep_intensity/logs/w25.oracleGeneral.bin.zst__sieve__Mithril__256mb__w100.log,ok
w25.oracleGeneral.bin.zst,oracleGeneral,sieve,Mithril,1gb,100,0.2877,0.2460,26569398,22628165,34832,17339,3803,13690,30239283,11276,1736,9540,./results/cp_sweep_intensity/logs/w25.oracleGeneral.bin.zst__sieve__Mithril__1gb__w100.log,ok
w26.oracleGeneral.bin.zst,oracleGeneral,lru,Mithril,16mb,100,0.6101,0.8175,26532121,3638564,2626,1617,513,496,19823938,82101,20488,61613,./results/cp_sweep_intensity/logs/w26.oracleGeneral.bin.zst__lru__Mithril__16mb__w100.log,ok
w26.oracleGeneral.bin.zst,oracleGeneral,lru,Mithril,16mb,1000,0.6101,0.8175,26532121,3638564,407694,286022,58487,63185,19823938,449189,131725,317464,./results/cp_sweep_intensity/logs/w26.oracleGeneral.bin.zst__lru__Mithril__16mb__w1000.log,ok
w24.oracleGeneral.bin.zst,oracleGeneral,sieve,Mithril,1gb,10000,0.4388,0.5743,27165370,8148701,678626,314203,224873,139550,20031521,262965,25367,237598,./results/cp_sweep_intensity/logs/w24.oracleGeneral.bin.zst__sieve__Mithril__1gb__w10000.log,ok
w25.oracleGeneral.bin.zst,oracleGeneral,sieve,Mithril,256mb,1000,0.3521,0.3093,26569398,21551732,1046647,505950,123734,416963,30897164,177868,39958,137910,./results/cp_sweep_intensity/logs/w25.oracleGeneral.bin.zst__sieve__Mithril__256mb__w1000.log,ok
w25.oracleGeneral.bin.zst,oracleGeneral,sieve,Mithril,1gb,1000,0.2877,0.2460,26569398,22628165,314126,148006,41837,124283,30239283,110740,23557,87183,./results/cp_sweep_intensity/logs/w25.oracleGeneral.bin.zst__sieve__Mithril__1gb__w1000.log,ok
w26.oracleGeneral.bin.zst,oracleGeneral,lru,Mithril,64mb,100,0.5426,0.7088,26532121,6642985,0,0,0,0,21034096,54984,6388,48596,./results/cp_sweep_intensity/logs/w26.oracleGeneral.bin.zst__lru__Mithril__64mb__w100.log,ok
w26.oracleGeneral.bin.zst,oracleGeneral,lru,Mithril,16mb,10000,0.6101,0.8175,26532121,3638564,2651120,1893344,382980,374796,19823938,1368116,368012,1000104,./results/cp_sweep_intensity/logs/w26.oracleGeneral.bin.zst__lru__Mithril__16mb__w10000.log,ok
w26.oracleGeneral.bin.zst,oracleGeneral,lru,Mithril,64mb,1000,0.5426,0.7088,26532121,6642985,130640,80799,20911,28930,21034096,380378,66872,313506,./results/cp_sweep_intensity/logs/w26.oracleGeneral.bin.zst__lru__Mithril__64mb__w1000.log,ok
w26.oracleGeneral.bin.zst,oracleGeneral,lru,Mithril,256mb,100,0.4578,0.6275,26532121,9645469,0,0,0,0,21777980,28677,2137,26540,./results/cp_sweep_intensity/logs/w26.oracleGeneral.bin.zst__lru__Mithril__256mb__w100.log,ok
w26.oracleGeneral.bin.zst,oracleGeneral,lru,Mithril,256mb,1000,0.4578,0.6275,26532121,9645469,124,77,16,31,21777980,228586,24698,203888,./results/cp_sweep_intensity/logs/w26.oracleGeneral.bin.zst__lru__Mithril__256mb__w1000.log,ok
w23.oracleGeneral.bin.zst,oracleGeneral,lru,Mithril,256mb,10000,,,,,,,,,,,,,./results/cp_sweep_intensity/logs/w23.oracleGeneral.bin.zst__lru__Mithril__256mb__w10000.log,fail:134
w26.oracleGeneral.bin.zst,oracleGeneral,lru,Mithril,1gb,100,0.3637,0.5406,26532121,11480896,0,0,0,0,21080535,7984,681,7303,./results/cp_sweep_intensity/logs/w26.oracleGeneral.bin.zst__lru__Mithril__1gb__w100.log,ok
w26.oracleGeneral.bin.zst,oracleGeneral,fifo,Mithril,16mb,100,0.6179,0.8202,26532121,3895756,2689,1648,463,578,20289000,107335,37388,69947,./results/cp_sweep_intensity/logs/w26.oracleGeneral.bin.zst__fifo__Mithril__16mb__w100.log,ok
w26.oracleGeneral.bin.zst,oracleGeneral,fifo,Mithril,16mb,1000,0.6179,0.8202,26532121,3895756,389571,270277,56788,62506,20289000,615970,258633,357337,./results/cp_sweep_intensity/logs/w26.oracleGeneral.bin.zst__fifo__Mithril__16mb__w1000.log,ok
w23.oracleGeneral.bin.zst,oracleGeneral,fifo,Mithril,256mb,10000,,,,,,,,,,,,,./results/cp_sweep_intensity/logs/w23.oracleGeneral.bin.zst__fifo__Mithril__256mb__w10000.log,fail:134
w25.oracleGeneral.bin.zst,oracleGeneral,sieve,Mithril,256mb,10000,0.3521,0.3093,26569398,21551732,4957128,2328364,625303,2003461,30897164,1076155,280743,795412,./results/cp_sweep_intensity/logs/w25.oracleGeneral.bin.zst__sieve__Mithril__256mb__w10000.log,ok
w26.oracleGeneral.bin.zst,oracleGeneral,fifo,Mithril,64mb,100,0.5514,0.7125,26532121,6673962,0,0,0,0,21297571,62448,15412,47036,./results/cp_sweep_intensity/logs/w26.oracleGeneral.bin.zst__fifo__Mithril__64mb__w100.log,ok
w26.oracleGeneral.bin.zst,oracleGeneral,lru,Mithril,1gb,1000,0.3637,0.5406,26532121,11480896,0,0,0,0,21080535,75406,8256,67150,./results/cp_sweep_intensity/logs/w26.oracleGeneral.bin.zst__lru__Mithril__1gb__w1000.log,ok
w26.oracleGeneral.bin.zst,oracleGeneral,lru,Mithril,64mb,10000,0.5426,0.7088,26532121,6642985,3880608,2585369,561439,733800,21034096,1537842,391208,1146634,./results/cp_sweep_intensity/logs/w26.oracleGeneral.bin.zst__lru__Mithril__64mb__w10000.log,ok
w26.oracleGeneral.bin.zst,oracleGeneral,fifo,Mithril,16mb,10000,0.6179,0.8202,26532121,3895756,2730615,1911983,412518,406114,20289000,1621213,539142,1082071,./results/cp_sweep_intensity/logs/w26.oracleGeneral.bin.zst__fifo__Mithril__16mb__w10000.log,ok
w26.oracleGeneral.bin.zst,oracleGeneral,fifo,Mithril,64mb,1000,0.5514,0.7125,26532121,6673962,124383,77246,20561,26576,21297571,414134,132514,281620,./results/cp_sweep_intensity/logs/w26.oracleGeneral.bin.zst__fifo__Mithril__64mb__w1000.log,ok
w26.oracleGeneral.bin.zst,oracleGeneral,fifo,Mithril,256mb,100,0.4637,0.6309,26532121,9765699,0,0,0,0,22053587,38107,7244,30863,./results/cp_sweep_intensity/logs/w26.oracleGeneral.bin.zst__fifo__Mithril__256mb__w100.log,ok
w02.oracleGeneral.bin.zst,oracleGeneral,sieve,Mithril,256mb,10000,0.1749,0.1377,122181000,204769310,105173083,52221799,1677583,51273701,226133951,33881022,8464291,25416731,./results/cp_sweep_intensity/logs/w02.oracleGeneral.bin.zst__sieve__Mithril__256mb__w10000.log,ok
w26.oracleGeneral.bin.zst,oracleGeneral,fifo,Mithril,1gb,100,0.3723,0.5467,26532121,11557481,0,0,0,0,21386528,11428,1821,9607,./results/cp_sweep_intensity/logs/w26.oracleGeneral.bin.zst__fifo__Mithril__1gb__w100.log,ok
w26.oracleGeneral.bin.zst,oracleGeneral,sieve,Mithril,16mb,100,0.6031,0.8177,26532121,3658688,380536,284491,46421,49624,19659472,109382,5650,103732,./results/cp_sweep_intensity/logs/w26.oracleGeneral.bin.zst__sieve__Mithril__16mb__w100.log,ok
w26.oracleGeneral.bin.zst,oracleGeneral,sieve,Mithril,16mb,1000,0.6031,0.8177,26532121,3658688,2039823,1497353,305769,236701,19659472,538528,33574,504954,./results/cp_sweep_intensity/logs/w26.oracleGeneral.bin.zst__sieve__Mithril__16mb__w1000.log,ok
w26.oracleGeneral.bin.zst,oracleGeneral,fifo,Mithril,256mb,1000,0.4637,0.6309,26532121,9765699,106,60,16,30,22053587,292555,67993,224562,./results/cp_sweep_intensity/logs/w26.oracleGeneral.bin.zst__fifo__Mithril__256mb__w1000.log,ok
w19.oracleGeneral.bin.zst,oracleGeneral,sieve,Mithril,256mb,10000,0.2203,0.1835,31116216,46120568,22223595,11405040,2379443,8439112,52967637,10881028,4566619,6314409,./results/cp_sweep_intensity/logs/w19.oracleGeneral.bin.zst__sieve__Mithril__256mb__w10000.log,ok
w26.oracleGeneral.bin.zst,oracleGeneral,sieve,Mithril,16mb,10000,0.6031,0.8177,26532121,3658688,2977621,2178689,453194,345738,19659472,1452329,162292,1290037,./results/cp_sweep_intensity/logs/w26.oracleGeneral.bin.zst__sieve__Mithril__16mb__w10000.log,ok
w26.oracleGeneral.bin.zst,oracleGeneral,sieve,Mithril,64mb,100,0.5421,0.7110,26532121,6819352,303673,208261,39635,55777,21196594,93581,3115,90466,./results/cp_sweep_intensity/logs/w26.oracleGeneral.bin.zst__sieve__Mithril__64mb__w100.log,ok
w25.oracleGeneral.bin.zst,oracleGeneral,lru,Mithril,256mb,10000,0.3449,0.3050,26569398,21112370,3612219,1544274,489598,1578347,30262913,805297,245033,560264,./results/cp_sweep_intensity/logs/w25.oracleGeneral.bin.zst__lru__Mithril__256mb__w10000.log,ok
w26.oracleGeneral.bin.zst,oracleGeneral,fifo,Mithril,1gb,1000,0.3723,0.5467,26532121,11557481,0,0,0,0,21386528,97309,20195,77114,./results/cp_sweep_intensity/logs/w26.oracleGeneral.bin.zst__fifo__Mithril__1gb__w1000.log,ok
w26.oracleGeneral.bin.zst,oracleGeneral,sieve,Mithril,64mb,1000,0.5421,0.7110,26532121,6819352,1951035,1330956,283640,336439,21196594,486951,21269,465682,./results/cp_sweep_intensity/logs/w26.oracleGeneral.bin.zst__sieve__Mithril__64mb__w1000.log,ok
w26.oracleGeneral.bin.zst,oracleGeneral,fifo,Mithril,64mb,10000,0.5514,0.7125,26532121,6673962,3778653,2516695,563109,698849,21297571,1569156,491590,1077566,./results/cp_sweep_intensity/logs/w26.oracleGeneral.bin.zst__fifo__Mithril__64mb__w10000.log,ok
w26.oracleGeneral.bin.zst,oracleGeneral,sieve,Mithril,256mb,100,0.4559,0.6293,26532121,10251086,148913,95156,24988,28769,22330566,43875,1484,42391,./results/cp_sweep_intensity/logs/w26.oracleGeneral.bin.zst__sieve__Mithril__256mb__w100.log,ok
w27.oracleGeneral.bin.zst,oracleGeneral,lru,Mithril,16mb,100,,,,,,,,,,,,,./results/cp_sweep_intensity/logs/w27.oracleGeneral.bin.zst__lru__Mithril__16mb__w100.log,fail:1
w27.oracleGeneral.bin.zst,oracleGeneral,lru,Mithril,16mb,1000,,,,,,,,,,,,,./results/cp_sweep_intensity/logs/w27.oracleGeneral.bin.zst__lru__Mithril__16mb__w1000.log,fail:1
w27.oracleGeneral.bin.zst,oracleGeneral,lru,Mithril,16mb,10000,,,,,,,,,,,,,./results/cp_sweep_intensity/logs/w27.oracleGeneral.bin.zst__lru__Mithril__16mb__w10000.log,fail:1
w27.oracleGeneral.bin.zst,oracleGeneral,lru,Mithril,64mb,100,,,,,,,,,,,,,./results/cp_sweep_intensity/logs/w27.oracleGeneral.bin.zst__lru__Mithril__64mb__w100.log,fail:1
w26.oracleGeneral.bin.zst,oracleGeneral,sieve,Mithril,64mb,10000,0.5421,0.7110,26532121,6819352,5019412,3501772,736132,781508,21196594,1647033,168331,1478702,./results/cp_sweep_intensity/logs/w26.oracleGeneral.bin.zst__sieve__Mithril__64mb__w10000.log,ok
w26.oracleGeneral.bin.zst,oracleGeneral,sieve,Mithril,1gb,100,0.3608,0.5400,26532121,11945981,39137,22310,10176,6651,21460591,10592,804,9788,./results/cp_sweep_intensity/logs/w26.oracleGeneral.bin.zst__sieve__Mithril__1gb__w100.log,ok
w27.oracleGeneral.bin.zst,oracleGeneral,lru,Mithril,64mb,1000,,,,,,,,,,,,,./results/cp_sweep_intensity/logs/w27.oracleGeneral.bin.zst__lru__Mithril__64mb__w1000.log,fail:1
w27.oracleGeneral.bin.zst,oracleGeneral,lru,Mithril,256mb,100,,,,,,,,,,,,,./results/cp_sweep_intensity/logs/w27.oracleGeneral.bin.zst__lru__Mithril__256mb__w100.log,fail:1
w26.oracleGeneral.bin.zst,oracleGeneral,sieve,Mithril,256mb,1000,0.4559,0.6293,26532121,10251086,1105590,704299,195152,206139,22330566,304453,14854,289599,./results/cp_sweep_intensity/logs/w26.oracleGeneral.bin.zst__sieve__Mithril__256mb__w1000.log,ok
w27.oracleGeneral.bin.zst,oracleGeneral,lru,Mithril,256mb,1000,,,,,,,,,,,,,./results/cp_sweep_intensity/logs/w27.oracleGeneral.bin.zst__lru__Mithril__256mb__w1000.log,fail:1
w27.oracleGeneral.bin.zst,oracleGeneral,lru,Mithril,64mb,10000,,,,,,,,,,,,,./results/cp_sweep_intensity/logs/w27.oracleGeneral.bin.zst__lru__Mithril__64mb__w10000.log,fail:1
w25.oracleGeneral.bin.zst,oracleGeneral,fifo,Mithril,256mb,10000,0.3451,0.3050,26569398,21116409,3579837,1528283,483147,1568407,30271575,809785,245533,564252,./results/cp_sweep_intensity/logs/w25.oracleGeneral.bin.zst__fifo__Mithril__256mb__w10000.log,ok
w27.oracleGeneral.bin.zst,oracleGeneral,fifo,Mithril,16mb,100,,,,,,,,,,,,,./results/cp_sweep_intensity/logs/w27.oracleGeneral.bin.zst__fifo__Mithril__16mb__w100.log,fail:1
w27.oracleGeneral.bin.zst,oracleGeneral,fifo,Mithril,16mb,1000,,,,,,,,,,,,,./results/cp_sweep_intensity/logs/w27.oracleGeneral.bin.zst__fifo__Mithril__16mb__w1000.log,fail:1
w27.oracleGeneral.bin.zst,oracleGeneral,lru,Mithril,256mb,10000,,,,,,,,,,,,,./results/cp_sweep_intensity/logs/w27.oracleGeneral.bin.zst__lru__Mithril__256mb__w10000.log,fail:1
w27.oracleGeneral.bin.zst,oracleGeneral,fifo,Mithril,16mb,10000,,,,,,,,,,,,,./results/cp_sweep_intensity/logs/w27.oracleGeneral.bin.zst__fifo__Mithril__16mb__w10000.log,fail:1
w27.oracleGeneral.bin.zst,oracleGeneral,fifo,Mithril,64mb,100,,,,,,,,,,,,,./results/cp_sweep_intensity/logs/w27.oracleGeneral.bin.zst__fifo__Mithril__64mb__w100.log,fail:1
w27.oracleGeneral.bin.zst,oracleGeneral,fifo,Mithril,64mb,1000,,,,,,,,,,,,,./results/cp_sweep_intensity/logs/w27.oracleGeneral.bin.zst__fifo__Mithril__64mb__w1000.log,fail:1
w27.oracleGeneral.bin.zst,oracleGeneral,lru,Mithril,1gb,100,0.6137,0.5891,19501541,7459781,0,0,0,0,19294910,1189,54,1135,./results/cp_sweep_intensity/logs/w27.oracleGeneral.bin.zst__lru__Mithril__1gb__w100.log,ok
w27.oracleGeneral.bin.zst,oracleGeneral,fifo,Mithril,256mb,100,,,,,,,,,,,,,./results/cp_sweep_intensity/logs/w27.oracleGeneral.bin.zst__fifo__Mithril__256mb__w100.log,fail:1
w27.oracleGeneral.bin.zst,oracleGeneral,fifo,Mithril,64mb,10000,,,,,,,,,,,,,./results/cp_sweep_intensity/logs/w27.oracleGeneral.bin.zst__fifo__Mithril__64mb__w10000.log,fail:1
w27.oracleGeneral.bin.zst,oracleGeneral,fifo,Mithril,256mb,1000,,,,,,,,,,,,,./results/cp_sweep_intensity/logs/w27.oracleGeneral.bin.zst__fifo__Mithril__256mb__w1000.log,fail:1
w26.oracleGeneral.bin.zst,oracleGeneral,sieve,Mithril,1gb,1000,0.3608,0.5400,26532121,11945981,335595,190203,87758,57634,21460591,87223,6821,80402,./results/cp_sweep_intensity/logs/w26.oracleGeneral.bin.zst__sieve__Mithril__1gb__w1000.log,ok
w25.oracleGeneral.bin.zst,oracleGeneral,lru,Mithril,1gb,10000,0.2780,0.2403,26569398,21881458,0,0,0,0,29232012,641545,214353,427192,./results/cp_sweep_intensity/logs/w25.oracleGeneral.bin.zst__lru__Mithril__1gb__w10000.log,ok
w27.oracleGeneral.bin.zst,oracleGeneral,sieve,Mithril,16mb,100,,,,,,,,,,,,,./results/cp_sweep_intensity/logs/w27.oracleGeneral.bin.zst__sieve__Mithril__16mb__w100.log,fail:1
w27.oracleGeneral.bin.zst,oracleGeneral,sieve,Mithril,16mb,1000,,,,,,,,,,,,,./results/cp_sweep_intensity/logs/w27.oracleGeneral.bin.zst__sieve__Mithril__16mb__w1000.log,fail:1
w27.oracleGeneral.bin.zst,oracleGeneral,sieve,Mithril,16mb,10000,,,,,,,,,,,,,./results/cp_sweep_intensity/logs/w27.oracleGeneral.bin.zst__sieve__Mithril__16mb__w10000.log,fail:1
w27.oracleGeneral.bin.zst,oracleGeneral,fifo,Mithril,256mb,10000,,,,,,,,,,,,,./results/cp_sweep_intensity/logs/w27.oracleGeneral.bin.zst__fifo__Mithril__256mb__w10000.log,fail:1
w27.oracleGeneral.bin.zst,oracleGeneral,sieve,Mithril,64mb,100,,,,,,,,,,,,,./results/cp_sweep_intensity/logs/w27.oracleGeneral.bin.zst__sieve__Mithril__64mb__w100.log,fail:1
w27.oracleGeneral.bin.zst,oracleGeneral,sieve,Mithril,64mb,1000,,,,,,,,,,,,,./results/cp_sweep_intensity/logs/w27.oracleGeneral.bin.zst__sieve__Mithril__64mb__w1000.log,fail:1
w27.oracleGeneral.bin.zst,oracleGeneral,fifo,Mithril,1gb,100,0.6312,0.6198,19501541,7465138,0,0,0,0,19639469,1874,91,1783,./results/cp_sweep_intensity/logs/w27.oracleGeneral.bin.zst__fifo__Mithril__1gb__w100.log,ok
w27.oracleGeneral.bin.zst,oracleGeneral,lru,Mithril,1gb,1000,0.6137,0.5891,19501541,7459781,0,0,0,0,19294910,11754,324,11430,./results/cp_sweep_intensity/logs/w27.oracleGeneral.bin.zst__lru__Mithril__1gb__w1000.log,ok
w27.oracleGeneral.bin.zst,oracleGeneral,sieve,Mithril,256mb,100,,,,,,,,,,,,,./results/cp_sweep_intensity/logs/w27.oracleGeneral.bin.zst__sieve__Mithril__256mb__w100.log,fail:1
w27.oracleGeneral.bin.zst,oracleGeneral,sieve,Mithril,64mb,10000,,,,,,,,,,,,,./results/cp_sweep_intensity/logs/w27.oracleGeneral.bin.zst__sieve__Mithril__64mb__w10000.log,fail:1
w27.oracleGeneral.bin.zst,oracleGeneral,sieve,Mithril,256mb,1000,,,,,,,,,,,,,./results/cp_sweep_intensity/logs/w27.oracleGeneral.bin.zst__sieve__Mithril__256mb__w1000.log,fail:1
w27.oracleGeneral.bin.zst,oracleGeneral,sieve,Mithril,1gb,100,0.6287,0.6045,19501541,9286283,121556,4365,114717,2474,21362081,10763,42,10721,./results/cp_sweep_intensity/logs/w27.oracleGeneral.bin.zst__sieve__Mithril__1gb__w100.log,ok
w28.oracleGeneral.bin.zst,oracleGeneral,lru,Mithril,16mb,100,,,,,,,,,,,,,./results/cp_sweep_intensity/logs/w28.oracleGeneral.bin.zst__lru__Mithril__16mb__w100.log,fail:134
w28.oracleGeneral.bin.zst,oracleGeneral,lru,Mithril,16mb,1000,,,,,,,,,,,,,./results/cp_sweep_intensity/logs/w28.oracleGeneral.bin.zst__lru__Mithril__16mb__w1000.log,fail:134
w28.oracleGeneral.bin.zst,oracleGeneral,lru,Mithril,16mb,10000,,,,,,,,,,,,,./results/cp_sweep_intensity/logs/w28.oracleGeneral.bin.zst__lru__Mithril__16mb__w10000.log,fail:134
w28.oracleGeneral.bin.zst,oracleGeneral,lru,Mithril,64mb,100,,,,,,,,,,,,,./results/cp_sweep_intensity/logs/w28.oracleGeneral.bin.zst__lru__Mithril__64mb__w100.log,fail:134
w28.oracleGeneral.bin.zst,oracleGeneral,lru,Mithril,64mb,1000,,,,,,,,,,,,,./results/cp_sweep_intensity/logs/w28.oracleGeneral.bin.zst__lru__Mithril__64mb__w1000.log,fail:134
w28.oracleGeneral.bin.zst,oracleGeneral,lru,Mithril,64mb,10000,,,,,,,,,,,,,./results/cp_sweep_intensity/logs/w28.oracleGeneral.bin.zst__lru__Mithril__64mb__w10000.log,fail:134
w28.oracleGeneral.bin.zst,oracleGeneral,lru,Mithril,256mb,100,,,,,,,,,,,,,./results/cp_sweep_intensity/logs/w28.oracleGeneral.bin.zst__lru__Mithril__256mb__w100.log,fail:134
w28.oracleGeneral.bin.zst,oracleGeneral,lru,Mithril,256mb,1000,,,,,,,,,,,,,./results/cp_sweep_intensity/logs/w28.oracleGeneral.bin.zst__lru__Mithril__256mb__w1000.log,fail:134
w28.oracleGeneral.bin.zst,oracleGeneral,lru,Mithril,256mb,10000,,,,,,,,,,,,,./results/cp_sweep_intensity/logs/w28.oracleGeneral.bin.zst__lru__Mithril__256mb__w10000.log,fail:134
w27.oracleGeneral.bin.zst,oracleGeneral,fifo,Mithril,1gb,1000,0.6312,0.6198,19501541,7465138,0,0,0,0,19639469,19091,2364,16727,./results/cp_sweep_intensity/logs/w27.oracleGeneral.bin.zst__fifo__Mithril__1gb__w1000.log,ok
w27.oracleGeneral.bin.zst,oracleGeneral,sieve,Mithril,256mb,10000,,,,,,,,,,,,,./results/cp_sweep_intensity/logs/w27.oracleGeneral.bin.zst__sieve__Mithril__256mb__w10000.log,fail:1
w28.oracleGeneral.bin.zst,oracleGeneral,lru,Mithril,1gb,100,,,,,,,,,,,,,./results/cp_sweep_intensity/logs/w28.oracleGeneral.bin.zst__lru__Mithril__1gb__w100.log,fail:134
w28.oracleGeneral.bin.zst,oracleGeneral,fifo,Mithril,16mb,100,,,,,,,,,,,,,./results/cp_sweep_intensity/logs/w28.oracleGeneral.bin.zst__fifo__Mithril__16mb__w100.log,fail:134
w28.oracleGeneral.bin.zst,oracleGeneral,fifo,Mithril,16mb,1000,,,,,,,,,,,,,./results/cp_sweep_intensity/logs/w28.oracleGeneral.bin.zst__fifo__Mithril__16mb__w1000.log,fail:134
w28.oracleGeneral.bin.zst,oracleGeneral,fifo,Mithril,16mb,10000,,,,,,,,,,,,,./results/cp_sweep_intensity/logs/w28.oracleGeneral.bin.zst__fifo__Mithril__16mb__w10000.log,fail:134
w28.oracleGeneral.bin.zst,oracleGeneral,fifo,Mithril,64mb,100,,,,,,,,,,,,,./results/cp_sweep_intensity/logs/w28.oracleGeneral.bin.zst__fifo__Mithril__64mb__w100.log,fail:134
w28.oracleGeneral.bin.zst,oracleGeneral,lru,Mithril,1gb,1000,,,,,,,,,,,,,./results/cp_sweep_intensity/logs/w28.oracleGeneral.bin.zst__lru__Mithril__1gb__w1000.log,fail:134
w28.oracleGeneral.bin.zst,oracleGeneral,fifo,Mithril,64mb,1000,,,,,,,,,,,,,./results/cp_sweep_intensity/logs/w28.oracleGeneral.bin.zst__fifo__Mithril__64mb__w1000.log,fail:134
w25.oracleGeneral.bin.zst,oracleGeneral,fifo,Mithril,1gb,10000,0.2783,0.2405,26569398,21936024,0,0,0,0,29294705,675294,226600,448694,./results/cp_sweep_intensity/logs/w25.oracleGeneral.bin.zst__fifo__Mithril__1gb__w10000.log,ok
w28.oracleGeneral.bin.zst,oracleGeneral,fifo,Mithril,64mb,10000,,,,,,,,,,,,,./results/cp_sweep_intensity/logs/w28.oracleGeneral.bin.zst__fifo__Mithril__64mb__w10000.log,fail:134
w26.oracleGeneral.bin.zst,oracleGeneral,lru,Mithril,256mb,10000,0.4578,0.6275,26532121,9645469,1969975,1141564,390047,438364,21777980,1240488,248781,991707,./results/cp_sweep_intensity/logs/w26.oracleGeneral.bin.zst__lru__Mithril__256mb__w10000.log,ok
w28.oracleGeneral.bin.zst,oracleGeneral,fifo,Mithril,256mb,100,,,,,,,,,,,,,./results/cp_sweep_intensity/logs/w28.oracleGeneral.bin.zst__fifo__Mithril__256mb__w100.log,fail:134
w28.oracleGeneral.bin.zst,oracleGeneral,fifo,Mithril,256mb,1000,,,,,,,,,,,,,./results/cp_sweep_intensity/logs/w28.oracleGeneral.bin.zst__fifo__Mithril__256mb__w1000.log,fail:134
w28.oracleGeneral.bin.zst,oracleGeneral,fifo,Mithril,1gb,100,,,,,,,,,,,,,./results/cp_sweep_intensity/logs/w28.oracleGeneral.bin.zst__fifo__Mithril__1gb__w100.log,fail:134
w28.oracleGeneral.bin.zst,oracleGeneral,sieve,Mithril,16mb,100,,,,,,,,,,,,,./results/cp_sweep_intensity/logs/w28.oracleGeneral.bin.zst__sieve__Mithril__16mb__w100.log,fail:134
w28.oracleGeneral.bin.zst,oracleGeneral,sieve,Mithril,16mb,1000,,,,,,,,,,,,,./results/cp_sweep_intensity/logs/w28.oracleGeneral.bin.zst__sieve__Mithril__16mb__w1000.log,fail:134
w28.oracleGeneral.bin.zst,oracleGeneral,sieve,Mithril,16mb,10000,,,,,,,,,,,,,./results/cp_sweep_intensity/logs/w28.oracleGeneral.bin.zst__sieve__Mithril__16mb__w10000.log,fail:134
w28.oracleGeneral.bin.zst,oracleGeneral,sieve,Mithril,64mb,100,,,,,,,,,,,,,./results/cp_sweep_intensity/logs/w28.oracleGeneral.bin.zst__sieve__Mithril__64mb__w100.log,fail:134
w28.oracleGeneral.bin.zst,oracleGeneral,sieve,Mithril,64mb,1000,,,,,,,,,,,,,./results/cp_sweep_intensity/logs/w28.oracleGeneral.bin.zst__sieve__Mithril__64mb__w1000.log,fail:134
w28.oracleGeneral.bin.zst,oracleGeneral,fifo,Mithril,1gb,1000,,,,,,,,,,,,,./results/cp_sweep_intensity/logs/w28.oracleGeneral.bin.zst__fifo__Mithril__1gb__w1000.log,fail:134
w28.oracleGeneral.bin.zst,oracleGeneral,sieve,Mithril,64mb,10000,,,,,,,,,,,,,./results/cp_sweep_intensity/logs/w28.oracleGeneral.bin.zst__sieve__Mithril__64mb__w10000.log,fail:134
w28.oracleGeneral.bin.zst,oracleGeneral,sieve,Mithril,256mb,100,,,,,,,,,,,,,./results/cp_sweep_intensity/logs/w28.oracleGeneral.bin.zst__sieve__Mithril__256mb__w100.log,fail:134
w28.oracleGeneral.bin.zst,oracleGeneral,sieve,Mithril,256mb,1000,,,,,,,,,,,,,./results/cp_sweep_intensity/logs/w28.oracleGeneral.bin.zst__sieve__Mithril__256mb__w1000.log,fail:134
w28.oracleGeneral.bin.zst,oracleGeneral,sieve,Mithril,256mb,10000,,,,,,,,,,,,,./results/cp_sweep_intensity/logs/w28.oracleGeneral.bin.zst__sieve__Mithril__256mb__w10000.log,fail:134
w28.oracleGeneral.bin.zst,oracleGeneral,sieve,Mithril,1gb,100,,,,,,,,,,,,,./results/cp_sweep_intensity/logs/w28.oracleGeneral.bin.zst__sieve__Mithril__1gb__w100.log,fail:134
w28.oracleGeneral.bin.zst,oracleGeneral,sieve,Mithril,1gb,1000,,,,,,,,,,,,,./results/cp_sweep_intensity/logs/w28.oracleGeneral.bin.zst__sieve__Mithril__1gb__w1000.log,fail:134
w28.oracleGeneral.bin.zst,oracleGeneral,fifo,Mithril,256mb,10000,,,,,,,,,,,,,./results/cp_sweep_intensity/logs/w28.oracleGeneral.bin.zst__fifo__Mithril__256mb__w10000.log,fail:134
w29.oracleGeneral.bin.zst,oracleGeneral,lru,Mithril,16mb,100,,,,,,,,,,,,,./results/cp_sweep_intensity/logs/w29.oracleGeneral.bin.zst__lru__Mithril__16mb__w100.log,fail:1
w29.oracleGeneral.bin.zst,oracleGeneral,lru,Mithril,16mb,1000,,,,,,,,,,,,,./results/cp_sweep_intensity/logs/w29.oracleGeneral.bin.zst__lru__Mithril__16mb__w1000.log,fail:1
w28.oracleGeneral.bin.zst,oracleGeneral,lru,Mithril,1gb,10000,,,,,,,,,,,,,./results/cp_sweep_intensity/logs/w28.oracleGeneral.bin.zst__lru__Mithril__1gb__w10000.log,fail:134
w29.oracleGeneral.bin.zst,oracleGeneral,lru,Mithril,16mb,10000,,,,,,,,,,,,,./results/cp_sweep_intensity/logs/w29.oracleGeneral.bin.zst__lru__Mithril__16mb__w10000.log,fail:1
w29.oracleGeneral.bin.zst,oracleGeneral,lru,Mithril,64mb,100,,,,,,,,,,,,,./results/cp_sweep_intensity/logs/w29.oracleGeneral.bin.zst__lru__Mithril__64mb__w100.log,fail:1
w29.oracleGeneral.bin.zst,oracleGeneral,lru,Mithril,64mb,1000,,,,,,,,,,,,,./results/cp_sweep_intensity/logs/w29.oracleGeneral.bin.zst__lru__Mithril__64mb__w1000.log,fail:1
w28.oracleGeneral.bin.zst,oracleGeneral,fifo,Mithril,1gb,10000,,,,,,,,,,,,,./results/cp_sweep_intensity/logs/w28.oracleGeneral.bin.zst__fifo__Mithril__1gb__w10000.log,fail:134
w29.oracleGeneral.bin.zst,oracleGeneral,lru,Mithril,64mb,10000,,,,,,,,,,,,,./results/cp_sweep_intensity/logs/w29.oracleGeneral.bin.zst__lru__Mithril__64mb__w10000.log,fail:1
w27.oracleGeneral.bin.zst,oracleGeneral,sieve,Mithril,1gb,1000,0.6287,0.6045,19501541,9286283,954991,35444,899520,20027,21362081,91169,519,90650,./results/cp_sweep_intensity/logs/w27.oracleGeneral.bin.zst__sieve__Mithril__1gb__w1000.log,ok
w25.oracleGeneral.bin.zst,oracleGeneral,sieve,Mithril,1gb,10000,0.2877,0.2460,26569398,22628165,2628011,1176281,385016,1066714,30239283,876179,244619,631560,./results/cp_sweep_intensity/logs/w25.oracleGeneral.bin.zst__sieve__Mithril__1gb__w10000.log,ok
w29.oracleGeneral.bin.zst,oracleGeneral,lru,Mithril,256mb,100,,,,,,,,,,,,,./results/cp_sweep_intensity/logs/w29.oracleGeneral.bin.zst__lru__Mithril__256mb__w100.log,fail:1
w28.oracleGeneral.bin.zst,oracleGeneral,sieve,Mithril,1gb,10000,,,,,,,,,,,,,./results/cp_sweep_intensity/logs/w28.oracleGeneral.bin.zst__sieve__Mithril__1gb__w10000.log,fail:134
w29.oracleGeneral.bin.zst,oracleGeneral,fifo,Mithril,16mb,100,,,,,,,,,,,,,./results/cp_sweep_intensity/logs/w29.oracleGeneral.bin.zst__fifo__Mithril__16mb__w100.log,fail:1
w29.oracleGeneral.bin.zst,oracleGeneral,fifo,Mithril,16mb,1000,,,,,,,,,,,,,./results/cp_sweep_intensity/logs/w29.oracleGeneral.bin.zst__fifo__Mithril__16mb__w1000.log,fail:1
w29.oracleGeneral.bin.zst,oracleGeneral,fifo,Mithril,16mb,10000,,,,,,,,,,,,,./results/cp_sweep_intensity/logs/w29.oracleGeneral.bin.zst__fifo__Mithril__16mb__w10000.log,fail:1
w29.oracleGeneral.bin.zst,oracleGeneral,fifo,Mithril,64mb,100,,,,,,,,,,,,,./results/cp_sweep_intensity/logs/w29.oracleGeneral.bin.zst__fifo__Mithril__64mb__w100.log,fail:1
w29.oracleGeneral.bin.zst,oracleGeneral,fifo,Mithril,64mb,1000,,,,,,,,,,,,,./results/cp_sweep_intensity/logs/w29.oracleGeneral.bin.zst__fifo__Mithril__64mb__w1000.log,fail:1
w29.oracleGeneral.bin.zst,oracleGeneral,lru,Mithril,256mb,1000,,,,,,,,,,,,,./results/cp_sweep_intensity/logs/w29.oracleGeneral.bin.zst__lru__Mithril__256mb__w1000.log,fail:1
w29.oracleGeneral.bin.zst,oracleGeneral,lru,Mithril,1gb,100,0.5274,0.5445,19087784,4015944,0,0,0,0,13576553,982,35,947,./results/cp_sweep_intensity/logs/w29.oracleGeneral.bin.zst__lru__Mithril__1gb__w100.log,ok
w26.oracleGeneral.bin.zst,oracleGeneral,sieve,Mithril,256mb,10000,0.4559,0.6293,26532121,10251086,5596301,3592139,995853,1008309,22330566,1423673,115658,1308015,./results/cp_sweep_intensity/logs/w26.oracleGeneral.bin.zst__sieve__Mithril__256mb__w10000.log,ok
w29.oracleGeneral.bin.zst,oracleGeneral,fifo,Mithril,64mb,10000,,,,,,,,,,,,,./results/cp_sweep_intensity/logs/w29.oracleGeneral.bin.zst__fifo__Mithril__64mb__w10000.log,fail:1
w29.oracleGeneral.bin.zst,oracleGeneral,fifo,Mithril,256mb,100,,,,,,,,,,,,,./results/cp_sweep_intensity/logs/w29.oracleGeneral.bin.zst__fifo__Mithril__256mb__w100.log,fail:1
w29.oracleGeneral.bin.zst,oracleGeneral,lru,Mithril,1gb,1000,0.5274,0.5445,19087784,4015944,0,0,0,0,13576553,9918,450,9468,./results/cp_sweep_intensity/logs/w29.oracleGeneral.bin.zst__lru__Mithril__1gb__w1000.log,ok
w29.oracleGeneral.bin.zst,oracleGeneral,sieve,Mithril,16mb,100,,,,,,,,,,,,,./results/cp_sweep_intensity/logs/w29.oracleGeneral.bin.zst__sieve__Mithril__16mb__w100.log,fail:1
w29.oracleGeneral.bin.zst,oracleGeneral,sieve,Mithril,16mb,1000,,,,,,,,,,,,,./results/cp_sweep_intensity/logs/w29.oracleGeneral.bin.zst__sieve__Mithril__16mb__w1000.log,fail:1
w29.oracleGeneral.bin.zst,oracleGeneral,sieve,Mithril,16mb,10000,,,,,,,,,,,,,./results/cp_sweep_intensity/logs/w29.oracleGeneral.bin.zst__sieve__Mithril__16mb__w10000.log,fail:1
w29.oracleGeneral.bin.zst,oracleGeneral,sieve,Mithril,64mb,100,,,,,,,,,,,,,./results/cp_sweep_intensity/logs/w29.oracleGeneral.bin.zst__sieve__Mithril__64mb__w100.log,fail:1
w29.oracleGeneral.bin.zst,oracleGeneral,sieve,Mithril,64mb,1000,,,,,,,,,,,,,./results/cp_sweep_intensity/logs/w29.oracleGeneral.bin.zst__sieve__Mithril__64mb__w1000.log,fail:1
w29.oracleGeneral.bin.zst,oracleGeneral,fifo,Mithril,256mb,1000,,,,,,,,,,,,,./results/cp_sweep_intensity/logs/w29.oracleGeneral.bin.zst__fifo__Mithril__256mb__w1000.log,fail:1
w29.oracleGeneral.bin.zst,oracleGeneral,fifo,Mithril,1gb,100,0.5516,0.5729,19087784,4223629,0,0,0,0,14241819,1932,220,1712,./results/cp_sweep_intensity/logs/w29.oracleGeneral.bin.zst__fifo__Mithril__1gb__w100.log,ok
w29.oracleGeneral.bin.zst,oracleGeneral,sieve,Mithril,64mb,10000,,,,,,,,,,,,,./results/cp_sweep_intensity/logs/w29.oracleGeneral.bin.zst__sieve__Mithril__64mb__w10000.log,fail:1
w29.oracleGeneral.bin.zst,oracleGeneral,fifo,Mithril,1gb,1000,0.5516,0.5729,19087784,4223629,0,0,0,0,14241819,17891,1857,16034,./results/cp_sweep_intensity/logs/w29.oracleGeneral.bin.zst__fifo__Mithril__1gb__w1000.log,ok
w29.oracleGeneral.bin.zst,oracleGeneral,sieve,Mithril,256mb,100,,,,,,,,,,,,,./results/cp_sweep_intensity/logs/w29.oracleGeneral.bin.zst__sieve__Mithril__256mb__w100.log,fail:1
w29.oracleGeneral.bin.zst,oracleGeneral,sieve,Mithril,1gb,100,0.5385,0.5474,19087784,4816340,35496,8192,24311,2993,14634993,4650,27,4623,./results/cp_sweep_intensity/logs/w29.oracleGeneral.bin.zst__sieve__Mithril__1gb__w100.log,ok
w26.oracleGeneral.bin.zst,oracleGeneral,fifo,Mithril,256mb,10000,0.4637,0.6309,26532121,9765699,1941059,1120226,389086,431747,22053587,1381218,381483,999735,./results/cp_sweep_intensity/logs/w26.oracleGeneral.bin.zst__fifo__Mithril__256mb__w10000.log,ok
w29.oracleGeneral.bin.zst,oracleGeneral,sieve,Mithril,256mb,1000,,,,,,,,,,,,,./results/cp_sweep_intensity/logs/w29.oracleGeneral.bin.zst__sieve__Mithril__256mb__w1000.log,fail:1
w30.oracleGeneral.bin.zst,oracleGeneral,lru,Mithril,16mb,100,,,,,,,,,,,,,./results/cp_sweep_intensity/logs/w30.oracleGeneral.bin.zst__lru__Mithril__16mb__w100.log,fail:134
w29.oracleGeneral.bin.zst,oracleGeneral,sieve,Mithril,1gb,1000,0.5385,0.5474,19087784,4816340,339445,59112,265545,14788,14634993,40754,510,40244,./results/cp_sweep_intensity/logs/w29.oracleGeneral.bin.zst__sieve__Mithril__1gb__w1000.log,ok
w30.oracleGeneral.bin.zst,oracleGeneral,lru,Mithril,16mb,1000,,,,,,,,,,,,,./results/cp_sweep_intensity/logs/w30.oracleGeneral.bin.zst__lru__Mithril__16mb__w1000.log,fail:134
w30.oracleGeneral.bin.zst,oracleGeneral,lru,Mithril,16mb,10000,,,,,,,,,,,,,./results/cp_sweep_intensity/logs/w30.oracleGeneral.bin.zst__lru__Mithril__16mb__w10000.log,fail:134
w30.oracleGeneral.bin.zst,oracleGeneral,lru,Mithril,64mb,100,,,,,,,,,,,,,./results/cp_sweep_intensity/logs/w30.oracleGeneral.bin.zst__lru__Mithril__64mb__w100.log,fail:134
w29.oracleGeneral.bin.zst,oracleGeneral,sieve,Mithril,256mb,10000,,,,,,,,,,,,,./results/cp_sweep_intensity/logs/w29.oracleGeneral.bin.zst__sieve__Mithril__256mb__w10000.log,fail:1
w26.oracleGeneral.bin.zst,oracleGeneral,lru,Mithril,1gb,10000,0.3637,0.5406,26532121,11480896,4228,2057,1192,979,21080535,538069,76274,461795,./results/cp_sweep_intensity/logs/w26.oracleGeneral.bin.zst__lru__Mithril__1gb__w10000.log,ok
w29.oracleGeneral.bin.zst,oracleGeneral,lru,Mithril,256mb,10000,,,,,,,,,,,,,./results/cp_sweep_intensity/logs/w29.oracleGeneral.bin.zst__lru__Mithril__256mb__w10000.log,fail:1
w30.oracleGeneral.bin.zst,oracleGeneral,lru,Mithril,256mb,100,,,,,,,,,,,,,./results/cp_sweep_intensity/logs/w30.oracleGeneral.bin.zst__lru__Mithril__256mb__w100.log,fail:134
w30.oracleGeneral.bin.zst,oracleGeneral,lru,Mithril,64mb,1000,,,,,,,,,,,,,./results/cp_sweep_intensity/logs/w30.oracleGeneral.bin.zst__lru__Mithril__64mb__w1000.log,fail:134
w29.oracleGeneral.bin.zst,oracleGeneral,lru,Mithril,1gb,10000,0.5274,0.5445,19087784,4015944,0,0,0,0,13576553,89223,6535,82688,./results/cp_sweep_intensity/logs/w29.oracleGeneral.bin.zst__lru__Mithril__1gb__w10000.log,ok
w29.oracleGeneral.bin.zst,oracleGeneral,fifo,Mithril,256mb,10000,,,,,,,,,,,,,./results/cp_sweep_intensity/logs/w29.oracleGeneral.bin.zst__fifo__Mithril__256mb__w10000.log,fail:1
w30.oracleGeneral.bin.zst,oracleGeneral,fifo,Mithril,16mb,100,,,,,,,,,,,,,./results/cp_sweep_intensity/logs/w30.oracleGeneral.bin.zst__fifo__Mithril__16mb__w100.log,fail:134
w30.oracleGeneral.bin.zst,oracleGeneral,lru,Mithril,1gb,100,0.3872,0.3506,21390010,14502995,0,0,0,0,22732046,21500,3020,18480,./results/cp_sweep_intensity/logs/w30.oracleGeneral.bin.zst__lru__Mithril__1gb__w100.log,ok
w30.oracleGeneral.bin.zst,oracleGeneral,fifo,Mithril,16mb,1000,,,,,,,,,,,,,./results/cp_sweep_intensity/logs/w30.oracleGeneral.bin.zst__fifo__Mithril__16mb__w1000.log,fail:134
w29.oracleGeneral.bin.zst,oracleGeneral,fifo,Mithril,1gb,10000,0.5516,0.5729,19087784,4223629,0,0,0,0,14241819,153645,22056,131589,./results/cp_sweep_intensity/logs/w29.oracleGeneral.bin.zst__fifo__Mithril__1gb__w10000.log,ok
w30.oracleGeneral.bin.zst,oracleGeneral,fifo,Mithril,16mb,10000,,,,,,,,,,,,,./results/cp_sweep_intensity/logs/w30.oracleGeneral.bin.zst__fifo__Mithril__16mb__w10000.log,fail:134
w30.oracleGeneral.bin.zst,oracleGeneral,fifo,Mithril,64mb,100,,,,,,,,,,,,,./results/cp_sweep_intensity/logs/w30.oracleGeneral.bin.zst__fifo__Mithril__64mb__w100.log,fail:134
w26.oracleGeneral.bin.zst,oracleGeneral,fifo,Mithril,1gb,10000,0.3723,0.5467,26532121,11557481,2925,1619,610,696,21386528,619327,135134,484193,./results/cp_sweep_intensity/logs/w26.oracleGeneral.bin.zst__fifo__Mithril__1gb__w10000.log,ok
w30.oracleGeneral.bin.zst,oracleGeneral,fifo,Mithril,256mb,100,,,,,,,,,,,,,./results/cp_sweep_intensity/logs/w30.oracleGeneral.bin.zst__fifo__Mithril__256mb__w100.log,fail:134
w29.oracleGeneral.bin.zst,oracleGeneral,sieve,Mithril,1gb,10000,0.5385,0.5474,19087784,4816340,702865,103391,576039,23435,14634993,298508,5970,292538,./results/cp_sweep_intensity/logs/w29.oracleGeneral.bin.zst__sieve__Mithril__1gb__w10000.log,ok
w30.oracleGeneral.bin.zst,oracleGeneral,fifo,Mithril,64mb,1000,,,,,,,,,,,,,./results/cp_sweep_intensity/logs/w30.oracleGeneral.bin.zst__fifo__Mithril__64mb__w1000.log,fail:134
w27.oracleGeneral.bin.zst,oracleGeneral,lru,Mithril,1gb,10000,0.6137,0.5891,19501541,7459781,352,27,286,39,19294910,123081,6477,116604,./results/cp_sweep_intensity/logs/w27.oracleGeneral.bin.zst__lru__Mithril__1gb__w10000.log,ok
w30.oracleGeneral.bin.zst,oracleGeneral,lru,Mithril,1gb,1000,0.3872,0.3506,21390010,14502995,0,0,0,0,22732046,223758,36103,187655,./results/cp_sweep_intensity/logs/w30.oracleGeneral.bin.zst__lru__Mithril__1gb__w1000.log,ok
w26.oracleGeneral.bin.zst,oracleGeneral,sieve,Mithril,1gb,10000,0.3608,0.5400,26532121,11945981,2528070,1390678,724091,413301,21460591,676306,70124,606182,./results/cp_sweep_intensity/logs/w26.oracleGeneral.bin.zst__sieve__Mithril__1gb__w10000.log,ok
w30.oracleGeneral.bin.zst,oracleGeneral,sieve,Mithril,16mb,100,,,,,,,,,,,,,./results/cp_sweep_intensity/logs/w30.oracleGeneral.bin.zst__sieve__Mithril__16mb__w100.log,fail:134
w27.oracleGeneral.bin.zst,oracleGeneral,fifo,Mithril,1gb,10000,0.6312,0.6198,19501541,7465138,342,25,285,32,19639469,154641,19424,135217,./results/cp_sweep_intensity/logs/w27.oracleGeneral.bin.zst__fifo__Mithril__1gb__w10000.log,ok
w30.oracleGeneral.bin.zst,oracleGeneral,fifo,Mithril,1gb,100,0.4206,0.3918,21390010,15159753,0,0,0,0,24102786,26986,4089,22897,./results/cp_sweep_intensity/logs/w30.oracleGeneral.bin.zst__fifo__Mithril__1gb__w100.log,ok
w30.oracleGeneral.bin.zst,oracleGeneral,sieve,Mithril,16mb,1000,,,,,,,,,,,,,./results/cp_sweep_intensity/logs/w30.oracleGeneral.bin.zst__sieve__Mithril__16mb__w1000.log,fail:134
w30.oracleGeneral.bin.zst,oracleGeneral,sieve,Mithril,16mb,10000,,,,,,,,,,,,,./results/cp_sweep_intensity/logs/w30.oracleGeneral.bin.zst__sieve__Mithril__16mb__w10000.log,fail:134
w30.oracleGeneral.bin.zst,oracleGeneral,lru,Mithril,256mb,1000,,,,,,,,,,,,,./results/cp_sweep_intensity/logs/w30.oracleGeneral.bin.zst__lru__Mithril__256mb__w1000.log,fail:134
w30.oracleGeneral.bin.zst,oracleGeneral,sieve,Mithril,64mb,100,,,,,,,,,,,,,./results/cp_sweep_intensity/logs/w30.oracleGeneral.bin.zst__sieve__Mithril__64mb__w100.log,fail:134
w30.oracleGeneral.bin.zst,oracleGeneral,lru,Mithril,64mb,10000,,,,,,,,,,,,,./results/cp_sweep_intensity/logs/w30.oracleGeneral.bin.zst__lru__Mithril__64mb__w10000.log,fail:134
w30.oracleGeneral.bin.zst,oracleGeneral,sieve,Mithril,256mb,100,,,,,,,,,,,,,./results/cp_sweep_intensity/logs/w30.oracleGeneral.bin.zst__sieve__Mithril__256mb__w100.log,fail:134
w30.oracleGeneral.bin.zst,oracleGeneral,sieve,Mithril,64mb,1000,,,,,,,,,,,,,./results/cp_sweep_intensity/logs/w30.oracleGeneral.bin.zst__sieve__Mithril__64mb__w1000.log,fail:134
w31.oracleGeneral.bin.zst,oracleGeneral,lru,Mithril,16mb,100,,,,,,,,,,,,,./results/cp_sweep_intensity/logs/w31.oracleGeneral.bin.zst__lru__Mithril__16mb__w100.log,fail:134
w31.oracleGeneral.bin.zst,oracleGeneral,lru,Mithril,16mb,1000,,,,,,,,,,,,,./results/cp_sweep_intensity/logs/w31.oracleGeneral.bin.zst__lru__Mithril__16mb__w1000.log,fail:134
w31.oracleGeneral.bin.zst,oracleGeneral,lru,Mithril,16mb,10000,,,,,,,,,,,,,./results/cp_sweep_intensity/logs/w31.oracleGeneral.bin.zst__lru__Mithril__16mb__w10000.log,fail:134
w31.oracleGeneral.bin.zst,oracleGeneral,lru,Mithril,64mb,100,,,,,,,,,,,,,./results/cp_sweep_intensity/logs/w31.oracleGeneral.bin.zst__lru__Mithril__64mb__w100.log,fail:134
w31.oracleGeneral.bin.zst,oracleGeneral,lru,Mithril,64mb,1000,,,,,,,,,,,,,./results/cp_sweep_intensity/logs/w31.oracleGeneral.bin.zst__lru__Mithril__64mb__w1000.log,fail:134
w30.oracleGeneral.bin.zst,oracleGeneral,sieve,Mithril,1gb,100,0.3912,0.3380,21390010,16776253,244529,183997,38699,21833,25091608,28589,727,27862,./results/cp_sweep_intensity/logs/w30.oracleGeneral.bin.zst__sieve__Mithril__1gb__w100.log,ok
w31.oracleGeneral.bin.zst,oracleGeneral,lru,Mithril,256mb,100,,,,,,,,,,,,,./results/cp_sweep_intensity/logs/w31.oracleGeneral.bin.zst__lru__Mithril__256mb__w100.log,fail:134
w31.oracleGeneral.bin.zst,oracleGeneral,lru,Mithril,64mb,10000,,,,,,,,,,,,,./results/cp_sweep_intensity/logs/w31.oracleGeneral.bin.zst__lru__Mithril__64mb__w10000.log,fail:134
w31.oracleGeneral.bin.zst,oracleGeneral,lru,Mithril,256mb,1000,,,,,,,,,,,,,./results/cp_sweep_intensity/logs/w31.oracleGeneral.bin.zst__lru__Mithril__256mb__w1000.log,fail:134
w31.oracleGeneral.bin.zst,oracleGeneral,lru,Mithril,256mb,10000,,,,,,,,,,,,,./results/cp_sweep_intensity/logs/w31.oracleGeneral.bin.zst__lru__Mithril__256mb__w10000.log,fail:134
w31.oracleGeneral.bin.zst,oracleGeneral,lru,Mithril,1gb,100,0.7945,0.6652,21166982,4214469,0,0,0,0,21027107,3437,276,3161,./results/cp_sweep_intensity/logs/w31.oracleGeneral.bin.zst__lru__Mithril__1gb__w100.log,ok
w30.oracleGeneral.bin.zst,oracleGeneral,sieve,Mithril,64mb,10000,,,,,,,,,,,,,./results/cp_sweep_intensity/logs/w30.oracleGeneral.bin.zst__sieve__Mithril__64mb__w10000.log,fail:134
w30.oracleGeneral.bin.zst,oracleGeneral,fifo,Mithril,1gb,1000,0.4206,0.3918,21390010,15159753,0,0,0,0,24102786,295471,56883,238588,./results/cp_sweep_intensity/logs/w30.oracleGeneral.bin.zst__fifo__Mithril__1gb__w1000.log,ok
w31.oracleGeneral.bin.zst,oracleGeneral,fifo,Mithril,16mb,100,,,,,,,,,,,,,./results/cp_sweep_intensity/logs/w31.oracleGeneral.bin.zst__fifo__Mithril__16mb__w100.log,fail:134
w31.oracleGeneral.bin.zst,oracleGeneral,fifo,Mithril,16mb,1000,,,,,,,,,,,,,./results/cp_sweep_intensity/logs/w31.oracleGeneral.bin.zst__fifo__Mithril__16mb__w1000.log,fail:134
w31.oracleGeneral.bin.zst,oracleGeneral,fifo,Mithril,16mb,10000,,,,,,,,,,,,,./results/cp_sweep_intensity/logs/w31.oracleGeneral.bin.zst__fifo__Mithril__16mb__w10000.log,fail:134
w31.oracleGeneral.bin.zst,oracleGeneral,fifo,Mithril,64mb,100,,,,,,,,,,,,,./results/cp_sweep_intensity/logs/w31.oracleGeneral.bin.zst__fifo__Mithril__64mb__w100.log,fail:134
w31.oracleGeneral.bin.zst,oracleGeneral,fifo,Mithril,64mb,1000,,,,,,,,,,,,,./results/cp_sweep_intensity/logs/w31.oracleGeneral.bin.zst__fifo__Mithril__64mb__w1000.log,fail:134
w31.oracleGeneral.bin.zst,oracleGeneral,fifo,Mithril,256mb,100,,,,,,,,,,,,,./results/cp_sweep_intensity/logs/w31.oracleGeneral.bin.zst__fifo__Mithril__256mb__w100.log,fail:134
w31.oracleGeneral.bin.zst,oracleGeneral,fifo,Mithril,64mb,10000,,,,,,,,,,,,,./results/cp_sweep_intensity/logs/w31.oracleGeneral.bin.zst__fifo__Mithril__64mb__w10000.log,fail:134
w31.oracleGeneral.bin.zst,oracleGeneral,fifo,Mithril,256mb,1000,,,,,,,,,,,,,./results/cp_sweep_intensity/logs/w31.oracleGeneral.bin.zst__fifo__Mithril__256mb__w1000.log,fail:134
w31.oracleGeneral.bin.zst,oracleGeneral,fifo,Mithril,256mb,10000,,,,,,,,,,,,,./results/cp_sweep_intensity/logs/w31.oracleGeneral.bin.zst__fifo__Mithril__256mb__w10000.log,fail:134
w31.oracleGeneral.bin.zst,oracleGeneral,lru,Mithril,1gb,1000,0.7945,0.6652,21166982,4214469,0,0,0,0,21027107,27150,3752,23398,./results/cp_sweep_intensity/logs/w31.oracleGeneral.bin.zst__lru__Mithril__1gb__w1000.log,ok
w31.oracleGeneral.bin.zst,oracleGeneral,fifo,Mithril,1gb,100,0.7964,0.6653,21166982,4259882,0,0,0,0,21113425,4712,853,3859,./results/cp_sweep_intensity/logs/w31.oracleGeneral.bin.zst__fifo__Mithril__1gb__w100.log,ok
w31.oracleGeneral.bin.zst,oracleGeneral,sieve,Mithril,16mb,100,,,,,,,,,,,,,./results/cp_sweep_intensity/logs/w31.oracleGeneral.bin.zst__sieve__Mithril__16mb__w100.log,fail:134
w30.oracleGeneral.bin.zst,oracleGeneral,fifo,Mithril,256mb,1000,,,,,,,,,,,,,./results/cp_sweep_intensity/logs/w30.oracleGeneral.bin.zst__fifo__Mithril__256mb__w1000.log,fail:134
w31.oracleGeneral.bin.zst,oracleGeneral,sieve,Mithril,16mb,1000,,,,,,,,,,,,,./results/cp_sweep_intensity/logs/w31.oracleGeneral.bin.zst__sieve__Mithril__16mb__w1000.log,fail:134
w31.oracleGeneral.bin.zst,oracleGeneral,sieve,Mithril,64mb,100,,,,,,,,,,,,,./results/cp_sweep_intensity/logs/w31.oracleGeneral.bin.zst__sieve__Mithril__64mb__w100.log,fail:134
w31.oracleGeneral.bin.zst,oracleGeneral,sieve,Mithril,16mb,10000,,,,,,,,,,,,,./results/cp_sweep_intensity/logs/w31.oracleGeneral.bin.zst__sieve__Mithril__16mb__w10000.log,fail:134
w31.oracleGeneral.bin.zst,oracleGeneral,sieve,Mithril,64mb,1000,,,,,,,,,,,,,./results/cp_sweep_intensity/logs/w31.oracleGeneral.bin.zst__sieve__Mithril__64mb__w1000.log,fail:134
w31.oracleGeneral.bin.zst,oracleGeneral,sieve,Mithril,64mb,10000,,,,,,,,,,,,,./results/cp_sweep_intensity/logs/w31.oracleGeneral.bin.zst__sieve__Mithril__64mb__w10000.log,fail:134
w31.oracleGeneral.bin.zst,oracleGeneral,sieve,Mithril,256mb,100,,,,,,,,,,,,,./results/cp_sweep_intensity/logs/w31.oracleGeneral.bin.zst__sieve__Mithril__256mb__w100.log,fail:134
w31.oracleGeneral.bin.zst,oracleGeneral,sieve,Mithril,256mb,1000,,,,,,,,,,,,,./results/cp_sweep_intensity/logs/w31.oracleGeneral.bin.zst__sieve__Mithril__256mb__w1000.log,fail:134
w31.oracleGeneral.bin.zst,oracleGeneral,sieve,Mithril,256mb,10000,,,,,,,,,,,,,./results/cp_sweep_intensity/logs/w31.oracleGeneral.bin.zst__sieve__Mithril__256mb__w10000.log,fail:134
w30.oracleGeneral.bin.zst,oracleGeneral,fifo,Mithril,64mb,10000,,,,,,,,,,,,,./results/cp_sweep_intensity/logs/w30.oracleGeneral.bin.zst__fifo__Mithril__64mb__w10000.log,fail:134
w31.oracleGeneral.bin.zst,oracleGeneral,fifo,Mithril,1gb,1000,0.7964,0.6653,21166982,4259882,0,0,0,0,21113425,34169,7799,26370,./results/cp_sweep_intensity/logs/w31.oracleGeneral.bin.zst__fifo__Mithril__1gb__w1000.log,ok
w32.oracleGeneral.bin.zst,oracleGeneral,lru,Mithril,16mb,100,0.7297,0.5648,20776392,1638414,0,0,0,0,16797193,11465,2393,9072,./results/cp_sweep_intensity/logs/w32.oracleGeneral.bin.zst__lru__Mithril__16mb__w100.log,ok
w31.oracleGeneral.bin.zst,oracleGeneral,sieve,Mithril,1gb,100,0.7970,0.6657,21166982,4224382,27733,14838,8932,3963,21082792,9921,318,9603,./results/cp_sweep_intensity/logs/w31.oracleGeneral.bin.zst__sieve__Mithril__1gb__w100.log,ok
w31.oracleGeneral.bin.zst,oracleGeneral,lru,Mithril,1gb,10000,0.7945,0.6652,21166982,4214469,291947,124991,124406,42550,21027107,160079,40802,119277,./results/cp_sweep_intensity/logs/w31.oracleGeneral.bin.zst__lru__Mithril__1gb__w10000.log,ok
w31.oracleGeneral.bin.zst,oracleGeneral,sieve,Mithril,1gb,1000,0.7970,0.6657,21166982,4224382,241609,112625,95246,33738,21082792,48591,2567,46024,./results/cp_sweep_intensity/logs/w31.oracleGeneral.bin.zst__sieve__Mithril__1gb__w1000.log,ok
w31.oracleGeneral.bin.zst,oracleGeneral,fifo,Mithril,1gb,10000,0.7964,0.6653,21166982,4259882,303025,134586,126256,42183,21113425,187925,59367,128558,./results/cp_sweep_intensity/logs/w31.oracleGeneral.bin.zst__fifo__Mithril__1gb__w10000.log,ok
w32.oracleGeneral.bin.zst,oracleGeneral,lru,Mithril,16mb,1000,0.7297,0.5648,20776392,1638414,32178,15002,3352,13824,16797193,86567,31313,55254,./results/cp_sweep_intensity/logs/w32.oracleGeneral.bin.zst__lru__Mithril__16mb__w1000.log,ok
w32.oracleGeneral.bin.zst,oracleGeneral,lru,Mithril,64mb,100,0.6764,0.5210,20776392,2692104,0,0,0,0,16741482,6618,1785,4833,./results/cp_sweep_intensity/logs/w32.oracleGeneral.bin.zst__lru__Mithril__64mb__w100.log,ok
w32.oracleGeneral.bin.zst,oracleGeneral,lru,Mithril,16mb,10000,0.7297,0.5648,20776392,1638414,523640,307759,45907,169974,16797193,370495,179167,191328,./results/cp_sweep_intensity/logs/w32.oracleGeneral.bin.zst__lru__Mithril__16mb__w10000.log,ok
w32.oracleGeneral.bin.zst,oracleGeneral,lru,Mithril,64mb,1000,0.6764,0.5210,20776392,2692104,0,0,0,0,16741482,51639,15334,36305,./results/cp_sweep_intensity/logs/w32.oracleGeneral.bin.zst__lru__Mithril__64mb__w1000.log,ok
w31.oracleGeneral.bin.zst,oracleGeneral,sieve,Mithril,1gb,10000,0.7970,0.6657,21166982,4224382,992297,378482,514129,99686,21082792,209522,23246,186276,./results/cp_sweep_intensity/logs/w31.oracleGeneral.bin.zst__sieve__Mithril__1gb__w10000.log,ok
w27.oracleGeneral.bin.zst,oracleGeneral,sieve,Mithril,1gb,10000,0.6287,0.6045,19501541,9286283,1994734,73091,1878415,43228,21362081,526843,5577,521266,./results/cp_sweep_intensity/logs/w27.oracleGeneral.bin.zst__sieve__Mithril__1gb__w10000.log,ok
w32.oracleGeneral.bin.zst,oracleGeneral,lru,Mithril,256mb,100,0.6661,0.5107,20776392,2300985,0,0,0,0,16127749,2188,599,1589,./results/cp_sweep_intensity/logs/w32.oracleGeneral.bin.zst__lru__Mithril__256mb__w100.log,ok
w32.oracleGeneral.bin.zst,oracleGeneral,lru,Mithril,256mb,1000,0.6661,0.5107,20776392,2300985,0,0,0,0,16127749,21104,6501,14603,./results/cp_sweep_intensity/logs/w32.oracleGeneral.bin.zst__lru__Mithril__256mb__w1000.log,ok
w32.oracleGeneral.bin.zst,oracleGeneral,lru,Mithril,1gb,100,0.3610,0.3758,20776392,7907065,0,0,0,0,15335295,514,209,305,./results/cp_sweep_intensity/logs/w32.oracleGeneral.bin.zst__lru__Mithril__1gb__w100.log,ok
w32.oracleGeneral.bin.zst,oracleGeneral,lru,Mithril,64mb,10000,0.6764,0.5210,20776392,2692104,321928,159448,50562,111918,16741482,344225,167087,177138,./results/cp_sweep_intensity/logs/w32.oracleGeneral.bin.zst__lru__Mithril__64mb__w10000.log,ok
w32.oracleGeneral.bin.zst,oracleGeneral,lru,Mithril,1gb,1000,0.3610,0.3758,20776392,7907065,0,0,0,0,15335295,4767,1784,2983,./results/cp_sweep_intensity/logs/w32.oracleGeneral.bin.zst__lru__Mithril__1gb__w1000.log,ok
w32.oracleGeneral.bin.zst,oracleGeneral,fifo,Mithril,16mb,100,0.7317,0.5654,20776392,1676116,0,0,0,0,16876378,14668,4274,10394,./results/cp_sweep_intensity/logs/w32.oracleGeneral.bin.zst__fifo__Mithril__16mb__w100.log,ok
w32.oracleGeneral.bin.zst,oracleGeneral,fifo,Mithril,16mb,1000,0.7317,0.5654,20776392,1676116,31311,14864,3177,13270,16876378,102058,42063,59995,./results/cp_sweep_intensity/logs/w32.oracleGeneral.bin.zst__fifo__Mithril__16mb__w1000.log,ok
w32.oracleGeneral.bin.zst,oracleGeneral,lru,Mithril,256mb,10000,0.6661,0.5107,20776392,2300985,1319,514,469,336,16127749,178005,81876,96129,./results/cp_sweep_intensity/logs/w32.oracleGeneral.bin.zst__lru__Mithril__256mb__w10000.log,ok
w19.oracleGeneral.bin.zst,oracleGeneral,sieve,Mithril,1gb,10000,0.1944,0.1581,31116216,36093103,11962147,5887078,1623922,4451147,42110028,8113398,3353236,4760162,./results/cp_sweep_intensity/logs/w19.oracleGeneral.bin.zst__sieve__Mithril__1gb__w10000.log,ok
w32.oracleGeneral.bin.zst,oracleGeneral,fifo,Mithril,16mb,10000,0.7317,0.5654,20776392,1676116,544435,320404,47928,176103,16876378,404208,201431,202777,./results/cp_sweep_intensity/logs/w32.oracleGeneral.bin.zst__fifo__Mithril__16mb__w10000.log,ok
w32.oracleGeneral.bin.zst,oracleGeneral,fifo,Mithril,64mb,100,0.6770,0.5215,20776392,2738453,0,0,0,0,16800918,8342,3177,5165,./results/cp_sweep_intensity/logs/w32.oracleGeneral.bin.zst__fifo__Mithril__64mb__w100.log,ok
w32.oracleGeneral.bin.zst,oracleGeneral,fifo,Mithril,64mb,1000,0.6770,0.5215,20776392,2738453,0,0,0,0,16800918,60781,23600,37181,./results/cp_sweep_intensity/logs/w32.oracleGeneral.bin.zst__fifo__Mithril__64mb__w1000.log,ok
w30.oracleGeneral.bin.zst,oracleGeneral,sieve,Mithril,256mb,1000,,,,,,,,,,,,,./results/cp_sweep_intensity/logs/w30.oracleGeneral.bin.zst__sieve__Mithril__256mb__w1000.log,fail:134
w32.oracleGeneral.bin.zst,oracleGeneral,fifo,Mithril,256mb,100,0.6670,0.5112,20776392,2339216,0,0,0,0,16183097,3100,946,2154,./results/cp_sweep_intensity/logs/w32.oracleGeneral.bin.zst__fifo__Mithril__256mb__w100.log,ok
w30.oracleGeneral.bin.zst,oracleGeneral,sieve,Mithril,1gb,1000,0.3912,0.3380,21390010,16776253,2687822,2032320,464846,190656,25091608,338090,10479,327611,./results/cp_sweep_intensity/logs/w30.oracleGeneral.bin.zst__sieve__Mithril__1gb__w1000.log,ok
w32.oracleGeneral.bin.zst,oracleGeneral,fifo,Mithril,256mb,1000,0.6670,0.5112,20776392,2339216,0,0,0,0,16183097,29143,9909,19234,./results/cp_sweep_intensity/logs/w32.oracleGeneral.bin.zst__fifo__Mithril__256mb__w1000.log,ok
w32.oracleGeneral.bin.zst,oracleGeneral,fifo,Mithril,1gb,100,0.3625,0.3768,20776392,7965295,0,0,0,0,15411428,911,406,505,./results/cp_sweep_intensity/logs/w32.oracleGeneral.bin.zst__fifo__Mithril__1gb__w100.log,ok
w32.oracleGeneral.bin.zst,oracleGeneral,fifo,Mithril,64mb,10000,0.6770,0.5215,20776392,2738453,308339,153545,47293,107501,16800918,365656,191247,174409,./results/cp_sweep_intensity/logs/w32.oracleGeneral.bin.zst__fifo__Mithril__64mb__w10000.log,ok
w32.oracleGeneral.bin.zst,oracleGeneral,lru,Mithril,1gb,10000,0.3610,0.3758,20776392,7907065,0,0,0,0,15335295,46982,23155,23827,./results/cp_sweep_intensity/logs/w32.oracleGeneral.bin.zst__lru__Mithril__1gb__w10000.log,ok
w32.oracleGeneral.bin.zst,oracleGeneral,fifo,Mithril,1gb,1000,0.3625,0.3768,20776392,7965295,0,0,0,0,15411428,7185,2944,4241,./results/cp_sweep_intensity/logs/w32.oracleGeneral.bin.zst__fifo__Mithril__1gb__w1000.log,ok
w32.oracleGeneral.bin.zst,oracleGeneral,sieve,Mithril,16mb,100,0.7358,0.5794,20776392,1761356,62893,38633,5313,18947,17047193,23424,2788,20636,./results/cp_sweep_intensity/logs/w32.oracleGeneral.bin.zst__sieve__Mithril__16mb__w100.log,ok
w32.oracleGeneral.bin.zst,oracleGeneral,sieve,Mithril,16mb,1000,0.7358,0.5794,20776392,1761356,376587,229844,31309,115434,17047193,119445,21187,98258,./results/cp_sweep_intensity/logs/w32.oracleGeneral.bin.zst__sieve__Mithril__16mb__w1000.log,ok
w32.oracleGeneral.bin.zst,oracleGeneral,sieve,Mithril,16mb,10000,0.7358,0.5794,20776392,1761356,754154,486575,53857,213722,17047193,451718,152330,299388,./results/cp_sweep_intensity/logs/w32.oracleGeneral.bin.zst__sieve__Mithril__16mb__w10000.log,ok
w32.oracleGeneral.bin.zst,oracleGeneral,fifo,Mithril,256mb,10000,0.6670,0.5112,20776392,2339216,1235,412,430,393,16183097,199000,93253,105747,./results/cp_sweep_intensity/logs/w32.oracleGeneral.bin.zst__fifo__Mithril__256mb__w10000.log,ok
w32.oracleGeneral.bin.zst,oracleGeneral,sieve,Mithril,64mb,100,0.6620,0.5284,20776392,3083618,21317,12532,2329,6456,16834495,11792,1191,10601,./results/cp_sweep_intensity/logs/w32.oracleGeneral.bin.zst__sieve__Mithril__64mb__w100.log,ok
w32.oracleGeneral.bin.zst,oracleGeneral,sieve,Mithril,64mb,1000,0.6620,0.5284,20776392,3083618,158100,89654,18918,49528,16834495,77702,12575,65127,./results/cp_sweep_intensity/logs/w32.oracleGeneral.bin.zst__sieve__Mithril__64mb__w1000.log,ok
w32.oracleGeneral.bin.zst,oracleGeneral,sieve,Mithril,256mb,100,0.6498,0.5046,20776392,2700473,5908,2947,1341,1620,16189652,3847,712,3135,./results/cp_sweep_intensity/logs/w32.oracleGeneral.bin.zst__sieve__Mithril__256mb__w100.log,ok
w33.oracleGeneral.bin.zst,oracleGeneral,lru,Mithril,16mb,100,0.2233,0.3924,19868346,2947099,0,0,0,0,7383329,255194,1701,253493,./results/cp_sweep_intensity/logs/w33.oracleGeneral.bin.zst__lru__Mithril__16mb__w100.log,ok
w32.oracleGeneral.bin.zst,oracleGeneral,sieve,Mithril,1gb,100,0.3658,0.3811,20776392,7975540,993,517,119,357,15498904,908,218,690,./results/cp_sweep_intensity/logs/w32.oracleGeneral.bin.zst__sieve__Mithril__1gb__w100.log,ok
w32.oracleGeneral.bin.zst,oracleGeneral,sieve,Mithril,256mb,1000,0.6498,0.5046,20776392,2700473,42828,22797,6514,13517,16189652,30110,8093,22017,./results/cp_sweep_intensity/logs/w32.oracleGeneral.bin.zst__sieve__Mithril__256mb__w1000.log,ok
w32.oracleGeneral.bin.zst,oracleGeneral,sieve,Mithril,64mb,10000,0.6620,0.5284,20776392,3083618,710793,423060,74368,213365,16834495,394444,143621,250823,./results/cp_sweep_intensity/logs/w32.oracleGeneral.bin.zst__sieve__Mithril__64mb__w10000.log,ok
w33.oracleGeneral.bin.zst,oracleGeneral,lru,Mithril,16mb,1000,0.2233,0.3924,19868346,2947099,18113,10921,1752,5440,7383329,647105,20610,626495,./results/cp_sweep_intensity/logs/w33.oracleGeneral.bin.zst__lru__Mithril__16mb__w1000.log,ok
w32.oracleGeneral.bin.zst,oracleGeneral,sieve,Mithril,1gb,1000,0.3658,0.3811,20776392,7975540,9416,3735,1481,4200,15498904,8410,1646,6764,./results/cp_sweep_intensity/logs/w32.oracleGeneral.bin.zst__sieve__Mithril__1gb__w1000.log,ok
w33.oracleGeneral.bin.zst,oracleGeneral,lru,Mithril,64mb,100,0.2019,0.3471,19868346,2737104,0,0,0,0,6745663,60884,958,59926,./results/cp_sweep_intensity/logs/w33.oracleGeneral.bin.zst__lru__Mithril__64mb__w100.log,ok
w33.oracleGeneral.bin.zst,oracleGeneral,lru,Mithril,64mb,1000,0.2019,0.3471,19868346,2737104,0,0,0,0,6745663,176018,7172,168846,./results/cp_sweep_intensity/logs/w33.oracleGeneral.bin.zst__lru__Mithril__64mb__w1000.log,ok
w32.oracleGeneral.bin.zst,oracleGeneral,sieve,Mithril,256mb,10000,0.6498,0.5046,20776392,2700473,266016,146179,42194,77643,16189652,211451,95624,115827,./results/cp_sweep_intensity/logs/w32.oracleGeneral.bin.zst__sieve__Mithril__256mb__w10000.log,ok
w32.oracleGeneral.bin.zst,oracleGeneral,fifo,Mithril,1gb,10000,0.3625,0.3768,20776392,7965295,0,0,0,0,15411428,47855,22778,25077,./results/cp_sweep_intensity/logs/w32.oracleGeneral.bin.zst__fifo__Mithril__1gb__w10000.log,ok
w33.oracleGeneral.bin.zst,oracleGeneral,lru,Mithril,256mb,100,0.1828,0.3010,19868346,2494199,0,0,0,0,6111315,9200,132,9068,./results/cp_sweep_intensity/logs/w33.oracleGeneral.bin.zst__lru__Mithril__256mb__w100.log,ok
w33.oracleGeneral.bin.zst,oracleGeneral,lru,Mithril,1gb,100,0.1493,0.1913,19868346,1223407,0,0,0,0,4090265,755,1,754,./results/cp_sweep_intensity/logs/w33.oracleGeneral.bin.zst__lru__Mithril__1gb__w100.log,ok
w33.oracleGeneral.bin.zst,oracleGeneral,lru,Mithril,256mb,1000,0.1828,0.3010,19868346,2494199,0,0,0,0,6111315,41068,1111,39957,./results/cp_sweep_intensity/logs/w33.oracleGeneral.bin.zst__lru__Mithril__256mb__w1000.log,ok
w33.oracleGeneral.bin.zst,oracleGeneral,lru,Mithril,16mb,10000,0.2233,0.3924,19868346,2947099,2675499,1797803,343747,533949,7383329,1176504,150654,1025850,./results/cp_sweep_intensity/logs/w33.oracleGeneral.bin.zst__lru__Mithril__16mb__w10000.log,ok
w33.oracleGeneral.bin.zst,oracleGeneral,lru,Mithril,1gb,1000,0.1493,0.1913,19868346,1223407,0,0,0,0,4090265,3509,40,3469,./results/cp_sweep_intensity/logs/w33.oracleGeneral.bin.zst__lru__Mithril__1gb__w1000.log,ok
w33.oracleGeneral.bin.zst,oracleGeneral,fifo,Mithril,16mb,100,0.2650,0.4184,19868346,2787323,0,0,0,0,8052087,295278,35944,259334,./results/cp_sweep_intensity/logs/w33.oracleGeneral.bin.zst__fifo__Mithril__16mb__w100.log,ok
w33.oracleGeneral.bin.zst,oracleGeneral,fifo,Mithril,16mb,1000,0.2650,0.4184,19868346,2787323,18245,10606,2805,4834,8052087,657422,68924,588498,./results/cp_sweep_intensity/logs/w33.oracleGeneral.bin.zst__fifo__Mithril__16mb__w1000.log,ok
w33.oracleGeneral.bin.zst,oracleGeneral,lru,Mithril,1gb,10000,0.1493,0.1913,19868346,1223407,0,0,0,0,4090265,24899,430,24469,./results/cp_sweep_intensity/logs/w33.oracleGeneral.bin.zst__lru__Mithril__1gb__w10000.log,ok
w33.oracleGeneral.bin.zst,oracleGeneral,fifo,Mithril,64mb,100,0.2189,0.3644,19868346,2859075,0,0,0,0,7204589,111965,16306,95659,./results/cp_sweep_intensity/logs/w33.oracleGeneral.bin.zst__fifo__Mithril__64mb__w100.log,ok
w33.oracleGeneral.bin.zst,oracleGeneral,fifo,Mithril,64mb,1000,0.2189,0.3644,19868346,2859075,0,0,0,0,7204589,260204,35656,224548,./results/cp_sweep_intensity/logs/w33.oracleGeneral.bin.zst__fifo__Mithril__64mb__w1000.log,ok
w33.oracleGeneral.bin.zst,oracleGeneral,fifo,Mithril,256mb,100,0.1879,0.3052,19868346,2448000,0,0,0,0,6165486,23122,1937,21185,./results/cp_sweep_intensity/logs/w33.oracleGeneral.bin.zst__fifo__Mithril__256mb__w100.log,ok
w33.oracleGeneral.bin.zst,oracleGeneral,fifo,Mithril,16mb,10000,0.2650,0.4184,19868346,2787323,2458001,1561098,480693,416210,8052087,1139221,216126,923095,./results/cp_sweep_intensity/logs/w33.oracleGeneral.bin.zst__fifo__Mithril__16mb__w10000.log,ok
w33.oracleGeneral.bin.zst,oracleGeneral,fifo,Mithril,1gb,100,0.1528,0.2020,19868346,1257006,0,0,0,0,4188657,2538,289,2249,./results/cp_sweep_intensity/logs/w33.oracleGeneral.bin.zst__fifo__Mithril__1gb__w100.log,ok
w33.oracleGeneral.bin.zst,oracleGeneral,fifo,Mithril,256mb,1000,0.1879,0.3052,19868346,2448000,0,0,0,0,6165486,72637,6586,66051,./results/cp_sweep_intensity/logs/w33.oracleGeneral.bin.zst__fifo__Mithril__256mb__w1000.log,ok
w33.oracleGeneral.bin.zst,oracleGeneral,lru,Mithril,64mb,10000,0.2019,0.3471,19868346,2737104,22883,17793,706,4384,6745663,509805,123795,386010,./results/cp_sweep_intensity/logs/w33.oracleGeneral.bin.zst__lru__Mithril__64mb__w10000.log,ok
w33.oracleGeneral.bin.zst,oracleGeneral,fifo,Mithril,1gb,1000,0.1528,0.2020,19868346,1257006,0,0,0,0,4188657,8583,850,7733,./results/cp_sweep_intensity/logs/w33.oracleGeneral.bin.zst__fifo__Mithril__1gb__w1000.log,ok
w32.oracleGeneral.bin.zst,oracleGeneral,sieve,Mithril,1gb,10000,0.3658,0.3811,20776392,7975540,87636,36905,14709,36022,15498904,77588,30293,47295,./results/cp_sweep_intensity/logs/w32.oracleGeneral.bin.zst__sieve__Mithril__1gb__w10000.log,ok
w33.oracleGeneral.bin.zst,oracleGeneral,lru,Mithril,256mb,10000,0.1828,0.3010,19868346,2494199,796,504,151,141,6111315,303720,9694,294026,./results/cp_sweep_intensity/logs/w33.oracleGeneral.bin.zst__lru__Mithril__256mb__w10000.log,ok
w33.oracleGeneral.bin.zst,oracleGeneral,sieve,Mithril,16mb,100,0.2186,0.3650,19868346,1967116,313572,201743,75670,36159,6309223,318085,163,317922,./results/cp_sweep_intensity/logs/w33.oracleGeneral.bin.zst__sieve__Mithril__16mb__w100.log,ok
w33.oracleGeneral.bin.zst,oracleGeneral,sieve,Mithril,16mb,1000,0.2186,0.3650,19868346,1967116,897413,590061,213946,93406,6309223,598347,1088,597259,./results/cp_sweep_intensity/logs/w33.oracleGeneral.bin.zst__sieve__Mithril__16mb__w1000.log,ok
w33.oracleGeneral.bin.zst,oracleGeneral,sieve,Mithril,64mb,1000,0.2071,0.3485,19868346,2990653,839044,601600,110268,127176,7095239,572072,735,571337,./results/cp_sweep_intensity/logs/w33.oracleGeneral.bin.zst__sieve__Mithril__64mb__w1000.log,ok
w33.oracleGeneral.bin.zst,oracleGeneral,sieve,Mithril,64mb,100,0.2071,0.3485,19868346,2990653,379278,263253,51140,64885,7095239,292263,102,292161,./results/cp_sweep_intensity/logs/w33.oracleGeneral.bin.zst__sieve__Mithril__64mb__w100.log,ok
w33.oracleGeneral.bin.zst,oracleGeneral,fifo,Mithril,1gb,10000,0.1528,0.2020,19868346,1257006,0,0,0,0,4188657,42403,4833,37570,./results/cp_sweep_intensity/logs/w33.oracleGeneral.bin.zst__fifo__Mithril__1gb__w10000.log,ok
w33.oracleGeneral.bin.zst,oracleGeneral,sieve,Mithril,16mb,10000,0.2186,0.3650,19868346,1967116,1893215,1286534,437226,169455,6309223,720242,4558,715684,./results/cp_sweep_intensity/logs/w33.oracleGeneral.bin.zst__sieve__Mithril__16mb__w10000.log,ok
w34.oracleGeneral.bin.zst,oracleGeneral,lru,Mithril,16mb,100,,,,,,,,,,,,,./results/cp_sweep_intensity/logs/w34.oracleGeneral.bin.zst__lru__Mithril__16mb__w100.log,fail:134
w33.oracleGeneral.bin.zst,oracleGeneral,sieve,Mithril,256mb,100,0.1868,0.3061,19868346,2696415,103077,60800,25542,16735,6392316,79555,222,79333,./results/cp_sweep_intensity/logs/w33.oracleGeneral.bin.zst__sieve__Mithril__256mb__w100.log,ok
w34.oracleGeneral.bin.zst,oracleGeneral,lru,Mithril,16mb,1000,,,,,,,,,,,,,./results/cp_sweep_intensity/logs/w34.oracleGeneral.bin.zst__lru__Mithril__16mb__w1000.log,fail:134
w34.oracleGeneral.bin.zst,oracleGeneral,lru,Mithril,16mb,10000,,,,,,,,,,,,,./results/cp_sweep_intensity/logs/w34.oracleGeneral.bin.zst__lru__Mithril__16mb__w10000.log,fail:134
w34.oracleGeneral.bin.zst,oracleGeneral,lru,Mithril,64mb,100,,,,,,,,,,,,,./results/cp_sweep_intensity/logs/w34.oracleGeneral.bin.zst__lru__Mithril__64mb__w100.log,fail:134
w34.oracleGeneral.bin.zst,oracleGeneral,lru,Mithril,64mb,1000,,,,,,,,,,,,,./results/cp_sweep_intensity/logs/w34.oracleGeneral.bin.zst__lru__Mithril__64mb__w1000.log,fail:134
w33.oracleGeneral.bin.zst,oracleGeneral,sieve,Mithril,256mb,1000,0.1868,0.3061,19868346,2696415,230956,144800,52932,33224,6392316,159814,522,159292,./results/cp_sweep_intensity/logs/w33.oracleGeneral.bin.zst__sieve__Mithril__256mb__w1000.log,ok
w33.oracleGeneral.bin.zst,oracleGeneral,sieve,Mithril,1gb,100,0.1479,0.1819,19868346,1418944,8913,3237,3933,1743,4260882,8825,42,8783,./results/cp_sweep_intensity/logs/w33.oracleGeneral.bin.zst__sieve__Mithril__1gb__w100.log,ok
w34.oracleGeneral.bin.zst,oracleGeneral,lru,Mithril,64mb,10000,,,,,,,,,,,,,./results/cp_sweep_intensity/logs/w34.oracleGeneral.bin.zst__lru__Mithril__64mb__w10000.log,fail:134
w33.oracleGeneral.bin.zst,oracleGeneral,sieve,Mithril,1gb,1000,0.1479,0.1819,19868346,1418944,25415,9909,11020,4486,4260882,19165,85,19080,./results/cp_sweep_intensity/logs/w33.oracleGeneral.bin.zst__sieve__Mithril__1gb__w1000.log,ok
w33.oracleGeneral.bin.zst,oracleGeneral,fifo,Mithril,64mb,10000,0.2189,0.3644,19868346,2859075,24371,18049,1480,4842,7204589,625477,183540,441937,./results/cp_sweep_intensity/logs/w33.oracleGeneral.bin.zst__fifo__Mithril__64mb__w10000.log,ok
w33.oracleGeneral.bin.zst,oracleGeneral,fifo,Mithril,256mb,10000,0.1879,0.3052,19868346,2448000,783,510,141,132,6165486,290619,44895,245724,./results/cp_sweep_intensity/logs/w33.oracleGeneral.bin.zst__fifo__Mithril__256mb__w10000.log,ok
w34.oracleGeneral.bin.zst,oracleGeneral,fifo,Mithril,16mb,100,,,,,,,,,,,,,./results/cp_sweep_intensity/logs/w34.oracleGeneral.bin.zst__fifo__Mithril__16mb__w100.log,fail:134
w34.oracleGeneral.bin.zst,oracleGeneral,fifo,Mithril,16mb,1000,,,,,,,,,,,,,./results/cp_sweep_intensity/logs/w34.oracleGeneral.bin.zst__fifo__Mithril__16mb__w1000.log,fail:134
w33.oracleGeneral.bin.zst,oracleGeneral,sieve,Mithril,64mb,10000,0.2071,0.3485,19868346,2990653,2580785,1968370,336819,275596,7095239,707153,4119,703034,./results/cp_sweep_intensity/logs/w33.oracleGeneral.bin.zst__sieve__Mithril__64mb__w10000.log,ok
w34.oracleGeneral.bin.zst,oracleGeneral,fifo,Mithril,16mb,10000,,,,,,,,,,,,,./results/cp_sweep_intensity/logs/w34.oracleGeneral.bin.zst__fifo__Mithril__16mb__w10000.log,fail:134
w34.oracleGeneral.bin.zst,oracleGeneral,fifo,Mithril,64mb,100,,,,,,,,,,,,,./results/cp_sweep_intensity/logs/w34.oracleGeneral.bin.zst__fifo__Mithril__64mb__w100.log,fail:134
w34.oracleGeneral.bin.zst,oracleGeneral,fifo,Mithril,64mb,1000,,,,,,,,,,,,,./results/cp_sweep_intensity/logs/w34.oracleGeneral.bin.zst__fifo__Mithril__64mb__w1000.log,fail:134
w33.oracleGeneral.bin.zst,oracleGeneral,sieve,Mithril,1gb,10000,0.1479,0.1819,19868346,1418944,99100,44388,40298,14414,4260882,47658,602,47056,./results/cp_sweep_intensity/logs/w33.oracleGeneral.bin.zst__sieve__Mithril__1gb__w10000.log,ok
w34.oracleGeneral.bin.zst,oracleGeneral,lru,Mithril,256mb,100,,,,,,,,,,,,,./results/cp_sweep_intensity/logs/w34.oracleGeneral.bin.zst__lru__Mithril__256mb__w100.log,fail:134
w34.oracleGeneral.bin.zst,oracleGeneral,fifo,Mithril,64mb,10000,,,,,,,,,,,,,./results/cp_sweep_intensity/logs/w34.oracleGeneral.bin.zst__fifo__Mithril__64mb__w10000.log,fail:134
w34.oracleGeneral.bin.zst,oracleGeneral,lru,Mithril,1gb,100,,,,,,,,,,,,,./results/cp_sweep_intensity/logs/w34.oracleGeneral.bin.zst__lru__Mithril__1gb__w100.log,fail:134
w33.oracleGeneral.bin.zst,oracleGeneral,sieve,Mithril,256mb,10000,0.1868,0.3061,19868346,2696415,777985,540898,157526,79561,6392316,253706,3088,250618,./results/cp_sweep_intensity/logs/w33.oracleGeneral.bin.zst__sieve__Mithril__256mb__w10000.log,ok
w34.oracleGeneral.bin.zst,oracleGeneral,lru,Mithril,256mb,1000,,,,,,,,,,,,,./results/cp_sweep_intensity/logs/w34.oracleGeneral.bin.zst__lru__Mithril__256mb__w1000.log,fail:134
w34.oracleGeneral.bin.zst,oracleGeneral,fifo,Mithril,256mb,100,,,,,,,,,,,,,./results/cp_sweep_intensity/logs/w34.oracleGeneral.bin.zst__fifo__Mithril__256mb__w100.log,fail:134
w34.oracleGeneral.bin.zst,oracleGeneral,sieve,Mithril,16mb,100,,,,,,,,,,,,,./results/cp_sweep_intensity/logs/w34.oracleGeneral.bin.zst__sieve__Mithril__16mb__w100.log,fail:134
w34.oracleGeneral.bin.zst,oracleGeneral,sieve,Mithril,16mb,1000,,,,,,,,,,,,,./results/cp_sweep_intensity/logs/w34.oracleGeneral.bin.zst__sieve__Mithril__16mb__w1000.log,fail:134
w34.oracleGeneral.bin.zst,oracleGeneral,sieve,Mithril,16mb,10000,,,,,,,,,,,,,./results/cp_sweep_intensity/logs/w34.oracleGeneral.bin.zst__sieve__Mithril__16mb__w10000.log,fail:134
w34.oracleGeneral.bin.zst,oracleGeneral,lru,Mithril,1gb,1000,,,,,,,,,,,,,./results/cp_sweep_intensity/logs/w34.oracleGeneral.bin.zst__lru__Mithril__1gb__w1000.log,fail:134
w34.oracleGeneral.bin.zst,oracleGeneral,sieve,Mithril,64mb,100,,,,,,,,,,,,,./results/cp_sweep_intensity/logs/w34.oracleGeneral.bin.zst__sieve__Mithril__64mb__w100.log,fail:134
w34.oracleGeneral.bin.zst,oracleGeneral,sieve,Mithril,64mb,1000,,,,,,,,,,,,,./results/cp_sweep_intensity/logs/w34.oracleGeneral.bin.zst__sieve__Mithril__64mb__w1000.log,fail:134
w34.oracleGeneral.bin.zst,oracleGeneral,fifo,Mithril,1gb,100,,,,,,,,,,,,,./results/cp_sweep_intensity/logs/w34.oracleGeneral.bin.zst__fifo__Mithril__1gb__w100.log,fail:134
w34.oracleGeneral.bin.zst,oracleGeneral,sieve,Mithril,64mb,10000,,,,,,,,,,,,,./results/cp_sweep_intensity/logs/w34.oracleGeneral.bin.zst__sieve__Mithril__64mb__w10000.log,fail:134
w34.oracleGeneral.bin.zst,oracleGeneral,fifo,Mithril,256mb,1000,,,,,,,,,,,,,./results/cp_sweep_intensity/logs/w34.oracleGeneral.bin.zst__fifo__Mithril__256mb__w1000.log,fail:134
w34.oracleGeneral.bin.zst,oracleGeneral,fifo,Mithril,1gb,1000,,,,,,,,,,,,,./results/cp_sweep_intensity/logs/w34.oracleGeneral.bin.zst__fifo__Mithril__1gb__w1000.log,fail:134
w34.oracleGeneral.bin.zst,oracleGeneral,sieve,Mithril,256mb,100,,,,,,,,,,,,,./results/cp_sweep_intensity/logs/w34.oracleGeneral.bin.zst__sieve__Mithril__256mb__w100.log,fail:134
w34.oracleGeneral.bin.zst,oracleGeneral,sieve,Mithril,1gb,100,,,,,,,,,,,,,./results/cp_sweep_intensity/logs/w34.oracleGeneral.bin.zst__sieve__Mithril__1gb__w100.log,fail:134
w34.oracleGeneral.bin.zst,oracleGeneral,sieve,Mithril,256mb,1000,,,,,,,,,,,,,./results/cp_sweep_intensity/logs/w34.oracleGeneral.bin.zst__sieve__Mithril__256mb__w1000.log,fail:134
w34.oracleGeneral.bin.zst,oracleGeneral,sieve,Mithril,1gb,1000,,,,,,,,,,,,,./results/cp_sweep_intensity/logs/w34.oracleGeneral.bin.zst__sieve__Mithril__1gb__w1000.log,fail:134
w35.oracleGeneral.bin.zst,oracleGeneral,lru,Mithril,16mb,100,0.4433,0.7716,15415663,14825522,22766,13416,3178,6172,21659148,166928,38349,128579,./results/cp_sweep_intensity/logs/w35.oracleGeneral.bin.zst__lru__Mithril__16mb__w100.log,ok
w35.oracleGeneral.bin.zst,oracleGeneral,lru,Mithril,16mb,1000,0.4433,0.7716,15415663,14825522,5918376,3306320,514980,2097076,21659148,1500568,400611,1099957,./results/cp_sweep_intensity/logs/w35.oracleGeneral.bin.zst__lru__Mithril__16mb__w1000.log,ok
w35.oracleGeneral.bin.zst,oracleGeneral,lru,Mithril,64mb,100,0.3414,0.6863,15415663,20788536,0,0,0,0,26049155,253423,51348,202075,./results/cp_sweep_intensity/logs/w35.oracleGeneral.bin.zst__lru__Mithril__64mb__w100.log,ok
w35.oracleGeneral.bin.zst,oracleGeneral,lru,Mithril,16mb,10000,0.4433,0.7716,15415663,14825522,7177860,4039502,649212,2489146,21659148,12509255,6507540,6001715,./results/cp_sweep_intensity/logs/w35.oracleGeneral.bin.zst__lru__Mithril__16mb__w10000.log,ok
w34.oracleGeneral.bin.zst,oracleGeneral,sieve,Mithril,256mb,10000,,,,,,,,,,,,,./results/cp_sweep_intensity/logs/w34.oracleGeneral.bin.zst__sieve__Mithril__256mb__w10000.log,fail:134
w35.oracleGeneral.bin.zst,oracleGeneral,lru,Mithril,256mb,100,0.2690,0.6152,15415663,15045055,0,0,0,0,19186710,245053,62274,182779,./results/cp_sweep_intensity/logs/w35.oracleGeneral.bin.zst__lru__Mithril__256mb__w100.log,ok
w34.oracleGeneral.bin.zst,oracleGeneral,lru,Mithril,256mb,10000,,,,,,,,,,,,,./results/cp_sweep_intensity/logs/w34.oracleGeneral.bin.zst__lru__Mithril__256mb__w10000.log,fail:134
w34.oracleGeneral.bin.zst,oracleGeneral,lru,Mithril,1gb,10000,,,,,,,,,,,,,./results/cp_sweep_intensity/logs/w34.oracleGeneral.bin.zst__lru__Mithril__1gb__w10000.log,fail:134
w35.oracleGeneral.bin.zst,oracleGeneral,lru,Mithril,1gb,100,0.1199,0.4456,15415663,2759290,0,0,0,0,4590509,19269,2618,16651,./results/cp_sweep_intensity/logs/w35.oracleGeneral.bin.zst__lru__Mithril__1gb__w100.log,ok
w23.oracleGeneral.bin.zst,oracleGeneral,sieve,Mithril,1gb,10000,0.5144,0.3878,27914470,21039207,6740514,4510225,1444448,785841,35308971,1427409,38185,1389224,./results/cp_sweep_intensity/logs/w23.oracleGeneral.bin.zst__sieve__Mithril__1gb__w10000.log,ok
w34.oracleGeneral.bin.zst,oracleGeneral,fifo,Mithril,256mb,10000,,,,,,,,,,,,,./results/cp_sweep_intensity/logs/w34.oracleGeneral.bin.zst__fifo__Mithril__256mb__w10000.log,fail:134
w35.oracleGeneral.bin.zst,oracleGeneral,lru,Mithril,1gb,1000,0.1199,0.4456,15415663,2759290,0,0,0,0,4590509,167152,21128,146024,./results/cp_sweep_intensity/logs/w35.oracleGeneral.bin.zst__lru__Mithril__1gb__w1000.log,ok
w34.oracleGeneral.bin.zst,oracleGeneral,fifo,Mithril,1gb,10000,,,,,,,,,,,,,./results/cp_sweep_intensity/logs/w34.oracleGeneral.bin.zst__fifo__Mithril__1gb__w10000.log,fail:134
w35.oracleGeneral.bin.zst,oracleGeneral,fifo,Mithril,16mb,100,0.4460,0.7730,15415663,14843706,21804,12717,3343,5744,21718584,188435,45688,142747,./results/cp_sweep_intensity/logs/w35.oracleGeneral.bin.zst__fifo__Mithril__16mb__w100.log,ok
w34.oracleGeneral.bin.zst,oracleGeneral,sieve,Mithril,1gb,10000,,,,,,,,,,,,,./results/cp_sweep_intensity/logs/w34.oracleGeneral.bin.zst__sieve__Mithril__1gb__w10000.log,fail:134
w23.oracleGeneral.bin.zst,oracleGeneral,fifo,Mithril,1gb,10000,0.5842,0.4297,27914470,22105246,281782,192401,22374,67007,38330302,1525798,299556,1226242,./results/cp_sweep_intensity/logs/w23.oracleGeneral.bin.zst__fifo__Mithril__1gb__w10000.log,ok
w35.oracleGeneral.bin.zst,oracleGeneral,fifo,Mithril,64mb,100,0.3491,0.6873,15415663,20446675,0,0,0,0,25826535,260638,53988,206650,./results/cp_sweep_intensity/logs/w35.oracleGeneral.bin.zst__fifo__Mithril__64mb__w100.log,ok
w23.oracleGeneral.bin.zst,oracleGeneral,lru,Mithril,1gb,10000,0.5654,0.4148,27914470,22051343,275901,189430,22151,64320,37749612,1293944,157477,1136467,./results/cp_sweep_intensity/logs/w23.oracleGeneral.bin.zst__lru__Mithril__1gb__w10000.log,ok
w35.oracleGeneral.bin.zst,oracleGeneral,fifo,Mithril,16mb,1000,0.4460,0.7730,15415663,14843706,5906946,3299083,527555,2080308,21718584,1541950,409600,1132350,./results/cp_sweep_intensity/logs/w35.oracleGeneral.bin.zst__fifo__Mithril__16mb__w1000.log,ok
w35.oracleGeneral.bin.zst,oracleGeneral,lru,Mithril,1gb,10000,0.1199,0.4456,15415663,2759290,12983,3935,7423,1625,4590509,1056847,197435,859412,./results/cp_sweep_intensity/logs/w35.oracleGeneral.bin.zst__lru__Mithril__1gb__w10000.log,ok
w35.oracleGeneral.bin.zst,oracleGeneral,fifo,Mithril,256mb,100,0.2783,0.6198,15415663,15917283,0,0,0,0,20201465,247076,58033,189043,./results/cp_sweep_intensity/logs/w35.oracleGeneral.bin.zst__fifo__Mithril__256mb__w100.log,ok
w35.oracleGeneral.bin.zst,oracleGeneral,fifo,Mithril,1gb,100,0.1657,0.4796,15415663,4116840,0,0,0,0,6653692,49166,11887,37279,./results/cp_sweep_intensity/logs/w35.oracleGeneral.bin.zst__fifo__Mithril__1gb__w100.log,ok
w35.oracleGeneral.bin.zst,oracleGeneral,lru,Mithril,256mb,1000,0.2690,0.6152,15415663,15045055,11020,3534,5319,2167,19186710,2506991,1008477,1498514,./results/cp_sweep_intensity/logs/w35.oracleGeneral.bin.zst__lru__Mithril__256mb__w1000.log,ok
w35.oracleGeneral.bin.zst,oracleGeneral,fifo,Mithril,1gb,1000,0.1657,0.4796,15415663,4116840,0,0,0,0,6653692,524130,183734,340396,./results/cp_sweep_intensity/logs/w35.oracleGeneral.bin.zst__fifo__Mithril__1gb__w1000.log,ok
w35.oracleGeneral.bin.zst,oracleGeneral,fifo,Mithril,16mb,10000,0.4460,0.7730,15415663,14843706,7185872,4041118,666211,2478543,21718584,12535843,6518125,6017718,./results/cp_sweep_intensity/logs/w35.oracleGeneral.bin.zst__fifo__Mithril__16mb__w10000.log,ok
w19.oracleGeneral.bin.zst,oracleGeneral,lru,Mithril,1gb,10000,0.1887,0.1581,31116216,36040334,166233,63322,25820,77091,41884876,8408200,4401355,4006845,./results/cp_sweep_intensity/logs/w19.oracleGeneral.bin.zst__lru__Mithril__1gb__w10000.log,ok
w35.oracleGeneral.bin.zst,oracleGeneral,sieve,Mithril,16mb,100,0.4344,0.7768,15415663,13794029,1317184,846240,126482,344462,20490045,203141,50379,152762,./results/cp_sweep_intensity/logs/w35.oracleGeneral.bin.zst__sieve__Mithril__16mb__w100.log,ok
w19.oracleGeneral.bin.zst,oracleGeneral,fifo,Mithril,1gb,10000,0.1885,0.1572,31116216,35790492,144960,55166,21558,68236,41629163,8177311,4288278,3889033,./results/cp_sweep_intensity/logs/w19.oracleGeneral.bin.zst__fifo__Mithril__1gb__w10000.log,ok
w35.oracleGeneral.bin.zst,oracleGeneral,sieve,Mithril,64mb,100,0.2398,0.6456,15415663,12437748,2258249,1427919,514870,315460,16130599,165832,10242,155590,./results/cp_sweep_intensity/logs/w35.oracleGeneral.bin.zst__sieve__Mithril__64mb__w100.log,ok
w35.oracleGeneral.bin.zst,oracleGeneral,sieve,Mithril,16mb,1000,0.4344,0.7768,15415663,13794029,6884701,4184039,653536,2047126,20490045,1782955,684772,1098183,./results/cp_sweep_intensity/logs/w35.oracleGeneral.bin.zst__sieve__Mithril__16mb__w1000.log,ok
w35.oracleGeneral.bin.zst,oracleGeneral,sieve,Mithril,1gb,100,0.0975,0.4076,15415663,1847388,35680,11464,20663,3553,3332793,14763,60,14703,./results/cp_sweep_intensity/logs/w35.oracleGeneral.bin.zst__sieve__Mithril__1gb__w100.log,ok
w35.oracleGeneral.bin.zst,oracleGeneral,sieve,Mithril,16mb,10000,0.4344,0.7768,15415663,13794029,7128158,4334410,680305,2113443,20490045,11559525,5647124,5912401,./results/cp_sweep_intensity/logs/w35.oracleGeneral.bin.zst__sieve__Mithril__16mb__w10000.log,ok
w35.oracleGeneral.bin.zst,oracleGeneral,sieve,Mithril,256mb,100,0.1597,0.5257,15415663,6517873,333868,166219,135839,31810,8969496,48726,378,48348,./results/cp_sweep_intensity/logs/w35.oracleGeneral.bin.zst__sieve__Mithril__256mb__w100.log,ok
w35.oracleGeneral.bin.zst,oracleGeneral,lru,Mithril,64mb,1000,0.3414,0.6863,15415663,20788536,3753322,1991902,401319,1360101,26049155,2624616,739132,1885484,./results/cp_sweep_intensity/logs/w35.oracleGeneral.bin.zst__lru__Mithril__64mb__w1000.log,ok
w35.oracleGeneral.bin.zst,oracleGeneral,sieve,Mithril,1gb,1000,0.0975,0.4076,15415663,1847388,233112,76845,133613,22654,3332793,92889,461,92428,./results/cp_sweep_intensity/logs/w35.oracleGeneral.bin.zst__sieve__Mithril__1gb__w1000.log,ok
w36.oracleGeneral.bin.zst,oracleGeneral,lru,Mithril,16mb,100,0.2031,0.3905,18915625,2742588,0,0,0,0,6583958,207981,1019,206962,./results/cp_sweep_intensity/logs/w36.oracleGeneral.bin.zst__lru__Mithril__16mb__w100.log,ok
w36.oracleGeneral.bin.zst,oracleGeneral,lru,Mithril,16mb,1000,0.2031,0.3905,18915625,2742588,16409,9875,1356,5178,6583958,531469,10396,521073,./results/cp_sweep_intensity/logs/w36.oracleGeneral.bin.zst__lru__Mithril__16mb__w1000.log,ok
w35.oracleGeneral.bin.zst,oracleGeneral,sieve,Mithril,64mb,1000,0.2398,0.6456,15415663,12437748,9952387,5807414,2626171,1518802,16130599,917589,98504,819085,./results/cp_sweep_intensity/logs/w35.oracleGeneral.bin.zst__sieve__Mithril__64mb__w1000.log,ok
w35.oracleGeneral.bin.zst,oracleGeneral,sieve,Mithril,1gb,10000,0.0975,0.4076,15415663,1847388,971304,351152,527522,92630,3332793,663194,8078,655116,./results/cp_sweep_intensity/logs/w35.oracleGeneral.bin.zst__sieve__Mithril__1gb__w10000.log,ok
w36.oracleGeneral.bin.zst,oracleGeneral,lru,Mithril,64mb,100,0.1882,0.3464,18915625,2604937,0,0,0,0,6161427,36388,369,36019,./results/cp_sweep_intensity/logs/w36.oracleGeneral.bin.zst__lru__Mithril__64mb__w100.log,ok
w36.oracleGeneral.bin.zst,oracleGeneral,lru,Mithril,16mb,10000,0.2031,0.3905,18915625,2742588,2586307,1875168,245295,465844,6583958,904739,59674,845065,./results/cp_sweep_intensity/logs/w36.oracleGeneral.bin.zst__lru__Mithril__16mb__w10000.log,ok
w35.oracleGeneral.bin.zst,oracleGeneral,sieve,Mithril,256mb,1000,0.1597,0.5257,15415663,6517873,2779326,1353308,1143643,282375,8969496,403560,4686,398874,./results/cp_sweep_intensity/logs/w35.oracleGeneral.bin.zst__sieve__Mithril__256mb__w1000.log,ok
w36.oracleGeneral.bin.zst,oracleGeneral,lru,Mithril,256mb,100,0.1713,0.2957,18915625,2411347,0,0,0,0,5637570,7009,38,6971,./results/cp_sweep_intensity/logs/w36.oracleGeneral.bin.zst__lru__Mithril__256mb__w100.log,ok
w36.oracleGeneral.bin.zst,oracleGeneral,lru,Mithril,64mb,1000,0.1882,0.3464,18915625,2604937,0,0,0,0,6161427,108220,3620,104600,./results/cp_sweep_intensity/logs/w36.oracleGeneral.bin.zst__lru__Mithril__64mb__w1000.log,ok
w35.oracleGeneral.bin.zst,oracleGeneral,sieve,Mithril,64mb,10000,0.2398,0.6456,15415663,12437748,10782548,6317761,2751024,1713763,16130599,9145111,756420,8388691,./results/cp_sweep_intensity/logs/w35.oracleGeneral.bin.zst__sieve__Mithril__64mb__w10000.log,ok
w36.oracleGeneral.bin.zst,oracleGeneral,lru,Mithril,1gb,100,0.1385,0.1924,18915625,1117835,0,0,0,0,3645065,588,4,584,./results/cp_sweep_intensity/logs/w36.oracleGeneral.bin.zst__lru__Mithril__1gb__w100.log,ok
w36.oracleGeneral.bin.zst,oracleGeneral,lru,Mithril,256mb,1000,0.1713,0.2957,18915625,2411347,0,0,0,0,5637570,23652,238,23414,./results/cp_sweep_intensity/logs/w36.oracleGeneral.bin.zst__lru__Mithril__256mb__w1000.log,ok
w36.oracleGeneral.bin.zst,oracleGeneral,lru,Mithril,1gb,1000,0.1385,0.1924,18915625,1117835,0,0,0,0,3645065,2888,33,2855,./results/cp_sweep_intensity/logs/w36.oracleGeneral.bin.zst__lru__Mithril__1gb__w1000.log,ok
w36.oracleGeneral.bin.zst,oracleGeneral,fifo,Mithril,16mb,100,0.2445,0.4176,18915625,2641332,0,0,0,0,7264737,301579,50172,251407,./results/cp_sweep_intensity/logs/w36.oracleGeneral.bin.zst__fifo__Mithril__16mb__w100.log,ok
w36.oracleGeneral.bin.zst,oracleGeneral,fifo,Mithril,64mb,100,0.2027,0.3638,18915625,2746337,0,0,0,0,6577229,113946,18152,95794,./results/cp_sweep_intensity/logs/w36.oracleGeneral.bin.zst__fifo__Mithril__64mb__w100.log,ok
w35.oracleGeneral.bin.zst,oracleGeneral,fifo,Mithril,1gb,10000,0.1657,0.4796,15415663,4116840,10359,3223,5207,1929,6653692,2558200,1426111,1132089,./results/cp_sweep_intensity/logs/w35.oracleGeneral.bin.zst__fifo__Mithril__1gb__w10000.log,ok
w35.oracleGeneral.bin.zst,oracleGeneral,fifo,Mithril,256mb,1000,0.2783,0.6198,15415663,15917283,10426,3282,5184,1960,20201465,2641042,961828,1679214,./results/cp_sweep_intensity/logs/w35.oracleGeneral.bin.zst__fifo__Mithril__256mb__w1000.log,ok
w36.oracleGeneral.bin.zst,oracleGeneral,lru,Mithril,1gb,10000,0.1385,0.1924,18915625,1117835,0,0,0,0,3645065,25360,1088,24272,./results/cp_sweep_intensity/logs/w36.oracleGeneral.bin.zst__lru__Mithril__1gb__w10000.log,ok
w36.oracleGeneral.bin.zst,oracleGeneral,fifo,Mithril,16mb,1000,0.2445,0.4176,18915625,2641332,17146,9199,2598,5349,7264737,598343,88123,510220,./results/cp_sweep_intensity/logs/w36.oracleGeneral.bin.zst__fifo__Mithril__16mb__w1000.log,ok
w35.oracleGeneral.bin.zst,oracleGeneral,sieve,Mithril,256mb,10000,0.1597,0.5257,15415663,6517873,6143582,3009476,2476799,657307,8969496,4040720,81091,3959629,./results/cp_sweep_intensity/logs/w35.oracleGeneral.bin.zst__sieve__Mithril__256mb__w10000.log,ok
w36.oracleGeneral.bin.zst,oracleGeneral,fifo,Mithril,64mb,1000,0.2027,0.3638,18915625,2746337,0,0,0,0,6577229,241052,36623,204429,./results/cp_sweep_intensity/logs/w36.oracleGeneral.bin.zst__fifo__Mithril__64mb__w1000.log,ok
w36.oracleGeneral.bin.zst,oracleGeneral,fifo,Mithril,256mb,100,0.1760,0.3018,18915625,2410683,0,0,0,0,5725551,24011,2283,21728,./results/cp_sweep_intensity/logs/w36.oracleGeneral.bin.zst__fifo__Mithril__256mb__w100.log,ok
w36.oracleGeneral.bin.zst,oracleGeneral,fifo,Mithril,16mb,10000,0.2445,0.4176,18915625,2641332,2401289,1629595,382727,388967,7264737,911380,144504,766876,./results/cp_sweep_intensity/logs/w36.oracleGeneral.bin.zst__fifo__Mithril__16mb__w10000.log,ok
w36.oracleGeneral.bin.zst,oracleGeneral,fifo,Mithril,1gb,100,0.1411,0.1997,18915625,1149718,0,0,0,0,3721368,2659,316,2343,./results/cp_sweep_intensity/logs/w36.oracleGeneral.bin.zst__fifo__Mithril__1gb__w100.log,ok
w36.oracleGeneral.bin.zst,oracleGeneral,fifo,Mithril,256mb,1000,0.1760,0.3018,18915625,2410683,0,0,0,0,5725551,60813,5336,55477,./results/cp_sweep_intensity/logs/w36.oracleGeneral.bin.zst__fifo__Mithril__256mb__w1000.log,ok
w36.oracleGeneral.bin.zst,oracleGeneral,fifo,Mithril,1gb,1000,0.1411,0.1997,18915625,1149718,0,0,0,0,3721368,8080,557,7523,./results/cp_sweep_intensity/logs/w36.oracleGeneral.bin.zst__fifo__Mithril__1gb__w1000.log,ok
w36.oracleGeneral.bin.zst,oracleGeneral,lru,Mithril,256mb,10000,0.1713,0.2957,18915625,2411347,1050,751,143,156,5637570,238764,6451,232313,./results/cp_sweep_intensity/logs/w36.oracleGeneral.bin.zst__lru__Mithril__256mb__w10000.log,ok
w36.oracleGeneral.bin.zst,oracleGeneral,lru,Mithril,64mb,10000,0.1882,0.3464,18915625,2604937,20827,17292,556,2979,6161427,379767,58581,321186,./results/cp_sweep_intensity/logs/w36.oracleGeneral.bin.zst__lru__Mithril__64mb__w10000.log,ok
w36.oracleGeneral.bin.zst,oracleGeneral,sieve,Mithril,16mb,100,0.2002,0.3553,18915625,1688910,124382,83881,24826,15675,5472784,90748,95,90653,./results/cp_sweep_intensity/logs/w36.oracleGeneral.bin.zst__sieve__Mithril__16mb__w100.log,ok
w36.oracleGeneral.bin.zst,oracleGeneral,sieve,Mithril,16mb,1000,0.2002,0.3553,18915625,1688910,583989,413174,111288,59527,5472784,205571,562,205009,./results/cp_sweep_intensity/logs/w36.oracleGeneral.bin.zst__sieve__Mithril__16mb__w1000.log,ok
w36.oracleGeneral.bin.zst,oracleGeneral,sieve,Mithril,64mb,100,0.1911,0.3467,18915625,2607494,135661,96711,20428,18522,6217774,94222,62,94160,./results/cp_sweep_intensity/logs/w36.oracleGeneral.bin.zst__sieve__Mithril__64mb__w100.log,ok
w36.oracleGeneral.bin.zst,oracleGeneral,sieve,Mithril,16mb,10000,0.2002,0.3553,18915625,1688910,1619749,1198824,290469,130456,5472784,315075,3288,311787,./results/cp_sweep_intensity/logs/w36.oracleGeneral.bin.zst__sieve__Mithril__16mb__w10000.log,ok
w36.oracleGeneral.bin.zst,oracleGeneral,fifo,Mithril,1gb,10000,0.1411,0.1997,18915625,1149718,0,0,0,0,3721368,43837,2571,41266,./results/cp_sweep_intensity/logs/w36.oracleGeneral.bin.zst__fifo__Mithril__1gb__w10000.log,ok
w36.oracleGeneral.bin.zst,oracleGeneral,sieve,Mithril,256mb,100,0.1747,0.3015,18915625,2495863,47249,30456,8711,8082,5775848,32907,105,32802,./results/cp_sweep_intensity/logs/w36.oracleGeneral.bin.zst__sieve__Mithril__256mb__w100.log,ok
w36.oracleGeneral.bin.zst,oracleGeneral,sieve,Mithril,64mb,1000,0.1911,0.3467,18915625,2607494,451032,348645,55514,46873,6217774,182662,336,182326,./results/cp_sweep_intensity/logs/w36.oracleGeneral.bin.zst__sieve__Mithril__64mb__w1000.log,ok
w36.oracleGeneral.bin.zst,oracleGeneral,sieve,Mithril,1gb,100,0.1348,0.1770,18915625,1252697,6415,2973,2521,921,3699854,5703,35,5668,./results/cp_sweep_intensity/logs/w36.oracleGeneral.bin.zst__sieve__Mithril__1gb__w100.log,ok
w36.oracleGeneral.bin.zst,oracleGeneral,sieve,Mithril,256mb,1000,0.1747,0.3015,18915625,2495863,147906,102014,25693,20199,5775848,67633,244,67389,./results/cp_sweep_intensity/logs/w36.oracleGeneral.bin.zst__sieve__Mithril__256mb__w1000.log,ok
w36.oracleGeneral.bin.zst,oracleGeneral,sieve,Mithril,1gb,1000,0.1348,0.1770,18915625,1252697,17223,8190,6527,2506,3699854,12018,75,11943,./results/cp_sweep_intensity/logs/w36.oracleGeneral.bin.zst__sieve__Mithril__1gb__w1000.log,ok
w35.oracleGeneral.bin.zst,oracleGeneral,fifo,Mithril,64mb,1000,0.3491,0.6873,15415663,20446675,3346951,1769025,350437,1227489,25826535,2580515,730664,1849851,./results/cp_sweep_intensity/logs/w35.oracleGeneral.bin.zst__fifo__Mithril__64mb__w1000.log,ok
w36.oracleGeneral.bin.zst,oracleGeneral,sieve,Mithril,64mb,10000,0.1911,0.3467,18915625,2607494,2234833,1867946,222903,143984,6217774,310265,3321,306944,./results/cp_sweep_intensity/logs/w36.oracleGeneral.bin.zst__sieve__Mithril__64mb__w10000.log,ok
w36.oracleGeneral.bin.zst,oracleGeneral,fifo,Mithril,256mb,10000,0.1760,0.3018,18915625,2410683,1068,752,167,149,5725551,331024,27099,303925,./results/cp_sweep_intensity/logs/w36.oracleGeneral.bin.zst__fifo__Mithril__256mb__w10000.log,ok
w37.oracleGeneral.bin.zst,oracleGeneral,lru,Mithril,16mb,100,0.8575,0.9022,18840688,1771261,0,0,0,0,17923168,11189,1804,9385,./results/cp_sweep_intensity/logs/w37.oracleGeneral.bin.zst__lru__Mithril__16mb__w100.log,ok
w36.oracleGeneral.bin.zst,oracleGeneral,fifo,Mithril,64mb,10000,0.2027,0.3638,18915625,2746337,23327,18412,1056,3859,6577229,528849,106672,422177,./results/cp_sweep_intensity/logs/w36.oracleGeneral.bin.zst__fifo__Mithril__64mb__w10000.log,ok
w36.oracleGeneral.bin.zst,oracleGeneral,sieve,Mithril,1gb,10000,0.1348,0.1770,18915625,1252697,82186,40684,30293,11209,3699854,39607,3244,36363,./results/cp_sweep_intensity/logs/w36.oracleGeneral.bin.zst__sieve__Mithril__1gb__w10000.log,ok
w37.oracleGeneral.bin.zst,oracleGeneral,lru,Mithril,16mb,1000,0.8575,0.9022,18840688,1771261,3483,2699,216,568,17923168,89961,22316,67645,./results/cp_sweep_intensity/logs/w37.oracleGeneral.bin.zst__lru__Mithril__16mb__w1000.log,ok
w37.oracleGeneral.bin.zst,oracleGeneral,lru,Mithril,64mb,100,0.7626,0.8380,18840688,3864177,0,0,0,0,18218151,3904,259,3645,./results/cp_sweep_intensity/logs/w37.oracleGeneral.bin.zst__lru__Mithril__64mb__w100.log,ok
w37.oracleGeneral.bin.zst,oracleGeneral,lru,Mithril,64mb,1000,0.7626,0.8380,18840688,3864177,0,0,0,0,18218151,38028,3504,34524,./results/cp_sweep_intensity/logs/w37.oracleGeneral.bin.zst__lru__Mithril__64mb__w1000.log,ok
w36.oracleGeneral.bin.zst,oracleGeneral,sieve,Mithril,256mb,10000,0.1747,0.3015,18915625,2495863,723775,544395,113503,65877,5775848,157065,2193,154872,./results/cp_sweep_intensity/logs/w36.oracleGeneral.bin.zst__sieve__Mithril__256mb__w10000.log,ok
w37.oracleGeneral.bin.zst,oracleGeneral,lru,Mithril,16mb,10000,0.8575,0.9022,18840688,1771261,1245807,911174,91809,242824,17923168,354491,105629,248862,./results/cp_sweep_intensity/logs/w37.oracleGeneral.bin.zst__lru__Mithril__16mb__w10000.log,ok
w37.oracleGeneral.bin.zst,oracleGeneral,lru,Mithril,256mb,100,0.6507,0.7576,18840688,6264270,0,0,0,0,18480126,2882,162,2720,./results/cp_sweep_intensity/logs/w37.oracleGeneral.bin.zst__lru__Mithril__256mb__w100.log,ok
w37.oracleGeneral.bin.zst,oracleGeneral,lru,Mithril,1gb,100,0.4846,0.6313,18840688,6721189,0,0,0,0,15698174,1010,252,758,./results/cp_sweep_intensity/logs/w37.oracleGeneral.bin.zst__lru__Mithril__1gb__w100.log,ok
w37.oracleGeneral.bin.zst,oracleGeneral,fifo,Mithril,16mb,100,0.8588,0.9035,18840688,1775211,0,0,0,0,17952873,12826,2145,10681,./results/cp_sweep_intensity/logs/w37.oracleGeneral.bin.zst__fifo__Mithril__16mb__w100.log,ok
w37.oracleGeneral.bin.zst,oracleGeneral,fifo,Mithril,16mb,1000,0.8588,0.9035,18840688,1775211,3506,2699,184,623,17952873,98802,24873,73929,./results/cp_sweep_intensity/logs/w37.oracleGeneral.bin.zst__fifo__Mithril__16mb__w1000.log,ok
w37.oracleGeneral.bin.zst,oracleGeneral,lru,Mithril,256mb,1000,0.6507,0.7576,18840688,6264270,0,0,0,0,18480126,27915,2093,25822,./results/cp_sweep_intensity/logs/w37.oracleGeneral.bin.zst__lru__Mithril__256mb__w1000.log,ok
w37.oracleGeneral.bin.zst,oracleGeneral,lru,Mithril,1gb,1000,0.4846,0.6313,18840688,6721189,0,0,0,0,15698174,10486,2624,7862,./results/cp_sweep_intensity/logs/w37.oracleGeneral.bin.zst__lru__Mithril__1gb__w1000.log,ok
w35.oracleGeneral.bin.zst,oracleGeneral,lru,Mithril,64mb,10000,0.3414,0.6863,15415663,20788536,11762517,6151912,1574047,4036558,26049155,17511658,7768020,9743638,./results/cp_sweep_intensity/logs/w35.oracleGeneral.bin.zst__lru__Mithril__64mb__w10000.log,ok
w37.oracleGeneral.bin.zst,oracleGeneral,fifo,Mithril,64mb,100,0.7657,0.8401,18840688,3908819,0,0,0,0,18322541,5553,440,5113,./results/cp_sweep_intensity/logs/w37.oracleGeneral.bin.zst__fifo__Mithril__64mb__w100.log,ok
w37.oracleGeneral.bin.zst,oracleGeneral,fifo,Mithril,64mb,1000,0.7657,0.8401,18840688,3908819,0,0,0,0,18322541,48480,6044,42436,./results/cp_sweep_intensity/logs/w37.oracleGeneral.bin.zst__fifo__Mithril__64mb__w1000.log,ok
w37.oracleGeneral.bin.zst,oracleGeneral,fifo,Mithril,16mb,10000,0.8588,0.9035,18840688,1775211,1243010,903211,91839,247960,17952873,373604,113798,259806,./results/cp_sweep_intensity/logs/w37.oracleGeneral.bin.zst__fifo__Mithril__16mb__w10000.log,ok
w37.oracleGeneral.bin.zst,oracleGeneral,fifo,Mithril,256mb,100,0.6530,0.7593,18840688,6317099,0,0,0,0,18575437,3729,273,3456,./results/cp_sweep_intensity/logs/w37.oracleGeneral.bin.zst__fifo__Mithril__256mb__w100.log,ok
w37.oracleGeneral.bin.zst,oracleGeneral,fifo,Mithril,256mb,1000,0.6530,0.7593,18840688,6317099,0,0,0,0,18575437,34195,3485,30710,./results/cp_sweep_intensity/logs/w37.oracleGeneral.bin.zst__fifo__Mithril__256mb__w1000.log,ok
w37.oracleGeneral.bin.zst,oracleGeneral,fifo,Mithril,1gb,100,0.4925,0.6366,18840688,6887269,0,0,0,0,16013518,1499,351,1148,./results/cp_sweep_intensity/logs/w37.oracleGeneral.bin.zst__fifo__Mithril__1gb__w100.log,ok
w37.oracleGeneral.bin.zst,oracleGeneral,sieve,Mithril,16mb,100,0.9055,0.9354,18840688,2168660,223181,178163,14445,30573,19225176,33183,1771,31412,./results/cp_sweep_intensity/logs/w37.oracleGeneral.bin.zst__sieve__Mithril__16mb__w100.log,ok
w37.oracleGeneral.bin.zst,oracleGeneral,sieve,Mithril,16mb,1000,0.9055,0.9354,18840688,2168660,985699,785720,67910,132069,19225176,229372,14697,214675,./results/cp_sweep_intensity/logs/w37.oracleGeneral.bin.zst__sieve__Mithril__16mb__w1000.log,ok
w37.oracleGeneral.bin.zst,oracleGeneral,sieve,Mithril,64mb,100,0.7764,0.8468,18840688,4522463,127026,90536,10064,26426,19135178,26812,1070,25742,./results/cp_sweep_intensity/logs/w37.oracleGeneral.bin.zst__sieve__Mithril__64mb__w100.log,ok
w37.oracleGeneral.bin.zst,oracleGeneral,fifo,Mithril,1gb,1000,0.4925,0.6366,18840688,6887269,0,0,0,0,16013518,13453,2251,11202,./results/cp_sweep_intensity/logs/w37.oracleGeneral.bin.zst__fifo__Mithril__1gb__w1000.log,ok
w37.oracleGeneral.bin.zst,oracleGeneral,sieve,Mithril,16mb,10000,0.9055,0.9354,18840688,2168660,1725222,1357130,116661,251431,19225176,653692,51189,602503,./results/cp_sweep_intensity/logs/w37.oracleGeneral.bin.zst__sieve__Mithril__16mb__w10000.log,ok
w37.oracleGeneral.bin.zst,oracleGeneral,sieve,Mithril,64mb,1000,0.7764,0.8468,18840688,4522463,643555,466522,50649,126384,19135178,194244,11156,183088,./results/cp_sweep_intensity/logs/w37.oracleGeneral.bin.zst__sieve__Mithril__64mb__w1000.log,ok
w37.oracleGeneral.bin.zst,oracleGeneral,lru,Mithril,64mb,10000,0.7626,0.8380,18840688,3864177,26602,17094,2226,7282,18218151,261571,41707,219864,./results/cp_sweep_intensity/logs/w37.oracleGeneral.bin.zst__lru__Mithril__64mb__w10000.log,ok
w37.oracleGeneral.bin.zst,oracleGeneral,sieve,Mithril,256mb,100,0.6418,0.7522,18840688,5957480,28318,16887,4274,7157,17995575,9218,419,8799,./results/cp_sweep_intensity/logs/w37.oracleGeneral.bin.zst__sieve__Mithril__256mb__w100.log,ok
w38.oracleGeneral.bin.zst,oracleGeneral,lru,Mithril,16mb,100,,,,,,,,,,,,,./results/cp_sweep_intensity/logs/w38.oracleGeneral.bin.zst__lru__Mithril__16mb__w100.log,fail:134
w37.oracleGeneral.bin.zst,oracleGeneral,sieve,Mithril,1gb,100,0.4708,0.6263,18840688,5887529,6412,3002,1602,1808,14566771,2152,158,1994,./results/cp_sweep_intensity/logs/w37.oracleGeneral.bin.zst__sieve__Mithril__1gb__w100.log,ok
w38.oracleGeneral.bin.zst,oracleGeneral,lru,Mithril,16mb,1000,,,,,,,,,,,,,./results/cp_sweep_intensity/logs/w38.oracleGeneral.bin.zst__lru__Mithril__16mb__w1000.log,fail:134
w38.oracleGeneral.bin.zst,oracleGeneral,lru,Mithril,16mb,10000,,,,,,,,,,,,,./results/cp_sweep_intensity/logs/w38.oracleGeneral.bin.zst__lru__Mithril__16mb__w10000.log,fail:134
w38.oracleGeneral.bin.zst,oracleGeneral,lru,Mithril,64mb,100,,,,,,,,,,,,,./results/cp_sweep_intensity/logs/w38.oracleGeneral.bin.zst__lru__Mithril__64mb__w100.log,fail:134
w38.oracleGeneral.bin.zst,oracleGeneral,lru,Mithril,64mb,1000,,,,,,,,,,,,,./results/cp_sweep_intensity/logs/w38.oracleGeneral.bin.zst__lru__Mithril__64mb__w1000.log,fail:134
w37.oracleGeneral.bin.zst,oracleGeneral,sieve,Mithril,256mb,1000,0.6418,0.7522,18840688,5957480,210750,133145,23064,54541,17995575,77678,5217,72461,./results/cp_sweep_intensity/logs/w37.oracleGeneral.bin.zst__sieve__Mithril__256mb__w1000.log,ok
w38.oracleGeneral.bin.zst,oracleGeneral,lru,Mithril,64mb,10000,,,,,,,,,,,,,./results/cp_sweep_intensity/logs/w38.oracleGeneral.bin.zst__lru__Mithril__64mb__w10000.log,fail:134
w38.oracleGeneral.bin.zst,oracleGeneral,lru,Mithril,256mb,100,,,,,,,,,,,,,./results/cp_sweep_intensity/logs/w38.oracleGeneral.bin.zst__lru__Mithril__256mb__w100.log,fail:134
w38.oracleGeneral.bin.zst,oracleGeneral,lru,Mithril,256mb,1000,,,,,,,,,,,,,./results/cp_sweep_intensity/logs/w38.oracleGeneral.bin.zst__lru__Mithril__256mb__w1000.log,fail:134
w38.oracleGeneral.bin.zst,oracleGeneral,lru,Mithril,256mb,10000,,,,,,,,,,,,,./results/cp_sweep_intensity/logs/w38.oracleGeneral.bin.zst__lru__Mithril__256mb__w10000.log,fail:134
w37.oracleGeneral.bin.zst,oracleGeneral,sieve,Mithril,1gb,1000,0.4708,0.6263,18840688,5887529,38435,16136,11823,10476,14566771,21230,2508,18722,./results/cp_sweep_intensity/logs/w37.oracleGeneral.bin.zst__sieve__Mithril__1gb__w1000.log,ok
w37.oracleGeneral.bin.zst,oracleGeneral,fifo,Mithril,64mb,10000,0.7657,0.8401,18840688,3908819,26261,16716,2283,7262,18322541,292556,55487,237069,./results/cp_sweep_intensity/logs/w37.oracleGeneral.bin.zst__fifo__Mithril__64mb__w10000.log,ok
w38.oracleGeneral.bin.zst,oracleGeneral,fifo,Mithril,16mb,100,,,,,,,,,,,,,./results/cp_sweep_intensity/logs/w38.oracleGeneral.bin.zst__fifo__Mithril__16mb__w100.log,fail:134
w38.oracleGeneral.bin.zst,oracleGeneral,fifo,Mithril,16mb,1000,,,,,,,,,,,,,./results/cp_sweep_intensity/logs/w38.oracleGeneral.bin.zst__fifo__Mithril__16mb__w1000.log,fail:134
w38.oracleGeneral.bin.zst,oracleGeneral,fifo,Mithril,16mb,10000,,,,,,,,,,,,,./results/cp_sweep_intensity/logs/w38.oracleGeneral.bin.zst__fifo__Mithril__16mb__w10000.log,fail:134
w38.oracleGeneral.bin.zst,oracleGeneral,fifo,Mithril,64mb,100,,,,,,,,,,,,,./results/cp_sweep_intensity/logs/w38.oracleGeneral.bin.zst__fifo__Mithril__64mb__w100.log,fail:134
w38.oracleGeneral.bin.zst,oracleGeneral,fifo,Mithril,64mb,1000,,,,,,,,,,,,,./results/cp_sweep_intensity/logs/w38.oracleGeneral.bin.zst__fifo__Mithril__64mb__w1000.log,fail:134
w38.oracleGeneral.bin.zst,oracleGeneral,lru,Mithril,1gb,100,0.2567,0.3425,18535323,8916473,0,0,0,0,13557479,1067,151,916,./results/cp_sweep_intensity/logs/w38.oracleGeneral.bin.zst__lru__Mithril__1gb__w100.log,ok
w38.oracleGeneral.bin.zst,oracleGeneral,fifo,Mithril,256mb,100,,,,,,,,,,,,,./results/cp_sweep_intensity/logs/w38.oracleGeneral.bin.zst__fifo__Mithril__256mb__w100.log,fail:134
w38.oracleGeneral.bin.zst,oracleGeneral,fifo,Mithril,256mb,1000,,,,,,,,,,,,,./results/cp_sweep_intensity/logs/w38.oracleGeneral.bin.zst__fifo__Mithril__256mb__w1000.log,fail:134
w38.oracleGeneral.bin.zst,oracleGeneral,fifo,Mithril,64mb,10000,,,,,,,,,,,,,./results/cp_sweep_intensity/logs/w38.oracleGeneral.bin.zst__fifo__Mithril__64mb__w10000.log,fail:134
w37.oracleGeneral.bin.zst,oracleGeneral,lru,Mithril,1gb,10000,0.4846,0.6313,18840688,6721189,0,0,0,0,15698174,89408,28807,60601,./results/cp_sweep_intensity/logs/w37.oracleGeneral.bin.zst__lru__Mithril__1gb__w10000.log,ok
w38.oracleGeneral.bin.zst,oracleGeneral,lru,Mithril,1gb,1000,0.2567,0.3425,18535323,8916473,0,0,0,0,13557479,9517,1121,8396,./results/cp_sweep_intensity/logs/w38.oracleGeneral.bin.zst__lru__Mithril__1gb__w1000.log,ok
w38.oracleGeneral.bin.zst,oracleGeneral,fifo,Mithril,256mb,10000,,,,,,,,,,,,,./results/cp_sweep_intensity/logs/w38.oracleGeneral.bin.zst__fifo__Mithril__256mb__w10000.log,fail:134
w38.oracleGeneral.bin.zst,oracleGeneral,sieve,Mithril,16mb,100,,,,,,,,,,,,,./results/cp_sweep_intensity/logs/w38.oracleGeneral.bin.zst__sieve__Mithril__16mb__w100.log,fail:134
w37.oracleGeneral.bin.zst,oracleGeneral,sieve,Mithril,64mb,10000,0.7764,0.8468,18840688,4522463,2129279,1500057,174089,455133,19135178,633135,54414,578721,./results/cp_sweep_intensity/logs/w37.oracleGeneral.bin.zst__sieve__Mithril__64mb__w10000.log,ok
w38.oracleGeneral.bin.zst,oracleGeneral,sieve,Mithril,16mb,1000,,,,,,,,,,,,,./results/cp_sweep_intensity/logs/w38.oracleGeneral.bin.zst__sieve__Mithril__16mb__w1000.log,fail:134
w38.oracleGeneral.bin.zst,oracleGeneral,sieve,Mithril,16mb,10000,,,,,,,,,,,,,./results/cp_sweep_intensity/logs/w38.oracleGeneral.bin.zst__sieve__Mithril__16mb__w10000.log,fail:134
w38.oracleGeneral.bin.zst,oracleGeneral,sieve,Mithril,64mb,100,,,,,,,,,,,,,./results/cp_sweep_intensity/logs/w38.oracleGeneral.bin.zst__sieve__Mithril__64mb__w100.log,fail:134
w38.oracleGeneral.bin.zst,oracleGeneral,sieve,Mithril,64mb,1000,,,,,,,,,,,,,./results/cp_sweep_intensity/logs/w38.oracleGeneral.bin.zst__sieve__Mithril__64mb__w1000.log,fail:134
w35.oracleGeneral.bin.zst,oracleGeneral,fifo,Mithril,64mb,10000,0.3491,0.6873,15415663,20446675,11489140,6039837,1488424,3960879,25826535,17168203,7700433,9467770,./results/cp_sweep_intensity/logs/w35.oracleGeneral.bin.zst__fifo__Mithril__64mb__w10000.log,ok
w38.oracleGeneral.bin.zst,oracleGeneral,sieve,Mithril,256mb,100,,,,,,,,,,,,,./results/cp_sweep_intensity/logs/w38.oracleGeneral.bin.zst__sieve__Mithril__256mb__w100.log,fail:134
w38.oracleGeneral.bin.zst,oracleGeneral,sieve,Mithril,64mb,10000,,,,,,,,,,,,,./results/cp_sweep_intensity/logs/w38.oracleGeneral.bin.zst__sieve__Mithril__64mb__w10000.log,fail:134
w38.oracleGeneral.bin.zst,oracleGeneral,sieve,Mithril,256mb,1000,,,,,,,,,,,,,./results/cp_sweep_intensity/logs/w38.oracleGeneral.bin.zst__sieve__Mithril__256mb__w1000.log,fail:134
w30.oracleGeneral.bin.zst,oracleGeneral,sieve,Mithril,256mb,10000,,,,,,,,,,,,,./results/cp_sweep_intensity/logs/w30.oracleGeneral.bin.zst__sieve__Mithril__256mb__w10000.log,fail:134
w38.oracleGeneral.bin.zst,oracleGeneral,sieve,Mithril,256mb,10000,,,,,,,,,,,,,./results/cp_sweep_intensity/logs/w38.oracleGeneral.bin.zst__sieve__Mithril__256mb__w10000.log,fail:134
w38.oracleGeneral.bin.zst,oracleGeneral,fifo,Mithril,1gb,100,0.2605,0.3475,18535323,9014797,0,0,0,0,13727697,2307,758,1549,./results/cp_sweep_intensity/logs/w38.oracleGeneral.bin.zst__fifo__Mithril__1gb__w100.log,ok
w39.oracleGeneral.bin.zst,oracleGeneral,lru,Mithril,16mb,100,0.1349,0.1743,17920022,1820058,4,2,2,0,4235024,50007,491,49516,./results/cp_sweep_intensity/logs/w39.oracleGeneral.bin.zst__lru__Mithril__16mb__w100.log,ok
w39.oracleGeneral.bin.zst,oracleGeneral,lru,Mithril,16mb,1000,0.1349,0.1743,17920022,1820058,3333,791,2212,330,4235024,176321,4120,172201,./results/cp_sweep_intensity/logs/w39.oracleGeneral.bin.zst__lru__Mithril__16mb__w1000.log,ok
w38.oracleGeneral.bin.zst,oracleGeneral,fifo,Mithril,1gb,1000,0.2605,0.3475,18535323,9014797,0,0,0,0,13727697,19851,6999,12852,./results/cp_sweep_intensity/logs/w38.oracleGeneral.bin.zst__fifo__Mithril__1gb__w1000.log,ok
w39.oracleGeneral.bin.zst,oracleGeneral,lru,Mithril,64mb,100,0.1235,0.1574,17920022,2029232,0,0,0,0,4239829,11544,215,11329,./results/cp_sweep_intensity/logs/w39.oracleGeneral.bin.zst__lru__Mithril__64mb__w100.log,ok
w38.oracleGeneral.bin.zst,oracleGeneral,sieve,Mithril,1gb,100,0.2590,0.3533,18535323,9123183,7342,3775,1163,2404,13809556,2781,95,2686,./results/cp_sweep_intensity/logs/w38.oracleGeneral.bin.zst__sieve__Mithril__1gb__w100.log,ok
w39.oracleGeneral.bin.zst,oracleGeneral,lru,Mithril,64mb,1000,0.1235,0.1574,17920022,2029232,0,0,0,0,4239829,47132,1774,45358,./results/cp_sweep_intensity/logs/w39.oracleGeneral.bin.zst__lru__Mithril__64mb__w1000.log,ok
w37.oracleGeneral.bin.zst,oracleGeneral,lru,Mithril,256mb,10000,0.6507,0.7576,18840688,6264270,5175,3120,355,1700,18480126,235022,35226,199796,./results/cp_sweep_intensity/logs/w37.oracleGeneral.bin.zst__lru__Mithril__256mb__w10000.log,ok
w38.oracleGeneral.bin.zst,oracleGeneral,sieve,Mithril,1gb,1000,0.2590,0.3533,18535323,9123183,47432,24629,7725,15078,13809556,26210,1965,24245,./results/cp_sweep_intensity/logs/w38.oracleGeneral.bin.zst__sieve__Mithril__1gb__w1000.log,ok
w39.oracleGeneral.bin.zst,oracleGeneral,lru,Mithril,16mb,10000,0.1349,0.1743,17920022,1820058,1532949,1093931,139631,299387,4235024,381375,42579,338796,./results/cp_sweep_intensity/logs/w39.oracleGeneral.bin.zst__lru__Mithril__16mb__w10000.log,ok
w39.oracleGeneral.bin.zst,oracleGeneral,lru,Mithril,256mb,100,0.1123,0.1423,17920022,1832785,0,0,0,0,3832212,1646,7,1639,./results/cp_sweep_intensity/logs/w39.oracleGeneral.bin.zst__lru__Mithril__256mb__w100.log,ok
w30.oracleGeneral.bin.zst,oracleGeneral,lru,Mithril,1gb,10000,0.3872,0.3506,21390010,14502995,0,0,0,0,22732046,1846545,344918,1501627,./results/cp_sweep_intensity/logs/w30.oracleGeneral.bin.zst__lru__Mithril__1gb__w10000.log,ok
w39.oracleGeneral.bin.zst,oracleGeneral,lru,Mithril,1gb,100,0.0727,0.0823,17920022,397961,0,0,0,0,1655641,167,35,132,./results/cp_sweep_intensity/logs/w39.oracleGeneral.bin.zst__lru__Mithril__1gb__w100.log,ok
w39.oracleGeneral.bin.zst,oracleGeneral,lru,Mithril,256mb,1000,0.1123,0.1423,17920022,1832785,0,0,0,0,3832212,7651,131,7520,./results/cp_sweep_intensity/logs/w39.oracleGeneral.bin.zst__lru__Mithril__256mb__w1000.log,ok
w37.oracleGeneral.bin.zst,oracleGeneral,fifo,Mithril,1gb,10000,0.4925,0.6366,18840688,6887269,0,0,0,0,16013518,143545,61516,82029,./results/cp_sweep_intensity/logs/w37.oracleGeneral.bin.zst__fifo__Mithril__1gb__w10000.log,ok
w39.oracleGeneral.bin.zst,oracleGeneral,lru,Mithril,1gb,1000,0.0727,0.0823,17920022,397961,0,0,0,0,1655641,910,55,855,./results/cp_sweep_intensity/logs/w39.oracleGeneral.bin.zst__lru__Mithril__1gb__w1000.log,ok
w39.oracleGeneral.bin.zst,oracleGeneral,lru,Mithril,1gb,10000,0.0727,0.0823,17920022,397961,0,0,0,0,1655641,7960,287,7673,./results/cp_sweep_intensity/logs/w39.oracleGeneral.bin.zst__lru__Mithril__1gb__w10000.log,ok
w39.oracleGeneral.bin.zst,oracleGeneral,fifo,Mithril,16mb,100,0.1554,0.2016,17920022,1900533,3,2,1,0,4683790,166513,28530,137983,./results/cp_sweep_intensity/logs/w39.oracleGeneral.bin.zst__fifo__Mithril__16mb__w100.log,ok
w39.oracleGeneral.bin.zst,oracleGeneral,fifo,Mithril,16mb,1000,0.1554,0.2016,17920022,1900533,3236,809,1982,445,4683790,332126,48219,283907,./results/cp_sweep_intensity/logs/w39.oracleGeneral.bin.zst__fifo__Mithril__16mb__w1000.log,ok
w39.oracleGeneral.bin.zst,oracleGeneral,fifo,Mithril,64mb,100,0.1296,0.1668,17920022,2097985,0,0,0,0,4416460,50537,10927,39610,./results/cp_sweep_intensity/logs/w39.oracleGeneral.bin.zst__fifo__Mithril__64mb__w100.log,ok
w37.oracleGeneral.bin.zst,oracleGeneral,sieve,Mithril,1gb,10000,0.4708,0.6263,18840688,5887529,153890,68851,43322,41717,14566771,104709,20233,84476,./results/cp_sweep_intensity/logs/w37.oracleGeneral.bin.zst__sieve__Mithril__1gb__w10000.log,ok
w39.oracleGeneral.bin.zst,oracleGeneral,lru,Mithril,64mb,10000,0.1235,0.1574,17920022,2029232,13691,3726,9086,879,4239829,180163,16433,163730,./results/cp_sweep_intensity/logs/w39.oracleGeneral.bin.zst__lru__Mithril__64mb__w10000.log,ok
w39.oracleGeneral.bin.zst,oracleGeneral,fifo,Mithril,64mb,1000,0.1296,0.1668,17920022,2097985,0,0,0,0,4416460,113609,23196,90413,./results/cp_sweep_intensity/logs/w39.oracleGeneral.bin.zst__fifo__Mithril__64mb__w1000.log,ok
w39.oracleGeneral.bin.zst,oracleGeneral,fifo,Mithril,256mb,100,0.1145,0.1454,17920022,1841160,0,0,0,0,3880371,10466,1326,9140,./results/cp_sweep_intensity/logs/w39.oracleGeneral.bin.zst__fifo__Mithril__256mb__w100.log,ok
w39.oracleGeneral.bin.zst,oracleGeneral,fifo,Mithril,1gb,100,0.0776,0.0901,17920022,489018,0,0,0,0,1834036,877,201,676,./results/cp_sweep_intensity/logs/w39.oracleGeneral.bin.zst__fifo__Mithril__1gb__w100.log,ok
w39.oracleGeneral.bin.zst,oracleGeneral,fifo,Mithril,256mb,1000,0.1145,0.1454,17920022,1841160,0,0,0,0,3880371,24972,2446,22526,./results/cp_sweep_intensity/logs/w39.oracleGeneral.bin.zst__fifo__Mithril__256mb__w1000.log,ok
w39.oracleGeneral.bin.zst,oracleGeneral,fifo,Mithril,1gb,1000,0.0776,0.0901,17920022,489018,0,0,0,0,1834036,2666,372,2294,./results/cp_sweep_intensity/logs/w39.oracleGeneral.bin.zst__fifo__Mithril__1gb__w1000.log,ok
w39.oracleGeneral.bin.zst,oracleGeneral,lru,Mithril,256mb,10000,0.1123,0.1423,17920022,1832785,83,2,79,2,3832212,41382,2178,39204,./results/cp_sweep_intensity/logs/w39.oracleGeneral.bin.zst__lru__Mithril__256mb__w10000.log,ok
w39.oracleGeneral.bin.zst,oracleGeneral,fifo,Mithril,1gb,10000,0.0776,0.0901,17920022,489018,0,0,0,0,1834036,15543,1608,13935,./results/cp_sweep_intensity/logs/w39.oracleGeneral.bin.zst__fifo__Mithril__1gb__w10000.log,ok
w39.oracleGeneral.bin.zst,oracleGeneral,sieve,Mithril,16mb,100,,,,,,,,,,,,,./results/cp_sweep_intensity/logs/w39.oracleGeneral.bin.zst__sieve__Mithril__16mb__w100.log,fail:134
w39.oracleGeneral.bin.zst,oracleGeneral,sieve,Mithril,16mb,1000,,,,,,,,,,,,,./results/cp_sweep_intensity/logs/w39.oracleGeneral.bin.zst__sieve__Mithril__16mb__w1000.log,fail:134
w39.oracleGeneral.bin.zst,oracleGeneral,sieve,Mithril,64mb,100,0.1242,0.1586,17920022,2046036,18515,13377,2381,2757,4267514,15980,45,15935,./results/cp_sweep_intensity/logs/w39.oracleGeneral.bin.zst__sieve__Mithril__64mb__w100.log,ok
w39.oracleGeneral.bin.zst,oracleGeneral,fifo,Mithril,16mb,10000,0.1554,0.2016,17920022,1900533,1588527,1032820,222804,332903,4683790,525151,91595,433556,./results/cp_sweep_intensity/logs/w39.oracleGeneral.bin.zst__fifo__Mithril__16mb__w10000.log,ok
w37.oracleGeneral.bin.zst,oracleGeneral,fifo,Mithril,256mb,10000,0.6530,0.7593,18840688,6317099,5292,3177,375,1740,18575437,250822,37905,212917,./results/cp_sweep_intensity/logs/w37.oracleGeneral.bin.zst__fifo__Mithril__256mb__w10000.log,ok
w39.oracleGeneral.bin.zst,oracleGeneral,sieve,Mithril,16mb,10000,,,,,,,,,,,,,./results/cp_sweep_intensity/logs/w39.oracleGeneral.bin.zst__sieve__Mithril__16mb__w10000.log,fail:134
w39.oracleGeneral.bin.zst,oracleGeneral,sieve,Mithril,64mb,1000,0.1242,0.1586,17920022,2046036,130539,97379,17806,15354,4267514,52243,299,51944,./results/cp_sweep_intensity/logs/w39.oracleGeneral.bin.zst__sieve__Mithril__64mb__w1000.log,ok
w38.oracleGeneral.bin.zst,oracleGeneral,lru,Mithril,1gb,10000,0.2567,0.3425,18535323,8916473,0,0,0,0,13557479,67480,10910,56570,./results/cp_sweep_intensity/logs/w38.oracleGeneral.bin.zst__lru__Mithril__1gb__w10000.log,ok
w39.oracleGeneral.bin.zst,oracleGeneral,sieve,Mithril,256mb,100,0.1079,0.1355,17920022,1727260,4263,2692,847,724,3637500,3998,22,3976,./results/cp_sweep_intensity/logs/w39.oracleGeneral.bin.zst__sieve__Mithril__256mb__w100.log,ok
w39.oracleGeneral.bin.zst,oracleGeneral,sieve,Mithril,256mb,1000,0.1079,0.1355,17920022,1727260,31626,20629,7004,3993,3637500,14330,145,14185,./results/cp_sweep_intensity/logs/w39.oracleGeneral.bin.zst__sieve__Mithril__256mb__w1000.log,ok
w39.oracleGeneral.bin.zst,oracleGeneral,sieve,Mithril,1gb,100,0.0648,0.0716,17920022,269084,279,44,217,18,1340835,318,10,308,./results/cp_sweep_intensity/logs/w39.oracleGeneral.bin.zst__sieve__Mithril__1gb__w100.log,ok
w39.oracleGeneral.bin.zst,oracleGeneral,fifo,Mithril,64mb,10000,0.1296,0.1668,17920022,2097985,14176,3739,9207,1230,4416460,269564,60641,208923,./results/cp_sweep_intensity/logs/w39.oracleGeneral.bin.zst__fifo__Mithril__64mb__w10000.log,ok
w39.oracleGeneral.bin.zst,oracleGeneral,sieve,Mithril,1gb,1000,0.0648,0.0716,17920022,269084,1697,254,1330,113,1340835,1002,31,971,./results/cp_sweep_intensity/logs/w39.oracleGeneral.bin.zst__sieve__Mithril__1gb__w1000.log,ok
w39.oracleGeneral.bin.zst,oracleGeneral,sieve,Mithril,1gb,10000,0.0648,0.0716,17920022,269084,5566,1375,3697,494,1340835,3366,99,3267,./results/cp_sweep_intensity/logs/w39.oracleGeneral.bin.zst__sieve__Mithril__1gb__w10000.log,ok
w40.oracleGeneral.bin.zst,oracleGeneral,lru,Mithril,64mb,100,0.1573,0.2426,17657232,2242456,0,0,0,0,5015737,21175,1050,20125,./results/cp_sweep_intensity/logs/w40.oracleGeneral.bin.zst__lru__Mithril__64mb__w100.log,ok
w40.oracleGeneral.bin.zst,oracleGeneral,lru,Mithril,16mb,100,0.1679,0.2579,17657232,1948995,0,0,0,0,4911937,101572,465,101107,./results/cp_sweep_intensity/logs/w40.oracleGeneral.bin.zst__lru__Mithril__16mb__w100.log,ok
w39.oracleGeneral.bin.zst,oracleGeneral,fifo,Mithril,256mb,10000,0.1145,0.1454,17920022,1841160,87,3,82,2,3880371,77613,9125,68488,./results/cp_sweep_intensity/logs/w39.oracleGeneral.bin.zst__fifo__Mithril__256mb__w10000.log,ok
w40.oracleGeneral.bin.zst,oracleGeneral,lru,Mithril,16mb,1000,0.1679,0.2579,17657232,1948995,1684,179,1446,59,4911937,250479,3899,246580,./results/cp_sweep_intensity/logs/w40.oracleGeneral.bin.zst__lru__Mithril__16mb__w1000.log,ok
w40.oracleGeneral.bin.zst,oracleGeneral,lru,Mithril,256mb,100,0.1433,0.2158,17657232,2074362,0,0,0,0,4589277,3133,9,3124,./results/cp_sweep_intensity/logs/w40.oracleGeneral.bin.zst__lru__Mithril__256mb__w100.log,ok
w40.oracleGeneral.bin.zst,oracleGeneral,lru,Mithril,64mb,1000,0.1573,0.2426,17657232,2242456,0,0,0,0,5015737,73930,11262,62668,./results/cp_sweep_intensity/logs/w40.oracleGeneral.bin.zst__lru__Mithril__64mb__w1000.log,ok
w40.oracleGeneral.bin.zst,oracleGeneral,lru,Mithril,1gb,100,0.1054,0.1262,17657232,739572,0,0,0,0,2549110,241,2,239,./results/cp_sweep_intensity/logs/w40.oracleGeneral.bin.zst__lru__Mithril__1gb__w100.log,ok
w40.oracleGeneral.bin.zst,oracleGeneral,lru,Mithril,256mb,1000,0.1433,0.2158,17657232,2074362,0,0,0,0,4589277,12599,520,12079,./results/cp_sweep_intensity/logs/w40.oracleGeneral.bin.zst__lru__Mithril__256mb__w1000.log,ok
w37.oracleGeneral.bin.zst,oracleGeneral,sieve,Mithril,256mb,10000,0.6418,0.7522,18840688,5957480,905907,545102,126991,233814,17995575,332985,50937,282048,./results/cp_sweep_intensity/logs/w37.oracleGeneral.bin.zst__sieve__Mithril__256mb__w10000.log,ok
w40.oracleGeneral.bin.zst,oracleGeneral,lru,Mithril,1gb,1000,0.1054,0.1262,17657232,739572,0,0,0,0,2549110,1553,10,1543,./results/cp_sweep_intensity/logs/w40.oracleGeneral.bin.zst__lru__Mithril__1gb__w1000.log,ok
w39.oracleGeneral.bin.zst,oracleGeneral,sieve,Mithril,64mb,10000,0.1242,0.1586,17920022,2046036,930486,742514,100090,87882,4267514,150270,3422,146848,./results/cp_sweep_intensity/logs/w39.oracleGeneral.bin.zst__sieve__Mithril__64mb__w10000.log,ok
w39.oracleGeneral.bin.zst,oracleGeneral,sieve,Mithril,256mb,10000,0.1079,0.1355,17920022,1727260,241523,156686,60751,24086,3637500,55677,1278,54399,./results/cp_sweep_intensity/logs/w39.oracleGeneral.bin.zst__sieve__Mithril__256mb__w10000.log,ok
w40.oracleGeneral.bin.zst,oracleGeneral,fifo,Mithril,16mb,100,0.1978,0.2913,17657232,2061384,0,0,0,0,5553642,220764,34847,185917,./results/cp_sweep_intensity/logs/w40.oracleGeneral.bin.zst__fifo__Mithril__16mb__w100.log,ok
w40.oracleGeneral.bin.zst,oracleGeneral,lru,Mithril,16mb,10000,0.1679,0.2579,17657232,1948995,1797338,1304697,178708,313933,4911937,526591,50544,476047,./results/cp_sweep_intensity/logs/w40.oracleGeneral.bin.zst__lru__Mithril__16mb__w10000.log,ok
w40.oracleGeneral.bin.zst,oracleGeneral,lru,Mithril,1gb,10000,0.1054,0.1262,17657232,739572,0,0,0,0,2549110,13637,309,13328,./results/cp_sweep_intensity/logs/w40.oracleGeneral.bin.zst__lru__Mithril__1gb__w10000.log,ok
w40.oracleGeneral.bin.zst,oracleGeneral,fifo,Mithril,64mb,100,0.1677,0.2528,17657232,2371875,0,0,0,0,5327500,81446,10884,70562,./results/cp_sweep_intensity/logs/w40.oracleGeneral.bin.zst__fifo__Mithril__64mb__w100.log,ok
w40.oracleGeneral.bin.zst,oracleGeneral,fifo,Mithril,16mb,1000,0.1978,0.2913,17657232,2061384,1413,132,1249,32,5553642,411445,49889,361556,./results/cp_sweep_intensity/logs/w40.oracleGeneral.bin.zst__fifo__Mithril__16mb__w1000.log,ok
w19.oracleGeneral.bin.zst,oracleGeneral,lru,Mithril,256mb,10000,0.2051,0.1661,31116216,45156750,18866836,8609741,2519908,7737187,51528270,9901799,4115545,5786254,./results/cp_sweep_intensity/logs/w19.oracleGeneral.bin.zst__lru__Mithril__256mb__w10000.log,ok
w38.oracleGeneral.bin.zst,oracleGeneral,fifo,Mithril,1gb,10000,0.2605,0.3475,18535323,9014797,0,0,0,0,13727697,108566,37823,70743,./results/cp_sweep_intensity/logs/w38.oracleGeneral.bin.zst__fifo__Mithril__1gb__w10000.log,ok
w40.oracleGeneral.bin.zst,oracleGeneral,fifo,Mithril,1gb,1000,0.1092,0.1360,17657232,776046,0,0,0,0,2652948,4740,448,4292,./results/cp_sweep_intensity/logs/w40.oracleGeneral.bin.zst__fifo__Mithril__1gb__w1000.log,ok
w40.oracleGeneral.bin.zst,oracleGeneral,fifo,Mithril,1gb,100,0.1092,0.1360,17657232,776046,0,0,0,0,2652948,1584,268,1316,./results/cp_sweep_intensity/logs/w40.oracleGeneral.bin.zst__fifo__Mithril__1gb__w100.log,ok
w40.oracleGeneral.bin.zst,oracleGeneral,fifo,Mithril,256mb,100,0.1463,0.2191,17657232,2069736,0,0,0,0,4636538,16337,1694,14643,./results/cp_sweep_intensity/logs/w40.oracleGeneral.bin.zst__fifo__Mithril__256mb__w100.log,ok
w40.oracleGeneral.bin.zst,oracleGeneral,fifo,Mithril,64mb,1000,0.1677,0.2528,17657232,2371875,0,0,0,0,5327500,174417,27136,147281,./results/cp_sweep_intensity/logs/w40.oracleGeneral.bin.zst__fifo__Mithril__64mb__w1000.log,ok
w40.oracleGeneral.bin.zst,oracleGeneral,fifo,Mithril,256mb,1000,0.1463,0.2191,17657232,2069736,0,0,0,0,4636538,39736,3418,36318,./results/cp_sweep_intensity/logs/w40.oracleGeneral.bin.zst__fifo__Mithril__256mb__w1000.log,ok
w40.oracleGeneral.bin.zst,oracleGeneral,sieve,Mithril,16mb,100,0.1664,0.2523,17657232,1754032,161378,108123,26784,26471,4690765,178858,116,178742,./results/cp_sweep_intensity/logs/w40.oracleGeneral.bin.zst__sieve__Mithril__16mb__w100.log,ok
w40.oracleGeneral.bin.zst,oracleGeneral,fifo,Mithril,1gb,10000,0.1092,0.1360,17657232,776046,0,0,0,0,2652948,23618,1463,22155,./results/cp_sweep_intensity/logs/w40.oracleGeneral.bin.zst__fifo__Mithril__1gb__w10000.log,ok
w40.oracleGeneral.bin.zst,oracleGeneral,fifo,Mithril,16mb,10000,0.1978,0.2913,17657232,2061384,1858347,1267969,244665,345713,5553642,661824,101951,559873,./results/cp_sweep_intensity/logs/w40.oracleGeneral.bin.zst__fifo__Mithril__16mb__w10000.log,ok
w40.oracleGeneral.bin.zst,oracleGeneral,sieve,Mithril,256mb,100,0.1427,0.2127,17657232,2085189,23535,15401,4745,3389,4574177,22590,33,22557,./results/cp_sweep_intensity/logs/w40.oracleGeneral.bin.zst__sieve__Mithril__256mb__w100.log,ok
w40.oracleGeneral.bin.zst,oracleGeneral,sieve,Mithril,16mb,1000,0.1664,0.2523,17657232,1754032,599270,419229,102087,77954,4690765,305662,679,304983,./results/cp_sweep_intensity/logs/w40.oracleGeneral.bin.zst__sieve__Mithril__16mb__w1000.log,ok
w40.oracleGeneral.bin.zst,oracleGeneral,sieve,Mithril,64mb,100,0.1577,0.2417,17657232,2286678,102213,75405,10700,16108,5059198,88488,28,88460,./results/cp_sweep_intensity/logs/w40.oracleGeneral.bin.zst__sieve__Mithril__64mb__w100.log,ok
w40.oracleGeneral.bin.zst,oracleGeneral,sieve,Mithril,1gb,100,0.0953,0.0975,17657232,599250,1087,350,589,148,2212597,1235,4,1231,./results/cp_sweep_intensity/logs/w40.oracleGeneral.bin.zst__sieve__Mithril__1gb__w100.log,ok
w40.oracleGeneral.bin.zst,oracleGeneral,lru,Mithril,64mb,10000,0.1573,0.2426,17657232,2242456,8087,635,7293,159,5015737,246374,32195,214179,./results/cp_sweep_intensity/logs/w40.oracleGeneral.bin.zst__lru__Mithril__64mb__w10000.log,ok
w40.oracleGeneral.bin.zst,oracleGeneral,sieve,Mithril,16mb,10000,0.1664,0.2523,17657232,1754032,1682335,1240998,273815,167522,4690765,404142,3445,400697,./results/cp_sweep_intensity/logs/w40.oracleGeneral.bin.zst__sieve__Mithril__16mb__w10000.log,ok
w40.oracleGeneral.bin.zst,oracleGeneral,lru,Mithril,256mb,10000,0.1433,0.2158,17657232,2074362,275,9,265,1,4589277,182889,6363,176526,./results/cp_sweep_intensity/logs/w40.oracleGeneral.bin.zst__lru__Mithril__256mb__w10000.log,ok
w40.oracleGeneral.bin.zst,oracleGeneral,sieve,Mithril,64mb,1000,0.1577,0.2417,17657232,2286678,326875,253965,32230,40680,5059198,155977,270,155707,./results/cp_sweep_intensity/logs/w40.oracleGeneral.bin.zst__sieve__Mithril__64mb__w1000.log,ok
w40.oracleGeneral.bin.zst,oracleGeneral,sieve,Mithril,1gb,1000,0.0953,0.0975,17657232,599250,4124,1459,2106,559,2212597,3074,16,3058,./results/cp_sweep_intensity/logs/w40.oracleGeneral.bin.zst__sieve__Mithril__1gb__w1000.log,ok
w40.oracleGeneral.bin.zst,oracleGeneral,sieve,Mithril,256mb,1000,0.1427,0.2127,17657232,2085189,86160,58836,17104,10220,4574177,44839,119,44720,./results/cp_sweep_intensity/logs/w40.oracleGeneral.bin.zst__sieve__Mithril__256mb__w1000.log,ok
w38.oracleGeneral.bin.zst,oracleGeneral,sieve,Mithril,1gb,10000,0.2590,0.3533,18535323,9123183,226125,113607,43327,69191,13809556,137446,14282,123164,./results/cp_sweep_intensity/logs/w38.oracleGeneral.bin.zst__sieve__Mithril__1gb__w10000.log,ok
w41.oracleGeneral.bin.zst,oracleGeneral,lru,Mithril,16mb,100,0.1469,0.2782,17004738,2315788,0,0,0,0,4811873,86970,2010,84960,./results/cp_sweep_intensity/logs/w41.oracleGeneral.bin.zst__lru__Mithril__16mb__w100.log,ok
w40.oracleGeneral.bin.zst,oracleGeneral,sieve,Mithril,1gb,10000,0.0953,0.0975,17657232,599250,20926,8363,9846,2717,2212597,11121,369,10752,./results/cp_sweep_intensity/logs/w40.oracleGeneral.bin.zst__sieve__Mithril__1gb__w10000.log,ok
w41.oracleGeneral.bin.zst,oracleGeneral,lru,Mithril,64mb,100,0.1263,0.2339,17004738,2363252,0,0,0,0,4505789,20452,728,19724,./results/cp_sweep_intensity/logs/w41.oracleGeneral.bin.zst__lru__Mithril__64mb__w100.log,ok
w41.oracleGeneral.bin.zst,oracleGeneral,lru,Mithril,256mb,100,0.1136,0.2092,17004738,2013941,0,0,0,0,3927144,3491,9,3482,./results/cp_sweep_intensity/logs/w41.oracleGeneral.bin.zst__lru__Mithril__256mb__w100.log,ok
w41.oracleGeneral.bin.zst,oracleGeneral,lru,Mithril,1gb,100,0.0790,0.1510,17004738,767626,0,0,0,0,2042420,375,7,368,./results/cp_sweep_intensity/logs/w41.oracleGeneral.bin.zst__lru__Mithril__1gb__w100.log,ok
w41.oracleGeneral.bin.zst,oracleGeneral,lru,Mithril,16mb,1000,0.1469,0.2782,17004738,2315788,22549,12593,2076,7880,4811873,253536,13009,240527,./results/cp_sweep_intensity/logs/w41.oracleGeneral.bin.zst__lru__Mithril__16mb__w1000.log,ok
w41.oracleGeneral.bin.zst,oracleGeneral,lru,Mithril,64mb,1000,0.1263,0.2339,17004738,2363252,0,0,0,0,4505789,80101,4173,75928,./results/cp_sweep_intensity/logs/w41.oracleGeneral.bin.zst__lru__Mithril__64mb__w1000.log,ok
w41.oracleGeneral.bin.zst,oracleGeneral,lru,Mithril,1gb,1000,0.0790,0.1510,17004738,767626,0,0,0,0,2042420,2587,85,2502,./results/cp_sweep_intensity/logs/w41.oracleGeneral.bin.zst__lru__Mithril__1gb__w1000.log,ok
w41.oracleGeneral.bin.zst,oracleGeneral,lru,Mithril,256mb,1000,0.1136,0.2092,17004738,2013941,0,0,0,0,3927144,16641,156,16485,./results/cp_sweep_intensity/logs/w41.oracleGeneral.bin.zst__lru__Mithril__256mb__w1000.log,ok
w40.oracleGeneral.bin.zst,oracleGeneral,fifo,Mithril,64mb,10000,0.1677,0.2528,17657232,2371875,7947,586,7179,182,5327500,378583,75046,303537,./results/cp_sweep_intensity/logs/w40.oracleGeneral.bin.zst__fifo__Mithril__64mb__w10000.log,ok
w40.oracleGeneral.bin.zst,oracleGeneral,fifo,Mithril,256mb,10000,0.1463,0.2191,17657232,2069736,258,10,246,2,4636538,249231,17309,231922,./results/cp_sweep_intensity/logs/w40.oracleGeneral.bin.zst__fifo__Mithril__256mb__w10000.log,ok
w41.oracleGeneral.bin.zst,oracleGeneral,fifo,Mithril,16mb,100,0.1715,0.2980,17004738,2456493,0,0,0,0,5371814,194735,47410,147325,./results/cp_sweep_intensity/logs/w41.oracleGeneral.bin.zst__fifo__Mithril__16mb__w100.log,ok
w40.oracleGeneral.bin.zst,oracleGeneral,sieve,Mithril,64mb,10000,0.1577,0.2417,17657232,2286678,1566043,1305405,140134,120504,5059198,255676,2445,253231,./results/cp_sweep_intensity/logs/w40.oracleGeneral.bin.zst__sieve__Mithril__64mb__w10000.log,ok
w41.oracleGeneral.bin.zst,oracleGeneral,lru,Mithril,1gb,10000,0.0790,0.1510,17004738,767626,0,0,0,0,2042420,20255,1050,19205,./results/cp_sweep_intensity/logs/w41.oracleGeneral.bin.zst__lru__Mithril__1gb__w10000.log,ok
w41.oracleGeneral.bin.zst,oracleGeneral,fifo,Mithril,256mb,100,0.1171,0.2121,17004738,2041004,0,0,0,0,4014681,15686,2677,13009,./results/cp_sweep_intensity/logs/w41.oracleGeneral.bin.zst__fifo__Mithril__256mb__w100.log,ok
w41.oracleGeneral.bin.zst,oracleGeneral,fifo,Mithril,64mb,100,0.1349,0.2394,17004738,2527778,0,0,0,0,4817410,63980,17376,46604,./results/cp_sweep_intensity/logs/w41.oracleGeneral.bin.zst__fifo__Mithril__64mb__w100.log,ok
w41.oracleGeneral.bin.zst,oracleGeneral,fifo,Mithril,16mb,1000,0.1715,0.2980,17004738,2456493,28944,13857,3220,11867,5371814,427552,105941,321611,./results/cp_sweep_intensity/logs/w41.oracleGeneral.bin.zst__fifo__Mithril__16mb__w1000.log,ok
w41.oracleGeneral.bin.zst,oracleGeneral,fifo,Mithril,64mb,1000,0.1349,0.2394,17004738,2527778,0,0,0,0,4817410,160181,47138,113043,./results/cp_sweep_intensity/logs/w41.oracleGeneral.bin.zst__fifo__Mithril__64mb__w1000.log,ok
w41.oracleGeneral.bin.zst,oracleGeneral,fifo,Mithril,256mb,1000,0.1171,0.2121,17004738,2041004,0,0,0,0,4014681,45247,8656,36591,./results/cp_sweep_intensity/logs/w41.oracleGeneral.bin.zst__fifo__Mithril__256mb__w1000.log,ok
w41.oracleGeneral.bin.zst,oracleGeneral,fifo,Mithril,1gb,1000,0.0832,0.1575,17004738,853183,0,0,0,0,2200419,7143,1536,5607,./results/cp_sweep_intensity/logs/w41.oracleGeneral.bin.zst__fifo__Mithril__1gb__w1000.log,ok
w41.oracleGeneral.bin.zst,oracleGeneral,fifo,Mithril,1gb,100,0.0832,0.1575,17004738,853183,0,0,0,0,2200419,2108,538,1570,./results/cp_sweep_intensity/logs/w41.oracleGeneral.bin.zst__fifo__Mithril__1gb__w100.log,ok
w40.oracleGeneral.bin.zst,oracleGeneral,sieve,Mithril,256mb,10000,0.1427,0.2127,17657232,2085189,467769,327639,102177,37953,4574177,99004,1264,97740,./results/cp_sweep_intensity/logs/w40.oracleGeneral.bin.zst__sieve__Mithril__256mb__w10000.log,ok
w41.oracleGeneral.bin.zst,oracleGeneral,sieve,Mithril,16mb,100,0.1382,0.2719,17004738,1892627,51580,34802,7994,8784,4241761,47180,79,47101,./results/cp_sweep_intensity/logs/w41.oracleGeneral.bin.zst__sieve__Mithril__16mb__w100.log,ok
w41.oracleGeneral.bin.zst,oracleGeneral,lru,Mithril,16mb,10000,0.1469,0.2782,17004738,2315788,1967548,1381683,189507,396358,4811873,689411,174234,515177,./results/cp_sweep_intensity/logs/w41.oracleGeneral.bin.zst__lru__Mithril__16mb__w10000.log,ok
w41.oracleGeneral.bin.zst,oracleGeneral,sieve,Mithril,16mb,1000,0.1382,0.2719,17004738,1892627,451146,323066,61648,66432,4241761,161647,546,161101,./results/cp_sweep_intensity/logs/w41.oracleGeneral.bin.zst__sieve__Mithril__16mb__w1000.log,ok
w41.oracleGeneral.bin.zst,oracleGeneral,fifo,Mithril,1gb,10000,0.0832,0.1575,17004738,853183,0,0,0,0,2200419,36884,5714,31170,./results/cp_sweep_intensity/logs/w41.oracleGeneral.bin.zst__fifo__Mithril__1gb__w10000.log,ok
w41.oracleGeneral.bin.zst,oracleGeneral,sieve,Mithril,64mb,100,0.1272,0.2360,17004738,2416417,25036,16625,4086,4325,4573950,29101,61,29040,./results/cp_sweep_intensity/logs/w41.oracleGeneral.bin.zst__sieve__Mithril__64mb__w100.log,ok
w42.oracleGeneral.bin.zst,oracleGeneral,lru,Mithril,16mb,100,,,,,,,,,,,,,./results/cp_sweep_intensity/logs/w42.oracleGeneral.bin.zst__lru__Mithril__16mb__w100.log,fail:134
w41.oracleGeneral.bin.zst,oracleGeneral,sieve,Mithril,1gb,100,0.0716,0.1399,17004738,689782,439,121,251,67,1826531,930,3,927,./results/cp_sweep_intensity/logs/w41.oracleGeneral.bin.zst__sieve__Mithril__1gb__w100.log,ok
w42.oracleGeneral.bin.zst,oracleGeneral,lru,Mithril,16mb,1000,,,,,,,,,,,,,./results/cp_sweep_intensity/logs/w42.oracleGeneral.bin.zst__lru__Mithril__16mb__w1000.log,fail:134
w42.oracleGeneral.bin.zst,oracleGeneral,lru,Mithril,64mb,100,,,,,,,,,,,,,./results/cp_sweep_intensity/logs/w42.oracleGeneral.bin.zst__lru__Mithril__64mb__w100.log,fail:134
w42.oracleGeneral.bin.zst,oracleGeneral,lru,Mithril,16mb,10000,,,,,,,,,,,,,./results/cp_sweep_intensity/logs/w42.oracleGeneral.bin.zst__lru__Mithril__16mb__w10000.log,fail:134
w42.oracleGeneral.bin.zst,oracleGeneral,lru,Mithril,64mb,1000,,,,,,,,,,,,,./results/cp_sweep_intensity/logs/w42.oracleGeneral.bin.zst__lru__Mithril__64mb__w1000.log,fail:134
w41.oracleGeneral.bin.zst,oracleGeneral,sieve,Mithril,256mb,100,0.1100,0.2040,17004738,1955645,6575,3539,1746,1290,3801990,9019,11,9008,./results/cp_sweep_intensity/logs/w41.oracleGeneral.bin.zst__sieve__Mithril__256mb__w100.log,ok
w41.oracleGeneral.bin.zst,oracleGeneral,lru,Mithril,256mb,10000,0.1136,0.2092,17004738,2013941,1226,666,284,276,3927144,82740,4106,78634,./results/cp_sweep_intensity/logs/w41.oracleGeneral.bin.zst__lru__Mithril__256mb__w10000.log,ok
w41.oracleGeneral.bin.zst,oracleGeneral,sieve,Mithril,16mb,10000,0.1382,0.2719,17004738,1892627,1769391,1335254,212757,221380,4241761,296824,4127,292697,./results/cp_sweep_intensity/logs/w41.oracleGeneral.bin.zst__sieve__Mithril__16mb__w10000.log,ok
w41.oracleGeneral.bin.zst,oracleGeneral,sieve,Mithril,1gb,1000,0.0716,0.1399,17004738,689782,4803,1543,2412,848,1826531,3699,27,3672,./results/cp_sweep_intensity/logs/w41.oracleGeneral.bin.zst__sieve__Mithril__1gb__w1000.log,ok
w42.oracleGeneral.bin.zst,oracleGeneral,lru,Mithril,64mb,10000,,,,,,,,,,,,,./results/cp_sweep_intensity/logs/w42.oracleGeneral.bin.zst__lru__Mithril__64mb__w10000.log,fail:134
w41.oracleGeneral.bin.zst,oracleGeneral,sieve,Mithril,64mb,1000,0.1272,0.2360,17004738,2416417,233190,169554,30763,32873,4573950,110367,795,109572,./results/cp_sweep_intensity/logs/w41.oracleGeneral.bin.zst__sieve__Mithril__64mb__w1000.log,ok
w41.oracleGeneral.bin.zst,oracleGeneral,sieve,Mithril,256mb,1000,0.1100,0.2040,17004738,1955645,62878,39285,13013,10580,3801990,36625,294,36331,./results/cp_sweep_intensity/logs/w41.oracleGeneral.bin.zst__sieve__Mithril__256mb__w1000.log,ok
w42.oracleGeneral.bin.zst,oracleGeneral,fifo,Mithril,16mb,100,,,,,,,,,,,,,./results/cp_sweep_intensity/logs/w42.oracleGeneral.bin.zst__fifo__Mithril__16mb__w100.log,fail:134
w42.oracleGeneral.bin.zst,oracleGeneral,fifo,Mithril,64mb,100,,,,,,,,,,,,,./results/cp_sweep_intensity/logs/w42.oracleGeneral.bin.zst__fifo__Mithril__64mb__w100.log,fail:134
w42.oracleGeneral.bin.zst,oracleGeneral,fifo,Mithril,64mb,1000,,,,,,,,,,,,,./results/cp_sweep_intensity/logs/w42.oracleGeneral.bin.zst__fifo__Mithril__64mb__w1000.log,fail:134
w42.oracleGeneral.bin.zst,oracleGeneral,fifo,Mithril,16mb,1000,,,,,,,,,,,,,./results/cp_sweep_intensity/logs/w42.oracleGeneral.bin.zst__fifo__Mithril__16mb__w1000.log,fail:134
w42.oracleGeneral.bin.zst,oracleGeneral,fifo,Mithril,16mb,10000,,,,,,,,,,,,,./results/cp_sweep_intensity/logs/w42.oracleGeneral.bin.zst__fifo__Mithril__16mb__w10000.log,fail:134
w42.oracleGeneral.bin.zst,oracleGeneral,fifo,Mithril,64mb,10000,,,,,,,,,,,,,./results/cp_sweep_intensity/logs/w42.oracleGeneral.bin.zst__fifo__Mithril__64mb__w10000.log,fail:134
w41.oracleGeneral.bin.zst,oracleGeneral,sieve,Mithril,1gb,10000,0.0716,0.1399,17004738,689782,35033,11663,17392,5978,1826531,19593,4828,14765,./results/cp_sweep_intensity/logs/w41.oracleGeneral.bin.zst__sieve__Mithril__1gb__w10000.log,ok
w42.oracleGeneral.bin.zst,oracleGeneral,lru,Mithril,256mb,100,,,,,,,,,,,,,./results/cp_sweep_intensity/logs/w42.oracleGeneral.bin.zst__lru__Mithril__256mb__w100.log,fail:134
w41.oracleGeneral.bin.zst,oracleGeneral,lru,Mithril,64mb,10000,0.1263,0.2339,17004738,2363252,39915,27900,3963,8052,4505789,275709,29474,246235,./results/cp_sweep_intensity/logs/w41.oracleGeneral.bin.zst__lru__Mithril__64mb__w10000.log,ok
w41.oracleGeneral.bin.zst,oracleGeneral,fifo,Mithril,16mb,10000,0.1715,0.2980,17004738,2456493,1994548,1334791,246152,413605,5371814,870564,295625,574939,./results/cp_sweep_intensity/logs/w41.oracleGeneral.bin.zst__fifo__Mithril__16mb__w10000.log,ok
w42.oracleGeneral.bin.zst,oracleGeneral,sieve,Mithril,16mb,100,,,,,,,,,,,,,./results/cp_sweep_intensity/logs/w42.oracleGeneral.bin.zst__sieve__Mithril__16mb__w100.log,fail:134
w42.oracleGeneral.bin.zst,oracleGeneral,sieve,Mithril,16mb,1000,,,,,,,,,,,,,./results/cp_sweep_intensity/logs/w42.oracleGeneral.bin.zst__sieve__Mithril__16mb__w1000.log,fail:134
w42.oracleGeneral.bin.zst,oracleGeneral,sieve,Mithril,16mb,10000,,,,,,,,,,,,,./results/cp_sweep_intensity/logs/w42.oracleGeneral.bin.zst__sieve__Mithril__16mb__w10000.log,fail:134
w42.oracleGeneral.bin.zst,oracleGeneral,sieve,Mithril,64mb,100,,,,,,,,,,,,,./results/cp_sweep_intensity/logs/w42.oracleGeneral.bin.zst__sieve__Mithril__64mb__w100.log,fail:134
w42.oracleGeneral.bin.zst,oracleGeneral,lru,Mithril,256mb,1000,,,,,,,,,,,,,./results/cp_sweep_intensity/logs/w42.oracleGeneral.bin.zst__lru__Mithril__256mb__w1000.log,fail:134
w42.oracleGeneral.bin.zst,oracleGeneral,sieve,Mithril,64mb,1000,,,,,,,,,,,,,./results/cp_sweep_intensity/logs/w42.oracleGeneral.bin.zst__sieve__Mithril__64mb__w1000.log,fail:134
w42.oracleGeneral.bin.zst,oracleGeneral,sieve,Mithril,64mb,10000,,,,,,,,,,,,,./results/cp_sweep_intensity/logs/w42.oracleGeneral.bin.zst__sieve__Mithril__64mb__w10000.log,fail:134
w41.oracleGeneral.bin.zst,oracleGeneral,fifo,Mithril,256mb,10000,0.1171,0.2121,17004738,2041004,1346,718,338,290,4014681,146301,35085,111216,./results/cp_sweep_intensity/logs/w41.oracleGeneral.bin.zst__fifo__Mithril__256mb__w10000.log,ok
w42.oracleGeneral.bin.zst,oracleGeneral,fifo,Mithril,256mb,100,,,,,,,,,,,,,./results/cp_sweep_intensity/logs/w42.oracleGeneral.bin.zst__fifo__Mithril__256mb__w100.log,fail:134
w42.oracleGeneral.bin.zst,oracleGeneral,fifo,Mithril,256mb,1000,,,,,,,,,,,,,./results/cp_sweep_intensity/logs/w42.oracleGeneral.bin.zst__fifo__Mithril__256mb__w1000.log,fail:134
w42.oracleGeneral.bin.zst,oracleGeneral,sieve,Mithril,256mb,100,,,,,,,,,,,,,./results/cp_sweep_intensity/logs/w42.oracleGeneral.bin.zst__sieve__Mithril__256mb__w100.log,fail:134
w42.oracleGeneral.bin.zst,oracleGeneral,sieve,Mithril,256mb,1000,,,,,,,,,,,,,./results/cp_sweep_intensity/logs/w42.oracleGeneral.bin.zst__sieve__Mithril__256mb__w1000.log,fail:134
w41.oracleGeneral.bin.zst,oracleGeneral,sieve,Mithril,256mb,10000,0.1100,0.2040,17004738,1955645,414755,283076,78432,53247,3801990,126848,2710,124138,./results/cp_sweep_intensity/logs/w41.oracleGeneral.bin.zst__sieve__Mithril__256mb__w10000.log,ok
w41.oracleGeneral.bin.zst,oracleGeneral,fifo,Mithril,64mb,10000,0.1349,0.2394,17004738,2527778,43343,29365,4333,9645,4817410,459072,171961,287111,./results/cp_sweep_intensity/logs/w41.oracleGeneral.bin.zst__fifo__Mithril__64mb__w10000.log,ok
w41.oracleGeneral.bin.zst,oracleGeneral,sieve,Mithril,64mb,10000,0.1272,0.2360,17004738,2416417,1391457,1100186,142963,148308,4573950,299273,6558,292715,./results/cp_sweep_intensity/logs/w41.oracleGeneral.bin.zst__sieve__Mithril__64mb__w10000.log,ok
w42.oracleGeneral.bin.zst,oracleGeneral,lru,Mithril,1gb,100,0.3997,0.5335,16894445,9855718,0,0,0,0,16575160,3551,252,3299,./results/cp_sweep_intensity/logs/w42.oracleGeneral.bin.zst__lru__Mithril__1gb__w100.log,ok
w42.oracleGeneral.bin.zst,oracleGeneral,sieve,Mithril,256mb,10000,,,,,,,,,,,,,./results/cp_sweep_intensity/logs/w42.oracleGeneral.bin.zst__sieve__Mithril__256mb__w10000.log,fail:134
w42.oracleGeneral.bin.zst,oracleGeneral,lru,Mithril,256mb,10000,,,,,,,,,,,,,./results/cp_sweep_intensity/logs/w42.oracleGeneral.bin.zst__lru__Mithril__256mb__w10000.log,fail:134
w42.oracleGeneral.bin.zst,oracleGeneral,fifo,Mithril,1gb,100,0.4027,0.5384,16894445,9889788,0,0,0,0,16660532,4930,979,3951,./results/cp_sweep_intensity/logs/w42.oracleGeneral.bin.zst__fifo__Mithril__1gb__w100.log,ok
w30.oracleGeneral.bin.zst,oracleGeneral,fifo,Mithril,1gb,10000,0.4206,0.3918,21390010,15159753,0,0,0,0,24102786,2414767,788916,1625851,./results/cp_sweep_intensity/logs/w30.oracleGeneral.bin.zst__fifo__Mithril__1gb__w10000.log,ok
w43.oracleGeneral.bin.zst,oracleGeneral,lru,Mithril,16mb,100,0.8468,0.8960,15617420,3081160,0,0,0,0,16305989,192304,129968,62336,./results/cp_sweep_intensity/logs/w43.oracleGeneral.bin.zst__lru__Mithril__16mb__w100.log,ok
w42.oracleGeneral.bin.zst,oracleGeneral,fifo,Mithril,256mb,10000,,,,,,,,,,,,,./results/cp_sweep_intensity/logs/w42.oracleGeneral.bin.zst__fifo__Mithril__256mb__w10000.log,fail:134
w42.oracleGeneral.bin.zst,oracleGeneral,sieve,Mithril,1gb,100,0.3966,0.5359,16894445,9786170,24393,12087,7796,4510,16437221,11540,270,11270,./results/cp_sweep_intensity/logs/w42.oracleGeneral.bin.zst__sieve__Mithril__1gb__w100.log,ok
w43.oracleGeneral.bin.zst,oracleGeneral,lru,Mithril,16mb,1000,0.8468,0.8960,15617420,3081160,1456481,696267,311341,448873,16305989,944741,484452,460289,./results/cp_sweep_intensity/logs/w43.oracleGeneral.bin.zst__lru__Mithril__16mb__w1000.log,ok
w43.oracleGeneral.bin.zst,oracleGeneral,lru,Mithril,64mb,100,0.7297,0.8243,15617420,4516022,0,0,0,0,15910930,43069,9098,33971,./results/cp_sweep_intensity/logs/w43.oracleGeneral.bin.zst__lru__Mithril__64mb__w100.log,ok
w43.oracleGeneral.bin.zst,oracleGeneral,lru,Mithril,16mb,10000,0.8468,0.8960,15617420,3081160,1593869,762929,341696,489244,16305989,1294441,593421,701020,./results/cp_sweep_intensity/logs/w43.oracleGeneral.bin.zst__lru__Mithril__16mb__w10000.log,ok
w42.oracleGeneral.bin.zst,oracleGeneral,lru,Mithril,1gb,1000,0.3997,0.5335,16894445,9855718,0,0,0,0,16575160,30986,3444,27542,./results/cp_sweep_intensity/logs/w42.oracleGeneral.bin.zst__lru__Mithril__1gb__w1000.log,ok
w43.oracleGeneral.bin.zst,oracleGeneral,lru,Mithril,256mb,100,0.6922,0.8034,15617420,5410950,0,0,0,0,16214071,17108,2124,14984,./results/cp_sweep_intensity/logs/w43.oracleGeneral.bin.zst__lru__Mithril__256mb__w100.log,ok
w43.oracleGeneral.bin.zst,oracleGeneral,lru,Mithril,1gb,100,0.4684,0.5353,15617420,8870039,0,0,0,0,16158744,4438,467,3971,./results/cp_sweep_intensity/logs/w43.oracleGeneral.bin.zst__lru__Mithril__1gb__w100.log,ok
w42.oracleGeneral.bin.zst,oracleGeneral,fifo,Mithril,1gb,1000,0.4027,0.5384,16894445,9889788,0,0,0,0,16660532,37364,7563,29801,./results/cp_sweep_intensity/logs/w42.oracleGeneral.bin.zst__fifo__Mithril__1gb__w1000.log,ok
w43.oracleGeneral.bin.zst,oracleGeneral,lru,Mithril,64mb,1000,0.7297,0.8243,15617420,4516022,0,0,0,0,15910930,322228,48850,273378,./results/cp_sweep_intensity/logs/w43.oracleGeneral.bin.zst__lru__Mithril__64mb__w1000.log,ok
w43.oracleGeneral.bin.zst,oracleGeneral,fifo,Mithril,16mb,100,0.8537,0.9019,15617420,2920078,0,0,0,0,16251534,185089,121860,63229,./results/cp_sweep_intensity/logs/w43.oracleGeneral.bin.zst__fifo__Mithril__16mb__w100.log,ok
w42.oracleGeneral.bin.zst,oracleGeneral,sieve,Mithril,1gb,1000,0.3966,0.5359,16894445,9786170,221568,105065,79941,36562,16437221,71657,3075,68582,./results/cp_sweep_intensity/logs/w42.oracleGeneral.bin.zst__sieve__Mithril__1gb__w1000.log,ok
w43.oracleGeneral.bin.zst,oracleGeneral,fifo,Mithril,16mb,1000,0.8537,0.9019,15617420,2920078,1334962,585040,407452,342470,16251534,895469,473155,422314,./results/cp_sweep_intensity/logs/w43.oracleGeneral.bin.zst__fifo__Mithril__16mb__w1000.log,ok
w43.oracleGeneral.bin.zst,oracleGeneral,lru,Mithril,256mb,1000,0.6922,0.8034,15617420,5410950,0,0,0,0,16214071,152924,29892,123032,./results/cp_sweep_intensity/logs/w43.oracleGeneral.bin.zst__lru__Mithril__256mb__w1000.log,ok
w43.oracleGeneral.bin.zst,oracleGeneral,fifo,Mithril,64mb,100,0.7455,0.8299,15617420,4739425,0,0,0,0,16380527,75351,34176,41175,./results/cp_sweep_intensity/logs/w43.oracleGeneral.bin.zst__fifo__Mithril__64mb__w100.log,ok
w43.oracleGeneral.bin.zst,oracleGeneral,fifo,Mithril,16mb,10000,0.8537,0.9019,15617420,2920078,1502234,660652,457419,384163,16251534,1222306,577024,645282,./results/cp_sweep_intensity/logs/w43.oracleGeneral.bin.zst__fifo__Mithril__16mb__w10000.log,ok
w35.oracleGeneral.bin.zst,oracleGeneral,lru,Mithril,256mb,10000,0.2690,0.6152,15415663,15045055,6767291,3383679,1615280,1768332,19186710,12208564,6587986,5620578,./results/cp_sweep_intensity/logs/w35.oracleGeneral.bin.zst__lru__Mithril__256mb__w10000.log,ok
w43.oracleGeneral.bin.zst,oracleGeneral,fifo,Mithril,256mb,100,0.6982,0.8052,15617420,5527679,0,0,0,0,16425466,31997,14007,17990,./results/cp_sweep_intensity/logs/w43.oracleGeneral.bin.zst__fifo__Mithril__256mb__w100.log,ok
w43.oracleGeneral.bin.zst,oracleGeneral,lru,Mithril,1gb,1000,0.4684,0.5353,15617420,8870039,0,0,0,0,16158744,44489,5761,38728,./results/cp_sweep_intensity/logs/w43.oracleGeneral.bin.zst__lru__Mithril__1gb__w1000.log,ok
w43.oracleGeneral.bin.zst,oracleGeneral,fifo,Mithril,64mb,1000,0.7455,0.8299,15617420,4739425,0,0,0,0,16380527,535713,247158,288555,./results/cp_sweep_intensity/logs/w43.oracleGeneral.bin.zst__fifo__Mithril__64mb__w1000.log,ok
w43.oracleGeneral.bin.zst,oracleGeneral,sieve,Mithril,16mb,100,0.8257,0.8969,15617420,2144731,181487,89113,55086,37288,15038768,22619,816,21803,./results/cp_sweep_intensity/logs/w43.oracleGeneral.bin.zst__sieve__Mithril__16mb__w100.log,ok
w43.oracleGeneral.bin.zst,oracleGeneral,lru,Mithril,64mb,10000,0.7297,0.8243,15617420,4516022,2477129,1211254,363103,902772,15910930,842496,210373,632123,./results/cp_sweep_intensity/logs/w43.oracleGeneral.bin.zst__lru__Mithril__64mb__w10000.log,ok
w43.oracleGeneral.bin.zst,oracleGeneral,sieve,Mithril,16mb,1000,0.8257,0.8969,15617420,2144731,1271195,618718,384441,268036,15038768,284579,7750,276829,./results/cp_sweep_intensity/logs/w43.oracleGeneral.bin.zst__sieve__Mithril__16mb__w1000.log,ok
w43.oracleGeneral.bin.zst,oracleGeneral,fifo,Mithril,1gb,100,0.4733,0.5392,15617420,8933294,0,0,0,0,16298689,9794,2978,6816,./results/cp_sweep_intensity/logs/w43.oracleGeneral.bin.zst__fifo__Mithril__1gb__w100.log,ok
w43.oracleGeneral.bin.zst,oracleGeneral,fifo,Mithril,256mb,1000,0.6982,0.8052,15617420,5527679,0,0,0,0,16425466,254985,123738,131247,./results/cp_sweep_intensity/logs/w43.oracleGeneral.bin.zst__fifo__Mithril__256mb__w1000.log,ok
w43.oracleGeneral.bin.zst,oracleGeneral,sieve,Mithril,16mb,10000,0.8257,0.8969,15617420,2144731,1305476,634717,396256,274503,15038768,547292,65918,481374,./results/cp_sweep_intensity/logs/w43.oracleGeneral.bin.zst__sieve__Mithril__16mb__w10000.log,ok
w43.oracleGeneral.bin.zst,oracleGeneral,sieve,Mithril,64mb,100,0.7277,0.8269,15617420,4384553,139154,69801,25307,44046,15747565,30433,1543,28890,./results/cp_sweep_intensity/logs/w43.oracleGeneral.bin.zst__sieve__Mithril__64mb__w100.log,ok
w44.oracleGeneral.bin.zst,oracleGeneral,lru,Mithril,16mb,100,,,,,,,,,,,,,./results/cp_sweep_intensity/logs/w44.oracleGeneral.bin.zst__lru__Mithril__16mb__w100.log,fail:134
w44.oracleGeneral.bin.zst,oracleGeneral,lru,Mithril,16mb,1000,,,,,,,,,,,,,./results/cp_sweep_intensity/logs/w44.oracleGeneral.bin.zst__lru__Mithril__16mb__w1000.log,fail:134
w44.oracleGeneral.bin.zst,oracleGeneral,lru,Mithril,16mb,10000,,,,,,,,,,,,,./results/cp_sweep_intensity/logs/w44.oracleGeneral.bin.zst__lru__Mithril__16mb__w10000.log,fail:134
w44.oracleGeneral.bin.zst,oracleGeneral,lru,Mithril,64mb,100,,,,,,,,,,,,,./results/cp_sweep_intensity/logs/w44.oracleGeneral.bin.zst__lru__Mithril__64mb__w100.log,fail:134
w44.oracleGeneral.bin.zst,oracleGeneral,lru,Mithril,64mb,1000,,,,,,,,,,,,,./results/cp_sweep_intensity/logs/w44.oracleGeneral.bin.zst__lru__Mithril__64mb__w1000.log,fail:134
w43.oracleGeneral.bin.zst,oracleGeneral,sieve,Mithril,64mb,10000,0.7277,0.8269,15617420,4384553,2561410,1265754,462053,833603,15747565,715856,99313,616543,./results/cp_sweep_intensity/logs/w43.oracleGeneral.bin.zst__sieve__Mithril__64mb__w10000.log,ok
w44.oracleGeneral.bin.zst,oracleGeneral,lru,Mithril,64mb,10000,,,,,,,,,,,,,./results/cp_sweep_intensity/logs/w44.oracleGeneral.bin.zst__lru__Mithril__64mb__w10000.log,fail:134
w44.oracleGeneral.bin.zst,oracleGeneral,lru,Mithril,256mb,100,,,,,,,,,,,,,./results/cp_sweep_intensity/logs/w44.oracleGeneral.bin.zst__lru__Mithril__256mb__w100.log,fail:134
w44.oracleGeneral.bin.zst,oracleGeneral,lru,Mithril,256mb,1000,,,,,,,,,,,,,./results/cp_sweep_intensity/logs/w44.oracleGeneral.bin.zst__lru__Mithril__256mb__w1000.log,fail:134
w44.oracleGeneral.bin.zst,oracleGeneral,lru,Mithril,256mb,10000,,,,,,,,,,,,,./results/cp_sweep_intensity/logs/w44.oracleGeneral.bin.zst__lru__Mithril__256mb__w10000.log,fail:134
w43.oracleGeneral.bin.zst,oracleGeneral,sieve,Mithril,256mb,100,0.6887,0.7998,15617420,5267760,56722,29259,10934,16529,16016869,16911,915,15996,./results/cp_sweep_intensity/logs/w43.oracleGeneral.bin.zst__sieve__Mithril__256mb__w100.log,ok
w43.oracleGeneral.bin.zst,oracleGeneral,sieve,Mithril,64mb,1000,0.7277,0.8269,15617420,4384553,1158047,565354,213021,379672,15747565,276434,10728,265706,./results/cp_sweep_intensity/logs/w43.oracleGeneral.bin.zst__sieve__Mithril__64mb__w1000.log,ok
w44.oracleGeneral.bin.zst,oracleGeneral,fifo,Mithril,16mb,100,,,,,,,,,,,,,./results/cp_sweep_intensity/logs/w44.oracleGeneral.bin.zst__fifo__Mithril__16mb__w100.log,fail:134
w44.oracleGeneral.bin.zst,oracleGeneral,fifo,Mithril,16mb,1000,,,,,,,,,,,,,./results/cp_sweep_intensity/logs/w44.oracleGeneral.bin.zst__fifo__Mithril__16mb__w1000.log,fail:134
w44.oracleGeneral.bin.zst,oracleGeneral,fifo,Mithril,16mb,10000,,,,,,,,,,,,,./results/cp_sweep_intensity/logs/w44.oracleGeneral.bin.zst__fifo__Mithril__16mb__w10000.log,fail:134
w44.oracleGeneral.bin.zst,oracleGeneral,fifo,Mithril,64mb,100,,,,,,,,,,,,,./results/cp_sweep_intensity/logs/w44.oracleGeneral.bin.zst__fifo__Mithril__64mb__w100.log,fail:134
w44.oracleGeneral.bin.zst,oracleGeneral,fifo,Mithril,64mb,1000,,,,,,,,,,,,,./results/cp_sweep_intensity/logs/w44.oracleGeneral.bin.zst__fifo__Mithril__64mb__w1000.log,fail:134
w43.oracleGeneral.bin.zst,oracleGeneral,sieve,Mithril,1gb,100,0.4666,0.5323,15617420,8707777,19774,8544,6826,4404,15965509,8061,504,7557,./results/cp_sweep_intensity/logs/w43.oracleGeneral.bin.zst__sieve__Mithril__1gb__w100.log,ok
w43.oracleGeneral.bin.zst,oracleGeneral,fifo,Mithril,1gb,1000,0.4733,0.5392,15617420,8933294,0,0,0,0,16298689,82106,26553,55553,./results/cp_sweep_intensity/logs/w43.oracleGeneral.bin.zst__fifo__Mithril__1gb__w1000.log,ok
w44.oracleGeneral.bin.zst,oracleGeneral,fifo,Mithril,64mb,10000,,,,,,,,,,,,,./results/cp_sweep_intensity/logs/w44.oracleGeneral.bin.zst__fifo__Mithril__64mb__w10000.log,fail:134
w44.oracleGeneral.bin.zst,oracleGeneral,fifo,Mithril,256mb,100,,,,,,,,,,,,,./results/cp_sweep_intensity/logs/w44.oracleGeneral.bin.zst__fifo__Mithril__256mb__w100.log,fail:134
w44.oracleGeneral.bin.zst,oracleGeneral,fifo,Mithril,256mb,1000,,,,,,,,,,,,,./results/cp_sweep_intensity/logs/w44.oracleGeneral.bin.zst__fifo__Mithril__256mb__w1000.log,fail:134
w19.oracleGeneral.bin.zst,oracleGeneral,fifo,Mithril,256mb,10000,0.2059,0.1662,31116216,45209972,18719890,8484778,2497317,7737795,51608403,9953833,4131070,5822763,./results/cp_sweep_intensity/logs/w19.oracleGeneral.bin.zst__fifo__Mithril__256mb__w10000.log,ok
w44.oracleGeneral.bin.zst,oracleGeneral,fifo,Mithril,256mb,10000,,,,,,,,,,,,,./results/cp_sweep_intensity/logs/w44.oracleGeneral.bin.zst__fifo__Mithril__256mb__w10000.log,fail:134
w44.oracleGeneral.bin.zst,oracleGeneral,sieve,Mithril,16mb,100,,,,,,,,,,,,,./results/cp_sweep_intensity/logs/w44.oracleGeneral.bin.zst__sieve__Mithril__16mb__w100.log,fail:134
w43.oracleGeneral.bin.zst,oracleGeneral,fifo,Mithril,64mb,10000,0.7455,0.8299,15617420,4739425,2497058,1198209,408881,889968,16380527,1064197,419927,644270,./results/cp_sweep_intensity/logs/w43.oracleGeneral.bin.zst__fifo__Mithril__64mb__w10000.log,ok
w44.oracleGeneral.bin.zst,oracleGeneral,sieve,Mithril,16mb,1000,,,,,,,,,,,,,./results/cp_sweep_intensity/logs/w44.oracleGeneral.bin.zst__sieve__Mithril__16mb__w1000.log,fail:134
w44.oracleGeneral.bin.zst,oracleGeneral,sieve,Mithril,16mb,10000,,,,,,,,,,,,,./results/cp_sweep_intensity/logs/w44.oracleGeneral.bin.zst__sieve__Mithril__16mb__w10000.log,fail:134
w44.oracleGeneral.bin.zst,oracleGeneral,sieve,Mithril,64mb,100,,,,,,,,,,,,,./results/cp_sweep_intensity/logs/w44.oracleGeneral.bin.zst__sieve__Mithril__64mb__w100.log,fail:134
w44.oracleGeneral.bin.zst,oracleGeneral,sieve,Mithril,64mb,1000,,,,,,,,,,,,,./results/cp_sweep_intensity/logs/w44.oracleGeneral.bin.zst__sieve__Mithril__64mb__w1000.log,fail:134
w44.oracleGeneral.bin.zst,oracleGeneral,sieve,Mithril,64mb,10000,,,,,,,,,,,,,./results/cp_sweep_intensity/logs/w44.oracleGeneral.bin.zst__sieve__Mithril__64mb__w10000.log,fail:134
w44.oracleGeneral.bin.zst,oracleGeneral,sieve,Mithril,256mb,100,,,,,,,,,,,,,./results/cp_sweep_intensity/logs/w44.oracleGeneral.bin.zst__sieve__Mithril__256mb__w100.log,fail:134
w44.oracleGeneral.bin.zst,oracleGeneral,sieve,Mithril,256mb,1000,,,,,,,,,,,,,./results/cp_sweep_intensity/logs/w44.oracleGeneral.bin.zst__sieve__Mithril__256mb__w1000.log,fail:134
w44.oracleGeneral.bin.zst,oracleGeneral,lru,Mithril,1gb,100,0.3143,0.3310,12116074,7278280,0,0,0,0,11024973,401,119,282,./results/cp_sweep_intensity/logs/w44.oracleGeneral.bin.zst__lru__Mithril__1gb__w100.log,ok
w44.oracleGeneral.bin.zst,oracleGeneral,sieve,Mithril,256mb,10000,,,,,,,,,,,,,./results/cp_sweep_intensity/logs/w44.oracleGeneral.bin.zst__sieve__Mithril__256mb__w10000.log,fail:134
w44.oracleGeneral.bin.zst,oracleGeneral,lru,Mithril,1gb,1000,0.3143,0.3310,12116074,7278280,0,0,0,0,11024973,4044,1152,2892,./results/cp_sweep_intensity/logs/w44.oracleGeneral.bin.zst__lru__Mithril__1gb__w1000.log,ok
w43.oracleGeneral.bin.zst,oracleGeneral,sieve,Mithril,256mb,1000,0.6887,0.7998,15617420,5267760,469332,236666,91537,141129,16016869,149277,7949,141328,./results/cp_sweep_intensity/logs/w43.oracleGeneral.bin.zst__sieve__Mithril__256mb__w1000.log,ok
w30.oracleGeneral.bin.zst,oracleGeneral,sieve,Mithril,1gb,10000,0.3912,0.3380,21390010,16776253,12084943,9102656,2267684,714603,25091608,3616847,154231,3462616,./results/cp_sweep_intensity/logs/w30.oracleGeneral.bin.zst__sieve__Mithril__1gb__w10000.log,ok
w44.oracleGeneral.bin.zst,oracleGeneral,fifo,Mithril,1gb,100,0.3186,0.3357,12116074,7327771,0,0,0,0,11124090,777,104,673,./results/cp_sweep_intensity/logs/w44.oracleGeneral.bin.zst__fifo__Mithril__1gb__w100.log,ok
w44.oracleGeneral.bin.zst,oracleGeneral,fifo,Mithril,1gb,1000,0.3186,0.3357,12116074,7327771,0,0,0,0,11124090,7042,1522,5520,./results/cp_sweep_intensity/logs/w44.oracleGeneral.bin.zst__fifo__Mithril__1gb__w1000.log,ok
w45.oracleGeneral.bin.zst,oracleGeneral,lru,Mithril,16mb,100,0.1512,0.2795,15064629,3048152,0,0,0,0,5324174,147140,5767,141373,./results/cp_sweep_intensity/logs/w45.oracleGeneral.bin.zst__lru__Mithril__16mb__w100.log,ok
w44.oracleGeneral.bin.zst,oracleGeneral,sieve,Mithril,1gb,100,0.3165,0.3351,12116074,7317215,1072,519,239,314,11080026,997,112,885,./results/cp_sweep_intensity/logs/w44.oracleGeneral.bin.zst__sieve__Mithril__1gb__w100.log,ok
w44.oracleGeneral.bin.zst,oracleGeneral,lru,Mithril,1gb,10000,0.3143,0.3310,12116074,7278280,0,0,0,0,11024973,23889,4316,19573,./results/cp_sweep_intensity/logs/w44.oracleGeneral.bin.zst__lru__Mithril__1gb__w10000.log,ok
w44.oracleGeneral.bin.zst,oracleGeneral,sieve,Mithril,1gb,1000,0.3165,0.3351,12116074,7317215,9384,3863,2480,3041,11080026,7815,1387,6428,./results/cp_sweep_intensity/logs/w44.oracleGeneral.bin.zst__sieve__Mithril__1gb__w1000.log,ok
w45.oracleGeneral.bin.zst,oracleGeneral,lru,Mithril,64mb,100,0.1356,0.1778,15064629,3165361,0,0,0,0,5204085,17676,1368,16308,./results/cp_sweep_intensity/logs/w45.oracleGeneral.bin.zst__lru__Mithril__64mb__w100.log,ok
w45.oracleGeneral.bin.zst,oracleGeneral,lru,Mithril,16mb,1000,0.1512,0.2795,15064629,3048152,5,4,0,1,5324174,399093,21323,377770,./results/cp_sweep_intensity/logs/w45.oracleGeneral.bin.zst__lru__Mithril__16mb__w1000.log,ok
w43.oracleGeneral.bin.zst,oracleGeneral,sieve,Mithril,1gb,1000,0.4666,0.5323,15617420,8707777,170394,69706,59602,41086,15965509,76186,4476,71710,./results/cp_sweep_intensity/logs/w43.oracleGeneral.bin.zst__sieve__Mithril__1gb__w1000.log,ok
w45.oracleGeneral.bin.zst,oracleGeneral,lru,Mithril,256mb,100,0.1202,0.1411,15064629,2582446,0,0,0,0,4373222,2490,32,2458,./results/cp_sweep_intensity/logs/w45.oracleGeneral.bin.zst__lru__Mithril__256mb__w100.log,ok
w45.oracleGeneral.bin.zst,oracleGeneral,lru,Mithril,1gb,100,0.0562,0.0583,15064629,430376,0,0,0,0,1188202,123,5,118,./results/cp_sweep_intensity/logs/w45.oracleGeneral.bin.zst__lru__Mithril__1gb__w100.log,ok
w45.oracleGeneral.bin.zst,oracleGeneral,lru,Mithril,1gb,1000,0.0562,0.0583,15064629,430376,0,0,0,0,1188202,926,21,905,./results/cp_sweep_intensity/logs/w45.oracleGeneral.bin.zst__lru__Mithril__1gb__w1000.log,ok
w45.oracleGeneral.bin.zst,oracleGeneral,lru,Mithril,64mb,1000,0.1356,0.1778,15064629,3165361,0,0,0,0,5204085,83092,13246,69846,./results/cp_sweep_intensity/logs/w45.oracleGeneral.bin.zst__lru__Mithril__64mb__w1000.log,ok
w45.oracleGeneral.bin.zst,oracleGeneral,lru,Mithril,1gb,10000,0.0562,0.0583,15064629,430376,0,0,0,0,1188202,9492,529,8963,./results/cp_sweep_intensity/logs/w45.oracleGeneral.bin.zst__lru__Mithril__1gb__w10000.log,ok
w45.oracleGeneral.bin.zst,oracleGeneral,lru,Mithril,256mb,1000,0.1202,0.1411,15064629,2582446,0,0,0,0,4373222,12188,244,11944,./results/cp_sweep_intensity/logs/w45.oracleGeneral.bin.zst__lru__Mithril__256mb__w1000.log,ok
w44.oracleGeneral.bin.zst,oracleGeneral,fifo,Mithril,1gb,10000,0.3186,0.3357,12116074,7327771,0,0,0,0,11124090,41213,11169,30044,./results/cp_sweep_intensity/logs/w44.oracleGeneral.bin.zst__fifo__Mithril__1gb__w10000.log,ok
w45.oracleGeneral.bin.zst,oracleGeneral,fifo,Mithril,16mb,100,0.1798,0.3078,15064629,3097357,0,0,0,0,5804161,250876,69257,181619,./results/cp_sweep_intensity/logs/w45.oracleGeneral.bin.zst__fifo__Mithril__16mb__w100.log,ok
w45.oracleGeneral.bin.zst,oracleGeneral,lru,Mithril,16mb,10000,0.1512,0.2795,15064629,3048152,2548109,1620443,158377,769289,5324174,695948,77796,618152,./results/cp_sweep_intensity/logs/w45.oracleGeneral.bin.zst__lru__Mithril__16mb__w10000.log,ok
w44.oracleGeneral.bin.zst,oracleGeneral,sieve,Mithril,1gb,10000,0.3165,0.3351,12116074,7317215,43476,16821,13622,13033,11080026,41967,5146,36821,./results/cp_sweep_intensity/logs/w44.oracleGeneral.bin.zst__sieve__Mithril__1gb__w10000.log,ok
w45.oracleGeneral.bin.zst,oracleGeneral,fifo,Mithril,64mb,100,0.1440,0.1996,15064629,3271793,0,0,0,0,5436149,81199,22155,59044,./results/cp_sweep_intensity/logs/w45.oracleGeneral.bin.zst__fifo__Mithril__64mb__w100.log,ok
w45.oracleGeneral.bin.zst,oracleGeneral,fifo,Mithril,16mb,1000,0.1798,0.3078,15064629,3097357,0,0,0,0,5804161,487768,111574,376194,./results/cp_sweep_intensity/logs/w45.oracleGeneral.bin.zst__fifo__Mithril__16mb__w1000.log,ok
w45.oracleGeneral.bin.zst,oracleGeneral,fifo,Mithril,256mb,100,0.1234,0.1553,15064629,2590453,0,0,0,0,4429069,16346,2402,13944,./results/cp_sweep_intensity/logs/w45.oracleGeneral.bin.zst__fifo__Mithril__256mb__w100.log,ok
w45.oracleGeneral.bin.zst,oracleGeneral,fifo,Mithril,1gb,100,0.0642,0.0682,15064629,582706,0,0,0,0,1460016,1210,253,957,./results/cp_sweep_intensity/logs/w45.oracleGeneral.bin.zst__fifo__Mithril__1gb__w100.log,ok
w45.oracleGeneral.bin.zst,oracleGeneral,fifo,Mithril,64mb,1000,0.1440,0.1996,15064629,3271793,0,0,0,0,5436149,192765,52361,140404,./results/cp_sweep_intensity/logs/w45.oracleGeneral.bin.zst__fifo__Mithril__64mb__w1000.log,ok
w45.oracleGeneral.bin.zst,oracleGeneral,fifo,Mithril,1gb,1000,0.0642,0.0682,15064629,582706,0,0,0,0,1460016,3987,521,3466,./results/cp_sweep_intensity/logs/w45.oracleGeneral.bin.zst__fifo__Mithril__1gb__w1000.log,ok
w45.oracleGeneral.bin.zst,oracleGeneral,fifo,Mithril,256mb,1000,0.1234,0.1553,15064629,2590453,0,0,0,0,4429069,40638,4435,36203,./results/cp_sweep_intensity/logs/w45.oracleGeneral.bin.zst__fifo__Mithril__256mb__w1000.log,ok
w45.oracleGeneral.bin.zst,oracleGeneral,fifo,Mithril,1gb,10000,0.0642,0.0682,15064629,582706,0,0,0,0,1460016,23570,2292,21278,./results/cp_sweep_intensity/logs/w45.oracleGeneral.bin.zst__fifo__Mithril__1gb__w10000.log,ok
w45.oracleGeneral.bin.zst,oracleGeneral,sieve,Mithril,16mb,100,0.1452,0.1919,15064629,2809588,87014,56618,7528,22868,4996116,110167,808,109359,./results/cp_sweep_intensity/logs/w45.oracleGeneral.bin.zst__sieve__Mithril__16mb__w100.log,ok
w45.oracleGeneral.bin.zst,oracleGeneral,sieve,Mithril,16mb,1000,0.1452,0.1919,15064629,2809588,1204809,802534,104415,297860,4996116,278893,4194,274699,./results/cp_sweep_intensity/logs/w45.oracleGeneral.bin.zst__sieve__Mithril__16mb__w1000.log,ok
w45.oracleGeneral.bin.zst,oracleGeneral,sieve,Mithril,64mb,100,0.1355,0.1629,15064629,3131574,19290,13684,1578,4028,5166105,29831,267,29564,./results/cp_sweep_intensity/logs/w45.oracleGeneral.bin.zst__sieve__Mithril__64mb__w100.log,ok
w45.oracleGeneral.bin.zst,oracleGeneral,sieve,Mithril,16mb,10000,0.1452,0.1919,15064629,2809588,2412259,1624890,210501,576868,4996116,495051,22159,472892,./results/cp_sweep_intensity/logs/w45.oracleGeneral.bin.zst__sieve__Mithril__16mb__w10000.log,ok
w45.oracleGeneral.bin.zst,oracleGeneral,fifo,Mithril,16mb,10000,0.1798,0.3078,15064629,3097357,2508408,1577123,221767,709518,5804161,779868,174363,605505,./results/cp_sweep_intensity/logs/w45.oracleGeneral.bin.zst__fifo__Mithril__16mb__w10000.log,ok
w45.oracleGeneral.bin.zst,oracleGeneral,sieve,Mithril,256mb,100,0.1075,0.1291,15064629,2265740,3327,2423,477,427,3859607,7715,69,7646,./results/cp_sweep_intensity/logs/w45.oracleGeneral.bin.zst__sieve__Mithril__256mb__w100.log,ok
w45.oracleGeneral.bin.zst,oracleGeneral,sieve,Mithril,1gb,100,0.0460,0.0446,15064629,242867,32,19,5,8,845817,132,1,131,./results/cp_sweep_intensity/logs/w45.oracleGeneral.bin.zst__sieve__Mithril__1gb__w100.log,ok
w45.oracleGeneral.bin.zst,oracleGeneral,sieve,Mithril,1gb,1000,0.0460,0.0446,15064629,242867,633,299,260,74,845817,572,8,564,./results/cp_sweep_intensity/logs/w45.oracleGeneral.bin.zst__sieve__Mithril__1gb__w1000.log,ok
w46.oracleGeneral.bin.zst,oracleGeneral,lru,Mithril,16mb,100,,,,,,,,,,,,,./results/cp_sweep_intensity/logs/w46.oracleGeneral.bin.zst__lru__Mithril__16mb__w100.log,fail:134
w46.oracleGeneral.bin.zst,oracleGeneral,lru,Mithril,16mb,1000,,,,,,,,,,,,,./results/cp_sweep_intensity/logs/w46.oracleGeneral.bin.zst__lru__Mithril__16mb__w1000.log,fail:134
w46.oracleGeneral.bin.zst,oracleGeneral,lru,Mithril,16mb,10000,,,,,,,,,,,,,./results/cp_sweep_intensity/logs/w46.oracleGeneral.bin.zst__lru__Mithril__16mb__w10000.log,fail:134
w46.oracleGeneral.bin.zst,oracleGeneral,lru,Mithril,64mb,100,,,,,,,,,,,,,./results/cp_sweep_intensity/logs/w46.oracleGeneral.bin.zst__lru__Mithril__64mb__w100.log,fail:134
w45.oracleGeneral.bin.zst,oracleGeneral,sieve,Mithril,64mb,1000,0.1355,0.1629,15064629,3131574,318395,231620,26511,60264,5166105,87751,1954,85797,./results/cp_sweep_intensity/logs/w45.oracleGeneral.bin.zst__sieve__Mithril__64mb__w1000.log,ok
w46.oracleGeneral.bin.zst,oracleGeneral,lru,Mithril,64mb,1000,,,,,,,,,,,,,./results/cp_sweep_intensity/logs/w46.oracleGeneral.bin.zst__lru__Mithril__64mb__w1000.log,fail:134
w46.oracleGeneral.bin.zst,oracleGeneral,lru,Mithril,256mb,100,,,,,,,,,,,,,./results/cp_sweep_intensity/logs/w46.oracleGeneral.bin.zst__lru__Mithril__256mb__w100.log,fail:134
w46.oracleGeneral.bin.zst,oracleGeneral,lru,Mithril,64mb,10000,,,,,,,,,,,,,./results/cp_sweep_intensity/logs/w46.oracleGeneral.bin.zst__lru__Mithril__64mb__w10000.log,fail:134
w46.oracleGeneral.bin.zst,oracleGeneral,lru,Mithril,256mb,1000,,,,,,,,,,,,,./results/cp_sweep_intensity/logs/w46.oracleGeneral.bin.zst__lru__Mithril__256mb__w1000.log,fail:134
w46.oracleGeneral.bin.zst,oracleGeneral,lru,Mithril,256mb,10000,,,,,,,,,,,,,./results/cp_sweep_intensity/logs/w46.oracleGeneral.bin.zst__lru__Mithril__256mb__w10000.log,fail:134
w45.oracleGeneral.bin.zst,oracleGeneral,sieve,Mithril,1gb,10000,0.0460,0.0446,15064629,242867,7291,3422,3164,705,845817,2859,65,2794,./results/cp_sweep_intensity/logs/w45.oracleGeneral.bin.zst__sieve__Mithril__1gb__w10000.log,ok
w46.oracleGeneral.bin.zst,oracleGeneral,fifo,Mithril,16mb,100,,,,,,,,,,,,,./results/cp_sweep_intensity/logs/w46.oracleGeneral.bin.zst__fifo__Mithril__16mb__w100.log,fail:134
w45.oracleGeneral.bin.zst,oracleGeneral,sieve,Mithril,256mb,1000,0.1075,0.1291,15064629,2265740,87639,63465,13362,10812,3859607,26226,566,25660,./results/cp_sweep_intensity/logs/w45.oracleGeneral.bin.zst__sieve__Mithril__256mb__w1000.log,ok
w46.oracleGeneral.bin.zst,oracleGeneral,fifo,Mithril,16mb,1000,,,,,,,,,,,,,./results/cp_sweep_intensity/logs/w46.oracleGeneral.bin.zst__fifo__Mithril__16mb__w1000.log,fail:134
w46.oracleGeneral.bin.zst,oracleGeneral,fifo,Mithril,16mb,10000,,,,,,,,,,,,,./results/cp_sweep_intensity/logs/w46.oracleGeneral.bin.zst__fifo__Mithril__16mb__w10000.log,fail:134
w46.oracleGeneral.bin.zst,oracleGeneral,fifo,Mithril,64mb,100,,,,,,,,,,,,,./results/cp_sweep_intensity/logs/w46.oracleGeneral.bin.zst__fifo__Mithril__64mb__w100.log,fail:134
w46.oracleGeneral.bin.zst,oracleGeneral,fifo,Mithril,64mb,1000,,,,,,,,,,,,,./results/cp_sweep_intensity/logs/w46.oracleGeneral.bin.zst__fifo__Mithril__64mb__w1000.log,fail:134
w46.oracleGeneral.bin.zst,oracleGeneral,fifo,Mithril,64mb,10000,,,,,,,,,,,,,./results/cp_sweep_intensity/logs/w46.oracleGeneral.bin.zst__fifo__Mithril__64mb__w10000.log,fail:134
w46.oracleGeneral.bin.zst,oracleGeneral,fifo,Mithril,256mb,100,,,,,,,,,,,,,./results/cp_sweep_intensity/logs/w46.oracleGeneral.bin.zst__fifo__Mithril__256mb__w100.log,fail:134
w46.oracleGeneral.bin.zst,oracleGeneral,fifo,Mithril,256mb,1000,,,,,,,,,,,,,./results/cp_sweep_intensity/logs/w46.oracleGeneral.bin.zst__fifo__Mithril__256mb__w1000.log,fail:134
w45.oracleGeneral.bin.zst,oracleGeneral,lru,Mithril,256mb,10000,0.1202,0.1411,15064629,2582446,0,0,0,0,4373222,69345,4872,64473,./results/cp_sweep_intensity/logs/w45.oracleGeneral.bin.zst__lru__Mithril__256mb__w10000.log,ok
w46.oracleGeneral.bin.zst,oracleGeneral,lru,Mithril,1gb,100,0.5777,0.8511,11550125,2536583,0,0,0,0,9206888,13526,2661,10865,./results/cp_sweep_intensity/logs/w46.oracleGeneral.bin.zst__lru__Mithril__1gb__w100.log,ok
w46.oracleGeneral.bin.zst,oracleGeneral,fifo,Mithril,256mb,10000,,,,,,,,,,,,,./results/cp_sweep_intensity/logs/w46.oracleGeneral.bin.zst__fifo__Mithril__256mb__w10000.log,fail:134
w46.oracleGeneral.bin.zst,oracleGeneral,sieve,Mithril,16mb,100,,,,,,,,,,,,,./results/cp_sweep_intensity/logs/w46.oracleGeneral.bin.zst__sieve__Mithril__16mb__w100.log,fail:134
w46.oracleGeneral.bin.zst,oracleGeneral,sieve,Mithril,16mb,1000,,,,,,,,,,,,,./results/cp_sweep_intensity/logs/w46.oracleGeneral.bin.zst__sieve__Mithril__16mb__w1000.log,fail:134
w46.oracleGeneral.bin.zst,oracleGeneral,sieve,Mithril,16mb,10000,,,,,,,,,,,,,./results/cp_sweep_intensity/logs/w46.oracleGeneral.bin.zst__sieve__Mithril__16mb__w10000.log,fail:134
w43.oracleGeneral.bin.zst,oracleGeneral,sieve,Mithril,256mb,10000,0.6887,0.7998,15617420,5267760,3065868,1573077,580367,912424,16016869,582090,78355,503735,./results/cp_sweep_intensity/logs/w43.oracleGeneral.bin.zst__sieve__Mithril__256mb__w10000.log,ok
w46.oracleGeneral.bin.zst,oracleGeneral,sieve,Mithril,64mb,100,,,,,,,,,,,,,./results/cp_sweep_intensity/logs/w46.oracleGeneral.bin.zst__sieve__Mithril__64mb__w100.log,fail:134
w46.oracleGeneral.bin.zst,oracleGeneral,sieve,Mithril,64mb,1000,,,,,,,,,,,,,./results/cp_sweep_intensity/logs/w46.oracleGeneral.bin.zst__sieve__Mithril__64mb__w1000.log,fail:134
w46.oracleGeneral.bin.zst,oracleGeneral,sieve,Mithril,64mb,10000,,,,,,,,,,,,,./results/cp_sweep_intensity/logs/w46.oracleGeneral.bin.zst__sieve__Mithril__64mb__w10000.log,fail:134
w46.oracleGeneral.bin.zst,oracleGeneral,lru,Mithril,1gb,1000,0.5777,0.8511,11550125,2536583,0,0,0,0,9206888,129637,34576,95061,./results/cp_sweep_intensity/logs/w46.oracleGeneral.bin.zst__lru__Mithril__1gb__w1000.log,ok
w46.oracleGeneral.bin.zst,oracleGeneral,fifo,Mithril,1gb,100,0.5788,0.8507,11550125,2555696,0,0,0,0,9239059,13904,2945,10959,./results/cp_sweep_intensity/logs/w46.oracleGeneral.bin.zst__fifo__Mithril__1gb__w100.log,ok
w45.oracleGeneral.bin.zst,oracleGeneral,lru,Mithril,64mb,10000,0.1356,0.1778,15064629,3165361,33,25,2,6,5204085,356163,61570,294593,./results/cp_sweep_intensity/logs/w45.oracleGeneral.bin.zst__lru__Mithril__64mb__w10000.log,ok
w46.oracleGeneral.bin.zst,oracleGeneral,sieve,Mithril,256mb,100,,,,,,,,,,,,,./results/cp_sweep_intensity/logs/w46.oracleGeneral.bin.zst__sieve__Mithril__256mb__w100.log,fail:134
w45.oracleGeneral.bin.zst,oracleGeneral,fifo,Mithril,256mb,10000,0.1234,0.1553,15064629,2590453,0,0,0,0,4429069,130779,21745,109034,./results/cp_sweep_intensity/logs/w45.oracleGeneral.bin.zst__fifo__Mithril__256mb__w10000.log,ok
w46.oracleGeneral.bin.zst,oracleGeneral,sieve,Mithril,256mb,1000,,,,,,,,,,,,,./results/cp_sweep_intensity/logs/w46.oracleGeneral.bin.zst__sieve__Mithril__256mb__w1000.log,fail:134
w45.oracleGeneral.bin.zst,oracleGeneral,sieve,Mithril,256mb,10000,0.1075,0.1291,15064629,2265740,736122,529502,121774,84846,3859607,120340,6929,113411,./results/cp_sweep_intensity/logs/w45.oracleGeneral.bin.zst__sieve__Mithril__256mb__w10000.log,ok
w45.oracleGeneral.bin.zst,oracleGeneral,sieve,Mithril,64mb,10000,0.1355,0.1629,15064629,3131574,2376867,1774817,206340,395710,5166105,296770,16403,280367,./results/cp_sweep_intensity/logs/w45.oracleGeneral.bin.zst__sieve__Mithril__64mb__w10000.log,ok
w46.oracleGeneral.bin.zst,oracleGeneral,fifo,Mithril,1gb,1000,0.5788,0.8507,11550125,2555696,0,0,0,0,9239059,134056,38566,95490,./results/cp_sweep_intensity/logs/w46.oracleGeneral.bin.zst__fifo__Mithril__1gb__w1000.log,ok
w46.oracleGeneral.bin.zst,oracleGeneral,sieve,Mithril,1gb,100,0.5787,0.8570,11550125,2549843,102750,50952,37455,14343,9231651,24306,1219,23087,./results/cp_sweep_intensity/logs/w46.oracleGeneral.bin.zst__sieve__Mithril__1gb__w100.log,ok
w47.oracleGeneral.bin.zst,oracleGeneral,lru,Mithril,16mb,100,0.1408,0.3201,14314717,2833562,0,0,0,0,4848128,141789,2778,139011,./results/cp_sweep_intensity/logs/w47.oracleGeneral.bin.zst__lru__Mithril__16mb__w100.log,ok
w46.oracleGeneral.bin.zst,oracleGeneral,sieve,Mithril,256mb,10000,,,,,,,,,,,,,./results/cp_sweep_intensity/logs/w46.oracleGeneral.bin.zst__sieve__Mithril__256mb__w10000.log,fail:134
w35.oracleGeneral.bin.zst,oracleGeneral,fifo,Mithril,256mb,10000,0.2783,0.6198,15415663,15917283,6780097,3383584,1541837,1854676,20201465,13078051,7301166,5776885,./results/cp_sweep_intensity/logs/w35.oracleGeneral.bin.zst__fifo__Mithril__256mb__w10000.log,ok
w47.oracleGeneral.bin.zst,oracleGeneral,lru,Mithril,64mb,100,0.1280,0.2233,14314717,2877725,0,0,0,0,4706463,19402,755,18647,./results/cp_sweep_intensity/logs/w47.oracleGeneral.bin.zst__lru__Mithril__64mb__w100.log,ok
w47.oracleGeneral.bin.zst,oracleGeneral,lru,Mithril,16mb,1000,0.1408,0.3201,14314717,2833562,21,13,1,7,4848128,386761,14435,372326,./results/cp_sweep_intensity/logs/w47.oracleGeneral.bin.zst__lru__Mithril__16mb__w1000.log,ok
w46.oracleGeneral.bin.zst,oracleGeneral,sieve,Mithril,1gb,1000,0.5787,0.8570,11550125,2549843,830485,391247,322917,116321,9231651,179847,13507,166340,./results/cp_sweep_intensity/logs/w46.oracleGeneral.bin.zst__sieve__Mithril__1gb__w1000.log,ok
w45.oracleGeneral.bin.zst,oracleGeneral,fifo,Mithril,64mb,10000,0.1440,0.1996,15064629,3271793,0,0,0,0,5436149,481137,125222,355915,./results/cp_sweep_intensity/logs/w45.oracleGeneral.bin.zst__fifo__Mithril__64mb__w10000.log,ok
w47.oracleGeneral.bin.zst,oracleGeneral,lru,Mithril,64mb,1000,0.1280,0.2233,14314717,2877725,0,0,0,0,4706463,85557,9721,75836,./results/cp_sweep_intensity/logs/w47.oracleGeneral.bin.zst__lru__Mithril__64mb__w1000.log,ok
w47.oracleGeneral.bin.zst,oracleGeneral,lru,Mithril,256mb,100,0.1126,0.1809,14314717,2332373,0,0,0,0,3928989,3318,37,3281,./results/cp_sweep_intensity/logs/w47.oracleGeneral.bin.zst__lru__Mithril__256mb__w100.log,ok
w47.oracleGeneral.bin.zst,oracleGeneral,lru,Mithril,1gb,100,0.0614,0.0921,14314717,596711,0,0,0,0,1410805,384,19,365,./results/cp_sweep_intensity/logs/w47.oracleGeneral.bin.zst__lru__Mithril__1gb__w100.log,ok
w47.oracleGeneral.bin.zst,oracleGeneral,lru,Mithril,1gb,1000,0.0614,0.0921,14314717,596711,0,0,0,0,1410805,3000,212,2788,./results/cp_sweep_intensity/logs/w47.oracleGeneral.bin.zst__lru__Mithril__1gb__w1000.log,ok
w47.oracleGeneral.bin.zst,oracleGeneral,lru,Mithril,256mb,1000,0.1126,0.1809,14314717,2332373,0,0,0,0,3928989,16597,262,16335,./results/cp_sweep_intensity/logs/w47.oracleGeneral.bin.zst__lru__Mithril__256mb__w1000.log,ok
w47.oracleGeneral.bin.zst,oracleGeneral,lru,Mithril,1gb,10000,0.0614,0.0921,14314717,596711,0,0,0,0,1410805,30284,3242,27042,./results/cp_sweep_intensity/logs/w47.oracleGeneral.bin.zst__lru__Mithril__1gb__w10000.log,ok
w47.oracleGeneral.bin.zst,oracleGeneral,fifo,Mithril,16mb,100,0.1733,0.3392,14314717,2878181,0,0,0,0,5357449,262596,73383,189213,./results/cp_sweep_intensity/logs/w47.oracleGeneral.bin.zst__fifo__Mithril__16mb__w100.log,ok
w47.oracleGeneral.bin.zst,oracleGeneral,lru,Mithril,16mb,10000,0.1408,0.3201,14314717,2833562,2437574,1592855,152569,692150,4848128,703203,66036,637167,./results/cp_sweep_intensity/logs/w47.oracleGeneral.bin.zst__lru__Mithril__16mb__w10000.log,ok
w46.oracleGeneral.bin.zst,oracleGeneral,sieve,Mithril,1gb,10000,0.5787,0.8570,11550125,2549843,1747056,798262,719036,229758,9231651,692356,104115,588241,./results/cp_sweep_intensity/logs/w46.oracleGeneral.bin.zst__sieve__Mithril__1gb__w10000.log,ok
w47.oracleGeneral.bin.zst,oracleGeneral,fifo,Mithril,64mb,100,0.1375,0.2463,14314717,2992206,0,0,0,0,4955805,86350,22693,63657,./results/cp_sweep_intensity/logs/w47.oracleGeneral.bin.zst__fifo__Mithril__64mb__w100.log,ok
w46.oracleGeneral.bin.zst,oracleGeneral,lru,Mithril,1gb,10000,0.5777,0.8511,11550125,2536583,1375700,595499,552661,227540,9206888,653086,223831,429255,./results/cp_sweep_intensity/logs/w46.oracleGeneral.bin.zst__lru__Mithril__1gb__w10000.log,ok
w47.oracleGeneral.bin.zst,oracleGeneral,fifo,Mithril,16mb,1000,0.1733,0.3392,14314717,2878181,81,57,5,19,5357449,486721,113784,372937,./results/cp_sweep_intensity/logs/w47.oracleGeneral.bin.zst__fifo__Mithril__16mb__w1000.log,ok
w42.oracleGeneral.bin.zst,oracleGeneral,sieve,Mithril,1gb,10000,0.3966,0.5359,16894445,9786170,1351912,647689,472758,231465,16437221,321023,26640,294383,./results/cp_sweep_intensity/logs/w42.oracleGeneral.bin.zst__sieve__Mithril__1gb__w10000.log,ok
w47.oracleGeneral.bin.zst,oracleGeneral,fifo,Mithril,256mb,100,0.1164,0.1969,14314717,2349979,0,0,0,0,3999475,17790,2975,14815,./results/cp_sweep_intensity/logs/w47.oracleGeneral.bin.zst__fifo__Mithril__256mb__w100.log,ok
w43.oracleGeneral.bin.zst,oracleGeneral,lru,Mithril,256mb,10000,0.6922,0.8034,15617420,5410950,1780760,846922,366198,567640,16214071,736667,201824,534843,./results/cp_sweep_intensity/logs/w43.oracleGeneral.bin.zst__lru__Mithril__256mb__w10000.log,ok
w47.oracleGeneral.bin.zst,oracleGeneral,fifo,Mithril,1gb,100,0.0665,0.1001,14314717,702704,0,0,0,0,1588713,1633,295,1338,./results/cp_sweep_intensity/logs/w47.oracleGeneral.bin.zst__fifo__Mithril__1gb__w100.log,ok
w47.oracleGeneral.bin.zst,oracleGeneral,fifo,Mithril,1gb,1000,0.0665,0.1001,14314717,702704,0,0,0,0,1588713,4838,537,4301,./results/cp_sweep_intensity/logs/w47.oracleGeneral.bin.zst__fifo__Mithril__1gb__w1000.log,ok
w47.oracleGeneral.bin.zst,oracleGeneral,fifo,Mithril,64mb,1000,0.1375,0.2463,14314717,2992206,0,0,0,0,4955805,197943,49439,148504,./results/cp_sweep_intensity/logs/w47.oracleGeneral.bin.zst__fifo__Mithril__64mb__w1000.log,ok
w47.oracleGeneral.bin.zst,oracleGeneral,fifo,Mithril,256mb,1000,0.1164,0.1969,14314717,2349979,0,0,0,0,3999475,45671,5038,40633,./results/cp_sweep_intensity/logs/w47.oracleGeneral.bin.zst__fifo__Mithril__256mb__w1000.log,ok
w47.oracleGeneral.bin.zst,oracleGeneral,sieve,Mithril,16mb,100,0.1343,0.2305,14314717,2490781,67752,45373,7061,15318,4412314,96300,358,95942,./results/cp_sweep_intensity/logs/w47.oracleGeneral.bin.zst__sieve__Mithril__16mb__w100.log,ok
w47.oracleGeneral.bin.zst,oracleGeneral,fifo,Mithril,1gb,10000,0.0665,0.1001,14314717,702704,0,0,0,0,1588713,24970,2204,22766,./results/cp_sweep_intensity/logs/w47.oracleGeneral.bin.zst__fifo__Mithril__1gb__w10000.log,ok
w47.oracleGeneral.bin.zst,oracleGeneral,fifo,Mithril,16mb,10000,0.1733,0.3392,14314717,2878181,2381486,1538511,207260,635715,5357449,790291,171642,618649,./results/cp_sweep_intensity/logs/w47.oracleGeneral.bin.zst__fifo__Mithril__16mb__w10000.log,ok
w47.oracleGeneral.bin.zst,oracleGeneral,sieve,Mithril,16mb,1000,0.1343,0.2305,14314717,2490781,1055422,712944,110897,231581,4412314,217747,1660,216087,./results/cp_sweep_intensity/logs/w47.oracleGeneral.bin.zst__sieve__Mithril__16mb__w1000.log,ok
w46.oracleGeneral.bin.zst,oracleGeneral,fifo,Mithril,1gb,10000,0.5788,0.8507,11550125,2555696,1370617,593009,549928,227680,9239059,669697,240278,429419,./results/cp_sweep_intensity/logs/w46.oracleGeneral.bin.zst__fifo__Mithril__1gb__w10000.log,ok
w47.oracleGeneral.bin.zst,oracleGeneral,sieve,Mithril,64mb,100,0.1283,0.2067,14314717,2877230,19445,13821,2115,3509,4709240,38990,168,38822,./results/cp_sweep_intensity/logs/w47.oracleGeneral.bin.zst__sieve__Mithril__64mb__w100.log,ok
w47.oracleGeneral.bin.zst,oracleGeneral,sieve,Mithril,256mb,100,0.1057,0.1735,14314717,2155241,6317,4260,1163,894,3649957,12480,58,12422,./results/cp_sweep_intensity/logs/w47.oracleGeneral.bin.zst__sieve__Mithril__256mb__w100.log,ok
w47.oracleGeneral.bin.zst,oracleGeneral,sieve,Mithril,1gb,10000,0.0433,0.0654,14314717,264428,11945,5763,4879,1303,824085,4033,77,3956,./results/cp_sweep_intensity/logs/w47.oracleGeneral.bin.zst__sieve__Mithril__1gb__w10000.log,ok
w47.oracleGeneral.bin.zst,oracleGeneral,sieve,Mithril,1gb,100,0.0433,0.0654,14314717,264428,38,19,13,6,824085,278,2,276,./results/cp_sweep_intensity/logs/w47.oracleGeneral.bin.zst__sieve__Mithril__1gb__w100.log,ok
w47.oracleGeneral.bin.zst,oracleGeneral,sieve,Mithril,1gb,1000,0.0433,0.0654,14314717,264428,1221,452,649,120,824085,982,9,973,./results/cp_sweep_intensity/logs/w47.oracleGeneral.bin.zst__sieve__Mithril__1gb__w1000.log,ok
w47.oracleGeneral.bin.zst,oracleGeneral,sieve,Mithril,16mb,10000,0.1343,0.2305,14314717,2490781,2170887,1480023,230154,460710,4412314,406562,14836,391726,./results/cp_sweep_intensity/logs/w47.oracleGeneral.bin.zst__sieve__Mithril__16mb__w10000.log,ok
w47.oracleGeneral.bin.zst,oracleGeneral,sieve,Mithril,64mb,1000,0.1283,0.2067,14314717,2877230,316295,230403,31760,54132,4709240,99935,1483,98452,./results/cp_sweep_intensity/logs/w47.oracleGeneral.bin.zst__sieve__Mithril__64mb__w1000.log,ok
w47.oracleGeneral.bin.zst,oracleGeneral,sieve,Mithril,256mb,1000,0.1057,0.1735,14314717,2155241,105809,74444,18001,13364,3649957,36263,554,35709,./results/cp_sweep_intensity/logs/w47.oracleGeneral.bin.zst__sieve__Mithril__256mb__w1000.log,ok
w48.oracleGeneral.bin.zst,oracleGeneral,lru,Mithril,64mb,100,0.9121,0.8897,14097008,1850741,0,0,0,0,14704981,15069,1650,13419,./results/cp_sweep_intensity/logs/w48.oracleGeneral.bin.zst__lru__Mithril__64mb__w100.log,ok
w43.oracleGeneral.bin.zst,oracleGeneral,fifo,Mithril,256mb,10000,0.6982,0.8052,15617420,5527679,1678507,794045,359349,525113,16425466,864874,336316,528558,./results/cp_sweep_intensity/logs/w43.oracleGeneral.bin.zst__fifo__Mithril__256mb__w10000.log,ok
w48.oracleGeneral.bin.zst,oracleGeneral,lru,Mithril,16mb,100,0.9440,0.9274,14097008,1097926,39787,19882,7831,12074,14403119,22260,3860,18400,./results/cp_sweep_intensity/logs/w48.oracleGeneral.bin.zst__lru__Mithril__16mb__w100.log,ok
w48.oracleGeneral.bin.zst,oracleGeneral,lru,Mithril,16mb,1000,0.9440,0.9274,14097008,1097926,426924,235643,69657,121624,14403119,121263,19611,101652,./results/cp_sweep_intensity/logs/w48.oracleGeneral.bin.zst__lru__Mithril__16mb__w1000.log,ok
w47.oracleGeneral.bin.zst,oracleGeneral,lru,Mithril,256mb,10000,0.1126,0.1809,14314717,2332373,0,0,0,0,3928989,100885,3223,97662,./results/cp_sweep_intensity/logs/w47.oracleGeneral.bin.zst__lru__Mithril__256mb__w10000.log,ok
w48.oracleGeneral.bin.zst,oracleGeneral,lru,Mithril,16mb,10000,0.9440,0.9274,14097008,1097926,453542,249431,76465,127646,14403119,408530,163689,244841,./results/cp_sweep_intensity/logs/w48.oracleGeneral.bin.zst__lru__Mithril__16mb__w10000.log,ok
w42.oracleGeneral.bin.zst,oracleGeneral,lru,Mithril,1gb,10000,0.3997,0.5335,16894445,9855718,5993,3365,1617,1011,16575160,223060,43197,179863,./results/cp_sweep_intensity/logs/w42.oracleGeneral.bin.zst__lru__Mithril__1gb__w10000.log,ok
w48.oracleGeneral.bin.zst,oracleGeneral,lru,Mithril,256mb,100,0.8995,0.8767,14097008,1953912,0,0,0,0,14629254,4194,603,3591,./results/cp_sweep_intensity/logs/w48.oracleGeneral.bin.zst__lru__Mithril__256mb__w100.log,ok
w48.oracleGeneral.bin.zst,oracleGeneral,lru,Mithril,64mb,1000,0.9121,0.8897,14097008,1850741,452820,225484,101740,125596,14704981,80605,18067,62538,./results/cp_sweep_intensity/logs/w48.oracleGeneral.bin.zst__lru__Mithril__64mb__w1000.log,ok
w42.oracleGeneral.bin.zst,oracleGeneral,fifo,Mithril,1gb,10000,0.4027,0.5384,16894445,9889788,5457,2984,1473,1000,16660532,251201,60379,190822,./results/cp_sweep_intensity/logs/w42.oracleGeneral.bin.zst__fifo__Mithril__1gb__w10000.log,ok
w48.oracleGeneral.bin.zst,oracleGeneral,lru,Mithril,64mb,10000,0.9121,0.8897,14097008,1850741,783054,390436,177648,214970,14704981,515349,228458,286891,./results/cp_sweep_intensity/logs/w48.oracleGeneral.bin.zst__lru__Mithril__64mb__w10000.log,ok
w48.oracleGeneral.bin.zst,oracleGeneral,lru,Mithril,256mb,1000,0.8995,0.8767,14097008,1953912,32287,9028,20560,2699,14629254,33218,7250,25968,./results/cp_sweep_intensity/logs/w48.oracleGeneral.bin.zst__lru__Mithril__256mb__w1000.log,ok
w47.oracleGeneral.bin.zst,oracleGeneral,lru,Mithril,64mb,10000,0.1280,0.2233,14314717,2877725,40589,30710,2513,7366,4706463,369507,54443,315064,./results/cp_sweep_intensity/logs/w47.oracleGeneral.bin.zst__lru__Mithril__64mb__w10000.log,ok
w48.oracleGeneral.bin.zst,oracleGeneral,fifo,Mithril,16mb,100,0.9441,0.9274,14097008,1104379,40445,20299,7519,12627,14410733,23781,3967,19814,./results/cp_sweep_intensity/logs/w48.oracleGeneral.bin.zst__fifo__Mithril__16mb__w100.log,ok
w48.oracleGeneral.bin.zst,oracleGeneral,fifo,Mithril,16mb,1000,0.9441,0.9274,14097008,1104379,431966,238784,69325,123857,14410733,125193,20083,105110,./results/cp_sweep_intensity/logs/w48.oracleGeneral.bin.zst__fifo__Mithril__16mb__w1000.log,ok
w48.oracleGeneral.bin.zst,oracleGeneral,lru,Mithril,1gb,100,0.6136,0.4266,14097008,6798882,0,0,0,0,15433023,20072,16628,3444,./results/cp_sweep_intensity/logs/w48.oracleGeneral.bin.zst__lru__Mithril__1gb__w100.log,ok
w48.oracleGeneral.bin.zst,oracleGeneral,fifo,Mithril,16mb,10000,0.9441,0.9274,14097008,1104379,459319,253275,76151,129893,14410733,414538,164383,250155,./results/cp_sweep_intensity/logs/w48.oracleGeneral.bin.zst__fifo__Mithril__16mb__w10000.log,ok
w47.oracleGeneral.bin.zst,oracleGeneral,sieve,Mithril,64mb,10000,0.1283,0.2067,14314717,2877230,2411717,1827917,230974,352826,4709240,315040,16237,298803,./results/cp_sweep_intensity/logs/w47.oracleGeneral.bin.zst__sieve__Mithril__64mb__w10000.log,ok
w48.oracleGeneral.bin.zst,oracleGeneral,fifo,Mithril,64mb,100,0.9112,0.8874,14097008,1850905,0,0,0,0,14692659,14669,1820,12849,./results/cp_sweep_intensity/logs/w48.oracleGeneral.bin.zst__fifo__Mithril__64mb__w100.log,ok
w47.oracleGeneral.bin.zst,oracleGeneral,sieve,Mithril,256mb,10000,0.1057,0.1735,14314717,2155241,816418,588861,133579,93978,3649957,146914,7148,139766,./results/cp_sweep_intensity/logs/w47.oracleGeneral.bin.zst__sieve__Mithril__256mb__w10000.log,ok
w47.oracleGeneral.bin.zst,oracleGeneral,fifo,Mithril,256mb,10000,0.1164,0.1969,14314717,2349979,0,0,0,0,3999475,148672,16539,132133,./results/cp_sweep_intensity/logs/w47.oracleGeneral.bin.zst__fifo__Mithril__256mb__w10000.log,ok
w48.oracleGeneral.bin.zst,oracleGeneral,fifo,Mithril,64mb,1000,0.9112,0.8874,14097008,1850905,428372,210672,97697,120003,14692659,77554,18279,59275,./results/cp_sweep_intensity/logs/w48.oracleGeneral.bin.zst__fifo__Mithril__64mb__w1000.log,ok
w48.oracleGeneral.bin.zst,oracleGeneral,fifo,Mithril,256mb,100,0.8993,0.8760,14097008,1949185,0,0,0,0,14621155,4092,538,3554,./results/cp_sweep_intensity/logs/w48.oracleGeneral.bin.zst__fifo__Mithril__256mb__w100.log,ok
w48.oracleGeneral.bin.zst,oracleGeneral,lru,Mithril,256mb,10000,0.8995,0.8767,14097008,1953912,670607,311947,201779,156881,14629254,589160,320397,268763,./results/cp_sweep_intensity/logs/w48.oracleGeneral.bin.zst__lru__Mithril__256mb__w10000.log,ok
w48.oracleGeneral.bin.zst,oracleGeneral,sieve,Mithril,16mb,100,0.9464,0.9283,14097008,1146176,327874,196920,45412,85542,14485204,58696,7640,51056,./results/cp_sweep_intensity/logs/w48.oracleGeneral.bin.zst__sieve__Mithril__16mb__w100.log,ok
w48.oracleGeneral.bin.zst,oracleGeneral,fifo,Mithril,64mb,10000,0.9112,0.8874,14097008,1850905,769720,380333,174887,214500,14692659,506070,225215,280855,./results/cp_sweep_intensity/logs/w48.oracleGeneral.bin.zst__fifo__Mithril__64mb__w10000.log,ok
w48.oracleGeneral.bin.zst,oracleGeneral,lru,Mithril,1gb,1000,0.6136,0.4266,14097008,6798882,0,0,0,0,15433023,244744,159147,85597,./results/cp_sweep_intensity/logs/w48.oracleGeneral.bin.zst__lru__Mithril__1gb__w1000.log,ok
w48.oracleGeneral.bin.zst,oracleGeneral,sieve,Mithril,16mb,1000,0.9464,0.9283,14097008,1146176,511707,303510,78315,129882,14485204,165899,20743,145156,./results/cp_sweep_intensity/logs/w48.oracleGeneral.bin.zst__sieve__Mithril__16mb__w1000.log,ok
w49.oracleGeneral.bin.zst,oracleGeneral,lru,Mithril,16mb,100,,,,,,,,,,,,,./results/cp_sweep_intensity/logs/w49.oracleGeneral.bin.zst__lru__Mithril__16mb__w100.log,fail:134
w49.oracleGeneral.bin.zst,oracleGeneral,lru,Mithril,16mb,1000,,,,,,,,,,,,,./results/cp_sweep_intensity/logs/w49.oracleGeneral.bin.zst__lru__Mithril__16mb__w1000.log,fail:134
w49.oracleGeneral.bin.zst,oracleGeneral,lru,Mithril,16mb,10000,,,,,,,,,,,,,./results/cp_sweep_intensity/logs/w49.oracleGeneral.bin.zst__lru__Mithril__16mb__w10000.log,fail:134
w48.oracleGeneral.bin.zst,oracleGeneral,fifo,Mithril,256mb,1000,0.8993,0.8760,14097008,1949185,31186,7957,20521,2708,14621155,34184,7517,26667,./results/cp_sweep_intensity/logs/w48.oracleGeneral.bin.zst__fifo__Mithril__256mb__w1000.log,ok
w48.oracleGeneral.bin.zst,oracleGeneral,sieve,Mithril,16mb,10000,0.9464,0.9283,14097008,1146176,527675,311191,82525,133959,14485204,467927,166044,301883,./results/cp_sweep_intensity/logs/w48.oracleGeneral.bin.zst__sieve__Mithril__16mb__w10000.log,ok
w48.oracleGeneral.bin.zst,oracleGeneral,sieve,Mithril,64mb,100,0.9116,0.8881,14097008,1915140,199946,109183,38870,51893,14762791,28081,4905,23176,./results/cp_sweep_intensity/logs/w48.oracleGeneral.bin.zst__sieve__Mithril__64mb__w100.log,ok
w49.oracleGeneral.bin.zst,oracleGeneral,lru,Mithril,64mb,100,,,,,,,,,,,,,./results/cp_sweep_intensity/logs/w49.oracleGeneral.bin.zst__lru__Mithril__64mb__w100.log,fail:134
w49.oracleGeneral.bin.zst,oracleGeneral,lru,Mithril,64mb,1000,,,,,,,,,,,,,./results/cp_sweep_intensity/logs/w49.oracleGeneral.bin.zst__lru__Mithril__64mb__w1000.log,fail:134
w48.oracleGeneral.bin.zst,oracleGeneral,fifo,Mithril,1gb,100,0.6134,0.4257,14097008,6784987,0,0,0,0,15415849,23779,20123,3656,./results/cp_sweep_intensity/logs/w48.oracleGeneral.bin.zst__fifo__Mithril__1gb__w100.log,ok
w49.oracleGeneral.bin.zst,oracleGeneral,lru,Mithril,64mb,10000,,,,,,,,,,,,,./results/cp_sweep_intensity/logs/w49.oracleGeneral.bin.zst__lru__Mithril__64mb__w10000.log,fail:134
w49.oracleGeneral.bin.zst,oracleGeneral,lru,Mithril,256mb,100,,,,,,,,,,,,,./results/cp_sweep_intensity/logs/w49.oracleGeneral.bin.zst__lru__Mithril__256mb__w100.log,fail:134
w47.oracleGeneral.bin.zst,oracleGeneral,fifo,Mithril,64mb,10000,0.1375,0.2463,14314717,2992206,38728,29045,2230,7453,4955805,496145,113288,382857,./results/cp_sweep_intensity/logs/w47.oracleGeneral.bin.zst__fifo__Mithril__64mb__w10000.log,ok
w49.oracleGeneral.bin.zst,oracleGeneral,fifo,Mithril,16mb,100,,,,,,,,,,,,,./results/cp_sweep_intensity/logs/w49.oracleGeneral.bin.zst__fifo__Mithril__16mb__w100.log,fail:134
w49.oracleGeneral.bin.zst,oracleGeneral,fifo,Mithril,16mb,1000,,,,,,,,,,,,,./results/cp_sweep_intensity/logs/w49.oracleGeneral.bin.zst__fifo__Mithril__16mb__w1000.log,fail:134
w49.oracleGeneral.bin.zst,oracleGeneral,fifo,Mithril,16mb,10000,,,,,,,,,,,,,./results/cp_sweep_intensity/logs/w49.oracleGeneral.bin.zst__fifo__Mithril__16mb__w10000.log,fail:134
w49.oracleGeneral.bin.zst,oracleGeneral,lru,Mithril,256mb,1000,,,,,,,,,,,,,./results/cp_sweep_intensity/logs/w49.oracleGeneral.bin.zst__lru__Mithril__256mb__w1000.log,fail:134
w49.oracleGeneral.bin.zst,oracleGeneral,fifo,Mithril,64mb,100,,,,,,,,,,,,,./results/cp_sweep_intensity/logs/w49.oracleGeneral.bin.zst__fifo__Mithril__64mb__w100.log,fail:134
w48.oracleGeneral.bin.zst,oracleGeneral,sieve,Mithril,64mb,1000,0.9116,0.8881,14097008,1915140,771602,408868,157083,205651,14762791,126852,22232,104620,./results/cp_sweep_intensity/logs/w48.oracleGeneral.bin.zst__sieve__Mithril__64mb__w1000.log,ok
w48.oracleGeneral.bin.zst,oracleGeneral,sieve,Mithril,64mb,10000,0.9116,0.8881,14097008,1915140,887911,470912,187149,229850,14762791,586136,246083,340053,./results/cp_sweep_intensity/logs/w48.oracleGeneral.bin.zst__sieve__Mithril__64mb__w10000.log,ok
w49.oracleGeneral.bin.zst,oracleGeneral,fifo,Mithril,64mb,1000,,,,,,,,,,,,,./results/cp_sweep_intensity/logs/w49.oracleGeneral.bin.zst__fifo__Mithril__64mb__w1000.log,fail:134
w49.oracleGeneral.bin.zst,oracleGeneral,fifo,Mithril,64mb,10000,,,,,,,,,,,,,./results/cp_sweep_intensity/logs/w49.oracleGeneral.bin.zst__fifo__Mithril__64mb__w10000.log,fail:134
w48.oracleGeneral.bin.zst,oracleGeneral,sieve,Mithril,256mb,100,0.8975,0.8768,14097008,1990281,54530,26265,16622,11643,14637983,7996,1408,6588,./results/cp_sweep_intensity/logs/w48.oracleGeneral.bin.zst__sieve__Mithril__256mb__w100.log,ok
w48.oracleGeneral.bin.zst,oracleGeneral,fifo,Mithril,1gb,1000,0.6134,0.4257,14097008,6784987,0,0,0,0,15415849,238428,150264,88164,./results/cp_sweep_intensity/logs/w48.oracleGeneral.bin.zst__fifo__Mithril__1gb__w1000.log,ok
w49.oracleGeneral.bin.zst,oracleGeneral,fifo,Mithril,256mb,100,,,,,,,,,,,,,./results/cp_sweep_intensity/logs/w49.oracleGeneral.bin.zst__fifo__Mithril__256mb__w100.log,fail:134
w49.oracleGeneral.bin.zst,oracleGeneral,lru,Mithril,256mb,10000,,,,,,,,,,,,,./results/cp_sweep_intensity/logs/w49.oracleGeneral.bin.zst__lru__Mithril__256mb__w10000.log,fail:134
w49.oracleGeneral.bin.zst,oracleGeneral,sieve,Mithril,16mb,100,,,,,,,,,,,,,./results/cp_sweep_intensity/logs/w49.oracleGeneral.bin.zst__sieve__Mithril__16mb__w100.log,fail:134
w49.oracleGeneral.bin.zst,oracleGeneral,sieve,Mithril,16mb,1000,,,,,,,,,,,,,./results/cp_sweep_intensity/logs/w49.oracleGeneral.bin.zst__sieve__Mithril__16mb__w1000.log,fail:134
w49.oracleGeneral.bin.zst,oracleGeneral,sieve,Mithril,16mb,10000,,,,,,,,,,,,,./results/cp_sweep_intensity/logs/w49.oracleGeneral.bin.zst__sieve__Mithril__16mb__w10000.log,fail:134
w49.oracleGeneral.bin.zst,oracleGeneral,fifo,Mithril,256mb,1000,,,,,,,,,,,,,./results/cp_sweep_intensity/logs/w49.oracleGeneral.bin.zst__fifo__Mithril__256mb__w1000.log,fail:134
w49.oracleGeneral.bin.zst,oracleGeneral,lru,Mithril,1gb,100,0.2873,0.3683,11151558,5298294,0,0,0,0,8477885,3019,181,2838,./results/cp_sweep_intensity/logs/w49.oracleGeneral.bin.zst__lru__Mithril__1gb__w100.log,ok
w49.oracleGeneral.bin.zst,oracleGeneral,sieve,Mithril,64mb,100,,,,,,,,,,,,,./results/cp_sweep_intensity/logs/w49.oracleGeneral.bin.zst__sieve__Mithril__64mb__w100.log,fail:134
w49.oracleGeneral.bin.zst,oracleGeneral,sieve,Mithril,64mb,1000,,,,,,,,,,,,,./results/cp_sweep_intensity/logs/w49.oracleGeneral.bin.zst__sieve__Mithril__64mb__w1000.log,fail:134
w43.oracleGeneral.bin.zst,oracleGeneral,lru,Mithril,1gb,10000,0.4684,0.5353,15617420,8870039,0,0,0,0,16158744,304394,61420,242974,./results/cp_sweep_intensity/logs/w43.oracleGeneral.bin.zst__lru__Mithril__1gb__w10000.log,ok
w49.oracleGeneral.bin.zst,oracleGeneral,sieve,Mithril,256mb,100,,,,,,,,,,,,,./results/cp_sweep_intensity/logs/w49.oracleGeneral.bin.zst__sieve__Mithril__256mb__w100.log,fail:134
w49.oracleGeneral.bin.zst,oracleGeneral,sieve,Mithril,64mb,10000,,,,,,,,,,,,,./results/cp_sweep_intensity/logs/w49.oracleGeneral.bin.zst__sieve__Mithril__64mb__w10000.log,fail:134
w48.oracleGeneral.bin.zst,oracleGeneral,fifo,Mithril,256mb,10000,0.8993,0.8760,14097008,1949185,665889,303616,204283,157990,14621155,580221,313033,267188,./results/cp_sweep_intensity/logs/w48.oracleGeneral.bin.zst__fifo__Mithril__256mb__w10000.log,ok
w49.oracleGeneral.bin.zst,oracleGeneral,sieve,Mithril,256mb,1000,,,,,,,,,,,,,./results/cp_sweep_intensity/logs/w49.oracleGeneral.bin.zst__sieve__Mithril__256mb__w1000.log,fail:134
w48.oracleGeneral.bin.zst,oracleGeneral,sieve,Mithril,256mb,1000,0.8975,0.8768,14097008,1990281,405102,205032,113405,86665,14637983,49392,11056,38336,./results/cp_sweep_intensity/logs/w48.oracleGeneral.bin.zst__sieve__Mithril__256mb__w1000.log,ok
w49.oracleGeneral.bin.zst,oracleGeneral,sieve,Mithril,256mb,10000,,,,,,,,,,,,,./results/cp_sweep_intensity/logs/w49.oracleGeneral.bin.zst__sieve__Mithril__256mb__w10000.log,fail:134
w48.oracleGeneral.bin.zst,oracleGeneral,sieve,Mithril,1gb,100,0.6162,0.4240,14097008,6626830,32783,13722,9197,9864,15282124,6344,2485,3859,./results/cp_sweep_intensity/logs/w48.oracleGeneral.bin.zst__sieve__Mithril__1gb__w100.log,ok
w49.oracleGeneral.bin.zst,oracleGeneral,fifo,Mithril,256mb,10000,,,,,,,,,,,,,./results/cp_sweep_intensity/logs/w49.oracleGeneral.bin.zst__fifo__Mithril__256mb__w10000.log,fail:134
w48.oracleGeneral.bin.zst,oracleGeneral,sieve,Mithril,256mb,10000,0.8975,0.8768,14097008,1990281,839756,421175,239938,178643,14637983,595909,344121,251788,./results/cp_sweep_intensity/logs/w48.oracleGeneral.bin.zst__sieve__Mithril__256mb__w10000.log,ok
w49.oracleGeneral.bin.zst,oracleGeneral,lru,Mithril,1gb,1000,0.2873,0.3683,11151558,5298294,0,0,0,0,8477885,20064,1819,18245,./results/cp_sweep_intensity/logs/w49.oracleGeneral.bin.zst__lru__Mithril__1gb__w1000.log,ok
w49.oracleGeneral.bin.zst,oracleGeneral,fifo,Mithril,1gb,100,0.2907,0.3710,11151558,5309446,0,0,0,0,8527105,5150,805,4345,./results/cp_sweep_intensity/logs/w49.oracleGeneral.bin.zst__fifo__Mithril__1gb__w100.log,ok
w50.oracleGeneral.bin.zst,oracleGeneral,lru,Mithril,16mb,100,0.9804,0.9635,13448032,465459,1014,390,149,475,13649066,4404,285,4119,./results/cp_sweep_intensity/logs/w50.oracleGeneral.bin.zst__lru__Mithril__16mb__w100.log,ok
w50.oracleGeneral.bin.zst,oracleGeneral,lru,Mithril,16mb,10000,0.9804,0.9635,13448032,465459,206763,88311,74174,44278,13649066,188615,77223,111392,./results/cp_sweep_intensity/logs/w50.oracleGeneral.bin.zst__lru__Mithril__16mb__w10000.log,ok
w49.oracleGeneral.bin.zst,oracleGeneral,sieve,Mithril,1gb,100,0.2918,0.3723,11151558,5456164,10824,5623,1697,3504,8688188,9274,418,8856,./results/cp_sweep_intensity/logs/w49.oracleGeneral.bin.zst__sieve__Mithril__1gb__w100.log,ok
w50.oracleGeneral.bin.zst,oracleGeneral,lru,Mithril,16mb,1000,0.9804,0.9635,13448032,465459,39074,17072,13745,8257,13649066,28942,4291,24651,./results/cp_sweep_intensity/logs/w50.oracleGeneral.bin.zst__lru__Mithril__16mb__w1000.log,ok
w49.oracleGeneral.bin.zst,oracleGeneral,fifo,Mithril,1gb,1000,0.2907,0.3710,11151558,5309446,0,0,0,0,8527105,32100,6733,25367,./results/cp_sweep_intensity/logs/w49.oracleGeneral.bin.zst__fifo__Mithril__1gb__w1000.log,ok
w50.oracleGeneral.bin.zst,oracleGeneral,lru,Mithril,64mb,100,0.9677,0.9523,13448032,650315,0,0,0,0,13660986,2581,920,1661,./results/cp_sweep_intensity/logs/w50.oracleGeneral.bin.zst__lru__Mithril__64mb__w100.log,ok
w48.oracleGeneral.bin.zst,oracleGeneral,sieve,Mithril,1gb,1000,0.6162,0.4240,14097008,6626830,313455,137966,97620,77869,15282124,57887,29458,28429,./results/cp_sweep_intensity/logs/w48.oracleGeneral.bin.zst__sieve__Mithril__1gb__w1000.log,ok
w49.oracleGeneral.bin.zst,oracleGeneral,sieve,Mithril,1gb,1000,0.2918,0.3723,11151558,5456164,70190,35302,12520,22368,8688188,50597,2980,47617,./results/cp_sweep_intensity/logs/w49.oracleGeneral.bin.zst__sieve__Mithril__1gb__w1000.log,ok
w50.oracleGeneral.bin.zst,oracleGeneral,lru,Mithril,64mb,1000,0.9677,0.9523,13448032,650315,4080,2620,411,1049,13660986,21945,8201,13744,./results/cp_sweep_intensity/logs/w50.oracleGeneral.bin.zst__lru__Mithril__64mb__w1000.log,ok
w50.oracleGeneral.bin.zst,oracleGeneral,lru,Mithril,64mb,10000,0.9677,0.9523,13448032,650315,245912,155528,44405,45979,13660986,113179,41313,71866,./results/cp_sweep_intensity/logs/w50.oracleGeneral.bin.zst__lru__Mithril__64mb__w10000.log,ok
w43.oracleGeneral.bin.zst,oracleGeneral,sieve,Mithril,1gb,10000,0.4666,0.5323,15617420,8707777,1382859,562222,466735,353902,15965509,351588,52574,299014,./results/cp_sweep_intensity/logs/w43.oracleGeneral.bin.zst__sieve__Mithril__1gb__w10000.log,ok
w50.oracleGeneral.bin.zst,oracleGeneral,fifo,Mithril,16mb,100,0.9803,0.9635,13448032,467114,1019,398,152,469,13648666,4522,302,4220,./results/cp_sweep_intensity/logs/w50.oracleGeneral.bin.zst__fifo__Mithril__16mb__w100.log,ok
w50.oracleGeneral.bin.zst,oracleGeneral,fifo,Mithril,16mb,1000,0.9803,0.9635,13448032,467114,38059,17056,12942,8061,13648666,28907,4198,24709,./results/cp_sweep_intensity/logs/w50.oracleGeneral.bin.zst__fifo__Mithril__16mb__w1000.log,ok
w50.oracleGeneral.bin.zst,oracleGeneral,fifo,Mithril,16mb,10000,0.9803,0.9635,13448032,467114,206363,89191,73154,44018,13648666,189419,78771,110648,./results/cp_sweep_intensity/logs/w50.oracleGeneral.bin.zst__fifo__Mithril__16mb__w10000.log,ok
w50.oracleGeneral.bin.zst,oracleGeneral,fifo,Mithril,64mb,100,0.9690,0.9531,13448032,659055,0,0,0,0,13687248,3157,1180,1977,./results/cp_sweep_intensity/logs/w50.oracleGeneral.bin.zst__fifo__Mithril__64mb__w100.log,ok
w50.oracleGeneral.bin.zst,oracleGeneral,lru,Mithril,256mb,100,0.2926,0.5141,13448032,13153958,0,0,0,0,17081381,13144,2333,10811,./results/cp_sweep_intensity/logs/w50.oracleGeneral.bin.zst__lru__Mithril__256mb__w100.log,ok
w50.oracleGeneral.bin.zst,oracleGeneral,fifo,Mithril,64mb,1000,0.9690,0.9531,13448032,659055,3950,2445,381,1124,13687248,26364,12915,13449,./results/cp_sweep_intensity/logs/w50.oracleGeneral.bin.zst__fifo__Mithril__64mb__w1000.log,ok
w43.oracleGeneral.bin.zst,oracleGeneral,fifo,Mithril,1gb,10000,0.4733,0.5392,15617420,8933294,0,0,0,0,16298689,384758,114995,269763,./results/cp_sweep_intensity/logs/w43.oracleGeneral.bin.zst__fifo__Mithril__1gb__w10000.log,ok
w50.oracleGeneral.bin.zst,oracleGeneral,fifo,Mithril,64mb,10000,0.9690,0.9531,13448032,659055,239707,154304,41420,43983,13687248,121126,54007,67119,./results/cp_sweep_intensity/logs/w50.oracleGeneral.bin.zst__fifo__Mithril__64mb__w10000.log,ok
w50.oracleGeneral.bin.zst,oracleGeneral,lru,Mithril,1gb,100,0.2518,0.3912,13448032,12237426,0,0,0,0,15580690,2072,84,1988,./results/cp_sweep_intensity/logs/w50.oracleGeneral.bin.zst__lru__Mithril__1gb__w100.log,ok
w50.oracleGeneral.bin.zst,oracleGeneral,sieve,Mithril,16mb,100,0.9801,0.9636,13448032,408632,21973,11460,6433,4080,13588231,4313,243,4070,./results/cp_sweep_intensity/logs/w50.oracleGeneral.bin.zst__sieve__Mithril__16mb__w100.log,ok
w50.oracleGeneral.bin.zst,oracleGeneral,sieve,Mithril,16mb,1000,0.9801,0.9636,13448032,408632,150954,76668,51346,22940,13588231,19056,2717,16339,./results/cp_sweep_intensity/logs/w50.oracleGeneral.bin.zst__sieve__Mithril__16mb__w1000.log,ok
w50.oracleGeneral.bin.zst,oracleGeneral,sieve,Mithril,16mb,10000,0.9801,0.9636,13448032,408632,213394,107350,73464,32580,13588231,154656,34507,120149,./results/cp_sweep_intensity/logs/w50.oracleGeneral.bin.zst__sieve__Mithril__16mb__w10000.log,ok
w50.oracleGeneral.bin.zst,oracleGeneral,fifo,Mithril,256mb,100,0.2927,0.5142,13448032,13195299,0,0,0,0,17124618,14881,2055,12826,./results/cp_sweep_intensity/logs/w50.oracleGeneral.bin.zst__fifo__Mithril__256mb__w100.log,ok
w50.oracleGeneral.bin.zst,oracleGeneral,sieve,Mithril,64mb,100,0.9708,0.9550,13448032,598511,13741,8985,2724,2032,13651643,3895,407,3488,./results/cp_sweep_intensity/logs/w50.oracleGeneral.bin.zst__sieve__Mithril__64mb__w100.log,ok
w50.oracleGeneral.bin.zst,oracleGeneral,sieve,Mithril,64mb,1000,0.9708,0.9550,13448032,598511,104593,71803,18996,13794,13651643,24024,3291,20733,./results/cp_sweep_intensity/logs/w50.oracleGeneral.bin.zst__sieve__Mithril__64mb__w1000.log,ok
w50.oracleGeneral.bin.zst,oracleGeneral,fifo,Mithril,1gb,100,0.2517,0.3908,13448032,12328194,0,0,0,0,15670831,2818,93,2725,./results/cp_sweep_intensity/logs/w50.oracleGeneral.bin.zst__fifo__Mithril__1gb__w100.log,ok
w50.oracleGeneral.bin.zst,oracleGeneral,sieve,Mithril,64mb,10000,0.9708,0.9550,13448032,598511,362159,247824,67841,46494,13651643,142236,39288,102948,./results/cp_sweep_intensity/logs/w50.oracleGeneral.bin.zst__sieve__Mithril__64mb__w10000.log,ok
w51.oracleGeneral.bin.zst,oracleGeneral,lru,Mithril,16mb,100,,,,,,,,,,,,,./results/cp_sweep_intensity/logs/w51.oracleGeneral.bin.zst__lru__Mithril__16mb__w100.log,fail:134
w51.oracleGeneral.bin.zst,oracleGeneral,lru,Mithril,16mb,1000,,,,,,,,,,,,,./results/cp_sweep_intensity/logs/w51.oracleGeneral.bin.zst__lru__Mithril__16mb__w1000.log,fail:134
w51.oracleGeneral.bin.zst,oracleGeneral,lru,Mithril,16mb,10000,,,,,,,,,,,,,./results/cp_sweep_intensity/logs/w51.oracleGeneral.bin.zst__lru__Mithril__16mb__w10000.log,fail:134
w51.oracleGeneral.bin.zst,oracleGeneral,lru,Mithril,64mb,100,,,,,,,,,,,,,./results/cp_sweep_intensity/logs/w51.oracleGeneral.bin.zst__lru__Mithril__64mb__w100.log,fail:134
w51.oracleGeneral.bin.zst,oracleGeneral,lru,Mithril,64mb,1000,,,,,,,,,,,,,./results/cp_sweep_intensity/logs/w51.oracleGeneral.bin.zst__lru__Mithril__64mb__w1000.log,fail:134
w51.oracleGeneral.bin.zst,oracleGeneral,lru,Mithril,64mb,10000,,,,,,,,,,,,,./results/cp_sweep_intensity/logs/w51.oracleGeneral.bin.zst__lru__Mithril__64mb__w10000.log,fail:134
w49.oracleGeneral.bin.zst,oracleGeneral,fifo,Mithril,1gb,10000,0.2907,0.3710,11151558,5309446,255,146,40,69,8527105,146865,39613,107252,./results/cp_sweep_intensity/logs/w49.oracleGeneral.bin.zst__fifo__Mithril__1gb__w10000.log,ok
w49.oracleGeneral.bin.zst,oracleGeneral,lru,Mithril,1gb,10000,0.2873,0.3683,11151558,5298294,303,180,35,88,8477885,119300,21566,97734,./results/cp_sweep_intensity/logs/w49.oracleGeneral.bin.zst__lru__Mithril__1gb__w10000.log,ok
w49.oracleGeneral.bin.zst,oracleGeneral,sieve,Mithril,1gb,10000,0.2918,0.3723,11151558,5456164,462157,231754,88569,141834,8688188,202708,29706,173002,./results/cp_sweep_intensity/logs/w49.oracleGeneral.bin.zst__sieve__Mithril__1gb__w10000.log,ok
w51.oracleGeneral.bin.zst,oracleGeneral,lru,Mithril,256mb,100,0.2855,0.1820,9551283,2802408,0,0,0,0,5517229,7926,287,7639,./results/cp_sweep_intensity/logs/w51.oracleGeneral.bin.zst__lru__Mithril__256mb__w100.log,ok
w50.oracleGeneral.bin.zst,oracleGeneral,sieve,Mithril,256mb,100,0.3142,0.5304,13448032,13404560,82327,40158,4064,38105,17619433,28321,5731,22590,./results/cp_sweep_intensity/logs/w50.oracleGeneral.bin.zst__sieve__Mithril__256mb__w100.log,ok
w50.oracleGeneral.bin.zst,oracleGeneral,sieve,Mithril,1gb,100,0.2761,0.4096,13448032,12637012,23855,11526,1356,10973,16292231,9350,1729,7621,./results/cp_sweep_intensity/logs/w50.oracleGeneral.bin.zst__sieve__Mithril__1gb__w100.log,ok
w51.oracleGeneral.bin.zst,oracleGeneral,lru,Mithril,1gb,100,0.2524,0.1636,9551283,2126333,0,0,0,0,4494506,967,42,925,./results/cp_sweep_intensity/logs/w51.oracleGeneral.bin.zst__lru__Mithril__1gb__w100.log,ok
w51.oracleGeneral.bin.zst,oracleGeneral,fifo,Mithril,16mb,100,,,,,,,,,,,,,./results/cp_sweep_intensity/logs/w51.oracleGeneral.bin.zst__fifo__Mithril__16mb__w100.log,fail:134
w51.oracleGeneral.bin.zst,oracleGeneral,fifo,Mithril,16mb,1000,,,,,,,,,,,,,./results/cp_sweep_intensity/logs/w51.oracleGeneral.bin.zst__fifo__Mithril__16mb__w1000.log,fail:134
w51.oracleGeneral.bin.zst,oracleGeneral,lru,Mithril,1gb,1000,0.2524,0.1636,9551283,2126333,0,0,0,0,4494506,9476,522,8954,./results/cp_sweep_intensity/logs/w51.oracleGeneral.bin.zst__lru__Mithril__1gb__w1000.log,ok
w51.oracleGeneral.bin.zst,oracleGeneral,fifo,Mithril,16mb,10000,,,,,,,,,,,,,./results/cp_sweep_intensity/logs/w51.oracleGeneral.bin.zst__fifo__Mithril__16mb__w10000.log,fail:134
w51.oracleGeneral.bin.zst,oracleGeneral,fifo,Mithril,64mb,100,,,,,,,,,,,,,./results/cp_sweep_intensity/logs/w51.oracleGeneral.bin.zst__fifo__Mithril__64mb__w100.log,fail:134
w51.oracleGeneral.bin.zst,oracleGeneral,fifo,Mithril,64mb,1000,,,,,,,,,,,,,./results/cp_sweep_intensity/logs/w51.oracleGeneral.bin.zst__fifo__Mithril__64mb__w1000.log,fail:134
w51.oracleGeneral.bin.zst,oracleGeneral,fifo,Mithril,64mb,10000,,,,,,,,,,,,,./results/cp_sweep_intensity/logs/w51.oracleGeneral.bin.zst__fifo__Mithril__64mb__w10000.log,fail:134
w50.oracleGeneral.bin.zst,oracleGeneral,lru,Mithril,1gb,1000,0.2518,0.3912,13448032,12237426,0,0,0,0,15580690,19467,889,18578,./results/cp_sweep_intensity/logs/w50.oracleGeneral.bin.zst__lru__Mithril__1gb__w1000.log,ok
w51.oracleGeneral.bin.zst,oracleGeneral,lru,Mithril,256mb,1000,0.2855,0.1820,9551283,2802408,0,0,0,0,5517229,61709,4268,57441,./results/cp_sweep_intensity/logs/w51.oracleGeneral.bin.zst__lru__Mithril__256mb__w1000.log,ok
w50.oracleGeneral.bin.zst,oracleGeneral,lru,Mithril,256mb,1000,0.2926,0.5141,13448032,13153958,8393,3361,584,4448,17081381,122462,20543,101919,./results/cp_sweep_intensity/logs/w50.oracleGeneral.bin.zst__lru__Mithril__256mb__w1000.log,ok
w51.oracleGeneral.bin.zst,oracleGeneral,fifo,Mithril,1gb,100,0.2585,0.1657,9551283,2189036,0,0,0,0,4614632,2636,593,2043,./results/cp_sweep_intensity/logs/w51.oracleGeneral.bin.zst__fifo__Mithril__1gb__w100.log,ok
w51.oracleGeneral.bin.zst,oracleGeneral,fifo,Mithril,256mb,100,0.2942,0.1892,9551283,2889971,0,0,0,0,5688671,19849,6335,13514,./results/cp_sweep_intensity/logs/w51.oracleGeneral.bin.zst__fifo__Mithril__256mb__w100.log,ok
w51.oracleGeneral.bin.zst,oracleGeneral,sieve,Mithril,16mb,100,,,,,,,,,,,,,./results/cp_sweep_intensity/logs/w51.oracleGeneral.bin.zst__sieve__Mithril__16mb__w100.log,fail:134
w51.oracleGeneral.bin.zst,oracleGeneral,sieve,Mithril,16mb,1000,,,,,,,,,,,,,./results/cp_sweep_intensity/logs/w51.oracleGeneral.bin.zst__sieve__Mithril__16mb__w1000.log,fail:134
w51.oracleGeneral.bin.zst,oracleGeneral,sieve,Mithril,16mb,10000,,,,,,,,,,,,,./results/cp_sweep_intensity/logs/w51.oracleGeneral.bin.zst__sieve__Mithril__16mb__w10000.log,fail:134
w51.oracleGeneral.bin.zst,oracleGeneral,sieve,Mithril,64mb,100,,,,,,,,,,,,,./results/cp_sweep_intensity/logs/w51.oracleGeneral.bin.zst__sieve__Mithril__64mb__w100.log,fail:134
w51.oracleGeneral.bin.zst,oracleGeneral,sieve,Mithril,64mb,1000,,,,,,,,,,,,,./results/cp_sweep_intensity/logs/w51.oracleGeneral.bin.zst__sieve__Mithril__64mb__w1000.log,fail:134
w50.oracleGeneral.bin.zst,oracleGeneral,fifo,Mithril,1gb,1000,0.2517,0.3908,13448032,12328194,0,0,0,0,15670831,26909,1107,25802,./results/cp_sweep_intensity/logs/w50.oracleGeneral.bin.zst__fifo__Mithril__1gb__w1000.log,ok
w51.oracleGeneral.bin.zst,oracleGeneral,sieve,Mithril,64mb,10000,,,,,,,,,,,,,./results/cp_sweep_intensity/logs/w51.oracleGeneral.bin.zst__sieve__Mithril__64mb__w10000.log,fail:134
w51.oracleGeneral.bin.zst,oracleGeneral,fifo,Mithril,1gb,1000,0.2585,0.1657,9551283,2189036,0,0,0,0,4614632,17679,2868,14811,./results/cp_sweep_intensity/logs/w51.oracleGeneral.bin.zst__fifo__Mithril__1gb__w1000.log,ok
w51.oracleGeneral.bin.zst,oracleGeneral,fifo,Mithril,256mb,1000,0.2942,0.1892,9551283,2889971,0,0,0,0,5688671,100004,26811,73193,./results/cp_sweep_intensity/logs/w51.oracleGeneral.bin.zst__fifo__Mithril__256mb__w1000.log,ok
w50.oracleGeneral.bin.zst,oracleGeneral,fifo,Mithril,256mb,1000,0.2927,0.5142,13448032,13195299,8403,3324,621,4458,17124618,133580,21742,111838,./results/cp_sweep_intensity/logs/w50.oracleGeneral.bin.zst__fifo__Mithril__256mb__w1000.log,ok
w48.oracleGeneral.bin.zst,oracleGeneral,sieve,Mithril,1gb,10000,0.6162,0.4240,14097008,6626830,1535761,576692,593800,365269,15282124,692662,330055,362607,./results/cp_sweep_intensity/logs/w48.oracleGeneral.bin.zst__sieve__Mithril__1gb__w10000.log,ok
w51.oracleGeneral.bin.zst,oracleGeneral,sieve,Mithril,1gb,100,0.2574,0.1693,9551283,2215687,2164,1068,564,532,4624257,3997,44,3953,./results/cp_sweep_intensity/logs/w51.oracleGeneral.bin.zst__sieve__Mithril__1gb__w100.log,ok
w51.oracleGeneral.bin.zst,oracleGeneral,sieve,Mithril,256mb,100,0.2944,0.1857,9551283,3212136,20439,10163,4209,6067,6014365,26373,323,26050,./results/cp_sweep_intensity/logs/w51.oracleGeneral.bin.zst__sieve__Mithril__256mb__w100.log,ok
w51.oracleGeneral.bin.zst,oracleGeneral,sieve,Mithril,1gb,1000,0.2574,0.1693,9551283,2215687,24341,10283,6250,7808,4624257,25824,971,24853,./results/cp_sweep_intensity/logs/w51.oracleGeneral.bin.zst__sieve__Mithril__1gb__w1000.log,ok
w51.oracleGeneral.bin.zst,oracleGeneral,lru,Mithril,1gb,10000,0.2524,0.1636,9551283,2126333,0,0,0,0,4494506,75823,14587,61236,./results/cp_sweep_intensity/logs/w51.oracleGeneral.bin.zst__lru__Mithril__1gb__w10000.log,ok
w51.oracleGeneral.bin.zst,oracleGeneral,sieve,Mithril,256mb,1000,0.2944,0.1857,9551283,3212136,160186,83485,29599,47102,6014365,169967,4391,165576,./results/cp_sweep_intensity/logs/w51.oracleGeneral.bin.zst__sieve__Mithril__256mb__w1000.log,ok
w52.oracleGeneral.bin.zst,oracleGeneral,lru,Mithril,16mb,100,0.4146,0.5085,11451546,2392665,0,0,0,0,7138886,21916,3350,18566,./results/cp_sweep_intensity/logs/w52.oracleGeneral.bin.zst__lru__Mithril__16mb__w100.log,ok
w52.oracleGeneral.bin.zst,oracleGeneral,lru,Mithril,16mb,1000,0.4146,0.5085,11451546,2392665,38105,22050,2895,13160,7138886,153276,47362,105914,./results/cp_sweep_intensity/logs/w52.oracleGeneral.bin.zst__lru__Mithril__16mb__w1000.log,ok
w52.oracleGeneral.bin.zst,oracleGeneral,lru,Mithril,64mb,100,0.1593,0.2579,11451546,5538968,0,0,0,0,7358099,15602,2385,13217,./results/cp_sweep_intensity/logs/w52.oracleGeneral.bin.zst__lru__Mithril__64mb__w100.log,ok
w52.oracleGeneral.bin.zst,oracleGeneral,lru,Mithril,256mb,100,0.1297,0.2177,11451546,4090787,0,0,0,0,5539740,7059,4111,2948,./results/cp_sweep_intensity/logs/w52.oracleGeneral.bin.zst__lru__Mithril__256mb__w100.log,ok
w50.oracleGeneral.bin.zst,oracleGeneral,sieve,Mithril,1gb,1000,0.2761,0.4096,13448032,12637012,190525,86076,12906,91543,16292231,74879,15880,58999,./results/cp_sweep_intensity/logs/w50.oracleGeneral.bin.zst__sieve__Mithril__1gb__w1000.log,ok
w52.oracleGeneral.bin.zst,oracleGeneral,lru,Mithril,16mb,10000,0.4146,0.5085,11451546,2392665,886739,557835,91639,237265,7138886,548842,215773,333069,./results/cp_sweep_intensity/logs/w52.oracleGeneral.bin.zst__lru__Mithril__16mb__w10000.log,ok
w50.oracleGeneral.bin.zst,oracleGeneral,sieve,Mithril,256mb,1000,0.3142,0.5304,13448032,13404560,623329,292012,35516,295801,17619433,216067,49949,166118,./results/cp_sweep_intensity/logs/w50.oracleGeneral.bin.zst__sieve__Mithril__256mb__w1000.log,ok
w52.oracleGeneral.bin.zst,oracleGeneral,lru,Mithril,1gb,100,0.0941,0.1602,11451546,1285904,0,0,0,0,2281036,410,160,250,./results/cp_sweep_intensity/logs/w52.oracleGeneral.bin.zst__lru__Mithril__1gb__w100.log,ok
w51.oracleGeneral.bin.zst,oracleGeneral,fifo,Mithril,1gb,10000,0.2585,0.1657,9551283,2189036,0,0,0,0,4614632,112858,29459,83399,./results/cp_sweep_intensity/logs/w51.oracleGeneral.bin.zst__fifo__Mithril__1gb__w10000.log,ok
w52.oracleGeneral.bin.zst,oracleGeneral,lru,Mithril,256mb,1000,0.1297,0.2177,11451546,4090787,0,0,0,0,5539740,58546,34605,23941,./results/cp_sweep_intensity/logs/w52.oracleGeneral.bin.zst__lru__Mithril__256mb__w1000.log,ok
w52.oracleGeneral.bin.zst,oracleGeneral,lru,Mithril,64mb,1000,0.1593,0.2579,11451546,5538968,0,0,0,0,7358099,116807,29042,87765,./results/cp_sweep_intensity/logs/w52.oracleGeneral.bin.zst__lru__Mithril__64mb__w1000.log,ok
w52.oracleGeneral.bin.zst,oracleGeneral,lru,Mithril,1gb,1000,0.0941,0.1602,11451546,1285904,0,0,0,0,2281036,13711,11187,2524,./results/cp_sweep_intensity/logs/w52.oracleGeneral.bin.zst__lru__Mithril__1gb__w1000.log,ok
w52.oracleGeneral.bin.zst,oracleGeneral,lru,Mithril,1gb,10000,0.0941,0.1602,11451546,1285904,0,0,0,0,2281036,83591,66022,17569,./results/cp_sweep_intensity/logs/w52.oracleGeneral.bin.zst__lru__Mithril__1gb__w10000.log,ok
w52.oracleGeneral.bin.zst,oracleGeneral,fifo,Mithril,16mb,100,0.4216,0.5132,11451546,2524488,0,0,0,0,7350975,48559,26200,22359,./results/cp_sweep_intensity/logs/w52.oracleGeneral.bin.zst__fifo__Mithril__16mb__w100.log,ok
w48.oracleGeneral.bin.zst,oracleGeneral,lru,Mithril,1gb,10000,0.6136,0.4266,14097008,6798882,233186,71558,82474,79154,15433023,966787,588850,377937,./results/cp_sweep_intensity/logs/w48.oracleGeneral.bin.zst__lru__Mithril__1gb__w10000.log,ok
w51.oracleGeneral.bin.zst,oracleGeneral,sieve,Mithril,1gb,10000,0.2574,0.1693,9551283,2215687,132186,61664,28065,42457,4624257,122885,14035,108850,./results/cp_sweep_intensity/logs/w51.oracleGeneral.bin.zst__sieve__Mithril__1gb__w10000.log,ok
w52.oracleGeneral.bin.zst,oracleGeneral,fifo,Mithril,16mb,1000,0.4216,0.5132,11451546,2524488,37776,22241,2622,12913,7350975,249322,131484,117838,./results/cp_sweep_intensity/logs/w52.oracleGeneral.bin.zst__fifo__Mithril__16mb__w1000.log,ok
w52.oracleGeneral.bin.zst,oracleGeneral,fifo,Mithril,64mb,100,0.1637,0.2613,11451546,5607004,0,0,0,0,7476970,24082,9861,14221,./results/cp_sweep_intensity/logs/w52.oracleGeneral.bin.zst__fifo__Mithril__64mb__w100.log,ok
w51.oracleGeneral.bin.zst,oracleGeneral,lru,Mithril,256mb,10000,0.2855,0.1820,9551283,2802408,13009,5561,3777,3671,5517229,343253,79083,264170,./results/cp_sweep_intensity/logs/w51.oracleGeneral.bin.zst__lru__Mithril__256mb__w10000.log,ok
w52.oracleGeneral.bin.zst,oracleGeneral,fifo,Mithril,1gb,100,0.0973,0.1639,11451546,1632692,0,0,0,0,2664549,1750,1158,592,./results/cp_sweep_intensity/logs/w52.oracleGeneral.bin.zst__fifo__Mithril__1gb__w100.log,ok
w52.oracleGeneral.bin.zst,oracleGeneral,fifo,Mithril,256mb,100,0.1339,0.2216,11451546,4242310,0,0,0,0,5740609,7854,3748,4106,./results/cp_sweep_intensity/logs/w52.oracleGeneral.bin.zst__fifo__Mithril__256mb__w100.log,ok
w52.oracleGeneral.bin.zst,oracleGeneral,fifo,Mithril,1gb,1000,0.0973,0.1639,11451546,1632692,0,0,0,0,2664549,11484,6973,4511,./results/cp_sweep_intensity/logs/w52.oracleGeneral.bin.zst__fifo__Mithril__1gb__w1000.log,ok
w52.oracleGeneral.bin.zst,oracleGeneral,fifo,Mithril,64mb,1000,0.1637,0.2613,11451546,5607004,0,0,0,0,7476970,158561,69927,88634,./results/cp_sweep_intensity/logs/w52.oracleGeneral.bin.zst__fifo__Mithril__64mb__w1000.log,ok
w48.oracleGeneral.bin.zst,oracleGeneral,fifo,Mithril,1gb,10000,0.6134,0.4257,14097008,6784987,223029,68034,79553,75442,15415849,955431,581276,374155,./results/cp_sweep_intensity/logs/w48.oracleGeneral.bin.zst__fifo__Mithril__1gb__w10000.log,ok
w52.oracleGeneral.bin.zst,oracleGeneral,fifo,Mithril,256mb,1000,0.1339,0.2216,11451546,4242310,0,0,0,0,5740609,71616,42263,29353,./results/cp_sweep_intensity/logs/w52.oracleGeneral.bin.zst__fifo__Mithril__256mb__w1000.log,ok
w52.oracleGeneral.bin.zst,oracleGeneral,fifo,Mithril,16mb,10000,0.4216,0.5132,11451546,2524488,922678,577117,90566,254995,7350975,680180,326083,354097,./results/cp_sweep_intensity/logs/w52.oracleGeneral.bin.zst__fifo__Mithril__16mb__w10000.log,ok
w52.oracleGeneral.bin.zst,oracleGeneral,sieve,Mithril,16mb,100,0.4131,0.5116,11451546,2565322,128595,81888,12630,34077,7292692,91211,3673,87538,./results/cp_sweep_intensity/logs/w52.oracleGeneral.bin.zst__sieve__Mithril__16mb__w100.log,ok
w52.oracleGeneral.bin.zst,oracleGeneral,fifo,Mithril,1gb,10000,0.0973,0.1639,11451546,1632692,0,0,0,0,2664549,142262,111914,30348,./results/cp_sweep_intensity/logs/w52.oracleGeneral.bin.zst__fifo__Mithril__1gb__w10000.log,ok
w52.oracleGeneral.bin.zst,oracleGeneral,sieve,Mithril,16mb,1000,0.4131,0.5116,11451546,2565322,643826,416533,62810,164483,7292692,347553,36294,311259,./results/cp_sweep_intensity/logs/w52.oracleGeneral.bin.zst__sieve__Mithril__16mb__w1000.log,ok
w52.oracleGeneral.bin.zst,oracleGeneral,sieve,Mithril,256mb,100,0.1324,0.2274,11451546,3610723,13901,6953,2192,4756,5087515,11018,906,10112,./results/cp_sweep_intensity/logs/w52.oracleGeneral.bin.zst__sieve__Mithril__256mb__w100.log,ok
w52.oracleGeneral.bin.zst,oracleGeneral,sieve,Mithril,1gb,100,0.0963,0.1630,11451546,966837,460,203,137,120,1988871,877,252,625,./results/cp_sweep_intensity/logs/w52.oracleGeneral.bin.zst__sieve__Mithril__1gb__w100.log,ok
w53.oracleGeneral.bin.zst,oracleGeneral,lru,Mithril,16mb,100,,,,,,,,,,,,,./results/cp_sweep_intensity/logs/w53.oracleGeneral.bin.zst__lru__Mithril__16mb__w100.log,fail:134
w52.oracleGeneral.bin.zst,oracleGeneral,sieve,Mithril,64mb,100,0.1620,0.2646,11451546,5758123,102170,60781,10591,30798,7604555,62418,2040,60378,./results/cp_sweep_intensity/logs/w52.oracleGeneral.bin.zst__sieve__Mithril__64mb__w100.log,ok
w53.oracleGeneral.bin.zst,oracleGeneral,lru,Mithril,16mb,1000,,,,,,,,,,,,,./results/cp_sweep_intensity/logs/w53.oracleGeneral.bin.zst__lru__Mithril__16mb__w1000.log,fail:134
w53.oracleGeneral.bin.zst,oracleGeneral,lru,Mithril,16mb,10000,,,,,,,,,,,,,./results/cp_sweep_intensity/logs/w53.oracleGeneral.bin.zst__lru__Mithril__16mb__w10000.log,fail:134
w53.oracleGeneral.bin.zst,oracleGeneral,lru,Mithril,64mb,100,,,,,,,,,,,,,./results/cp_sweep_intensity/logs/w53.oracleGeneral.bin.zst__lru__Mithril__64mb__w100.log,fail:134
w53.oracleGeneral.bin.zst,oracleGeneral,lru,Mithril,64mb,1000,,,,,,,,,,,,,./results/cp_sweep_intensity/logs/w53.oracleGeneral.bin.zst__lru__Mithril__64mb__w1000.log,fail:134
w52.oracleGeneral.bin.zst,oracleGeneral,sieve,Mithril,16mb,10000,0.4131,0.5116,11451546,2565322,1345332,883027,134986,327319,7292692,784019,144277,639742,./results/cp_sweep_intensity/logs/w52.oracleGeneral.bin.zst__sieve__Mithril__16mb__w10000.log,ok
w53.oracleGeneral.bin.zst,oracleGeneral,lru,Mithril,64mb,10000,,,,,,,,,,,,,./results/cp_sweep_intensity/logs/w53.oracleGeneral.bin.zst__lru__Mithril__64mb__w10000.log,fail:134
w52.oracleGeneral.bin.zst,oracleGeneral,sieve,Mithril,1gb,1000,0.0963,0.1630,11451546,966837,3937,1406,1409,1122,1988871,9591,5511,4080,./results/cp_sweep_intensity/logs/w52.oracleGeneral.bin.zst__sieve__Mithril__1gb__w1000.log,ok
w51.oracleGeneral.bin.zst,oracleGeneral,fifo,Mithril,256mb,10000,0.2942,0.1892,9551283,2889971,13038,5773,3644,3621,5688671,431967,143607,288360,./results/cp_sweep_intensity/logs/w51.oracleGeneral.bin.zst__fifo__Mithril__256mb__w10000.log,ok
w52.oracleGeneral.bin.zst,oracleGeneral,sieve,Mithril,256mb,1000,0.1324,0.2274,11451546,3610723,92056,45024,17897,29135,5087515,61982,7003,54979,./results/cp_sweep_intensity/logs/w52.oracleGeneral.bin.zst__sieve__Mithril__256mb__w1000.log,ok
w52.oracleGeneral.bin.zst,oracleGeneral,sieve,Mithril,64mb,1000,0.1620,0.2646,11451546,5758123,474374,281802,52874,139698,7604555,265281,17891,247390,./results/cp_sweep_intensity/logs/w52.oracleGeneral.bin.zst__sieve__Mithril__64mb__w1000.log,ok
w53.oracleGeneral.bin.zst,oracleGeneral,fifo,Mithril,16mb,100,,,,,,,,,,,,,./results/cp_sweep_intensity/logs/w53.oracleGeneral.bin.zst__fifo__Mithril__16mb__w100.log,fail:134
w53.oracleGeneral.bin.zst,oracleGeneral,fifo,Mithril,16mb,1000,,,,,,,,,,,,,./results/cp_sweep_intensity/logs/w53.oracleGeneral.bin.zst__fifo__Mithril__16mb__w1000.log,fail:134
w53.oracleGeneral.bin.zst,oracleGeneral,fifo,Mithril,16mb,10000,,,,,,,,,,,,,./results/cp_sweep_intensity/logs/w53.oracleGeneral.bin.zst__fifo__Mithril__16mb__w10000.log,fail:134
w53.oracleGeneral.bin.zst,oracleGeneral,fifo,Mithril,64mb,100,,,,,,,,,,,,,./results/cp_sweep_intensity/logs/w53.oracleGeneral.bin.zst__fifo__Mithril__64mb__w100.log,fail:134
w53.oracleGeneral.bin.zst,oracleGeneral,fifo,Mithril,64mb,1000,,,,,,,,,,,,,./results/cp_sweep_intensity/logs/w53.oracleGeneral.bin.zst__fifo__Mithril__64mb__w1000.log,fail:134
w51.oracleGeneral.bin.zst,oracleGeneral,sieve,Mithril,256mb,10000,0.2944,0.1857,9551283,3212136,863568,481502,140763,241303,6014365,619996,75006,544990,./results/cp_sweep_intensity/logs/w51.oracleGeneral.bin.zst__sieve__Mithril__256mb__w10000.log,ok
w52.oracleGeneral.bin.zst,oracleGeneral,sieve,Mithril,1gb,10000,0.0963,0.1630,11451546,966837,34328,12121,13824,8383,1988871,57163,33501,23662,./results/cp_sweep_intensity/logs/w52.oracleGeneral.bin.zst__sieve__Mithril__1gb__w10000.log,ok
w53.oracleGeneral.bin.zst,oracleGeneral,fifo,Mithril,64mb,10000,,,,,,,,,,,,,./results/cp_sweep_intensity/logs/w53.oracleGeneral.bin.zst__fifo__Mithril__64mb__w10000.log,fail:134
w53.oracleGeneral.bin.zst,oracleGeneral,lru,Mithril,256mb,100,0.7260,0.9421,8973978,641519,0,0,0,0,7145308,7473,1418,6055,./results/cp_sweep_intensity/logs/w53.oracleGeneral.bin.zst__lru__Mithril__256mb__w100.log,ok
w53.oracleGeneral.bin.zst,oracleGeneral,lru,Mithril,256mb,1000,0.7260,0.9421,8973978,641519,0,0,0,0,7145308,53308,12638,40670,./results/cp_sweep_intensity/logs/w53.oracleGeneral.bin.zst__lru__Mithril__256mb__w1000.log,ok
w53.oracleGeneral.bin.zst,oracleGeneral,lru,Mithril,1gb,100,,,,,,,,,,,,,./results/cp_sweep_intensity/logs/w53.oracleGeneral.bin.zst__lru__Mithril__1gb__w100.log,fail:134
w52.oracleGeneral.bin.zst,oracleGeneral,lru,Mithril,256mb,10000,0.1297,0.2177,11451546,4090787,0,0,0,0,5539740,502427,352512,149915,./results/cp_sweep_intensity/logs/w52.oracleGeneral.bin.zst__lru__Mithril__256mb__w10000.log,ok
w53.oracleGeneral.bin.zst,oracleGeneral,lru,Mithril,1gb,1000,,,,,,,,,,,,,./results/cp_sweep_intensity/logs/w53.oracleGeneral.bin.zst__lru__Mithril__1gb__w1000.log,fail:134
w53.oracleGeneral.bin.zst,oracleGeneral,sieve,Mithril,16mb,100,,,,,,,,,,,,,./results/cp_sweep_intensity/logs/w53.oracleGeneral.bin.zst__sieve__Mithril__16mb__w100.log,fail:134
w53.oracleGeneral.bin.zst,oracleGeneral,sieve,Mithril,16mb,1000,,,,,,,,,,,,,./results/cp_sweep_intensity/logs/w53.oracleGeneral.bin.zst__sieve__Mithril__16mb__w1000.log,fail:134
w53.oracleGeneral.bin.zst,oracleGeneral,sieve,Mithril,16mb,10000,,,,,,,,,,,,,./results/cp_sweep_intensity/logs/w53.oracleGeneral.bin.zst__sieve__Mithril__16mb__w10000.log,fail:134
w53.oracleGeneral.bin.zst,oracleGeneral,sieve,Mithril,64mb,100,,,,,,,,,,,,,./results/cp_sweep_intensity/logs/w53.oracleGeneral.bin.zst__sieve__Mithril__64mb__w100.log,fail:134
w53.oracleGeneral.bin.zst,oracleGeneral,sieve,Mithril,64mb,1000,,,,,,,,,,,,,./results/cp_sweep_intensity/logs/w53.oracleGeneral.bin.zst__sieve__Mithril__64mb__w1000.log,fail:134
w53.oracleGeneral.bin.zst,oracleGeneral,sieve,Mithril,64mb,10000,,,,,,,,,,,,,./results/cp_sweep_intensity/logs/w53.oracleGeneral.bin.zst__sieve__Mithril__64mb__w10000.log,fail:134
w53.oracleGeneral.bin.zst,oracleGeneral,fifo,Mithril,1gb,100,,,,,,,,,,,,,./results/cp_sweep_intensity/logs/w53.oracleGeneral.bin.zst__fifo__Mithril__1gb__w100.log,fail:134
w53.oracleGeneral.bin.zst,oracleGeneral,lru,Mithril,256mb,10000,0.7260,0.9421,8973978,641519,350926,146367,157105,47454,7145308,188360,46153,142207,./results/cp_sweep_intensity/logs/w53.oracleGeneral.bin.zst__lru__Mithril__256mb__w10000.log,ok
w53.oracleGeneral.bin.zst,oracleGeneral,fifo,Mithril,1gb,1000,,,,,,,,,,,,,./results/cp_sweep_intensity/logs/w53.oracleGeneral.bin.zst__fifo__Mithril__1gb__w1000.log,fail:134
w53.oracleGeneral.bin.zst,oracleGeneral,sieve,Mithril,256mb,100,,,,,,,,,,,,,./results/cp_sweep_intensity/logs/w53.oracleGeneral.bin.zst__sieve__Mithril__256mb__w100.log,fail:134
w53.oracleGeneral.bin.zst,oracleGeneral,sieve,Mithril,256mb,1000,,,,,,,,,,,,,./results/cp_sweep_intensity/logs/w53.oracleGeneral.bin.zst__sieve__Mithril__256mb__w1000.log,fail:134
w53.oracleGeneral.bin.zst,oracleGeneral,lru,Mithril,1gb,10000,,,,,,,,,,,,,./results/cp_sweep_intensity/logs/w53.oracleGeneral.bin.zst__lru__Mithril__1gb__w10000.log,fail:134
w54.oracleGeneral.bin.zst,oracleGeneral,lru,Mithril,16mb,100,,,,,,,,,,,,,./results/cp_sweep_intensity/logs/w54.oracleGeneral.bin.zst__lru__Mithril__16mb__w100.log,fail:1
w53.oracleGeneral.bin.zst,oracleGeneral,fifo,Mithril,1gb,10000,,,,,,,,,,,,,./results/cp_sweep_intensity/logs/w53.oracleGeneral.bin.zst__fifo__Mithril__1gb__w10000.log,fail:134
w53.oracleGeneral.bin.zst,oracleGeneral,fifo,Mithril,256mb,100,0.7296,0.9426,8973978,662915,0,0,0,0,7198722,9626,2245,7381,./results/cp_sweep_intensity/logs/w53.oracleGeneral.bin.zst__fifo__Mithril__256mb__w100.log,ok
w54.oracleGeneral.bin.zst,oracleGeneral,lru,Mithril,16mb,1000,,,,,,,,,,,,,./results/cp_sweep_intensity/logs/w54.oracleGeneral.bin.zst__lru__Mithril__16mb__w1000.log,fail:1
w54.oracleGeneral.bin.zst,oracleGeneral,lru,Mithril,16mb,10000,,,,,,,,,,,,,./results/cp_sweep_intensity/logs/w54.oracleGeneral.bin.zst__lru__Mithril__16mb__w10000.log,fail:1
w53.oracleGeneral.bin.zst,oracleGeneral,sieve,Mithril,256mb,10000,,,,,,,,,,,,,./results/cp_sweep_intensity/logs/w53.oracleGeneral.bin.zst__sieve__Mithril__256mb__w10000.log,fail:134
w53.oracleGeneral.bin.zst,oracleGeneral,fifo,Mithril,256mb,1000,0.7296,0.9426,8973978,662915,0,0,0,0,7198722,64361,19545,44816,./results/cp_sweep_intensity/logs/w53.oracleGeneral.bin.zst__fifo__Mithril__256mb__w1000.log,ok
w53.oracleGeneral.bin.zst,oracleGeneral,sieve,Mithril,1gb,100,,,,,,,,,,,,,./results/cp_sweep_intensity/logs/w53.oracleGeneral.bin.zst__sieve__Mithril__1gb__w100.log,fail:134
w53.oracleGeneral.bin.zst,oracleGeneral,sieve,Mithril,1gb,1000,,,,,,,,,,,,,./results/cp_sweep_intensity/logs/w53.oracleGeneral.bin.zst__sieve__Mithril__1gb__w1000.log,fail:134
w53.oracleGeneral.bin.zst,oracleGeneral,fifo,Mithril,256mb,10000,0.7296,0.9426,8973978,662915,351998,144343,159488,48167,7198722,210519,64337,146182,./results/cp_sweep_intensity/logs/w53.oracleGeneral.bin.zst__fifo__Mithril__256mb__w10000.log,ok
w53.oracleGeneral.bin.zst,oracleGeneral,sieve,Mithril,1gb,10000,,,,,,,,,,,,,./results/cp_sweep_intensity/logs/w53.oracleGeneral.bin.zst__sieve__Mithril__1gb__w10000.log,fail:134
w54.oracleGeneral.bin.zst,oracleGeneral,fifo,Mithril,16mb,100,,,,,,,,,,,,,./results/cp_sweep_intensity/logs/w54.oracleGeneral.bin.zst__fifo__Mithril__16mb__w100.log,fail:1
w54.oracleGeneral.bin.zst,oracleGeneral,fifo,Mithril,16mb,1000,,,,,,,,,,,,,./results/cp_sweep_intensity/logs/w54.oracleGeneral.bin.zst__fifo__Mithril__16mb__w1000.log,fail:1
w54.oracleGeneral.bin.zst,oracleGeneral,fifo,Mithril,16mb,10000,,,,,,,,,,,,,./results/cp_sweep_intensity/logs/w54.oracleGeneral.bin.zst__fifo__Mithril__16mb__w10000.log,fail:1
w54.oracleGeneral.bin.zst,oracleGeneral,lru,Mithril,64mb,100,0.9829,0.9963,8832954,1567927,0,0,0,0,10249794,8041,73,7968,./results/cp_sweep_intensity/logs/w54.oracleGeneral.bin.zst__lru__Mithril__64mb__w100.log,ok
w52.oracleGeneral.bin.zst,oracleGeneral,fifo,Mithril,256mb,10000,0.1339,0.2216,11451546,4242310,0,0,0,0,5740609,512180,349495,162685,./results/cp_sweep_intensity/logs/w52.oracleGeneral.bin.zst__fifo__Mithril__256mb__w10000.log,ok
w54.oracleGeneral.bin.zst,oracleGeneral,lru,Mithril,256mb,100,0.9753,0.9937,8832954,1367013,0,0,0,0,9980986,4748,18,4730,./results/cp_sweep_intensity/logs/w54.oracleGeneral.bin.zst__lru__Mithril__256mb__w100.log,ok
w52.oracleGeneral.bin.zst,oracleGeneral,sieve,Mithril,256mb,10000,0.1324,0.2274,11451546,3610723,395103,201623,69102,124378,5087515,339933,108731,231202,./results/cp_sweep_intensity/logs/w52.oracleGeneral.bin.zst__sieve__Mithril__256mb__w10000.log,ok
w54.oracleGeneral.bin.zst,oracleGeneral,lru,Mithril,1gb,100,0.9407,0.9856,8832954,905773,0,0,0,0,9212424,2528,9,2519,./results/cp_sweep_intensity/logs/w54.oracleGeneral.bin.zst__lru__Mithril__1gb__w100.log,ok
w52.oracleGeneral.bin.zst,oracleGeneral,lru,Mithril,64mb,10000,0.1593,0.2579,11451546,5538968,431801,233169,60166,138466,7358099,534216,191713,342503,./results/cp_sweep_intensity/logs/w52.oracleGeneral.bin.zst__lru__Mithril__64mb__w10000.log,ok
w52.oracleGeneral.bin.zst,oracleGeneral,sieve,Mithril,64mb,10000,0.1620,0.2646,11451546,5758123,1649480,1008161,200315,441004,7604555,742604,122881,619723,./results/cp_sweep_intensity/logs/w52.oracleGeneral.bin.zst__sieve__Mithril__64mb__w10000.log,ok
w54.oracleGeneral.bin.zst,oracleGeneral,lru,Mithril,1gb,1000,0.9407,0.9856,8832954,905773,0,0,0,0,9212424,30986,312,30674,./results/cp_sweep_intensity/logs/w54.oracleGeneral.bin.zst__lru__Mithril__1gb__w1000.log,ok
w54.oracleGeneral.bin.zst,oracleGeneral,lru,Mithril,64mb,1000,0.9829,0.9963,8832954,1567927,408280,24354,370335,13591,10249794,76328,1204,75124,./results/cp_sweep_intensity/logs/w54.oracleGeneral.bin.zst__lru__Mithril__64mb__w1000.log,ok
w54.oracleGeneral.bin.zst,oracleGeneral,fifo,Mithril,64mb,100,0.9835,0.9963,8832954,1569188,0,0,0,0,10256491,8300,118,8182,./results/cp_sweep_intensity/logs/w54.oracleGeneral.bin.zst__fifo__Mithril__64mb__w100.log,ok
w54.oracleGeneral.bin.zst,oracleGeneral,sieve,Mithril,16mb,100,,,,,,,,,,,,,./results/cp_sweep_intensity/logs/w54.oracleGeneral.bin.zst__sieve__Mithril__16mb__w100.log,fail:1
w54.oracleGeneral.bin.zst,oracleGeneral,sieve,Mithril,16mb,1000,,,,,,,,,,,,,./results/cp_sweep_intensity/logs/w54.oracleGeneral.bin.zst__sieve__Mithril__16mb__w1000.log,fail:1
w54.oracleGeneral.bin.zst,oracleGeneral,lru,Mithril,256mb,1000,0.9753,0.9937,8832954,1367013,0,0,0,0,9980986,46881,518,46363,./results/cp_sweep_intensity/logs/w54.oracleGeneral.bin.zst__lru__Mithril__256mb__w1000.log,ok
w54.oracleGeneral.bin.zst,oracleGeneral,fifo,Mithril,256mb,100,0.9761,0.9937,8832954,1367401,0,0,0,0,9988324,5553,40,5513,./results/cp_sweep_intensity/logs/w54.oracleGeneral.bin.zst__fifo__Mithril__256mb__w100.log,ok
w54.oracleGeneral.bin.zst,oracleGeneral,sieve,Mithril,16mb,10000,,,,,,,,,,,,,./results/cp_sweep_intensity/logs/w54.oracleGeneral.bin.zst__sieve__Mithril__16mb__w10000.log,fail:1
w54.oracleGeneral.bin.zst,oracleGeneral,fifo,Mithril,1gb,100,0.9427,0.9859,8832954,888773,0,0,0,0,9213127,2396,11,2385,./results/cp_sweep_intensity/logs/w54.oracleGeneral.bin.zst__fifo__Mithril__1gb__w100.log,ok
w52.oracleGeneral.bin.zst,oracleGeneral,fifo,Mithril,64mb,10000,0.1637,0.2613,11451546,5607004,420798,226328,57483,136987,7476970,598765,256673,342092,./results/cp_sweep_intensity/logs/w52.oracleGeneral.bin.zst__fifo__Mithril__64mb__w10000.log,ok
w54.oracleGeneral.bin.zst,oracleGeneral,sieve,Mithril,64mb,100,0.9650,0.9983,8832954,1461073,444379,3406,440367,606,9984805,21336,13,21323,./results/cp_sweep_intensity/logs/w54.oracleGeneral.bin.zst__sieve__Mithril__64mb__w100.log,ok
w54.oracleGeneral.bin.zst,oracleGeneral,sieve,Mithril,256mb,100,0.9501,0.9964,8832954,1281861,278554,1122,277185,247,9673697,20522,4,20518,./results/cp_sweep_intensity/logs/w54.oracleGeneral.bin.zst__sieve__Mithril__256mb__w100.log,ok
w54.oracleGeneral.bin.zst,oracleGeneral,fifo,Mithril,256mb,1000,0.9761,0.9937,8832954,1367401,0,0,0,0,9988324,47315,637,46678,./results/cp_sweep_intensity/logs/w54.oracleGeneral.bin.zst__fifo__Mithril__256mb__w1000.log,ok
w54.oracleGeneral.bin.zst,oracleGeneral,fifo,Mithril,64mb,1000,0.9835,0.9963,8832954,1569188,410172,24835,371919,13418,10256491,78567,1548,77019,./results/cp_sweep_intensity/logs/w54.oracleGeneral.bin.zst__fifo__Mithril__64mb__w1000.log,ok
w54.oracleGeneral.bin.zst,oracleGeneral,fifo,Mithril,1gb,1000,0.9427,0.9859,8832954,888773,0,0,0,0,9213127,18714,331,18383,./results/cp_sweep_intensity/logs/w54.oracleGeneral.bin.zst__fifo__Mithril__1gb__w1000.log,ok
w55.oracleGeneral.bin.zst,oracleGeneral,lru,Mithril,16mb,100,,,,,,,,,,,,,./results/cp_sweep_intensity/logs/w55.oracleGeneral.bin.zst__lru__Mithril__16mb__w100.log,fail:134
w55.oracleGeneral.bin.zst,oracleGeneral,lru,Mithril,16mb,1000,,,,,,,,,,,,,./results/cp_sweep_intensity/logs/w55.oracleGeneral.bin.zst__lru__Mithril__16mb__w1000.log,fail:134
w54.oracleGeneral.bin.zst,oracleGeneral,sieve,Mithril,64mb,1000,0.9650,0.9983,8832954,1461073,894762,8754,884312,1696,9984805,104823,390,104433,./results/cp_sweep_intensity/logs/w54.oracleGeneral.bin.zst__sieve__Mithril__64mb__w1000.log,ok
w54.oracleGeneral.bin.zst,oracleGeneral,sieve,Mithril,256mb,1000,0.9501,0.9964,8832954,1281861,939689,4126,934578,985,9673697,90507,31,90476,./results/cp_sweep_intensity/logs/w54.oracleGeneral.bin.zst__sieve__Mithril__256mb__w1000.log,ok
w55.oracleGeneral.bin.zst,oracleGeneral,lru,Mithril,16mb,10000,,,,,,,,,,,,,./results/cp_sweep_intensity/logs/w55.oracleGeneral.bin.zst__lru__Mithril__16mb__w10000.log,fail:134
w55.oracleGeneral.bin.zst,oracleGeneral,lru,Mithril,64mb,100,,,,,,,,,,,,,./results/cp_sweep_intensity/logs/w55.oracleGeneral.bin.zst__lru__Mithril__64mb__w100.log,fail:134
w54.oracleGeneral.bin.zst,oracleGeneral,sieve,Mithril,1gb,100,0.8845,0.9854,8832954,841538,109468,315,109053,100,8652336,4317,5,4312,./results/cp_sweep_intensity/logs/w54.oracleGeneral.bin.zst__sieve__Mithril__1gb__w100.log,ok
w55.oracleGeneral.bin.zst,oracleGeneral,lru,Mithril,64mb,1000,,,,,,,,,,,,,./results/cp_sweep_intensity/logs/w55.oracleGeneral.bin.zst__lru__Mithril__64mb__w1000.log,fail:134
w54.oracleGeneral.bin.zst,oracleGeneral,sieve,Mithril,1gb,1000,0.8845,0.9854,8832954,841538,415951,1519,413935,497,8652336,23140,32,23108,./results/cp_sweep_intensity/logs/w54.oracleGeneral.bin.zst__sieve__Mithril__1gb__w1000.log,ok
w55.oracleGeneral.bin.zst,oracleGeneral,lru,Mithril,64mb,10000,,,,,,,,,,,,,./results/cp_sweep_intensity/logs/w55.oracleGeneral.bin.zst__lru__Mithril__64mb__w10000.log,fail:134
w55.oracleGeneral.bin.zst,oracleGeneral,lru,Mithril,256mb,100,,,,,,,,,,,,,./results/cp_sweep_intensity/logs/w55.oracleGeneral.bin.zst__lru__Mithril__256mb__w100.log,fail:134
w54.oracleGeneral.bin.zst,oracleGeneral,sieve,Mithril,64mb,10000,0.9650,0.9983,8832954,1461073,1454665,15715,1434941,4009,9984805,329020,1153,327867,./results/cp_sweep_intensity/logs/w54.oracleGeneral.bin.zst__sieve__Mithril__64mb__w10000.log,ok
w55.oracleGeneral.bin.zst,oracleGeneral,lru,Mithril,256mb,1000,,,,,,,,,,,,,./results/cp_sweep_intensity/logs/w55.oracleGeneral.bin.zst__lru__Mithril__256mb__w1000.log,fail:134
w55.oracleGeneral.bin.zst,oracleGeneral,lru,Mithril,256mb,10000,,,,,,,,,,,,,./results/cp_sweep_intensity/logs/w55.oracleGeneral.bin.zst__lru__Mithril__256mb__w10000.log,fail:134
w55.oracleGeneral.bin.zst,oracleGeneral,lru,Mithril,1gb,100,,,,,,,,,,,,,./results/cp_sweep_intensity/logs/w55.oracleGeneral.bin.zst__lru__Mithril__1gb__w100.log,fail:134
w55.oracleGeneral.bin.zst,oracleGeneral,lru,Mithril,1gb,1000,,,,,,,,,,,,,./results/cp_sweep_intensity/logs/w55.oracleGeneral.bin.zst__lru__Mithril__1gb__w1000.log,fail:134
w55.oracleGeneral.bin.zst,oracleGeneral,fifo,Mithril,16mb,100,,,,,,,,,,,,,./results/cp_sweep_intensity/logs/w55.oracleGeneral.bin.zst__fifo__Mithril__16mb__w100.log,fail:134
w55.oracleGeneral.bin.zst,oracleGeneral,lru,Mithril,1gb,10000,,,,,,,,,,,,,./results/cp_sweep_intensity/logs/w55.oracleGeneral.bin.zst__lru__Mithril__1gb__w10000.log,fail:134
w55.oracleGeneral.bin.zst,oracleGeneral,fifo,Mithril,16mb,1000,,,,,,,,,,,,,./results/cp_sweep_intensity/logs/w55.oracleGeneral.bin.zst__fifo__Mithril__16mb__w1000.log,fail:134
w55.oracleGeneral.bin.zst,oracleGeneral,fifo,Mithril,16mb,10000,,,,,,,,,,,,,./results/cp_sweep_intensity/logs/w55.oracleGeneral.bin.zst__fifo__Mithril__16mb__w10000.log,fail:134
w54.oracleGeneral.bin.zst,oracleGeneral,sieve,Mithril,1gb,10000,0.8845,0.9854,8832954,841538,736424,2712,732868,844,8652336,94018,137,93881,./results/cp_sweep_intensity/logs/w54.oracleGeneral.bin.zst__sieve__Mithril__1gb__w10000.log,ok
w55.oracleGeneral.bin.zst,oracleGeneral,fifo,Mithril,64mb,100,,,,,,,,,,,,,./results/cp_sweep_intensity/logs/w55.oracleGeneral.bin.zst__fifo__Mithril__64mb__w100.log,fail:134
w55.oracleGeneral.bin.zst,oracleGeneral,fifo,Mithril,64mb,1000,,,,,,,,,,,,,./results/cp_sweep_intensity/logs/w55.oracleGeneral.bin.zst__fifo__Mithril__64mb__w1000.log,fail:134
w55.oracleGeneral.bin.zst,oracleGeneral,fifo,Mithril,1gb,100,,,,,,,,,,,,,./results/cp_sweep_intensity/logs/w55.oracleGeneral.bin.zst__fifo__Mithril__1gb__w100.log,fail:134
w54.oracleGeneral.bin.zst,oracleGeneral,lru,Mithril,1gb,10000,0.9407,0.9856,8832954,905773,335334,13312,313156,8866,9212424,138305,6329,131976,./results/cp_sweep_intensity/logs/w54.oracleGeneral.bin.zst__lru__Mithril__1gb__w10000.log,ok
w55.oracleGeneral.bin.zst,oracleGeneral,fifo,Mithril,256mb,100,,,,,,,,,,,,,./results/cp_sweep_intensity/logs/w55.oracleGeneral.bin.zst__fifo__Mithril__256mb__w100.log,fail:134
w55.oracleGeneral.bin.zst,oracleGeneral,fifo,Mithril,64mb,10000,,,,,,,,,,,,,./results/cp_sweep_intensity/logs/w55.oracleGeneral.bin.zst__fifo__Mithril__64mb__w10000.log,fail:134
w55.oracleGeneral.bin.zst,oracleGeneral,fifo,Mithril,256mb,1000,,,,,,,,,,,,,./results/cp_sweep_intensity/logs/w55.oracleGeneral.bin.zst__fifo__Mithril__256mb__w1000.log,fail:134
w55.oracleGeneral.bin.zst,oracleGeneral,fifo,Mithril,256mb,10000,,,,,,,,,,,,,./results/cp_sweep_intensity/logs/w55.oracleGeneral.bin.zst__fifo__Mithril__256mb__w10000.log,fail:134
w54.oracleGeneral.bin.zst,oracleGeneral,lru,Mithril,64mb,10000,0.9829,0.9963,8832954,1567927,1522839,74711,1405688,42440,10249794,335407,10134,325273,./results/cp_sweep_intensity/logs/w54.oracleGeneral.bin.zst__lru__Mithril__64mb__w10000.log,ok
w55.oracleGeneral.bin.zst,oracleGeneral,sieve,Mithril,16mb,100,,,,,,,,,,,,,./results/cp_sweep_intensity/logs/w55.oracleGeneral.bin.zst__sieve__Mithril__16mb__w100.log,fail:134
w55.oracleGeneral.bin.zst,oracleGeneral,sieve,Mithril,16mb,10000,,,,,,,,,,,,,./results/cp_sweep_intensity/logs/w55.oracleGeneral.bin.zst__sieve__Mithril__16mb__w10000.log,fail:134
w55.oracleGeneral.bin.zst,oracleGeneral,sieve,Mithril,16mb,1000,,,,,,,,,,,,,./results/cp_sweep_intensity/logs/w55.oracleGeneral.bin.zst__sieve__Mithril__16mb__w1000.log,fail:134
w55.oracleGeneral.bin.zst,oracleGeneral,sieve,Mithril,64mb,100,,,,,,,,,,,,,./results/cp_sweep_intensity/logs/w55.oracleGeneral.bin.zst__sieve__Mithril__64mb__w100.log,fail:134
w55.oracleGeneral.bin.zst,oracleGeneral,sieve,Mithril,64mb,1000,,,,,,,,,,,,,./results/cp_sweep_intensity/logs/w55.oracleGeneral.bin.zst__sieve__Mithril__64mb__w1000.log,fail:134
w55.oracleGeneral.bin.zst,oracleGeneral,fifo,Mithril,1gb,1000,,,,,,,,,,,,,./results/cp_sweep_intensity/logs/w55.oracleGeneral.bin.zst__fifo__Mithril__1gb__w1000.log,fail:134
w55.oracleGeneral.bin.zst,oracleGeneral,sieve,Mithril,64mb,10000,,,,,,,,,,,,,./results/cp_sweep_intensity/logs/w55.oracleGeneral.bin.zst__sieve__Mithril__64mb__w10000.log,fail:134
w55.oracleGeneral.bin.zst,oracleGeneral,sieve,Mithril,256mb,100,,,,,,,,,,,,,./results/cp_sweep_intensity/logs/w55.oracleGeneral.bin.zst__sieve__Mithril__256mb__w100.log,fail:134
w55.oracleGeneral.bin.zst,oracleGeneral,fifo,Mithril,1gb,10000,,,,,,,,,,,,,./results/cp_sweep_intensity/logs/w55.oracleGeneral.bin.zst__fifo__Mithril__1gb__w10000.log,fail:134
w54.oracleGeneral.bin.zst,oracleGeneral,sieve,Mithril,256mb,10000,0.9501,0.9964,8832954,1281861,1179221,5681,1171996,1544,9673697,270896,366,270530,./results/cp_sweep_intensity/logs/w54.oracleGeneral.bin.zst__sieve__Mithril__256mb__w10000.log,ok
w55.oracleGeneral.bin.zst,oracleGeneral,sieve,Mithril,256mb,1000,,,,,,,,,,,,,./results/cp_sweep_intensity/logs/w55.oracleGeneral.bin.zst__sieve__Mithril__256mb__w1000.log,fail:134
w55.oracleGeneral.bin.zst,oracleGeneral,sieve,Mithril,256mb,10000,,,,,,,,,,,,,./results/cp_sweep_intensity/logs/w55.oracleGeneral.bin.zst__sieve__Mithril__256mb__w10000.log,fail:134
w55.oracleGeneral.bin.zst,oracleGeneral,sieve,Mithril,1gb,100,0.8641,0.7120,8855434,30593,73,13,35,25,7642340,43,2,41,./results/cp_sweep_intensity/logs/w55.oracleGeneral.bin.zst__sieve__Mithril__1gb__w100.log,ok
w54.oracleGeneral.bin.zst,oracleGeneral,fifo,Mithril,64mb,10000,0.9835,0.9963,8832954,1569188,1523968,75765,1405582,42621,10256491,339411,10664,328747,./results/cp_sweep_intensity/logs/w54.oracleGeneral.bin.zst__fifo__Mithril__64mb__w10000.log,ok
w55.oracleGeneral.bin.zst,oracleGeneral,sieve,Mithril,1gb,1000,0.8641,0.7120,8855434,30593,530,223,185,122,7642340,293,23,270,./results/cp_sweep_intensity/logs/w55.oracleGeneral.bin.zst__sieve__Mithril__1gb__w1000.log,ok
w55.oracleGeneral.bin.zst,oracleGeneral,sieve,Mithril,1gb,10000,0.8641,0.7120,8855434,30593,3027,880,1605,542,7642340,1791,144,1647,./results/cp_sweep_intensity/logs/w55.oracleGeneral.bin.zst__sieve__Mithril__1gb__w10000.log,ok
w54.oracleGeneral.bin.zst,oracleGeneral,fifo,Mithril,1gb,10000,0.9427,0.9859,8832954,888773,335957,13262,313300,9395,9213127,126375,6818,119557,./results/cp_sweep_intensity/logs/w54.oracleGeneral.bin.zst__fifo__Mithril__1gb__w10000.log,ok
w56.oracleGeneral.bin.zst,oracleGeneral,lru,Mithril,16mb,100,0.4274,0.6159,10899629,4204355,3449,2309,257,883,8861099,131770,12922,118848,./results/cp_sweep_intensity/logs/w56.oracleGeneral.bin.zst__lru__Mithril__16mb__w100.log,ok
w56.oracleGeneral.bin.zst,oracleGeneral,lru,Mithril,256mb,100,0.2146,0.4396,10899629,3748376,0,0,0,0,6072576,17607,402,17205,./results/cp_sweep_intensity/logs/w56.oracleGeneral.bin.zst__lru__Mithril__256mb__w100.log,ok
w56.oracleGeneral.bin.zst,oracleGeneral,lru,Mithril,1gb,100,0.1636,0.3735,10899629,2030592,0,0,0,0,3764362,2248,121,2127,./results/cp_sweep_intensity/logs/w56.oracleGeneral.bin.zst__lru__Mithril__1gb__w100.log,ok
w56.oracleGeneral.bin.zst,oracleGeneral,lru,Mithril,64mb,100,0.3015,0.5050,10899629,5307233,0,0,0,0,8588510,91331,6084,85247,./results/cp_sweep_intensity/logs/w56.oracleGeneral.bin.zst__lru__Mithril__64mb__w100.log,ok
w56.oracleGeneral.bin.zst,oracleGeneral,lru,Mithril,16mb,1000,0.4274,0.6159,10899629,4204355,152357,99583,13695,39079,8861099,1041644,227579,814065,./results/cp_sweep_intensity/logs/w56.oracleGeneral.bin.zst__lru__Mithril__16mb__w1000.log,ok
w56.oracleGeneral.bin.zst,oracleGeneral,lru,Mithril,1gb,1000,0.1636,0.3735,10899629,2030592,0,0,0,0,3764362,22173,1360,20813,./results/cp_sweep_intensity/logs/w56.oracleGeneral.bin.zst__lru__Mithril__1gb__w1000.log,ok
w56.oracleGeneral.bin.zst,oracleGeneral,fifo,Mithril,16mb,100,0.4553,0.6286,10899629,4400707,3436,2265,226,945,9362265,160370,28069,132301,./results/cp_sweep_intensity/logs/w56.oracleGeneral.bin.zst__fifo__Mithril__16mb__w100.log,ok
w56.oracleGeneral.bin.zst,oracleGeneral,lru,Mithril,256mb,1000,0.2146,0.4396,10899629,3748376,0,0,0,0,6072576,176617,6634,169983,./results/cp_sweep_intensity/logs/w56.oracleGeneral.bin.zst__lru__Mithril__256mb__w1000.log,ok
w56.oracleGeneral.bin.zst,oracleGeneral,fifo,Mithril,64mb,100,0.3310,0.5181,10899629,5514553,0,0,0,0,9117665,127871,18818,109053,./results/cp_sweep_intensity/logs/w56.oracleGeneral.bin.zst__fifo__Mithril__64mb__w100.log,ok
w56.oracleGeneral.bin.zst,oracleGeneral,fifo,Mithril,256mb,100,0.2459,0.4560,10899629,3774899,0,0,0,0,6439648,32443,3307,29136,./results/cp_sweep_intensity/logs/w56.oracleGeneral.bin.zst__fifo__Mithril__256mb__w100.log,ok
w56.oracleGeneral.bin.zst,oracleGeneral,fifo,Mithril,16mb,1000,0.4553,0.6286,10899629,4400707,153270,98195,13815,41260,9362265,1191973,311284,880689,./results/cp_sweep_intensity/logs/w56.oracleGeneral.bin.zst__fifo__Mithril__16mb__w1000.log,ok
w56.oracleGeneral.bin.zst,oracleGeneral,lru,Mithril,64mb,1000,0.3015,0.5050,10899629,5307233,1368,922,168,278,8588510,787191,116507,670684,./results/cp_sweep_intensity/logs/w56.oracleGeneral.bin.zst__lru__Mithril__64mb__w1000.log,ok
w54.oracleGeneral.bin.zst,oracleGeneral,lru,Mithril,256mb,10000,0.9753,0.9937,8832954,1367013,720159,30893,668568,20698,9980986,292910,9748,283162,./results/cp_sweep_intensity/logs/w54.oracleGeneral.bin.zst__lru__Mithril__256mb__w10000.log,ok
w56.oracleGeneral.bin.zst,oracleGeneral,fifo,Mithril,1gb,100,0.1783,0.3858,10899629,2164884,0,0,0,0,4057974,6093,666,5427,./results/cp_sweep_intensity/logs/w56.oracleGeneral.bin.zst__fifo__Mithril__1gb__w100.log,ok
w56.oracleGeneral.bin.zst,oracleGeneral,fifo,Mithril,1gb,1000,0.1783,0.3858,10899629,2164884,0,0,0,0,4057974,56962,7727,49235,./results/cp_sweep_intensity/logs/w56.oracleGeneral.bin.zst__fifo__Mithril__1gb__w1000.log,ok
w56.oracleGeneral.bin.zst,oracleGeneral,fifo,Mithril,256mb,1000,0.2459,0.4560,10899629,3774899,0,0,0,0,6439648,288622,51462,237160,./results/cp_sweep_intensity/logs/w56.oracleGeneral.bin.zst__fifo__Mithril__256mb__w1000.log,ok
w54.oracleGeneral.bin.zst,oracleGeneral,fifo,Mithril,256mb,10000,0.9761,0.9937,8832954,1367401,719265,32203,665517,21545,9988324,294700,10153,284547,./results/cp_sweep_intensity/logs/w54.oracleGeneral.bin.zst__fifo__Mithril__256mb__w10000.log,ok
w56.oracleGeneral.bin.zst,oracleGeneral,lru,Mithril,16mb,10000,0.4274,0.6159,10899629,4204355,2884517,1882894,231465,770158,8861099,2685233,769429,1915804,./results/cp_sweep_intensity/logs/w56.oracleGeneral.bin.zst__lru__Mithril__16mb__w10000.log,ok
w56.oracleGeneral.bin.zst,oracleGeneral,sieve,Mithril,16mb,100,0.3249,0.5758,10899629,3756925,245681,177242,28185,40254,7296543,76744,2509,74235,./results/cp_sweep_intensity/logs/w56.oracleGeneral.bin.zst__sieve__Mithril__16mb__w100.log,ok
w56.oracleGeneral.bin.zst,oracleGeneral,fifo,Mithril,64mb,1000,0.3310,0.5181,10899629,5514553,1251,804,177,270,9117665,992532,236582,755950,./results/cp_sweep_intensity/logs/w56.oracleGeneral.bin.zst__fifo__Mithril__64mb__w1000.log,ok
w56.oracleGeneral.bin.zst,oracleGeneral,sieve,Mithril,16mb,1000,0.3249,0.5758,10899629,3756925,2066913,1510418,231515,324980,7296543,637705,24583,613122,./results/cp_sweep_intensity/logs/w56.oracleGeneral.bin.zst__sieve__Mithril__16mb__w1000.log,ok
w56.oracleGeneral.bin.zst,oracleGeneral,sieve,Mithril,16mb,10000,0.3249,0.5758,10899629,3756925,3153841,2310922,342722,500197,7296543,2146284,104280,2042004,./results/cp_sweep_intensity/logs/w56.oracleGeneral.bin.zst__sieve__Mithril__16mb__w10000.log,ok
w56.oracleGeneral.bin.zst,oracleGeneral,sieve,Mithril,64mb,100,0.2437,0.4813,10899629,5342019,161590,106782,22391,32417,7992467,66229,943,65286,./results/cp_sweep_intensity/logs/w56.oracleGeneral.bin.zst__sieve__Mithril__64mb__w100.log,ok
w56.oracleGeneral.bin.zst,oracleGeneral,sieve,Mithril,256mb,100,0.1946,0.4252,10899629,3446948,26410,14520,7012,4878,5552421,16726,282,16444,./results/cp_sweep_intensity/logs/w56.oracleGeneral.bin.zst__sieve__Mithril__256mb__w100.log,ok
w56.oracleGeneral.bin.zst,oracleGeneral,sieve,Mithril,1gb,100,0.1112,0.3409,10899629,1127330,7073,3451,2683,939,2279116,4101,48,4053,./results/cp_sweep_intensity/logs/w56.oracleGeneral.bin.zst__sieve__Mithril__1gb__w100.log,ok
w56.oracleGeneral.bin.zst,oracleGeneral,lru,Mithril,1gb,10000,0.1636,0.3735,10899629,2030592,0,0,0,0,3764362,156359,18283,138076,./results/cp_sweep_intensity/logs/w56.oracleGeneral.bin.zst__lru__Mithril__1gb__w10000.log,ok
w56.oracleGeneral.bin.zst,oracleGeneral,sieve,Mithril,1gb,1000,0.1112,0.3409,10899629,1127330,81032,41572,29421,10039,2279116,40946,676,40270,./results/cp_sweep_intensity/logs/w56.oracleGeneral.bin.zst__sieve__Mithril__1gb__w1000.log,ok
w56.oracleGeneral.bin.zst,oracleGeneral,sieve,Mithril,256mb,1000,0.1946,0.4252,10899629,3446948,314439,176842,80159,57438,5552421,160327,2788,157539,./results/cp_sweep_intensity/logs/w56.oracleGeneral.bin.zst__sieve__Mithril__256mb__w1000.log,ok
w56.oracleGeneral.bin.zst,oracleGeneral,fifo,Mithril,16mb,10000,0.4553,0.6286,10899629,4400707,2927914,1875891,251352,800671,9362265,2892042,926292,1965750,./results/cp_sweep_intensity/logs/w56.oracleGeneral.bin.zst__fifo__Mithril__16mb__w10000.log,ok
w57.oracleGeneral.bin.zst,oracleGeneral,lru,Mithril,16mb,100,0.4681,0.6429,10554725,4601703,3673,2445,231,997,9540593,173327,15218,158109,./results/cp_sweep_intensity/logs/w57.oracleGeneral.bin.zst__lru__Mithril__16mb__w100.log,ok
w56.oracleGeneral.bin.zst,oracleGeneral,sieve,Mithril,64mb,1000,0.2437,0.4813,10899629,5342019,1408141,941501,190658,275982,7992467,583399,7984,575415,./results/cp_sweep_intensity/logs/w56.oracleGeneral.bin.zst__sieve__Mithril__64mb__w1000.log,ok
w56.oracleGeneral.bin.zst,oracleGeneral,sieve,Mithril,1gb,10000,0.1112,0.3409,10899629,1127330,397429,186568,172496,38365,2279116,187898,2079,185819,./results/cp_sweep_intensity/logs/w56.oracleGeneral.bin.zst__sieve__Mithril__1gb__w10000.log,ok
w57.oracleGeneral.bin.zst,oracleGeneral,lru,Mithril,64mb,100,0.3373,0.5423,10554725,5777535,0,0,0,0,9333552,81764,5658,76106,./results/cp_sweep_intensity/logs/w57.oracleGeneral.bin.zst__lru__Mithril__64mb__w100.log,ok
w57.oracleGeneral.bin.zst,oracleGeneral,lru,Mithril,256mb,100,0.2609,0.4834,10554725,4594929,0,0,0,0,7334634,19960,486,19474,./results/cp_sweep_intensity/logs/w57.oracleGeneral.bin.zst__lru__Mithril__256mb__w100.log,ok
w57.oracleGeneral.bin.zst,oracleGeneral,lru,Mithril,16mb,1000,0.4681,0.6429,10554725,4601703,158274,107423,10122,40729,9540593,1301606,274605,1027001,./results/cp_sweep_intensity/logs/w57.oracleGeneral.bin.zst__lru__Mithril__16mb__w1000.log,ok
w57.oracleGeneral.bin.zst,oracleGeneral,lru,Mithril,1gb,100,0.1972,0.4043,10554725,2697803,0,0,0,0,4731051,4057,245,3812,./results/cp_sweep_intensity/logs/w57.oracleGeneral.bin.zst__lru__Mithril__1gb__w100.log,ok
w56.oracleGeneral.bin.zst,oracleGeneral,fifo,Mithril,1gb,10000,0.1783,0.3858,10899629,2164884,0,0,0,0,4057974,264727,53050,211677,./results/cp_sweep_intensity/logs/w56.oracleGeneral.bin.zst__fifo__Mithril__1gb__w10000.log,ok
w57.oracleGeneral.bin.zst,oracleGeneral,lru,Mithril,1gb,1000,0.1972,0.4043,10554725,2697803,0,0,0,0,4731051,37690,2305,35385,./results/cp_sweep_intensity/logs/w57.oracleGeneral.bin.zst__lru__Mithril__1gb__w1000.log,ok
w57.oracleGeneral.bin.zst,oracleGeneral,fifo,Mithril,16mb,100,0.4899,0.6520,10554725,4773823,3692,2505,215,972,9943571,198735,27300,171435,./results/cp_sweep_intensity/logs/w57.oracleGeneral.bin.zst__fifo__Mithril__16mb__w100.log,ok
w57.oracleGeneral.bin.zst,oracleGeneral,lru,Mithril,256mb,1000,0.2609,0.4834,10554725,4594929,0,0,0,0,7334634,196836,9051,187785,./results/cp_sweep_intensity/logs/w57.oracleGeneral.bin.zst__lru__Mithril__256mb__w1000.log,ok
w57.oracleGeneral.bin.zst,oracleGeneral,lru,Mithril,64mb,1000,0.3373,0.5423,10554725,5777535,473,319,39,115,9333552,683387,103125,580262,./results/cp_sweep_intensity/logs/w57.oracleGeneral.bin.zst__lru__Mithril__64mb__w1000.log,ok
w57.oracleGeneral.bin.zst,oracleGeneral,lru,Mithril,16mb,10000,0.4681,0.6429,10554725,4601703,3383756,2317420,200806,865530,9540593,3156909,777892,2379017,./results/cp_sweep_intensity/logs/w57.oracleGeneral.bin.zst__lru__Mithril__16mb__w10000.log,ok
w57.oracleGeneral.bin.zst,oracleGeneral,fifo,Mithril,64mb,100,0.3615,0.5513,10554725,5950863,0,0,0,0,9761578,115828,17279,98549,./results/cp_sweep_intensity/logs/w57.oracleGeneral.bin.zst__fifo__Mithril__64mb__w100.log,ok
w56.oracleGeneral.bin.zst,oracleGeneral,sieve,Mithril,64mb,10000,0.2437,0.4813,10899629,5342019,4712776,3216202,617369,879205,7992467,2240772,70178,2170594,./results/cp_sweep_intensity/logs/w56.oracleGeneral.bin.zst__sieve__Mithril__64mb__w10000.log,ok
w57.oracleGeneral.bin.zst,oracleGeneral,fifo,Mithril,16mb,1000,0.4899,0.6520,10554725,4773823,159492,106859,10517,42116,9943571,1431607,346383,1085224,./results/cp_sweep_intensity/logs/w57.oracleGeneral.bin.zst__fifo__Mithril__16mb__w1000.log,ok
w57.oracleGeneral.bin.zst,oracleGeneral,fifo,Mithril,256mb,100,0.2877,0.4965,10554725,4560445,0,0,0,0,7583428,33877,3432,30445,./results/cp_sweep_intensity/logs/w57.oracleGeneral.bin.zst__fifo__Mithril__256mb__w100.log,ok
w57.oracleGeneral.bin.zst,oracleGeneral,fifo,Mithril,1gb,100,0.2125,0.4146,10554725,2756104,0,0,0,0,4951158,7052,651,6401,./results/cp_sweep_intensity/logs/w57.oracleGeneral.bin.zst__fifo__Mithril__1gb__w100.log,ok
w57.oracleGeneral.bin.zst,oracleGeneral,fifo,Mithril,1gb,1000,0.2125,0.4146,10554725,2756104,0,0,0,0,4951158,64728,8870,55858,./results/cp_sweep_intensity/logs/w57.oracleGeneral.bin.zst__fifo__Mithril__1gb__w1000.log,ok
w57.oracleGeneral.bin.zst,oracleGeneral,fifo,Mithril,64mb,1000,0.3615,0.5513,10554725,5950863,322,222,31,69,9761578,874632,220300,654332,./results/cp_sweep_intensity/logs/w57.oracleGeneral.bin.zst__fifo__Mithril__64mb__w1000.log,ok
w56.oracleGeneral.bin.zst,oracleGeneral,sieve,Mithril,256mb,10000,0.1946,0.4252,10899629,3446948,1830023,1129499,403506,297018,5552421,731476,32100,699376,./results/cp_sweep_intensity/logs/w56.oracleGeneral.bin.zst__sieve__Mithril__256mb__w10000.log,ok
w57.oracleGeneral.bin.zst,oracleGeneral,fifo,Mithril,256mb,1000,0.2877,0.4965,10554725,4560445,0,0,0,0,7583428,285215,51893,233322,./results/cp_sweep_intensity/logs/w57.oracleGeneral.bin.zst__fifo__Mithril__256mb__w1000.log,ok
w57.oracleGeneral.bin.zst,oracleGeneral,fifo,Mithril,16mb,10000,0.4899,0.6520,10554725,4773823,3415474,2307073,214151,894250,9943571,3333626,918260,2415366,./results/cp_sweep_intensity/logs/w57.oracleGeneral.bin.zst__fifo__Mithril__16mb__w10000.log,ok
w57.oracleGeneral.bin.zst,oracleGeneral,sieve,Mithril,16mb,100,0.3717,0.6099,10554725,4784648,434307,321294,47343,65670,8706802,137817,2300,135517,./results/cp_sweep_intensity/logs/w57.oracleGeneral.bin.zst__sieve__Mithril__16mb__w100.log,ok
w56.oracleGeneral.bin.zst,oracleGeneral,lru,Mithril,256mb,10000,0.2146,0.4396,10899629,3748376,45992,25536,11169,9287,6072576,784225,83045,701180,./results/cp_sweep_intensity/logs/w56.oracleGeneral.bin.zst__lru__Mithril__256mb__w10000.log,ok
w57.oracleGeneral.bin.zst,oracleGeneral,sieve,Mithril,64mb,100,0.2837,0.5223,10554725,6311295,252732,174594,30305,47833,9300854,82559,1169,81390,./results/cp_sweep_intensity/logs/w57.oracleGeneral.bin.zst__sieve__Mithril__64mb__w100.log,ok
w50.oracleGeneral.bin.zst,oracleGeneral,sieve,Mithril,256mb,10000,0.3142,0.5304,13448032,13404560,3617790,1560150,248169,1809471,17619433,1177146,345831,831315,./results/cp_sweep_intensity/logs/w50.oracleGeneral.bin.zst__sieve__Mithril__256mb__w10000.log,ok
w57.oracleGeneral.bin.zst,oracleGeneral,sieve,Mithril,16mb,1000,0.3717,0.6099,10554725,4784648,3267887,2437732,359943,470212,8706802,1129068,28072,1100996,./results/cp_sweep_intensity/logs/w57.oracleGeneral.bin.zst__sieve__Mithril__16mb__w1000.log,ok
w57.oracleGeneral.bin.zst,oracleGeneral,sieve,Mithril,16mb,10000,0.3717,0.6099,10554725,4784648,4290973,3201608,465590,623775,8706802,3243791,96206,3147585,./results/cp_sweep_intensity/logs/w57.oracleGeneral.bin.zst__sieve__Mithril__16mb__w10000.log,ok
w57.oracleGeneral.bin.zst,oracleGeneral,sieve,Mithril,256mb,100,0.2356,0.4688,10554725,4552865,58620,36218,9633,12769,7024189,23708,393,23315,./results/cp_sweep_intensity/logs/w57.oracleGeneral.bin.zst__sieve__Mithril__256mb__w100.log,ok
w56.oracleGeneral.bin.zst,oracleGeneral,fifo,Mithril,256mb,10000,0.2459,0.4560,10899629,3774899,34468,18607,8463,7398,6439648,986875,305774,681101,./results/cp_sweep_intensity/logs/w56.oracleGeneral.bin.zst__fifo__Mithril__256mb__w10000.log,ok
w57.oracleGeneral.bin.zst,oracleGeneral,sieve,Mithril,1gb,100,0.1511,0.3712,10554725,1967366,13204,6937,3957,2310,3502755,4339,74,4265,./results/cp_sweep_intensity/logs/w57.oracleGeneral.bin.zst__sieve__Mithril__1gb__w100.log,ok
w57.oracleGeneral.bin.zst,oracleGeneral,lru,Mithril,1gb,10000,0.1972,0.4043,10554725,2697803,0,0,0,0,4731051,244711,25594,219117,./results/cp_sweep_intensity/logs/w57.oracleGeneral.bin.zst__lru__Mithril__1gb__w10000.log,ok
w58.oracleGeneral.bin.zst,oracleGeneral,lru,Mithril,16mb,100,,,,,,,,,,,,,./results/cp_sweep_intensity/logs/w58.oracleGeneral.bin.zst__lru__Mithril__16mb__w100.log,fail:134
w56.oracleGeneral.bin.zst,oracleGeneral,lru,Mithril,64mb,10000,0.3015,0.5050,10899629,5307233,3808631,2549789,498650,760192,8588510,2451576,693648,1757928,./results/cp_sweep_intensity/logs/w56.oracleGeneral.bin.zst__lru__Mithril__64mb__w10000.log,ok
w57.oracleGeneral.bin.zst,oracleGeneral,sieve,Mithril,1gb,1000,0.1511,0.3712,10554725,1967366,115161,61871,35084,18206,3502755,41843,737,41106,./results/cp_sweep_intensity/logs/w57.oracleGeneral.bin.zst__sieve__Mithril__1gb__w1000.log,ok
w58.oracleGeneral.bin.zst,oracleGeneral,lru,Mithril,64mb,100,,,,,,,,,,,,,./results/cp_sweep_intensity/logs/w58.oracleGeneral.bin.zst__lru__Mithril__64mb__w100.log,fail:134
w57.oracleGeneral.bin.zst,oracleGeneral,sieve,Mithril,64mb,1000,0.2837,0.5223,10554725,6311295,2089263,1451331,250147,387785,9300854,682263,8990,673273,./results/cp_sweep_intensity/logs/w57.oracleGeneral.bin.zst__sieve__Mithril__64mb__w1000.log,ok
w57.oracleGeneral.bin.zst,oracleGeneral,sieve,Mithril,256mb,1000,0.2356,0.4688,10554725,4552865,495537,315577,81220,98740,7024189,220625,3111,217514,./results/cp_sweep_intensity/logs/w57.oracleGeneral.bin.zst__sieve__Mithril__256mb__w1000.log,ok
w58.oracleGeneral.bin.zst,oracleGeneral,lru,Mithril,64mb,1000,,,,,,,,,,,,,./results/cp_sweep_intensity/logs/w58.oracleGeneral.bin.zst__lru__Mithril__64mb__w1000.log,fail:134
w58.oracleGeneral.bin.zst,oracleGeneral,lru,Mithril,16mb,10000,,,,,,,,,,,,,./results/cp_sweep_intensity/logs/w58.oracleGeneral.bin.zst__lru__Mithril__16mb__w10000.log,fail:134
w58.oracleGeneral.bin.zst,oracleGeneral,lru,Mithril,16mb,1000,,,,,,,,,,,,,./results/cp_sweep_intensity/logs/w58.oracleGeneral.bin.zst__lru__Mithril__16mb__w1000.log,fail:134
w58.oracleGeneral.bin.zst,oracleGeneral,lru,Mithril,256mb,100,0.3252,0.3481,10530695,4520513,0,0,0,0,7936903,22022,3558,18464,./results/cp_sweep_intensity/logs/w58.oracleGeneral.bin.zst__lru__Mithril__256mb__w100.log,ok
w58.oracleGeneral.bin.zst,oracleGeneral,lru,Mithril,1gb,100,0.2722,0.2933,10530695,3242151,0,0,0,0,6071262,2464,339,2125,./results/cp_sweep_intensity/logs/w58.oracleGeneral.bin.zst__lru__Mithril__1gb__w100.log,ok
w58.oracleGeneral.bin.zst,oracleGeneral,fifo,Mithril,16mb,100,,,,,,,,,,,,,./results/cp_sweep_intensity/logs/w58.oracleGeneral.bin.zst__fifo__Mithril__16mb__w100.log,fail:134
w58.oracleGeneral.bin.zst,oracleGeneral,lru,Mithril,1gb,1000,0.2722,0.2933,10530695,3242151,0,0,0,0,6071262,19826,2726,17100,./results/cp_sweep_intensity/logs/w58.oracleGeneral.bin.zst__lru__Mithril__1gb__w1000.log,ok
w56.oracleGeneral.bin.zst,oracleGeneral,fifo,Mithril,64mb,10000,0.3310,0.5181,10899629,5514553,3523206,2305659,489683,727864,9117665,2697553,1071018,1626535,./results/cp_sweep_intensity/logs/w56.oracleGeneral.bin.zst__fifo__Mithril__64mb__w10000.log,ok
w58.oracleGeneral.bin.zst,oracleGeneral,lru,Mithril,256mb,1000,0.3252,0.3481,10530695,4520513,0,0,0,0,7936903,161263,28553,132710,./results/cp_sweep_intensity/logs/w58.oracleGeneral.bin.zst__lru__Mithril__256mb__w1000.log,ok
w58.oracleGeneral.bin.zst,oracleGeneral,fifo,Mithril,64mb,100,,,,,,,,,,,,,./results/cp_sweep_intensity/logs/w58.oracleGeneral.bin.zst__fifo__Mithril__64mb__w100.log,fail:134
w30.oracleGeneral.bin.zst,oracleGeneral,lru,Mithril,256mb,10000,,,,,,,,,,,,,./results/cp_sweep_intensity/logs/w30.oracleGeneral.bin.zst__lru__Mithril__256mb__w10000.log,fail:134
w57.oracleGeneral.bin.zst,oracleGeneral,sieve,Mithril,1gb,10000,0.1511,0.3712,10554725,1967366,568581,339447,154033,75101,3502755,204599,5911,198688,./results/cp_sweep_intensity/logs/w57.oracleGeneral.bin.zst__sieve__Mithril__1gb__w10000.log,ok
w58.oracleGeneral.bin.zst,oracleGeneral,lru,Mithril,64mb,10000,,,,,,,,,,,,,./results/cp_sweep_intensity/logs/w58.oracleGeneral.bin.zst__lru__Mithril__64mb__w10000.log,fail:134
w57.oracleGeneral.bin.zst,oracleGeneral,fifo,Mithril,1gb,10000,0.2125,0.4146,10554725,2756104,0,0,0,0,4951158,331059,64721,266338,./results/cp_sweep_intensity/logs/w57.oracleGeneral.bin.zst__fifo__Mithril__1gb__w10000.log,ok
w58.oracleGeneral.bin.zst,oracleGeneral,fifo,Mithril,16mb,1000,,,,,,,,,,,,,./results/cp_sweep_intensity/logs/w58.oracleGeneral.bin.zst__fifo__Mithril__16mb__w1000.log,fail:134
w50.oracleGeneral.bin.zst,oracleGeneral,lru,Mithril,1gb,10000,0.2518,0.3912,13448032,12237426,30418,9348,1551,19519,15580690,110979,13600,97379,./results/cp_sweep_intensity/logs/w50.oracleGeneral.bin.zst__lru__Mithril__1gb__w10000.log,ok
w58.oracleGeneral.bin.zst,oracleGeneral,fifo,Mithril,64mb,1000,,,,,,,,,,,,,./results/cp_sweep_intensity/logs/w58.oracleGeneral.bin.zst__fifo__Mithril__64mb__w1000.log,fail:134
w58.oracleGeneral.bin.zst,oracleGeneral,fifo,Mithril,256mb,100,0.3364,0.3569,10530695,4595860,0,0,0,0,8130456,29608,7251,22357,./results/cp_sweep_intensity/logs/w58.oracleGeneral.bin.zst__fifo__Mithril__256mb__w100.log,ok
w58.oracleGeneral.bin.zst,oracleGeneral,fifo,Mithril,16mb,10000,,,,,,,,,,,,,./results/cp_sweep_intensity/logs/w58.oracleGeneral.bin.zst__fifo__Mithril__16mb__w10000.log,fail:134
w58.oracleGeneral.bin.zst,oracleGeneral,fifo,Mithril,1gb,100,0.2802,0.3028,10530695,3334298,0,0,0,0,6247849,4373,926,3447,./results/cp_sweep_intensity/logs/w58.oracleGeneral.bin.zst__fifo__Mithril__1gb__w100.log,ok
w57.oracleGeneral.bin.zst,oracleGeneral,sieve,Mithril,64mb,10000,0.2837,0.5223,10554725,6311295,5626784,3986587,620779,1019418,9300854,2452806,61843,2390963,./results/cp_sweep_intensity/logs/w57.oracleGeneral.bin.zst__sieve__Mithril__64mb__w10000.log,ok
w58.oracleGeneral.bin.zst,oracleGeneral,sieve,Mithril,16mb,100,,,,,,,,,,,,,./results/cp_sweep_intensity/logs/w58.oracleGeneral.bin.zst__sieve__Mithril__16mb__w100.log,fail:134
w50.oracleGeneral.bin.zst,oracleGeneral,sieve,Mithril,1gb,10000,0.2761,0.4096,13448032,12637012,1065453,462210,82201,521042,16292231,430770,113830,316940,./results/cp_sweep_intensity/logs/w50.oracleGeneral.bin.zst__sieve__Mithril__1gb__w10000.log,ok
w50.oracleGeneral.bin.zst,oracleGeneral,fifo,Mithril,1gb,10000,0.2517,0.3908,13448032,12328194,30590,9178,1591,19821,15670831,168828,14920,153908,./results/cp_sweep_intensity/logs/w50.oracleGeneral.bin.zst__fifo__Mithril__1gb__w10000.log,ok
w58.oracleGeneral.bin.zst,oracleGeneral,fifo,Mithril,1gb,1000,0.2802,0.3028,10530695,3334298,0,0,0,0,6247849,35432,9703,25729,./results/cp_sweep_intensity/logs/w58.oracleGeneral.bin.zst__fifo__Mithril__1gb__w1000.log,ok
w58.oracleGeneral.bin.zst,oracleGeneral,sieve,Mithril,64mb,100,,,,,,,,,,,,,./results/cp_sweep_intensity/logs/w58.oracleGeneral.bin.zst__sieve__Mithril__64mb__w100.log,fail:134
w58.oracleGeneral.bin.zst,oracleGeneral,sieve,Mithril,16mb,1000,,,,,,,,,,,,,./results/cp_sweep_intensity/logs/w58.oracleGeneral.bin.zst__sieve__Mithril__16mb__w1000.log,fail:134
w58.oracleGeneral.bin.zst,oracleGeneral,sieve,Mithril,16mb,10000,,,,,,,,,,,,,./results/cp_sweep_intensity/logs/w58.oracleGeneral.bin.zst__sieve__Mithril__16mb__w10000.log,fail:134
w58.oracleGeneral.bin.zst,oracleGeneral,fifo,Mithril,256mb,1000,0.3364,0.3569,10530695,4595860,0,0,0,0,8130456,220867,71570,149297,./results/cp_sweep_intensity/logs/w58.oracleGeneral.bin.zst__fifo__Mithril__256mb__w1000.log,ok
w58.oracleGeneral.bin.zst,oracleGeneral,sieve,Mithril,64mb,1000,,,,,,,,,,,,,./results/cp_sweep_intensity/logs/w58.oracleGeneral.bin.zst__sieve__Mithril__64mb__w1000.log,fail:134
w58.oracleGeneral.bin.zst,oracleGeneral,sieve,Mithril,256mb,100,0.3267,0.3454,10530695,4943131,72443,41553,14100,16790,8373955,72850,1493,71357,./results/cp_sweep_intensity/logs/w58.oracleGeneral.bin.zst__sieve__Mithril__256mb__w100.log,ok
w58.oracleGeneral.bin.zst,oracleGeneral,sieve,Mithril,1gb,100,0.2740,0.2996,10530695,3426446,11839,5035,3757,3047,6280224,13152,232,12920,./results/cp_sweep_intensity/logs/w58.oracleGeneral.bin.zst__sieve__Mithril__1gb__w100.log,ok
w59.oracleGeneral.bin.zst,oracleGeneral,lru,Mithril,16mb,100,0.9585,0.9402,10223136,1778071,0,0,0,0,11576285,12978,1189,11789,./results/cp_sweep_intensity/logs/w59.oracleGeneral.bin.zst__lru__Mithril__16mb__w100.log,ok
w58.oracleGeneral.bin.zst,oracleGeneral,sieve,Mithril,1gb,1000,0.2740,0.2996,10530695,3426446,94979,40550,30344,24085,6280224,77269,2429,74840,./results/cp_sweep_intensity/logs/w58.oracleGeneral.bin.zst__sieve__Mithril__1gb__w1000.log,ok
w58.oracleGeneral.bin.zst,oracleGeneral,sieve,Mithril,64mb,10000,,,,,,,,,,,,,./results/cp_sweep_intensity/logs/w58.oracleGeneral.bin.zst__sieve__Mithril__64mb__w10000.log,fail:134
w58.oracleGeneral.bin.zst,oracleGeneral,fifo,Mithril,64mb,10000,,,,,,,,,,,,,./results/cp_sweep_intensity/logs/w58.oracleGeneral.bin.zst__fifo__Mithril__64mb__w10000.log,fail:134
w59.oracleGeneral.bin.zst,oracleGeneral,lru,Mithril,16mb,1000,0.9585,0.9402,10223136,1778071,295272,252268,20654,22350,11576285,85543,10062,75481,./results/cp_sweep_intensity/logs/w59.oracleGeneral.bin.zst__lru__Mithril__16mb__w1000.log,ok
w57.oracleGeneral.bin.zst,oracleGeneral,lru,Mithril,64mb,10000,0.3373,0.5423,10554725,5777535,4376252,3142567,394543,839142,9333552,2256562,606025,1650537,./results/cp_sweep_intensity/logs/w57.oracleGeneral.bin.zst__lru__Mithril__64mb__w10000.log,ok
w58.oracleGeneral.bin.zst,oracleGeneral,sieve,Mithril,256mb,1000,0.3267,0.3454,10530695,4943131,549991,326360,106116,117515,8373955,410769,14060,396709,./results/cp_sweep_intensity/logs/w58.oracleGeneral.bin.zst__sieve__Mithril__256mb__w1000.log,ok
w59.oracleGeneral.bin.zst,oracleGeneral,lru,Mithril,16mb,10000,0.9585,0.9402,10223136,1778071,1491617,1137873,253430,100314,11576285,448952,61291,387661,./results/cp_sweep_intensity/logs/w59.oracleGeneral.bin.zst__lru__Mithril__16mb__w10000.log,ok
w58.oracleGeneral.bin.zst,oracleGeneral,lru,Mithril,1gb,10000,0.2722,0.2933,10530695,3242151,0,0,0,0,6071262,122452,22219,100233,./results/cp_sweep_intensity/logs/w58.oracleGeneral.bin.zst__lru__Mithril__1gb__w10000.log,ok
w59.oracleGeneral.bin.zst,oracleGeneral,lru,Mithril,64mb,100,0.8711,0.8440,10223136,4720938,0,0,0,0,13620990,12272,951,11321,./results/cp_sweep_intensity/logs/w59.oracleGeneral.bin.zst__lru__Mithril__64mb__w100.log,ok
w59.oracleGeneral.bin.zst,oracleGeneral,fifo,Mithril,16mb,100,0.9599,0.9424,10223136,1780643,0,0,0,0,11593135,12768,1188,11580,./results/cp_sweep_intensity/logs/w59.oracleGeneral.bin.zst__fifo__Mithril__16mb__w100.log,ok
w59.oracleGeneral.bin.zst,oracleGeneral,lru,Mithril,1gb,100,0.4927,0.4523,10223136,7023760,0,0,0,0,11973040,4401,320,4081,./results/cp_sweep_intensity/logs/w59.oracleGeneral.bin.zst__lru__Mithril__1gb__w100.log,ok
w59.oracleGeneral.bin.zst,oracleGeneral,fifo,Mithril,16mb,1000,0.9599,0.9424,10223136,1780643,291947,248972,20693,22282,11593135,85734,10747,74987,./results/cp_sweep_intensity/logs/w59.oracleGeneral.bin.zst__fifo__Mithril__16mb__w1000.log,ok
w59.oracleGeneral.bin.zst,oracleGeneral,lru,Mithril,256mb,100,0.6583,0.6606,10223136,10108618,0,0,0,0,16817837,14022,778,13244,./results/cp_sweep_intensity/logs/w59.oracleGeneral.bin.zst__lru__Mithril__256mb__w100.log,ok
w59.oracleGeneral.bin.zst,oracleGeneral,fifo,Mithril,16mb,10000,0.9599,0.9424,10223136,1780643,1491515,1137973,253620,99922,11593135,449872,61839,388033,./results/cp_sweep_intensity/logs/w59.oracleGeneral.bin.zst__fifo__Mithril__16mb__w10000.log,ok
w59.oracleGeneral.bin.zst,oracleGeneral,lru,Mithril,64mb,1000,0.8711,0.8440,10223136,4720938,0,0,0,0,13620990,107709,10778,96931,./results/cp_sweep_intensity/logs/w59.oracleGeneral.bin.zst__lru__Mithril__64mb__w1000.log,ok
w30.oracleGeneral.bin.zst,oracleGeneral,fifo,Mithril,256mb,10000,,,,,,,,,,,,,./results/cp_sweep_intensity/logs/w30.oracleGeneral.bin.zst__fifo__Mithril__256mb__w10000.log,fail:134
w59.oracleGeneral.bin.zst,oracleGeneral,fifo,Mithril,64mb,100,0.8747,0.8500,10223136,4735130,0,0,0,0,13672033,13049,1134,11915,./results/cp_sweep_intensity/logs/w59.oracleGeneral.bin.zst__fifo__Mithril__64mb__w100.log,ok
w57.oracleGeneral.bin.zst,oracleGeneral,fifo,Mithril,64mb,10000,0.3615,0.5513,10554725,5950863,4178476,2966060,387512,824904,9761578,2470054,926929,1543125,./results/cp_sweep_intensity/logs/w57.oracleGeneral.bin.zst__fifo__Mithril__64mb__w10000.log,ok
w57.oracleGeneral.bin.zst,oracleGeneral,lru,Mithril,256mb,10000,0.2609,0.4834,10554725,4594929,48272,28898,9728,9646,7334634,891275,115951,775324,./results/cp_sweep_intensity/logs/w57.oracleGeneral.bin.zst__lru__Mithril__256mb__w10000.log,ok
w58.oracleGeneral.bin.zst,oracleGeneral,fifo,Mithril,1gb,10000,0.2802,0.3028,10530695,3334298,0,0,0,0,6247849,183248,58765,124483,./results/cp_sweep_intensity/logs/w58.oracleGeneral.bin.zst__fifo__Mithril__1gb__w10000.log,ok
w57.oracleGeneral.bin.zst,oracleGeneral,sieve,Mithril,256mb,10000,0.2356,0.4688,10554725,4552865,2900714,1918883,456748,525083,7024189,993252,32610,960642,./results/cp_sweep_intensity/logs/w57.oracleGeneral.bin.zst__sieve__Mithril__256mb__w10000.log,ok
w58.oracleGeneral.bin.zst,oracleGeneral,sieve,Mithril,1gb,10000,0.2740,0.2996,10530695,3426446,416867,187423,138407,91037,6280224,259910,19039,240871,./results/cp_sweep_intensity/logs/w58.oracleGeneral.bin.zst__sieve__Mithril__1gb__w10000.log,ok
w59.oracleGeneral.bin.zst,oracleGeneral,fifo,Mithril,1gb,100,0.5143,0.4836,10223136,7185480,0,0,0,0,12354814,5260,354,4906,./results/cp_sweep_intensity/logs/w59.oracleGeneral.bin.zst__fifo__Mithril__1gb__w100.log,ok
w59.oracleGeneral.bin.zst,oracleGeneral,fifo,Mithril,256mb,100,0.6632,0.6683,10223136,10133774,0,0,0,0,16892573,14402,801,13601,./results/cp_sweep_intensity/logs/w59.oracleGeneral.bin.zst__fifo__Mithril__256mb__w100.log,ok
w59.oracleGeneral.bin.zst,oracleGeneral,sieve,Mithril,16mb,100,0.9603,0.9435,10223136,1786334,198333,160786,26578,10969,11602581,14617,795,13822,./results/cp_sweep_intensity/logs/w59.oracleGeneral.bin.zst__sieve__Mithril__16mb__w100.log,ok
w59.oracleGeneral.bin.zst,oracleGeneral,sieve,Mithril,16mb,1000,0.9603,0.9435,10223136,1786334,1323248,1033699,216803,72746,11602581,102332,6054,96278,./results/cp_sweep_intensity/logs/w59.oracleGeneral.bin.zst__sieve__Mithril__16mb__w1000.log,ok
w59.oracleGeneral.bin.zst,oracleGeneral,lru,Mithril,1gb,1000,0.4927,0.4523,10223136,7023760,0,0,0,0,11973040,48382,4719,43663,./results/cp_sweep_intensity/logs/w59.oracleGeneral.bin.zst__lru__Mithril__1gb__w1000.log,ok
w59.oracleGeneral.bin.zst,oracleGeneral,fifo,Mithril,64mb,1000,0.8747,0.8500,10223136,4735130,0,0,0,0,13672033,111384,12461,98923,./results/cp_sweep_intensity/logs/w59.oracleGeneral.bin.zst__fifo__Mithril__64mb__w1000.log,ok
w59.oracleGeneral.bin.zst,oracleGeneral,sieve,Mithril,16mb,10000,0.9603,0.9435,10223136,1786334,1548677,1201131,261089,86457,11602581,474675,42317,432358,./results/cp_sweep_intensity/logs/w59.oracleGeneral.bin.zst__sieve__Mithril__16mb__w10000.log,ok
w59.oracleGeneral.bin.zst,oracleGeneral,sieve,Mithril,64mb,100,0.8654,0.8360,10223136,4763845,192186,147419,28917,15850,13606484,17867,990,16877,./results/cp_sweep_intensity/logs/w59.oracleGeneral.bin.zst__sieve__Mithril__64mb__w100.log,ok
w58.oracleGeneral.bin.zst,oracleGeneral,lru,Mithril,256mb,10000,0.3252,0.3481,10530695,4520513,173543,70149,72083,31311,7936903,684197,200535,483662,./results/cp_sweep_intensity/logs/w58.oracleGeneral.bin.zst__lru__Mithril__256mb__w10000.log,ok
w57.oracleGeneral.bin.zst,oracleGeneral,fifo,Mithril,256mb,10000,0.2877,0.4965,10554725,4560445,37279,21454,8174,7651,7583428,1054565,324739,729826,./results/cp_sweep_intensity/logs/w57.oracleGeneral.bin.zst__fifo__Mithril__256mb__w10000.log,ok
w60.oracleGeneral.bin.zst,oracleGeneral,lru,Mithril,16mb,100,,,,,,,,,,,,,./results/cp_sweep_intensity/logs/w60.oracleGeneral.bin.zst__lru__Mithril__16mb__w100.log,fail:134
w60.oracleGeneral.bin.zst,oracleGeneral,lru,Mithril,16mb,1000,,,,,,,,,,,,,./results/cp_sweep_intensity/logs/w60.oracleGeneral.bin.zst__lru__Mithril__16mb__w1000.log,fail:134
w60.oracleGeneral.bin.zst,oracleGeneral,lru,Mithril,16mb,10000,,,,,,,,,,,,,./results/cp_sweep_intensity/logs/w60.oracleGeneral.bin.zst__lru__Mithril__16mb__w10000.log,fail:134
w60.oracleGeneral.bin.zst,oracleGeneral,lru,Mithril,64mb,100,,,,,,,,,,,,,./results/cp_sweep_intensity/logs/w60.oracleGeneral.bin.zst__lru__Mithril__64mb__w100.log,fail:134
w58.oracleGeneral.bin.zst,oracleGeneral,sieve,Mithril,256mb,10000,0.3267,0.3454,10530695,4943131,2348792,1373923,550388,424481,8373955,1064250,90756,973494,./results/cp_sweep_intensity/logs/w58.oracleGeneral.bin.zst__sieve__Mithril__256mb__w10000.log,ok
w60.oracleGeneral.bin.zst,oracleGeneral,lru,Mithril,64mb,1000,,,,,,,,,,,,,./results/cp_sweep_intensity/logs/w60.oracleGeneral.bin.zst__lru__Mithril__64mb__w1000.log,fail:134
w60.oracleGeneral.bin.zst,oracleGeneral,lru,Mithril,256mb,100,,,,,,,,,,,,,./results/cp_sweep_intensity/logs/w60.oracleGeneral.bin.zst__lru__Mithril__256mb__w100.log,fail:134
w60.oracleGeneral.bin.zst,oracleGeneral,lru,Mithril,64mb,10000,,,,,,,,,,,,,./results/cp_sweep_intensity/logs/w60.oracleGeneral.bin.zst__lru__Mithril__64mb__w10000.log,fail:134
w60.oracleGeneral.bin.zst,oracleGeneral,lru,Mithril,256mb,1000,,,,,,,,,,,,,./results/cp_sweep_intensity/logs/w60.oracleGeneral.bin.zst__lru__Mithril__256mb__w1000.log,fail:134
w59.oracleGeneral.bin.zst,oracleGeneral,sieve,Mithril,256mb,100,0.6411,0.6315,10223136,10380108,118862,75931,30104,12827,16913395,17433,568,16865,./results/cp_sweep_intensity/logs/w59.oracleGeneral.bin.zst__sieve__Mithril__256mb__w100.log,ok
w59.oracleGeneral.bin.zst,oracleGeneral,sieve,Mithril,1gb,100,0.4974,0.4467,10223136,7808676,26500,14898,8203,3399,12808557,7943,313,7630,./results/cp_sweep_intensity/logs/w59.oracleGeneral.bin.zst__sieve__Mithril__1gb__w100.log,ok
w50.oracleGeneral.bin.zst,oracleGeneral,lru,Mithril,256mb,10000,0.2926,0.5141,13448032,13153958,401680,160738,39627,201315,17081381,889792,195053,694739,./results/cp_sweep_intensity/logs/w50.oracleGeneral.bin.zst__lru__Mithril__256mb__w10000.log,ok
w60.oracleGeneral.bin.zst,oracleGeneral,fifo,Mithril,16mb,100,,,,,,,,,,,,,./results/cp_sweep_intensity/logs/w60.oracleGeneral.bin.zst__fifo__Mithril__16mb__w100.log,fail:134
w60.oracleGeneral.bin.zst,oracleGeneral,lru,Mithril,256mb,10000,,,,,,,,,,,,,./results/cp_sweep_intensity/logs/w60.oracleGeneral.bin.zst__lru__Mithril__256mb__w10000.log,fail:134
w60.oracleGeneral.bin.zst,oracleGeneral,fifo,Mithril,16mb,1000,,,,,,,,,,,,,./results/cp_sweep_intensity/logs/w60.oracleGeneral.bin.zst__fifo__Mithril__16mb__w1000.log,fail:134
w60.oracleGeneral.bin.zst,oracleGeneral,fifo,Mithril,16mb,10000,,,,,,,,,,,,,./results/cp_sweep_intensity/logs/w60.oracleGeneral.bin.zst__fifo__Mithril__16mb__w10000.log,fail:134
w59.oracleGeneral.bin.zst,oracleGeneral,sieve,Mithril,64mb,1000,0.8654,0.8360,10223136,4763845,1508207,1124571,258551,125085,13606484,141057,8534,132523,./results/cp_sweep_intensity/logs/w59.oracleGeneral.bin.zst__sieve__Mithril__64mb__w1000.log,ok
w60.oracleGeneral.bin.zst,oracleGeneral,fifo,Mithril,64mb,100,,,,,,,,,,,,,./results/cp_sweep_intensity/logs/w60.oracleGeneral.bin.zst__fifo__Mithril__64mb__w100.log,fail:134
w60.oracleGeneral.bin.zst,oracleGeneral,fifo,Mithril,64mb,1000,,,,,,,,,,,,,./results/cp_sweep_intensity/logs/w60.oracleGeneral.bin.zst__fifo__Mithril__64mb__w1000.log,fail:134
w60.oracleGeneral.bin.zst,oracleGeneral,fifo,Mithril,64mb,10000,,,,,,,,,,,,,./results/cp_sweep_intensity/logs/w60.oracleGeneral.bin.zst__fifo__Mithril__64mb__w10000.log,fail:134
w60.oracleGeneral.bin.zst,oracleGeneral,fifo,Mithril,256mb,100,,,,,,,,,,,,,./results/cp_sweep_intensity/logs/w60.oracleGeneral.bin.zst__fifo__Mithril__256mb__w100.log,fail:134
w60.oracleGeneral.bin.zst,oracleGeneral,fifo,Mithril,256mb,1000,,,,,,,,,,,,,./results/cp_sweep_intensity/logs/w60.oracleGeneral.bin.zst__fifo__Mithril__256mb__w1000.log,fail:134
w60.oracleGeneral.bin.zst,oracleGeneral,lru,Mithril,1gb,100,0.3389,0.4487,9898835,5714720,0,0,0,0,9032329,771,64,707,./results/cp_sweep_intensity/logs/w60.oracleGeneral.bin.zst__lru__Mithril__1gb__w100.log,ok
w60.oracleGeneral.bin.zst,oracleGeneral,sieve,Mithril,16mb,100,,,,,,,,,,,,,./results/cp_sweep_intensity/logs/w60.oracleGeneral.bin.zst__sieve__Mithril__16mb__w100.log,fail:134
w60.oracleGeneral.bin.zst,oracleGeneral,fifo,Mithril,256mb,10000,,,,,,,,,,,,,./results/cp_sweep_intensity/logs/w60.oracleGeneral.bin.zst__fifo__Mithril__256mb__w10000.log,fail:134
w60.oracleGeneral.bin.zst,oracleGeneral,sieve,Mithril,16mb,1000,,,,,,,,,,,,,./results/cp_sweep_intensity/logs/w60.oracleGeneral.bin.zst__sieve__Mithril__16mb__w1000.log,fail:134
w59.oracleGeneral.bin.zst,oracleGeneral,fifo,Mithril,1gb,1000,0.5143,0.4836,10223136,7185480,0,0,0,0,12354814,51885,4493,47392,./results/cp_sweep_intensity/logs/w59.oracleGeneral.bin.zst__fifo__Mithril__1gb__w1000.log,ok
w60.oracleGeneral.bin.zst,oracleGeneral,sieve,Mithril,16mb,10000,,,,,,,,,,,,,./results/cp_sweep_intensity/logs/w60.oracleGeneral.bin.zst__sieve__Mithril__16mb__w10000.log,fail:134
w59.oracleGeneral.bin.zst,oracleGeneral,lru,Mithril,256mb,1000,0.6583,0.6606,10223136,10108618,0,0,0,0,16817837,138834,9608,129226,./results/cp_sweep_intensity/logs/w59.oracleGeneral.bin.zst__lru__Mithril__256mb__w1000.log,ok
w60.oracleGeneral.bin.zst,oracleGeneral,sieve,Mithril,64mb,100,,,,,,,,,,,,,./results/cp_sweep_intensity/logs/w60.oracleGeneral.bin.zst__sieve__Mithril__64mb__w100.log,fail:134
w60.oracleGeneral.bin.zst,oracleGeneral,sieve,Mithril,64mb,1000,,,,,,,,,,,,,./results/cp_sweep_intensity/logs/w60.oracleGeneral.bin.zst__sieve__Mithril__64mb__w1000.log,fail:134
w60.oracleGeneral.bin.zst,oracleGeneral,lru,Mithril,1gb,1000,0.3389,0.4487,9898835,5714720,0,0,0,0,9032329,7565,1624,5941,./results/cp_sweep_intensity/logs/w60.oracleGeneral.bin.zst__lru__Mithril__1gb__w1000.log,ok
w60.oracleGeneral.bin.zst,oracleGeneral,sieve,Mithril,64mb,10000,,,,,,,,,,,,,./results/cp_sweep_intensity/logs/w60.oracleGeneral.bin.zst__sieve__Mithril__64mb__w10000.log,fail:134
w60.oracleGeneral.bin.zst,oracleGeneral,sieve,Mithril,256mb,100,,,,,,,,,,,,,./results/cp_sweep_intensity/logs/w60.oracleGeneral.bin.zst__sieve__Mithril__256mb__w100.log,fail:134
w58.oracleGeneral.bin.zst,oracleGeneral,fifo,Mithril,256mb,10000,0.3364,0.3569,10530695,4595860,144592,56468,61285,26839,8130456,802387,314064,488323,./results/cp_sweep_intensity/logs/w58.oracleGeneral.bin.zst__fifo__Mithril__256mb__w10000.log,ok
w60.oracleGeneral.bin.zst,oracleGeneral,sieve,Mithril,256mb,1000,,,,,,,,,,,,,./results/cp_sweep_intensity/logs/w60.oracleGeneral.bin.zst__sieve__Mithril__256mb__w1000.log,fail:134
w60.oracleGeneral.bin.zst,oracleGeneral,fifo,Mithril,1gb,100,0.3405,0.4525,9898835,5726000,0,0,0,0,9061171,1423,480,943,./results/cp_sweep_intensity/logs/w60.oracleGeneral.bin.zst__fifo__Mithril__1gb__w100.log,ok
w60.oracleGeneral.bin.zst,oracleGeneral,sieve,Mithril,256mb,10000,,,,,,,,,,,,,./results/cp_sweep_intensity/logs/w60.oracleGeneral.bin.zst__sieve__Mithril__256mb__w10000.log,fail:134
w61.oracleGeneral.bin.zst,oracleGeneral,lru,Mithril,16mb,100,,,,,,,,,,,,,./results/cp_sweep_intensity/logs/w61.oracleGeneral.bin.zst__lru__Mithril__16mb__w100.log,fail:134
w61.oracleGeneral.bin.zst,oracleGeneral,lru,Mithril,16mb,1000,,,,,,,,,,,,,./results/cp_sweep_intensity/logs/w61.oracleGeneral.bin.zst__lru__Mithril__16mb__w1000.log,fail:134
w61.oracleGeneral.bin.zst,oracleGeneral,lru,Mithril,16mb,10000,,,,,,,,,,,,,./results/cp_sweep_intensity/logs/w61.oracleGeneral.bin.zst__lru__Mithril__16mb__w10000.log,fail:134
w61.oracleGeneral.bin.zst,oracleGeneral,lru,Mithril,64mb,100,,,,,,,,,,,,,./results/cp_sweep_intensity/logs/w61.oracleGeneral.bin.zst__lru__Mithril__64mb__w100.log,fail:134
w50.oracleGeneral.bin.zst,oracleGeneral,fifo,Mithril,256mb,10000,0.2927,0.5142,13448032,13195299,412777,161411,43267,208099,17124618,919085,204091,714994,./results/cp_sweep_intensity/logs/w50.oracleGeneral.bin.zst__fifo__Mithril__256mb__w10000.log,ok
w60.oracleGeneral.bin.zst,oracleGeneral,fifo,Mithril,1gb,1000,0.3405,0.4525,9898835,5726000,0,0,0,0,9061171,10146,3244,6902,./results/cp_sweep_intensity/logs/w60.oracleGeneral.bin.zst__fifo__Mithril__1gb__w1000.log,ok
w60.oracleGeneral.bin.zst,oracleGeneral,sieve,Mithril,1gb,100,0.3413,0.4549,9898835,5658590,7311,3339,1996,1976,8992383,2254,109,2145,./results/cp_sweep_intensity/logs/w60.oracleGeneral.bin.zst__sieve__Mithril__1gb__w100.log,ok
w61.oracleGeneral.bin.zst,oracleGeneral,lru,Mithril,64mb,1000,,,,,,,,,,,,,./results/cp_sweep_intensity/logs/w61.oracleGeneral.bin.zst__lru__Mithril__64mb__w1000.log,fail:134
w59.oracleGeneral.bin.zst,oracleGeneral,sieve,Mithril,64mb,10000,0.8654,0.8360,10223136,4763845,3907279,2842722,744284,320273,13606484,809164,73869,735295,./results/cp_sweep_intensity/logs/w59.oracleGeneral.bin.zst__sieve__Mithril__64mb__w10000.log,ok
w61.oracleGeneral.bin.zst,oracleGeneral,fifo,Mithril,16mb,100,,,,,,,,,,,,,./results/cp_sweep_intensity/logs/w61.oracleGeneral.bin.zst__fifo__Mithril__16mb__w100.log,fail:134
w60.oracleGeneral.bin.zst,oracleGeneral,sieve,Mithril,1gb,1000,0.3413,0.4549,9898835,5658590,40614,19950,10159,10505,8992383,16229,1879,14350,./results/cp_sweep_intensity/logs/w60.oracleGeneral.bin.zst__sieve__Mithril__1gb__w1000.log,ok
w61.oracleGeneral.bin.zst,oracleGeneral,fifo,Mithril,16mb,1000,,,,,,,,,,,,,./results/cp_sweep_intensity/logs/w61.oracleGeneral.bin.zst__fifo__Mithril__16mb__w1000.log,fail:134
w61.oracleGeneral.bin.zst,oracleGeneral,fifo,Mithril,16mb,10000,,,,,,,,,,,,,./results/cp_sweep_intensity/logs/w61.oracleGeneral.bin.zst__fifo__Mithril__16mb__w10000.log,fail:134
w61.oracleGeneral.bin.zst,oracleGeneral,fifo,Mithril,64mb,100,,,,,,,,,,,,,./results/cp_sweep_intensity/logs/w61.oracleGeneral.bin.zst__fifo__Mithril__64mb__w100.log,fail:134
w61.oracleGeneral.bin.zst,oracleGeneral,lru,Mithril,64mb,10000,,,,,,,,,,,,,./results/cp_sweep_intensity/logs/w61.oracleGeneral.bin.zst__lru__Mithril__64mb__w10000.log,fail:134
w61.oracleGeneral.bin.zst,oracleGeneral,lru,Mithril,1gb,100,0.5267,0.4751,9884691,6877368,0,0,0,0,12038162,7836,324,7512,./results/cp_sweep_intensity/logs/w61.oracleGeneral.bin.zst__lru__Mithril__1gb__w100.log,ok
w59.oracleGeneral.bin.zst,oracleGeneral,fifo,Mithril,256mb,1000,0.6632,0.6683,10223136,10133774,0,0,0,0,16892573,143623,11063,132560,./results/cp_sweep_intensity/logs/w59.oracleGeneral.bin.zst__fifo__Mithril__256mb__w1000.log,ok
w59.oracleGeneral.bin.zst,oracleGeneral,lru,Mithril,64mb,10000,0.8711,0.8440,10223136,4720938,3742689,2651501,718889,372299,13620990,769344,110339,659005,./results/cp_sweep_intensity/logs/w59.oracleGeneral.bin.zst__lru__Mithril__64mb__w10000.log,ok
w61.oracleGeneral.bin.zst,oracleGeneral,fifo,Mithril,64mb,1000,,,,,,,,,,,,,./results/cp_sweep_intensity/logs/w61.oracleGeneral.bin.zst__fifo__Mithril__64mb__w1000.log,fail:134
w61.oracleGeneral.bin.zst,oracleGeneral,lru,Mithril,256mb,100,0.6982,0.5991,9884691,9984265,0,0,0,0,16875157,26187,1179,25008,./results/cp_sweep_intensity/logs/w61.oracleGeneral.bin.zst__lru__Mithril__256mb__w100.log,ok
w59.oracleGeneral.bin.zst,oracleGeneral,sieve,Mithril,1gb,1000,0.4974,0.4467,10223136,7808676,285681,153452,95918,36311,12808557,74607,3602,71005,./results/cp_sweep_intensity/logs/w59.oracleGeneral.bin.zst__sieve__Mithril__1gb__w1000.log,ok
w61.oracleGeneral.bin.zst,oracleGeneral,sieve,Mithril,16mb,100,,,,,,,,,,,,,./results/cp_sweep_intensity/logs/w61.oracleGeneral.bin.zst__sieve__Mithril__16mb__w100.log,fail:134
w61.oracleGeneral.bin.zst,oracleGeneral,sieve,Mithril,16mb,1000,,,,,,,,,,,,,./results/cp_sweep_intensity/logs/w61.oracleGeneral.bin.zst__sieve__Mithril__16mb__w1000.log,fail:134
w61.oracleGeneral.bin.zst,oracleGeneral,fifo,Mithril,64mb,10000,,,,,,,,,,,,,./results/cp_sweep_intensity/logs/w61.oracleGeneral.bin.zst__fifo__Mithril__64mb__w10000.log,fail:134
w61.oracleGeneral.bin.zst,oracleGeneral,sieve,Mithril,16mb,10000,,,,,,,,,,,,,./results/cp_sweep_intensity/logs/w61.oracleGeneral.bin.zst__sieve__Mithril__16mb__w10000.log,fail:134
w60.oracleGeneral.bin.zst,oracleGeneral,lru,Mithril,1gb,10000,0.3389,0.4487,9898835,5714720,882,441,219,222,9032329,59261,15962,43299,./results/cp_sweep_intensity/logs/w60.oracleGeneral.bin.zst__lru__Mithril__1gb__w10000.log,ok
w61.oracleGeneral.bin.zst,oracleGeneral,sieve,Mithril,64mb,100,,,,,,,,,,,,,./results/cp_sweep_intensity/logs/w61.oracleGeneral.bin.zst__sieve__Mithril__64mb__w100.log,fail:134
w59.oracleGeneral.bin.zst,oracleGeneral,fifo,Mithril,64mb,10000,0.8747,0.8500,10223136,4735130,3747056,2653146,717453,376457,13672033,778865,117030,661835,./results/cp_sweep_intensity/logs/w59.oracleGeneral.bin.zst__fifo__Mithril__64mb__w10000.log,ok
w61.oracleGeneral.bin.zst,oracleGeneral,fifo,Mithril,1gb,100,0.5425,0.4858,9884691,6956313,0,0,0,0,12273006,8528,432,8096,./results/cp_sweep_intensity/logs/w61.oracleGeneral.bin.zst__fifo__Mithril__1gb__w100.log,ok
w61.oracleGeneral.bin.zst,oracleGeneral,sieve,Mithril,64mb,1000,,,,,,,,,,,,,./results/cp_sweep_intensity/logs/w61.oracleGeneral.bin.zst__sieve__Mithril__64mb__w1000.log,fail:134
w61.oracleGeneral.bin.zst,oracleGeneral,fifo,Mithril,256mb,100,0.6988,0.5994,9884691,9991618,0,0,0,0,16888652,25663,1602,24061,./results/cp_sweep_intensity/logs/w61.oracleGeneral.bin.zst__fifo__Mithril__256mb__w100.log,ok
w61.oracleGeneral.bin.zst,oracleGeneral,sieve,Mithril,64mb,10000,,,,,,,,,,,,,./results/cp_sweep_intensity/logs/w61.oracleGeneral.bin.zst__sieve__Mithril__64mb__w10000.log,fail:134
w60.oracleGeneral.bin.zst,oracleGeneral,fifo,Mithril,1gb,10000,0.3405,0.4525,9898835,5726000,1072,510,281,281,9061171,69327,22360,46967,./results/cp_sweep_intensity/logs/w60.oracleGeneral.bin.zst__fifo__Mithril__1gb__w10000.log,ok
w59.oracleGeneral.bin.zst,oracleGeneral,sieve,Mithril,256mb,1000,0.6411,0.6315,10223136,10380108,1058309,684032,260603,113674,16913395,164920,7604,157316,./results/cp_sweep_intensity/logs/w59.oracleGeneral.bin.zst__sieve__Mithril__256mb__w1000.log,ok
w60.oracleGeneral.bin.zst,oracleGeneral,sieve,Mithril,1gb,10000,0.3413,0.4549,9898835,5658590,212915,101649,55270,55996,8992383,86505,12136,74369,./results/cp_sweep_intensity/logs/w60.oracleGeneral.bin.zst__sieve__Mithril__1gb__w10000.log,ok
w62.oracleGeneral.bin.zst,oracleGeneral,lru,Mithril,16mb,100,0.9443,0.9331,9497745,260800,0,0,0,0,9228751,8001,532,7469,./results/cp_sweep_intensity/logs/w62.oracleGeneral.bin.zst__lru__Mithril__16mb__w100.log,ok
w62.oracleGeneral.bin.zst,oracleGeneral,lru,Mithril,16mb,1000,0.9443,0.9331,9497745,260800,28956,13184,12191,3581,9228751,35973,6125,29848,./results/cp_sweep_intensity/logs/w62.oracleGeneral.bin.zst__lru__Mithril__16mb__w1000.log,ok
w62.oracleGeneral.bin.zst,oracleGeneral,lru,Mithril,16mb,10000,0.9443,0.9331,9497745,260800,202502,100157,73250,29095,9228751,133158,32098,101060,./results/cp_sweep_intensity/logs/w62.oracleGeneral.bin.zst__lru__Mithril__16mb__w10000.log,ok
w61.oracleGeneral.bin.zst,oracleGeneral,lru,Mithril,1gb,1000,0.5267,0.4751,9884691,6877368,0,0,0,0,12038162,79188,4788,74400,./results/cp_sweep_intensity/logs/w61.oracleGeneral.bin.zst__lru__Mithril__1gb__w1000.log,ok
w62.oracleGeneral.bin.zst,oracleGeneral,lru,Mithril,64mb,100,0.9351,0.9112,9497745,243127,0,0,0,0,9121997,2662,277,2385,./results/cp_sweep_intensity/logs/w62.oracleGeneral.bin.zst__lru__Mithril__64mb__w100.log,ok
w61.oracleGeneral.bin.zst,oracleGeneral,sieve,Mithril,1gb,100,0.5858,0.5136,9884691,8440706,84277,53473,18080,12724,14196435,20562,340,20222,./results/cp_sweep_intensity/logs/w61.oracleGeneral.bin.zst__sieve__Mithril__1gb__w100.log,ok
w61.oracleGeneral.bin.zst,oracleGeneral,sieve,Mithril,256mb,100,0.7116,0.6093,9884691,10688077,336252,248142,48295,39815,17712560,46359,1253,45106,./results/cp_sweep_intensity/logs/w61.oracleGeneral.bin.zst__sieve__Mithril__256mb__w100.log,ok
w62.oracleGeneral.bin.zst,oracleGeneral,lru,Mithril,64mb,1000,0.9351,0.9112,9497745,243127,0,0,0,0,9121997,16803,2720,14083,./results/cp_sweep_intensity/logs/w62.oracleGeneral.bin.zst__lru__Mithril__64mb__w1000.log,ok
w62.oracleGeneral.bin.zst,oracleGeneral,lru,Mithril,256mb,1000,0.7726,0.7371,9497745,1573255,0,0,0,0,8896553,1098,106,992,./results/cp_sweep_intensity/logs/w62.oracleGeneral.bin.zst__lru__Mithril__256mb__w1000.log,ok
w62.oracleGeneral.bin.zst,oracleGeneral,lru,Mithril,256mb,100,0.7726,0.7371,9497745,1573255,0,0,0,0,8896553,146,4,142,./results/cp_sweep_intensity/logs/w62.oracleGeneral.bin.zst__lru__Mithril__256mb__w100.log,ok
w62.oracleGeneral.bin.zst,oracleGeneral,lru,Mithril,64mb,10000,0.9351,0.9112,9497745,243127,89018,33322,43546,12150,9121997,82727,27183,55544,./results/cp_sweep_intensity/logs/w62.oracleGeneral.bin.zst__lru__Mithril__64mb__w10000.log,ok
w62.oracleGeneral.bin.zst,oracleGeneral,lru,Mithril,1gb,100,0.6588,0.6295,9497745,2519195,0,0,0,0,8691399,51,13,38,./results/cp_sweep_intensity/logs/w62.oracleGeneral.bin.zst__lru__Mithril__1gb__w100.log,ok
w62.oracleGeneral.bin.zst,oracleGeneral,lru,Mithril,256mb,10000,0.7726,0.7371,9497745,1573255,0,0,0,0,8896553,7062,964,6098,./results/cp_sweep_intensity/logs/w62.oracleGeneral.bin.zst__lru__Mithril__256mb__w10000.log,ok
w62.oracleGeneral.bin.zst,oracleGeneral,lru,Mithril,1gb,10000,0.6588,0.6295,9497745,2519195,0,0,0,0,8691399,2268,367,1901,./results/cp_sweep_intensity/logs/w62.oracleGeneral.bin.zst__lru__Mithril__1gb__w10000.log,ok
w62.oracleGeneral.bin.zst,oracleGeneral,fifo,Mithril,16mb,100,0.9454,0.9339,9497745,262684,0,0,0,0,9241277,9395,2230,7165,./results/cp_sweep_intensity/logs/w62.oracleGeneral.bin.zst__fifo__Mithril__16mb__w100.log,ok
w62.oracleGeneral.bin.zst,oracleGeneral,lru,Mithril,1gb,1000,0.6588,0.6295,9497745,2519195,0,0,0,0,8691399,317,57,260,./results/cp_sweep_intensity/logs/w62.oracleGeneral.bin.zst__lru__Mithril__1gb__w1000.log,ok
w61.oracleGeneral.bin.zst,oracleGeneral,fifo,Mithril,1gb,1000,0.5425,0.4858,9884691,6956313,0,0,0,0,12273006,85312,5444,79868,./results/cp_sweep_intensity/logs/w61.oracleGeneral.bin.zst__fifo__Mithril__1gb__w1000.log,ok
w62.oracleGeneral.bin.zst,oracleGeneral,fifo,Mithril,16mb,1000,0.9454,0.9339,9497745,262684,24209,11103,10092,3014,9241277,38398,9963,28435,./results/cp_sweep_intensity/logs/w62.oracleGeneral.bin.zst__fifo__Mithril__16mb__w1000.log,ok
w62.oracleGeneral.bin.zst,oracleGeneral,fifo,Mithril,16mb,10000,0.9454,0.9339,9497745,262684,200102,98537,74996,26569,9241277,135441,36191,99250,./results/cp_sweep_intensity/logs/w62.oracleGeneral.bin.zst__fifo__Mithril__16mb__w10000.log,ok
w62.oracleGeneral.bin.zst,oracleGeneral,fifo,Mithril,64mb,100,0.9359,0.9130,9497745,247488,0,0,0,0,9133004,3532,820,2712,./results/cp_sweep_intensity/logs/w62.oracleGeneral.bin.zst__fifo__Mithril__64mb__w100.log,ok
w62.oracleGeneral.bin.zst,oracleGeneral,fifo,Mithril,64mb,1000,0.9359,0.9130,9497745,247488,0,0,0,0,9133004,19572,5518,14054,./results/cp_sweep_intensity/logs/w62.oracleGeneral.bin.zst__fifo__Mithril__64mb__w1000.log,ok
w62.oracleGeneral.bin.zst,oracleGeneral,fifo,Mithril,256mb,100,0.7736,0.7421,9497745,1588511,0,0,0,0,8921508,418,106,312,./results/cp_sweep_intensity/logs/w62.oracleGeneral.bin.zst__fifo__Mithril__256mb__w100.log,ok
w62.oracleGeneral.bin.zst,oracleGeneral,fifo,Mithril,64mb,10000,0.9359,0.9130,9497745,247488,73727,26555,37218,9954,9133004,86782,34474,52308,./results/cp_sweep_intensity/logs/w62.oracleGeneral.bin.zst__fifo__Mithril__64mb__w10000.log,ok
w62.oracleGeneral.bin.zst,oracleGeneral,fifo,Mithril,256mb,1000,0.7736,0.7421,9497745,1588511,0,0,0,0,8921508,2833,761,2072,./results/cp_sweep_intensity/logs/w62.oracleGeneral.bin.zst__fifo__Mithril__256mb__w1000.log,ok
w62.oracleGeneral.bin.zst,oracleGeneral,fifo,Mithril,256mb,10000,0.7736,0.7421,9497745,1588511,0,0,0,0,8921508,14154,5196,8958,./results/cp_sweep_intensity/logs/w62.oracleGeneral.bin.zst__fifo__Mithril__256mb__w10000.log,ok
w62.oracleGeneral.bin.zst,oracleGeneral,fifo,Mithril,1gb,100,0.6590,0.6301,9497745,2521708,0,0,0,0,8695613,57,12,45,./results/cp_sweep_intensity/logs/w62.oracleGeneral.bin.zst__fifo__Mithril__1gb__w100.log,ok
w62.oracleGeneral.bin.zst,oracleGeneral,fifo,Mithril,1gb,1000,0.6590,0.6301,9497745,2521708,0,0,0,0,8695613,435,69,366,./results/cp_sweep_intensity/logs/w62.oracleGeneral.bin.zst__fifo__Mithril__1gb__w1000.log,ok
w62.oracleGeneral.bin.zst,oracleGeneral,sieve,Mithril,16mb,100,0.9420,0.9364,9497745,229420,12742,6717,4881,1144,9175260,4194,187,4007,./results/cp_sweep_intensity/logs/w62.oracleGeneral.bin.zst__sieve__Mithril__16mb__w100.log,ok
w62.oracleGeneral.bin.zst,oracleGeneral,sieve,Mithril,16mb,1000,0.9420,0.9364,9497745,229420,141320,75712,52391,13217,9175260,22472,2089,20383,./results/cp_sweep_intensity/logs/w62.oracleGeneral.bin.zst__sieve__Mithril__16mb__w1000.log,ok
w62.oracleGeneral.bin.zst,oracleGeneral,sieve,Mithril,16mb,10000,0.9420,0.9364,9497745,229420,194410,105237,70629,18544,9175260,107805,15823,91982,./results/cp_sweep_intensity/logs/w62.oracleGeneral.bin.zst__sieve__Mithril__16mb__w10000.log,ok
w62.oracleGeneral.bin.zst,oracleGeneral,fifo,Mithril,1gb,10000,0.6590,0.6301,9497745,2521708,0,0,0,0,8695613,2832,654,2178,./results/cp_sweep_intensity/logs/w62.oracleGeneral.bin.zst__fifo__Mithril__1gb__w10000.log,ok
w62.oracleGeneral.bin.zst,oracleGeneral,sieve,Mithril,64mb,100,0.9322,0.8915,9497745,190062,2282,1302,778,202,9039759,1059,39,1020,./results/cp_sweep_intensity/logs/w62.oracleGeneral.bin.zst__sieve__Mithril__64mb__w100.log,ok
w62.oracleGeneral.bin.zst,oracleGeneral,sieve,Mithril,64mb,1000,0.9322,0.8915,9497745,190062,46529,21601,20709,4219,9039759,6660,387,6273,./results/cp_sweep_intensity/logs/w62.oracleGeneral.bin.zst__sieve__Mithril__64mb__w1000.log,ok
w62.oracleGeneral.bin.zst,oracleGeneral,sieve,Mithril,64mb,10000,0.9322,0.8915,9497745,190062,146217,70032,62547,13638,9039759,50821,4396,46425,./results/cp_sweep_intensity/logs/w62.oracleGeneral.bin.zst__sieve__Mithril__64mb__w10000.log,ok
w62.oracleGeneral.bin.zst,oracleGeneral,sieve,Mithril,256mb,100,0.7716,0.7370,9497745,1547926,235,80,116,39,8851122,358,9,349,./results/cp_sweep_intensity/logs/w62.oracleGeneral.bin.zst__sieve__Mithril__256mb__w100.log,ok
w63.oracleGeneral.bin.zst,oracleGeneral,lru,Mithril,16mb,100,,,,,,,,,,,,,./results/cp_sweep_intensity/logs/w63.oracleGeneral.bin.zst__lru__Mithril__16mb__w100.log,fail:134
w63.oracleGeneral.bin.zst,oracleGeneral,lru,Mithril,16mb,1000,,,,,,,,,,,,,./results/cp_sweep_intensity/logs/w63.oracleGeneral.bin.zst__lru__Mithril__16mb__w1000.log,fail:134
w62.oracleGeneral.bin.zst,oracleGeneral,sieve,Mithril,256mb,1000,0.7716,0.7370,9497745,1547926,2672,801,1479,392,8851122,1808,89,1719,./results/cp_sweep_intensity/logs/w62.oracleGeneral.bin.zst__sieve__Mithril__256mb__w1000.log,ok
w63.oracleGeneral.bin.zst,oracleGeneral,lru,Mithril,16mb,10000,,,,,,,,,,,,,./results/cp_sweep_intensity/logs/w63.oracleGeneral.bin.zst__lru__Mithril__16mb__w10000.log,fail:134
w63.oracleGeneral.bin.zst,oracleGeneral,lru,Mithril,64mb,100,,,,,,,,,,,,,./results/cp_sweep_intensity/logs/w63.oracleGeneral.bin.zst__lru__Mithril__64mb__w100.log,fail:134
w63.oracleGeneral.bin.zst,oracleGeneral,lru,Mithril,64mb,1000,,,,,,,,,,,,,./results/cp_sweep_intensity/logs/w63.oracleGeneral.bin.zst__lru__Mithril__64mb__w1000.log,fail:134
w62.oracleGeneral.bin.zst,oracleGeneral,sieve,Mithril,256mb,10000,0.7716,0.7370,9497745,1547926,17083,6543,8420,2120,8851122,9666,1101,8565,./results/cp_sweep_intensity/logs/w62.oracleGeneral.bin.zst__sieve__Mithril__256mb__w10000.log,ok
w62.oracleGeneral.bin.zst,oracleGeneral,sieve,Mithril,1gb,100,0.6616,0.6345,9497745,2372100,412,82,282,48,8560365,197,4,193,./results/cp_sweep_intensity/logs/w62.oracleGeneral.bin.zst__sieve__Mithril__1gb__w100.log,ok
w63.oracleGeneral.bin.zst,oracleGeneral,lru,Mithril,64mb,10000,,,,,,,,,,,,,./results/cp_sweep_intensity/logs/w63.oracleGeneral.bin.zst__lru__Mithril__64mb__w10000.log,fail:134
w62.oracleGeneral.bin.zst,oracleGeneral,sieve,Mithril,1gb,1000,0.6616,0.6345,9497745,2372100,4041,894,2516,631,8560365,1702,95,1607,./results/cp_sweep_intensity/logs/w62.oracleGeneral.bin.zst__sieve__Mithril__1gb__w1000.log,ok
w61.oracleGeneral.bin.zst,oracleGeneral,lru,Mithril,256mb,1000,0.6982,0.5991,9884691,9984265,0,0,0,0,16875157,264281,17424,246857,./results/cp_sweep_intensity/logs/w61.oracleGeneral.bin.zst__lru__Mithril__256mb__w1000.log,ok
w63.oracleGeneral.bin.zst,oracleGeneral,fifo,Mithril,16mb,100,,,,,,,,,,,,,./results/cp_sweep_intensity/logs/w63.oracleGeneral.bin.zst__fifo__Mithril__16mb__w100.log,fail:134
w62.oracleGeneral.bin.zst,oracleGeneral,sieve,Mithril,1gb,10000,0.6616,0.6345,9497745,2372100,22958,8032,10889,4037,8560365,14097,1432,12665,./results/cp_sweep_intensity/logs/w62.oracleGeneral.bin.zst__sieve__Mithril__1gb__w10000.log,ok
w63.oracleGeneral.bin.zst,oracleGeneral,fifo,Mithril,16mb,1000,,,,,,,,,,,,,./results/cp_sweep_intensity/logs/w63.oracleGeneral.bin.zst__fifo__Mithril__16mb__w1000.log,fail:134
w63.oracleGeneral.bin.zst,oracleGeneral,fifo,Mithril,16mb,10000,,,,,,,,,,,,,./results/cp_sweep_intensity/logs/w63.oracleGeneral.bin.zst__fifo__Mithril__16mb__w10000.log,fail:134
w63.oracleGeneral.bin.zst,oracleGeneral,fifo,Mithril,64mb,100,,,,,,,,,,,,,./results/cp_sweep_intensity/logs/w63.oracleGeneral.bin.zst__fifo__Mithril__64mb__w100.log,fail:134
w63.oracleGeneral.bin.zst,oracleGeneral,fifo,Mithril,64mb,1000,,,,,,,,,,,,,./results/cp_sweep_intensity/logs/w63.oracleGeneral.bin.zst__fifo__Mithril__64mb__w1000.log,fail:134
w63.oracleGeneral.bin.zst,oracleGeneral,fifo,Mithril,64mb,10000,,,,,,,,,,,,,./results/cp_sweep_intensity/logs/w63.oracleGeneral.bin.zst__fifo__Mithril__64mb__w10000.log,fail:134
w61.oracleGeneral.bin.zst,oracleGeneral,sieve,Mithril,1gb,1000,0.5858,0.5136,9884691,8440706,826468,554570,158303,113595,14196435,177019,5353,171666,./results/cp_sweep_intensity/logs/w61.oracleGeneral.bin.zst__sieve__Mithril__1gb__w1000.log,ok
w63.oracleGeneral.bin.zst,oracleGeneral,lru,Mithril,256mb,100,0.7704,0.5947,9380316,2917998,0,0,0,0,10129965,14742,5222,9520,./results/cp_sweep_intensity/logs/w63.oracleGeneral.bin.zst__lru__Mithril__256mb__w100.log,ok
w63.oracleGeneral.bin.zst,oracleGeneral,lru,Mithril,1gb,100,0.6886,0.4766,9380316,1710318,0,0,0,0,8105162,1178,333,845,./results/cp_sweep_intensity/logs/w63.oracleGeneral.bin.zst__lru__Mithril__1gb__w100.log,ok
w61.oracleGeneral.bin.zst,oracleGeneral,fifo,Mithril,256mb,1000,0.6988,0.5994,9884691,9991618,0,0,0,0,16888652,264603,20293,244310,./results/cp_sweep_intensity/logs/w61.oracleGeneral.bin.zst__fifo__Mithril__256mb__w1000.log,ok
w63.oracleGeneral.bin.zst,oracleGeneral,lru,Mithril,1gb,1000,0.6886,0.4766,9380316,1710318,0,0,0,0,8105162,10086,2808,7278,./results/cp_sweep_intensity/logs/w63.oracleGeneral.bin.zst__lru__Mithril__1gb__w1000.log,ok
w63.oracleGeneral.bin.zst,oracleGeneral,sieve,Mithril,16mb,100,,,,,,,,,,,,,./results/cp_sweep_intensity/logs/w63.oracleGeneral.bin.zst__sieve__Mithril__16mb__w100.log,fail:134
w63.oracleGeneral.bin.zst,oracleGeneral,sieve,Mithril,16mb,1000,,,,,,,,,,,,,./results/cp_sweep_intensity/logs/w63.oracleGeneral.bin.zst__sieve__Mithril__16mb__w1000.log,fail:134
w63.oracleGeneral.bin.zst,oracleGeneral,lru,Mithril,256mb,1000,0.7704,0.5947,9380316,2917998,0,0,0,0,10129965,124857,51795,73062,./results/cp_sweep_intensity/logs/w63.oracleGeneral.bin.zst__lru__Mithril__256mb__w1000.log,ok
w63.oracleGeneral.bin.zst,oracleGeneral,sieve,Mithril,16mb,10000,,,,,,,,,,,,,./results/cp_sweep_intensity/logs/w63.oracleGeneral.bin.zst__sieve__Mithril__16mb__w10000.log,fail:134
w63.oracleGeneral.bin.zst,oracleGeneral,sieve,Mithril,64mb,100,,,,,,,,,,,,,./results/cp_sweep_intensity/logs/w63.oracleGeneral.bin.zst__sieve__Mithril__64mb__w100.log,fail:134
w63.oracleGeneral.bin.zst,oracleGeneral,sieve,Mithril,64mb,1000,,,,,,,,,,,,,./results/cp_sweep_intensity/logs/w63.oracleGeneral.bin.zst__sieve__Mithril__64mb__w1000.log,fail:134
w63.oracleGeneral.bin.zst,oracleGeneral,sieve,Mithril,64mb,10000,,,,,,,,,,,,,./results/cp_sweep_intensity/logs/w63.oracleGeneral.bin.zst__sieve__Mithril__64mb__w10000.log,fail:134
w63.oracleGeneral.bin.zst,oracleGeneral,fifo,Mithril,256mb,100,0.7725,0.6005,9380316,2963448,0,0,0,0,10195731,13888,4315,9573,./results/cp_sweep_intensity/logs/w63.oracleGeneral.bin.zst__fifo__Mithril__256mb__w100.log,ok
w63.oracleGeneral.bin.zst,oracleGeneral,fifo,Mithril,1gb,100,0.6944,0.4896,9380316,1861071,0,0,0,0,8307255,2688,1366,1322,./results/cp_sweep_intensity/logs/w63.oracleGeneral.bin.zst__fifo__Mithril__1gb__w100.log,ok
w63.oracleGeneral.bin.zst,oracleGeneral,sieve,Mithril,256mb,100,,,,,,,,,,,,,./results/cp_sweep_intensity/logs/w63.oracleGeneral.bin.zst__sieve__Mithril__256mb__w100.log,fail:134
w63.oracleGeneral.bin.zst,oracleGeneral,fifo,Mithril,1gb,1000,0.6944,0.4896,9380316,1861071,0,0,0,0,8307255,28383,15677,12706,./results/cp_sweep_intensity/logs/w63.oracleGeneral.bin.zst__fifo__Mithril__1gb__w1000.log,ok
w63.oracleGeneral.bin.zst,oracleGeneral,sieve,Mithril,256mb,1000,,,,,,,,,,,,,./results/cp_sweep_intensity/logs/w63.oracleGeneral.bin.zst__sieve__Mithril__256mb__w1000.log,fail:134
w64.oracleGeneral.bin.zst,oracleGeneral,lru,Mithril,16mb,100,,,,,,,,,,,,,./results/cp_sweep_intensity/logs/w64.oracleGeneral.bin.zst__lru__Mithril__16mb__w100.log,fail:134
w64.oracleGeneral.bin.zst,oracleGeneral,lru,Mithril,16mb,1000,,,,,,,,,,,,,./results/cp_sweep_intensity/logs/w64.oracleGeneral.bin.zst__lru__Mithril__16mb__w1000.log,fail:134
w64.oracleGeneral.bin.zst,oracleGeneral,lru,Mithril,16mb,10000,,,,,,,,,,,,,./results/cp_sweep_intensity/logs/w64.oracleGeneral.bin.zst__lru__Mithril__16mb__w10000.log,fail:134
w63.oracleGeneral.bin.zst,oracleGeneral,sieve,Mithril,1gb,100,,,,,,,,,,,,,./results/cp_sweep_intensity/logs/w63.oracleGeneral.bin.zst__sieve__Mithril__1gb__w100.log,fail:134
w64.oracleGeneral.bin.zst,oracleGeneral,lru,Mithril,64mb,100,,,,,,,,,,,,,./results/cp_sweep_intensity/logs/w64.oracleGeneral.bin.zst__lru__Mithril__64mb__w100.log,fail:134
w63.oracleGeneral.bin.zst,oracleGeneral,fifo,Mithril,256mb,1000,0.7725,0.6005,9380316,2963448,0,0,0,0,10195731,129140,50785,78355,./results/cp_sweep_intensity/logs/w63.oracleGeneral.bin.zst__fifo__Mithril__256mb__w1000.log,ok
w64.oracleGeneral.bin.zst,oracleGeneral,lru,Mithril,64mb,1000,,,,,,,,,,,,,./results/cp_sweep_intensity/logs/w64.oracleGeneral.bin.zst__lru__Mithril__64mb__w1000.log,fail:134
w64.oracleGeneral.bin.zst,oracleGeneral,lru,Mithril,64mb,10000,,,,,,,,,,,,,./results/cp_sweep_intensity/logs/w64.oracleGeneral.bin.zst__lru__Mithril__64mb__w10000.log,fail:134
w63.oracleGeneral.bin.zst,oracleGeneral,sieve,Mithril,1gb,1000,,,,,,,,,,,,,./results/cp_sweep_intensity/logs/w63.oracleGeneral.bin.zst__sieve__Mithril__1gb__w1000.log,fail:134
w64.oracleGeneral.bin.zst,oracleGeneral,lru,Mithril,256mb,100,,,,,,,,,,,,,./results/cp_sweep_intensity/logs/w64.oracleGeneral.bin.zst__lru__Mithril__256mb__w100.log,fail:134
w64.oracleGeneral.bin.zst,oracleGeneral,lru,Mithril,256mb,1000,,,,,,,,,,,,,./results/cp_sweep_intensity/logs/w64.oracleGeneral.bin.zst__lru__Mithril__256mb__w1000.log,fail:134
w63.oracleGeneral.bin.zst,oracleGeneral,lru,Mithril,1gb,10000,0.6886,0.4766,9380316,1710318,0,0,0,0,8105162,113845,55494,58351,./results/cp_sweep_intensity/logs/w63.oracleGeneral.bin.zst__lru__Mithril__1gb__w10000.log,ok
w64.oracleGeneral.bin.zst,oracleGeneral,fifo,Mithril,16mb,100,,,,,,,,,,,,,./results/cp_sweep_intensity/logs/w64.oracleGeneral.bin.zst__fifo__Mithril__16mb__w100.log,fail:134
w64.oracleGeneral.bin.zst,oracleGeneral,fifo,Mithril,16mb,1000,,,,,,,,,,,,,./results/cp_sweep_intensity/logs/w64.oracleGeneral.bin.zst__fifo__Mithril__16mb__w1000.log,fail:134
w64.oracleGeneral.bin.zst,oracleGeneral,fifo,Mithril,16mb,10000,,,,,,,,,,,,,./results/cp_sweep_intensity/logs/w64.oracleGeneral.bin.zst__fifo__Mithril__16mb__w10000.log,fail:134
w64.oracleGeneral.bin.zst,oracleGeneral,lru,Mithril,1gb,100,,,,,,,,,,,,,./results/cp_sweep_intensity/logs/w64.oracleGeneral.bin.zst__lru__Mithril__1gb__w100.log,fail:134
w63.oracleGeneral.bin.zst,oracleGeneral,sieve,Mithril,256mb,10000,,,,,,,,,,,,,./results/cp_sweep_intensity/logs/w63.oracleGeneral.bin.zst__sieve__Mithril__256mb__w10000.log,fail:134
w64.oracleGeneral.bin.zst,oracleGeneral,lru,Mithril,256mb,10000,,,,,,,,,,,,,./results/cp_sweep_intensity/logs/w64.oracleGeneral.bin.zst__lru__Mithril__256mb__w10000.log,fail:134
w64.oracleGeneral.bin.zst,oracleGeneral,fifo,Mithril,64mb,100,,,,,,,,,,,,,./results/cp_sweep_intensity/logs/w64.oracleGeneral.bin.zst__fifo__Mithril__64mb__w100.log,fail:134
w64.oracleGeneral.bin.zst,oracleGeneral,fifo,Mithril,64mb,1000,,,,,,,,,,,,,./results/cp_sweep_intensity/logs/w64.oracleGeneral.bin.zst__fifo__Mithril__64mb__w1000.log,fail:134
w64.oracleGeneral.bin.zst,oracleGeneral,fifo,Mithril,256mb,100,,,,,,,,,,,,,./results/cp_sweep_intensity/logs/w64.oracleGeneral.bin.zst__fifo__Mithril__256mb__w100.log,fail:134
w64.oracleGeneral.bin.zst,oracleGeneral,fifo,Mithril,256mb,1000,,,,,,,,,,,,,./results/cp_sweep_intensity/logs/w64.oracleGeneral.bin.zst__fifo__Mithril__256mb__w1000.log,fail:134
w64.oracleGeneral.bin.zst,oracleGeneral,fifo,Mithril,64mb,10000,,,,,,,,,,,,,./results/cp_sweep_intensity/logs/w64.oracleGeneral.bin.zst__fifo__Mithril__64mb__w10000.log,fail:134
w64.oracleGeneral.bin.zst,oracleGeneral,fifo,Mithril,256mb,10000,,,,,,,,,,,,,./results/cp_sweep_intensity/logs/w64.oracleGeneral.bin.zst__fifo__Mithril__256mb__w10000.log,fail:134
w64.oracleGeneral.bin.zst,oracleGeneral,sieve,Mithril,16mb,100,,,,,,,,,,,,,./results/cp_sweep_intensity/logs/w64.oracleGeneral.bin.zst__sieve__Mithril__16mb__w100.log,fail:134
w64.oracleGeneral.bin.zst,oracleGeneral,lru,Mithril,1gb,1000,,,,,,,,,,,,,./results/cp_sweep_intensity/logs/w64.oracleGeneral.bin.zst__lru__Mithril__1gb__w1000.log,fail:134
w64.oracleGeneral.bin.zst,oracleGeneral,sieve,Mithril,16mb,1000,,,,,,,,,,,,,./results/cp_sweep_intensity/logs/w64.oracleGeneral.bin.zst__sieve__Mithril__16mb__w1000.log,fail:134
w64.oracleGeneral.bin.zst,oracleGeneral,sieve,Mithril,16mb,10000,,,,,,,,,,,,,./results/cp_sweep_intensity/logs/w64.oracleGeneral.bin.zst__sieve__Mithril__16mb__w10000.log,fail:134
w64.oracleGeneral.bin.zst,oracleGeneral,lru,Mithril,1gb,10000,,,,,,,,,,,,,./results/cp_sweep_intensity/logs/w64.oracleGeneral.bin.zst__lru__Mithril__1gb__w10000.log,fail:134
w63.oracleGeneral.bin.zst,oracleGeneral,sieve,Mithril,1gb,10000,,,,,,,,,,,,,./results/cp_sweep_intensity/logs/w63.oracleGeneral.bin.zst__sieve__Mithril__1gb__w10000.log,fail:134
w64.oracleGeneral.bin.zst,oracleGeneral,sieve,Mithril,64mb,100,,,,,,,,,,,,,./results/cp_sweep_intensity/logs/w64.oracleGeneral.bin.zst__sieve__Mithril__64mb__w100.log,fail:134
w64.oracleGeneral.bin.zst,oracleGeneral,sieve,Mithril,64mb,1000,,,,,,,,,,,,,./results/cp_sweep_intensity/logs/w64.oracleGeneral.bin.zst__sieve__Mithril__64mb__w1000.log,fail:134
w64.oracleGeneral.bin.zst,oracleGeneral,sieve,Mithril,64mb,10000,,,,,,,,,,,,,./results/cp_sweep_intensity/logs/w64.oracleGeneral.bin.zst__sieve__Mithril__64mb__w10000.log,fail:134
w61.oracleGeneral.bin.zst,oracleGeneral,sieve,Mithril,256mb,1000,0.7116,0.6093,9884691,10688077,2616496,1990094,344099,282303,17712560,354203,13186,341017,./results/cp_sweep_intensity/logs/w61.oracleGeneral.bin.zst__sieve__Mithril__256mb__w1000.log,ok
w64.oracleGeneral.bin.zst,oracleGeneral,fifo,Mithril,1gb,100,0.9067,0.9480,7458266,113310,0,0,0,0,6848810,417,215,202,./results/cp_sweep_intensity/logs/w64.oracleGeneral.bin.zst__fifo__Mithril__1gb__w100.log,ok
w64.oracleGeneral.bin.zst,oracleGeneral,fifo,Mithril,1gb,1000,0.9067,0.9480,7458266,113310,0,0,0,0,6848810,2236,900,1336,./results/cp_sweep_intensity/logs/w64.oracleGeneral.bin.zst__fifo__Mithril__1gb__w1000.log,ok
w64.oracleGeneral.bin.zst,oracleGeneral,sieve,Mithril,256mb,100,,,,,,,,,,,,,./results/cp_sweep_intensity/logs/w64.oracleGeneral.bin.zst__sieve__Mithril__256mb__w100.log,fail:134
w64.oracleGeneral.bin.zst,oracleGeneral,fifo,Mithril,1gb,10000,0.9067,0.9480,7458266,113310,0,0,0,0,6848810,13070,5679,7391,./results/cp_sweep_intensity/logs/w64.oracleGeneral.bin.zst__fifo__Mithril__1gb__w10000.log,ok
w64.oracleGeneral.bin.zst,oracleGeneral,sieve,Mithril,256mb,1000,,,,,,,,,,,,,./results/cp_sweep_intensity/logs/w64.oracleGeneral.bin.zst__sieve__Mithril__256mb__w1000.log,fail:134
w64.oracleGeneral.bin.zst,oracleGeneral,sieve,Mithril,1gb,100,0.9046,0.9475,7458266,63955,1144,473,478,193,6786706,249,5,244,./results/cp_sweep_intensity/logs/w64.oracleGeneral.bin.zst__sieve__Mithril__1gb__w100.log,ok
w64.oracleGeneral.bin.zst,oracleGeneral,sieve,Mithril,256mb,10000,,,,,,,,,,,,,./results/cp_sweep_intensity/logs/w64.oracleGeneral.bin.zst__sieve__Mithril__256mb__w10000.log,fail:134
w64.oracleGeneral.bin.zst,oracleGeneral,sieve,Mithril,1gb,1000,0.9046,0.9475,7458266,63955,3188,1137,1505,546,6786706,1949,178,1771,./results/cp_sweep_intensity/logs/w64.oracleGeneral.bin.zst__sieve__Mithril__1gb__w1000.log,ok
w64.oracleGeneral.bin.zst,oracleGeneral,sieve,Mithril,1gb,10000,0.9046,0.9475,7458266,63955,11241,3726,5754,1761,6786706,9200,3303,5897,./results/cp_sweep_intensity/logs/w64.oracleGeneral.bin.zst__sieve__Mithril__1gb__w10000.log,ok
w65.oracleGeneral.bin.zst,oracleGeneral,lru,Mithril,64mb,100,0.9839,0.9918,9316229,121222,0,0,0,0,9281819,455,60,395,./results/cp_sweep_intensity/logs/w65.oracleGeneral.bin.zst__lru__Mithril__64mb__w100.log,ok
w65.oracleGeneral.bin.zst,oracleGeneral,lru,Mithril,16mb,100,0.9891,0.9950,9316229,57942,0,0,0,0,9272016,746,202,544,./results/cp_sweep_intensity/logs/w65.oracleGeneral.bin.zst__lru__Mithril__16mb__w100.log,ok
w65.oracleGeneral.bin.zst,oracleGeneral,lru,Mithril,16mb,1000,0.9891,0.9950,9316229,57942,11600,7666,2012,1922,9272016,3977,1363,2614,./results/cp_sweep_intensity/logs/w65.oracleGeneral.bin.zst__lru__Mithril__16mb__w1000.log,ok
w63.oracleGeneral.bin.zst,oracleGeneral,fifo,Mithril,1gb,10000,0.6944,0.4896,9380316,1861071,0,0,0,0,8307255,202364,116327,86037,./results/cp_sweep_intensity/logs/w63.oracleGeneral.bin.zst__fifo__Mithril__1gb__w10000.log,ok
w65.oracleGeneral.bin.zst,oracleGeneral,lru,Mithril,16mb,10000,0.9891,0.9950,9316229,57942,34052,20248,7634,6170,9272016,16093,5206,10887,./results/cp_sweep_intensity/logs/w65.oracleGeneral.bin.zst__lru__Mithril__16mb__w10000.log,ok
w65.oracleGeneral.bin.zst,oracleGeneral,lru,Mithril,64mb,1000,0.9839,0.9918,9316229,121222,109,57,15,37,9281819,3073,531,2542,./results/cp_sweep_intensity/logs/w65.oracleGeneral.bin.zst__lru__Mithril__64mb__w1000.log,ok
w65.oracleGeneral.bin.zst,oracleGeneral,lru,Mithril,64mb,10000,0.9839,0.9918,9316229,121222,47474,27377,7853,12244,9281819,19776,4765,15011,./results/cp_sweep_intensity/logs/w65.oracleGeneral.bin.zst__lru__Mithril__64mb__w10000.log,ok
w65.oracleGeneral.bin.zst,oracleGeneral,lru,Mithril,256mb,100,0.9735,0.9834,9316229,220884,0,0,0,0,9273743,242,47,195,./results/cp_sweep_intensity/logs/w65.oracleGeneral.bin.zst__lru__Mithril__256mb__w100.log,ok
w65.oracleGeneral.bin.zst,oracleGeneral,lru,Mithril,256mb,1000,0.9735,0.9834,9316229,220884,0,0,0,0,9273743,2354,289,2065,./results/cp_sweep_intensity/logs/w65.oracleGeneral.bin.zst__lru__Mithril__256mb__w1000.log,ok
w65.oracleGeneral.bin.zst,oracleGeneral,fifo,Mithril,16mb,100,0.9894,0.9950,9316229,58082,0,0,0,0,9275316,765,199,566,./results/cp_sweep_intensity/logs/w65.oracleGeneral.bin.zst__fifo__Mithril__16mb__w100.log,ok
w65.oracleGeneral.bin.zst,oracleGeneral,lru,Mithril,256mb,10000,0.9735,0.9834,9316229,220884,13219,8437,1472,3310,9273743,16690,4222,12468,./results/cp_sweep_intensity/logs/w65.oracleGeneral.bin.zst__lru__Mithril__256mb__w10000.log,ok
w65.oracleGeneral.bin.zst,oracleGeneral,lru,Mithril,1gb,100,0.4004,0.3194,9316229,5612134,0,0,0,0,9262497,122,17,105,./results/cp_sweep_intensity/logs/w65.oracleGeneral.bin.zst__lru__Mithril__1gb__w100.log,ok
w65.oracleGeneral.bin.zst,oracleGeneral,fifo,Mithril,16mb,1000,0.9894,0.9950,9316229,58082,11625,7728,2061,1836,9275316,4153,1500,2653,./results/cp_sweep_intensity/logs/w65.oracleGeneral.bin.zst__fifo__Mithril__16mb__w1000.log,ok
w65.oracleGeneral.bin.zst,oracleGeneral,lru,Mithril,1gb,1000,0.4004,0.3194,9316229,5612134,0,0,0,0,9262497,958,177,781,./results/cp_sweep_intensity/logs/w65.oracleGeneral.bin.zst__lru__Mithril__1gb__w1000.log,ok
w65.oracleGeneral.bin.zst,oracleGeneral,fifo,Mithril,16mb,10000,0.9894,0.9950,9316229,58082,33642,20180,7772,5690,9275316,16388,5704,10684,./results/cp_sweep_intensity/logs/w65.oracleGeneral.bin.zst__fifo__Mithril__16mb__w10000.log,ok
w65.oracleGeneral.bin.zst,oracleGeneral,fifo,Mithril,64mb,100,0.9840,0.9918,9316229,122165,0,0,0,0,9284336,351,58,293,./results/cp_sweep_intensity/logs/w65.oracleGeneral.bin.zst__fifo__Mithril__64mb__w100.log,ok
w65.oracleGeneral.bin.zst,oracleGeneral,fifo,Mithril,64mb,1000,0.9840,0.9918,9316229,122165,98,50,13,35,9284336,2929,676,2253,./results/cp_sweep_intensity/logs/w65.oracleGeneral.bin.zst__fifo__Mithril__64mb__w1000.log,ok
w65.oracleGeneral.bin.zst,oracleGeneral,fifo,Mithril,64mb,10000,0.9840,0.9918,9316229,122165,47037,27743,7941,11353,9284336,19683,5399,14284,./results/cp_sweep_intensity/logs/w65.oracleGeneral.bin.zst__fifo__Mithril__64mb__w10000.log,ok
w65.oracleGeneral.bin.zst,oracleGeneral,fifo,Mithril,256mb,100,0.9738,0.9835,9316229,223578,0,0,0,0,9278935,280,33,247,./results/cp_sweep_intensity/logs/w65.oracleGeneral.bin.zst__fifo__Mithril__256mb__w100.log,ok
w65.oracleGeneral.bin.zst,oracleGeneral,fifo,Mithril,256mb,1000,0.9738,0.9835,9316229,223578,0,0,0,0,9278935,2495,352,2143,./results/cp_sweep_intensity/logs/w65.oracleGeneral.bin.zst__fifo__Mithril__256mb__w1000.log,ok
w65.oracleGeneral.bin.zst,oracleGeneral,fifo,Mithril,1gb,100,0.4008,0.3196,9316229,5615305,0,0,0,0,9259018,92,11,81,./results/cp_sweep_intensity/logs/w65.oracleGeneral.bin.zst__fifo__Mithril__1gb__w100.log,ok
w65.oracleGeneral.bin.zst,oracleGeneral,fifo,Mithril,256mb,10000,0.9738,0.9835,9316229,223578,13284,8268,1594,3422,9278935,18084,4970,13114,./results/cp_sweep_intensity/logs/w65.oracleGeneral.bin.zst__fifo__Mithril__256mb__w10000.log,ok
w65.oracleGeneral.bin.zst,oracleGeneral,lru,Mithril,1gb,10000,0.4004,0.3194,9316229,5612134,0,0,0,0,9262497,9319,1758,7561,./results/cp_sweep_intensity/logs/w65.oracleGeneral.bin.zst__lru__Mithril__1gb__w10000.log,ok
w65.oracleGeneral.bin.zst,oracleGeneral,fifo,Mithril,1gb,1000,0.4008,0.3196,9316229,5615305,0,0,0,0,9259018,865,136,729,./results/cp_sweep_intensity/logs/w65.oracleGeneral.bin.zst__fifo__Mithril__1gb__w1000.log,ok
w65.oracleGeneral.bin.zst,oracleGeneral,sieve,Mithril,16mb,100,0.9877,0.9942,9316229,50747,3906,2452,1090,364,9252200,1199,192,1007,./results/cp_sweep_intensity/logs/w65.oracleGeneral.bin.zst__sieve__Mithril__16mb__w100.log,ok
w65.oracleGeneral.bin.zst,oracleGeneral,sieve,Mithril,16mb,1000,0.9877,0.9942,9316229,50747,24563,15700,5989,2874,9252200,4566,719,3847,./results/cp_sweep_intensity/logs/w65.oracleGeneral.bin.zst__sieve__Mithril__16mb__w1000.log,ok
w65.oracleGeneral.bin.zst,oracleGeneral,sieve,Mithril,64mb,1000,0.9826,0.9915,9316229,92641,17630,12057,2774,2799,9243498,1896,162,1734,./results/cp_sweep_intensity/logs/w65.oracleGeneral.bin.zst__sieve__Mithril__64mb__w1000.log,ok
w65.oracleGeneral.bin.zst,oracleGeneral,sieve,Mithril,16mb,10000,0.9877,0.9942,9316229,50747,35428,22421,8436,4571,9252200,12775,1655,11120,./results/cp_sweep_intensity/logs/w65.oracleGeneral.bin.zst__sieve__Mithril__16mb__w10000.log,ok
w65.oracleGeneral.bin.zst,oracleGeneral,sieve,Mithril,64mb,100,0.9826,0.9915,9316229,92641,1636,1138,277,221,9243498,281,28,253,./results/cp_sweep_intensity/logs/w65.oracleGeneral.bin.zst__sieve__Mithril__64mb__w100.log,ok
w65.oracleGeneral.bin.zst,oracleGeneral,fifo,Mithril,1gb,10000,0.4008,0.3196,9316229,5615305,0,0,0,0,9259018,9755,2258,7497,./results/cp_sweep_intensity/logs/w65.oracleGeneral.bin.zst__fifo__Mithril__1gb__w10000.log,ok
w65.oracleGeneral.bin.zst,oracleGeneral,sieve,Mithril,64mb,10000,0.9826,0.9915,9316229,92641,54226,34784,11516,7926,9243498,11044,1085,9959,./results/cp_sweep_intensity/logs/w65.oracleGeneral.bin.zst__sieve__Mithril__64mb__w10000.log,ok
w65.oracleGeneral.bin.zst,oracleGeneral,sieve,Mithril,256mb,100,0.9728,0.9829,9316229,193108,1001,755,119,127,9244180,360,5,355,./results/cp_sweep_intensity/logs/w65.oracleGeneral.bin.zst__sieve__Mithril__256mb__w100.log,ok
w65.oracleGeneral.bin.zst,oracleGeneral,sieve,Mithril,256mb,1000,0.9728,0.9829,9316229,193108,8135,6227,756,1152,9244180,2365,87,2278,./results/cp_sweep_intensity/logs/w65.oracleGeneral.bin.zst__sieve__Mithril__256mb__w1000.log,ok
w63.oracleGeneral.bin.zst,oracleGeneral,lru,Mithril,256mb,10000,0.7704,0.5947,9380316,2917998,231560,97133,53383,81044,10129965,777004,387504,389500,./results/cp_sweep_intensity/logs/w63.oracleGeneral.bin.zst__lru__Mithril__256mb__w10000.log,ok
w65.oracleGeneral.bin.zst,oracleGeneral,sieve,Mithril,256mb,10000,0.9728,0.9829,9316229,193108,57476,40374,8673,8429,9244180,13939,1450,12489,./results/cp_sweep_intensity/logs/w65.oracleGeneral.bin.zst__sieve__Mithril__256mb__w10000.log,ok
w65.oracleGeneral.bin.zst,oracleGeneral,sieve,Mithril,1gb,100,0.4017,0.3204,9316229,5622694,362,223,79,60,9333291,267,46,221,./results/cp_sweep_intensity/logs/w65.oracleGeneral.bin.zst__sieve__Mithril__1gb__w100.log,ok
w66.oracleGeneral.bin.zst,oracleGeneral,lru,Mithril,16mb,100,0.2361,0.2153,9169631,6634049,19229,12118,2038,5073,8797882,158990,32841,126149,./results/cp_sweep_intensity/logs/w66.oracleGeneral.bin.zst__lru__Mithril__16mb__w100.log,ok
w65.oracleGeneral.bin.zst,oracleGeneral,sieve,Mithril,1gb,1000,0.4017,0.3204,9316229,5622694,3358,1911,794,653,9333291,1779,237,1542,./results/cp_sweep_intensity/logs/w65.oracleGeneral.bin.zst__sieve__Mithril__1gb__w1000.log,ok
w66.oracleGeneral.bin.zst,oracleGeneral,lru,Mithril,64mb,100,0.1479,0.1543,9169631,6225944,0,0,0,0,7578312,57594,3555,54039,./results/cp_sweep_intensity/logs/w66.oracleGeneral.bin.zst__lru__Mithril__64mb__w100.log,ok
w66.oracleGeneral.bin.zst,oracleGeneral,lru,Mithril,1gb,100,0.0286,0.0397,9169631,228155,0,0,0,0,451025,401,84,317,./results/cp_sweep_intensity/logs/w66.oracleGeneral.bin.zst__lru__Mithril__1gb__w100.log,ok
w66.oracleGeneral.bin.zst,oracleGeneral,lru,Mithril,256mb,100,0.1023,0.1271,9169631,5056149,0,0,0,0,5980388,12612,1558,11054,./results/cp_sweep_intensity/logs/w66.oracleGeneral.bin.zst__lru__Mithril__256mb__w100.log,ok
w66.oracleGeneral.bin.zst,oracleGeneral,lru,Mithril,1gb,1000,0.0286,0.0397,9169631,228155,0,0,0,0,451025,2425,390,2035,./results/cp_sweep_intensity/logs/w66.oracleGeneral.bin.zst__lru__Mithril__1gb__w1000.log,ok
w66.oracleGeneral.bin.zst,oracleGeneral,lru,Mithril,1gb,10000,0.0286,0.0397,9169631,228155,0,0,0,0,451025,16140,2041,14099,./results/cp_sweep_intensity/logs/w66.oracleGeneral.bin.zst__lru__Mithril__1gb__w10000.log,ok
w65.oracleGeneral.bin.zst,oracleGeneral,sieve,Mithril,1gb,10000,0.4017,0.3204,9316229,5622694,62749,28384,15659,18706,9333291,13449,2191,11258,./results/cp_sweep_intensity/logs/w65.oracleGeneral.bin.zst__sieve__Mithril__1gb__w10000.log,ok
w66.oracleGeneral.bin.zst,oracleGeneral,fifo,Mithril,16mb,100,0.2599,0.2237,9169631,6867484,18172,11559,1976,4637,9249892,207327,57602,149725,./results/cp_sweep_intensity/logs/w66.oracleGeneral.bin.zst__fifo__Mithril__16mb__w100.log,ok
w66.oracleGeneral.bin.zst,oracleGeneral,lru,Mithril,16mb,1000,0.2361,0.2153,9169631,6634049,1030522,617455,92048,321019,8797882,895813,238747,657066,./results/cp_sweep_intensity/logs/w66.oracleGeneral.bin.zst__lru__Mithril__16mb__w1000.log,ok
w63.oracleGeneral.bin.zst,oracleGeneral,fifo,Mithril,256mb,10000,0.7725,0.6005,9380316,2963448,222575,93674,51777,77124,10195731,810079,409508,400571,./results/cp_sweep_intensity/logs/w63.oracleGeneral.bin.zst__fifo__Mithril__256mb__w10000.log,ok
w66.oracleGeneral.bin.zst,oracleGeneral,lru,Mithril,256mb,1000,0.1023,0.1271,9169631,5056149,0,0,0,0,5980388,98656,15608,83048,./results/cp_sweep_intensity/logs/w66.oracleGeneral.bin.zst__lru__Mithril__256mb__w1000.log,ok
w66.oracleGeneral.bin.zst,oracleGeneral,fifo,Mithril,64mb,100,0.1632,0.1620,9169631,6334185,0,0,0,0,7826362,78125,19389,58736,./results/cp_sweep_intensity/logs/w66.oracleGeneral.bin.zst__fifo__Mithril__64mb__w100.log,ok
w66.oracleGeneral.bin.zst,oracleGeneral,lru,Mithril,64mb,1000,0.1479,0.1543,9169631,6225944,21377,12463,3277,5637,7578312,375241,51387,323854,./results/cp_sweep_intensity/logs/w66.oracleGeneral.bin.zst__lru__Mithril__64mb__w1000.log,ok
w66.oracleGeneral.bin.zst,oracleGeneral,lru,Mithril,16mb,10000,0.2361,0.2153,9169631,6634049,3014683,1907003,265378,842302,8797882,2096566,546241,1550325,./results/cp_sweep_intensity/logs/w66.oracleGeneral.bin.zst__lru__Mithril__16mb__w10000.log,ok
w66.oracleGeneral.bin.zst,oracleGeneral,fifo,Mithril,1gb,100,0.0410,0.0542,9169631,858351,0,0,0,0,1195703,6731,5167,1564,./results/cp_sweep_intensity/logs/w66.oracleGeneral.bin.zst__fifo__Mithril__1gb__w100.log,ok
w66.oracleGeneral.bin.zst,oracleGeneral,fifo,Mithril,256mb,100,0.1101,0.1307,9169631,5084437,0,0,0,0,6080311,16879,2673,14206,./results/cp_sweep_intensity/logs/w66.oracleGeneral.bin.zst__fifo__Mithril__256mb__w100.log,ok
w66.oracleGeneral.bin.zst,oracleGeneral,fifo,Mithril,1gb,1000,0.0410,0.0542,9169631,858351,0,0,0,0,1195703,122750,111051,11699,./results/cp_sweep_intensity/logs/w66.oracleGeneral.bin.zst__fifo__Mithril__1gb__w1000.log,ok
w66.oracleGeneral.bin.zst,oracleGeneral,fifo,Mithril,16mb,1000,0.2599,0.2237,9169631,6867484,1034966,618531,95073,321362,9249892,1091116,374917,716199,./results/cp_sweep_intensity/logs/w66.oracleGeneral.bin.zst__fifo__Mithril__16mb__w1000.log,ok
w66.oracleGeneral.bin.zst,oracleGeneral,fifo,Mithril,1gb,10000,0.0410,0.0542,9169631,858351,0,0,0,0,1195703,424527,365682,58845,./results/cp_sweep_intensity/logs/w66.oracleGeneral.bin.zst__fifo__Mithril__1gb__w10000.log,ok
w66.oracleGeneral.bin.zst,oracleGeneral,sieve,Mithril,16mb,100,,,,,,,,,,,,,./results/cp_sweep_intensity/logs/w66.oracleGeneral.bin.zst__sieve__Mithril__16mb__w100.log,fail:134
w66.oracleGeneral.bin.zst,oracleGeneral,fifo,Mithril,64mb,1000,0.1632,0.1620,9169631,6334185,20290,11378,3112,5800,7826362,475577,147978,327599,./results/cp_sweep_intensity/logs/w66.oracleGeneral.bin.zst__fifo__Mithril__64mb__w1000.log,ok
w66.oracleGeneral.bin.zst,oracleGeneral,fifo,Mithril,256mb,1000,0.1101,0.1307,9169631,5084437,0,0,0,0,6080311,124727,25718,99009,./results/cp_sweep_intensity/logs/w66.oracleGeneral.bin.zst__fifo__Mithril__256mb__w1000.log,ok
w66.oracleGeneral.bin.zst,oracleGeneral,sieve,Mithril,16mb,1000,,,,,,,,,,,,,./results/cp_sweep_intensity/logs/w66.oracleGeneral.bin.zst__sieve__Mithril__16mb__w1000.log,fail:134
w66.oracleGeneral.bin.zst,oracleGeneral,fifo,Mithril,16mb,10000,0.2599,0.2237,9169631,6867484,3096950,1958441,270870,867639,9249892,2326489,698895,1627594,./results/cp_sweep_intensity/logs/w66.oracleGeneral.bin.zst__fifo__Mithril__16mb__w10000.log,ok
w66.oracleGeneral.bin.zst,oracleGeneral,sieve,Mithril,64mb,100,0.1605,0.1719,9169631,7068549,222995,131161,21284,70550,8536202,156544,8890,147654,./results/cp_sweep_intensity/logs/w66.oracleGeneral.bin.zst__sieve__Mithril__64mb__w100.log,ok
w66.oracleGeneral.bin.zst,oracleGeneral,sieve,Mithril,16mb,10000,,,,,,,,,,,,,./results/cp_sweep_intensity/logs/w66.oracleGeneral.bin.zst__sieve__Mithril__16mb__w10000.log,fail:134
w66.oracleGeneral.bin.zst,oracleGeneral,sieve,Mithril,1gb,100,0.0279,0.0399,9169631,220388,321,136,122,63,438835,544,6,538,./results/cp_sweep_intensity/logs/w66.oracleGeneral.bin.zst__sieve__Mithril__1gb__w100.log,ok
w66.oracleGeneral.bin.zst,oracleGeneral,sieve,Mithril,256mb,100,0.1209,0.1438,9169631,5552935,44866,24396,5227,15243,6650221,34101,3290,30811,./results/cp_sweep_intensity/logs/w66.oracleGeneral.bin.zst__sieve__Mithril__256mb__w100.log,ok
w66.oracleGeneral.bin.zst,oracleGeneral,sieve,Mithril,1gb,1000,0.0279,0.0399,9169631,220388,2877,1280,949,648,438835,3407,41,3366,./results/cp_sweep_intensity/logs/w66.oracleGeneral.bin.zst__sieve__Mithril__1gb__w1000.log,ok
w66.oracleGeneral.bin.zst,oracleGeneral,sieve,Mithril,1gb,10000,0.0279,0.0399,9169631,220388,39515,18496,14069,6950,438835,18929,679,18250,./results/cp_sweep_intensity/logs/w66.oracleGeneral.bin.zst__sieve__Mithril__1gb__w10000.log,ok
w67.oracleGeneral.bin.zst,oracleGeneral,lru,Mithril,16mb,100,,,,,,,,,,,,,./results/cp_sweep_intensity/logs/w67.oracleGeneral.bin.zst__lru__Mithril__16mb__w100.log,fail:134
w67.oracleGeneral.bin.zst,oracleGeneral,lru,Mithril,16mb,1000,,,,,,,,,,,,,./results/cp_sweep_intensity/logs/w67.oracleGeneral.bin.zst__lru__Mithril__16mb__w1000.log,fail:134
w67.oracleGeneral.bin.zst,oracleGeneral,lru,Mithril,64mb,100,,,,,,,,,,,,,./results/cp_sweep_intensity/logs/w67.oracleGeneral.bin.zst__lru__Mithril__64mb__w100.log,fail:134
w67.oracleGeneral.bin.zst,oracleGeneral,lru,Mithril,16mb,10000,,,,,,,,,,,,,./results/cp_sweep_intensity/logs/w67.oracleGeneral.bin.zst__lru__Mithril__16mb__w10000.log,fail:134
w67.oracleGeneral.bin.zst,oracleGeneral,lru,Mithril,64mb,1000,,,,,,,,,,,,,./results/cp_sweep_intensity/logs/w67.oracleGeneral.bin.zst__lru__Mithril__64mb__w1000.log,fail:134
w66.oracleGeneral.bin.zst,oracleGeneral,sieve,Mithril,64mb,1000,0.1605,0.1719,9169631,7068549,1552600,924480,159224,468896,8536202,777773,66060,711713,./results/cp_sweep_intensity/logs/w66.oracleGeneral.bin.zst__sieve__Mithril__64mb__w1000.log,ok
w66.oracleGeneral.bin.zst,oracleGeneral,sieve,Mithril,256mb,1000,0.1209,0.1438,9169631,5552935,324664,179372,40578,104714,6650221,228816,26728,202088,./results/cp_sweep_intensity/logs/w66.oracleGeneral.bin.zst__sieve__Mithril__256mb__w1000.log,ok
w67.oracleGeneral.bin.zst,oracleGeneral,lru,Mithril,256mb,100,0.1381,0.3110,9028144,1786170,0,0,0,0,3018780,8926,202,8724,./results/cp_sweep_intensity/logs/w67.oracleGeneral.bin.zst__lru__Mithril__256mb__w100.log,ok
w67.oracleGeneral.bin.zst,oracleGeneral,lru,Mithril,256mb,1000,0.1381,0.3110,9028144,1786170,0,0,0,0,3018780,45904,4640,41264,./results/cp_sweep_intensity/logs/w67.oracleGeneral.bin.zst__lru__Mithril__256mb__w1000.log,ok
w67.oracleGeneral.bin.zst,oracleGeneral,lru,Mithril,1gb,100,0.0975,0.2083,9028144,886525,0,0,0,0,1715137,719,119,600,./results/cp_sweep_intensity/logs/w67.oracleGeneral.bin.zst__lru__Mithril__1gb__w100.log,ok
w67.oracleGeneral.bin.zst,oracleGeneral,lru,Mithril,1gb,1000,0.0975,0.2083,9028144,886525,0,0,0,0,1715137,5200,1367,3833,./results/cp_sweep_intensity/logs/w67.oracleGeneral.bin.zst__lru__Mithril__1gb__w1000.log,ok
w67.oracleGeneral.bin.zst,oracleGeneral,fifo,Mithril,16mb,100,,,,,,,,,,,,,./results/cp_sweep_intensity/logs/w67.oracleGeneral.bin.zst__fifo__Mithril__16mb__w100.log,fail:134
w67.oracleGeneral.bin.zst,oracleGeneral,fifo,Mithril,16mb,1000,,,,,,,,,,,,,./results/cp_sweep_intensity/logs/w67.oracleGeneral.bin.zst__fifo__Mithril__16mb__w1000.log,fail:134
w67.oracleGeneral.bin.zst,oracleGeneral,lru,Mithril,1gb,10000,0.0975,0.2083,9028144,886525,0,0,0,0,1715137,37653,12629,25024,./results/cp_sweep_intensity/logs/w67.oracleGeneral.bin.zst__lru__Mithril__1gb__w10000.log,ok
w67.oracleGeneral.bin.zst,oracleGeneral,fifo,Mithril,64mb,100,,,,,,,,,,,,,./results/cp_sweep_intensity/logs/w67.oracleGeneral.bin.zst__fifo__Mithril__64mb__w100.log,fail:134
w67.oracleGeneral.bin.zst,oracleGeneral,lru,Mithril,64mb,10000,,,,,,,,,,,,,./results/cp_sweep_intensity/logs/w67.oracleGeneral.bin.zst__lru__Mithril__64mb__w10000.log,fail:134
w67.oracleGeneral.bin.zst,oracleGeneral,fifo,Mithril,16mb,10000,,,,,,,,,,,,,./results/cp_sweep_intensity/logs/w67.oracleGeneral.bin.zst__fifo__Mithril__16mb__w10000.log,fail:134
w67.oracleGeneral.bin.zst,oracleGeneral,fifo,Mithril,64mb,1000,,,,,,,,,,,,,./results/cp_sweep_intensity/logs/w67.oracleGeneral.bin.zst__fifo__Mithril__64mb__w1000.log,fail:134
w67.oracleGeneral.bin.zst,oracleGeneral,fifo,Mithril,256mb,100,0.1447,0.3159,9028144,1792686,0,0,0,0,3084397,15267,3071,12196,./results/cp_sweep_intensity/logs/w67.oracleGeneral.bin.zst__fifo__Mithril__256mb__w100.log,ok
w67.oracleGeneral.bin.zst,oracleGeneral,fifo,Mithril,256mb,1000,0.1447,0.3159,9028144,1792686,0,0,0,0,3084397,70789,20684,50105,./results/cp_sweep_intensity/logs/w67.oracleGeneral.bin.zst__fifo__Mithril__256mb__w1000.log,ok
w67.oracleGeneral.bin.zst,oracleGeneral,fifo,Mithril,1gb,100,0.1015,0.2176,9028144,937178,0,0,0,0,1803280,1742,323,1419,./results/cp_sweep_intensity/logs/w67.oracleGeneral.bin.zst__fifo__Mithril__1gb__w100.log,ok
w66.oracleGeneral.bin.zst,oracleGeneral,sieve,Mithril,64mb,10000,0.1605,0.1719,9169631,7068549,3643749,2210182,399540,1034027,8536202,2114238,271779,1842459,./results/cp_sweep_intensity/logs/w66.oracleGeneral.bin.zst__sieve__Mithril__64mb__w10000.log,ok
w67.oracleGeneral.bin.zst,oracleGeneral,fifo,Mithril,1gb,1000,0.1015,0.2176,9028144,937178,0,0,0,0,1803280,12200,4744,7456,./results/cp_sweep_intensity/logs/w67.oracleGeneral.bin.zst__fifo__Mithril__1gb__w1000.log,ok
w67.oracleGeneral.bin.zst,oracleGeneral,sieve,Mithril,16mb,100,,,,,,,,,,,,,./results/cp_sweep_intensity/logs/w67.oracleGeneral.bin.zst__sieve__Mithril__16mb__w100.log,fail:134
w66.oracleGeneral.bin.zst,oracleGeneral,lru,Mithril,64mb,10000,0.1479,0.1543,9169631,6225944,2182354,1237594,279585,665175,7578312,1366341,320074,1046267,./results/cp_sweep_intensity/logs/w66.oracleGeneral.bin.zst__lru__Mithril__64mb__w10000.log,ok
w67.oracleGeneral.bin.zst,oracleGeneral,sieve,Mithril,16mb,1000,,,,,,,,,,,,,./results/cp_sweep_intensity/logs/w67.oracleGeneral.bin.zst__sieve__Mithril__16mb__w1000.log,fail:134
w67.oracleGeneral.bin.zst,oracleGeneral,lru,Mithril,256mb,10000,0.1381,0.3110,9028144,1786170,11897,6577,2798,2522,3018780,170353,31123,139230,./results/cp_sweep_intensity/logs/w67.oracleGeneral.bin.zst__lru__Mithril__256mb__w10000.log,ok
w67.oracleGeneral.bin.zst,oracleGeneral,sieve,Mithril,64mb,100,,,,,,,,,,,,,./results/cp_sweep_intensity/logs/w67.oracleGeneral.bin.zst__sieve__Mithril__64mb__w100.log,fail:134
w67.oracleGeneral.bin.zst,oracleGeneral,sieve,Mithril,16mb,10000,,,,,,,,,,,,,./results/cp_sweep_intensity/logs/w67.oracleGeneral.bin.zst__sieve__Mithril__16mb__w10000.log,fail:134
w67.oracleGeneral.bin.zst,oracleGeneral,fifo,Mithril,64mb,10000,,,,,,,,,,,,,./results/cp_sweep_intensity/logs/w67.oracleGeneral.bin.zst__fifo__Mithril__64mb__w10000.log,fail:134
w67.oracleGeneral.bin.zst,oracleGeneral,fifo,Mithril,1gb,10000,0.1015,0.2176,9028144,937178,0,0,0,0,1803280,56777,20641,36136,./results/cp_sweep_intensity/logs/w67.oracleGeneral.bin.zst__fifo__Mithril__1gb__w10000.log,ok
w67.oracleGeneral.bin.zst,oracleGeneral,sieve,Mithril,64mb,1000,,,,,,,,,,,,,./results/cp_sweep_intensity/logs/w67.oracleGeneral.bin.zst__sieve__Mithril__64mb__w1000.log,fail:134
w67.oracleGeneral.bin.zst,oracleGeneral,sieve,Mithril,1gb,100,0.0950,0.2252,9028144,734915,676,230,360,86,1542483,3953,50,3903,./results/cp_sweep_intensity/logs/w67.oracleGeneral.bin.zst__sieve__Mithril__1gb__w100.log,ok
w67.oracleGeneral.bin.zst,oracleGeneral,sieve,Mithril,256mb,100,0.1364,0.3159,9028144,1860059,9533,4696,2255,2582,3074104,32125,288,31837,./results/cp_sweep_intensity/logs/w67.oracleGeneral.bin.zst__sieve__Mithril__256mb__w100.log,ok
w67.oracleGeneral.bin.zst,oracleGeneral,sieve,Mithril,1gb,1000,0.0950,0.2252,9028144,734915,13414,6092,5186,2136,1542483,12223,1026,11197,./results/cp_sweep_intensity/logs/w67.oracleGeneral.bin.zst__sieve__Mithril__1gb__w1000.log,ok
w67.oracleGeneral.bin.zst,oracleGeneral,sieve,Mithril,256mb,1000,0.1364,0.3159,9028144,1860059,117414,60285,28668,28461,3074104,99888,2741,97147,./results/cp_sweep_intensity/logs/w67.oracleGeneral.bin.zst__sieve__Mithril__256mb__w1000.log,ok
w67.oracleGeneral.bin.zst,oracleGeneral,sieve,Mithril,64mb,10000,,,,,,,,,,,,,./results/cp_sweep_intensity/logs/w67.oracleGeneral.bin.zst__sieve__Mithril__64mb__w10000.log,fail:134
w67.oracleGeneral.bin.zst,oracleGeneral,sieve,Mithril,1gb,10000,0.0950,0.2252,9028144,734915,112330,60829,36416,15085,1542483,36810,5928,30882,./results/cp_sweep_intensity/logs/w67.oracleGeneral.bin.zst__sieve__Mithril__1gb__w10000.log,ok
w67.oracleGeneral.bin.zst,oracleGeneral,fifo,Mithril,256mb,10000,0.1447,0.3159,9028144,1792686,10039,5437,2379,2223,3084397,213500,61816,151684,./results/cp_sweep_intensity/logs/w67.oracleGeneral.bin.zst__fifo__Mithril__256mb__w10000.log,ok
w66.oracleGeneral.bin.zst,oracleGeneral,fifo,Mithril,64mb,10000,0.1632,0.1620,9169631,6334185,2050365,1141679,264083,644603,7826362,1493269,469839,1023430,./results/cp_sweep_intensity/logs/w66.oracleGeneral.bin.zst__fifo__Mithril__64mb__w10000.log,ok
w59.oracleGeneral.bin.zst,oracleGeneral,lru,Mithril,1gb,10000,0.4927,0.4523,10223136,7023760,0,0,0,0,11973040,421247,54056,367191,./results/cp_sweep_intensity/logs/w59.oracleGeneral.bin.zst__lru__Mithril__1gb__w10000.log,ok
w68.oracleGeneral.bin.zst,oracleGeneral,lru,Mithril,16mb,100,0.5513,0.6302,8875971,7825214,0,0,0,0,12717903,90358,18226,72132,./results/cp_sweep_intensity/logs/w68.oracleGeneral.bin.zst__lru__Mithril__16mb__w100.log,ok
w67.oracleGeneral.bin.zst,oracleGeneral,sieve,Mithril,256mb,10000,0.1364,0.3159,9028144,1860059,516016,290220,137637,88159,3074104,237259,20592,216667,./results/cp_sweep_intensity/logs/w67.oracleGeneral.bin.zst__sieve__Mithril__256mb__w10000.log,ok
w66.oracleGeneral.bin.zst,oracleGeneral,lru,Mithril,256mb,10000,0.1023,0.1271,9169631,5056149,61552,31520,14394,15638,5980388,609742,190782,418960,./results/cp_sweep_intensity/logs/w66.oracleGeneral.bin.zst__lru__Mithril__256mb__w10000.log,ok
w66.oracleGeneral.bin.zst,oracleGeneral,sieve,Mithril,256mb,10000,0.1209,0.1438,9169631,5552935,1530235,874539,216052,439644,6650221,1036464,290890,745574,./results/cp_sweep_intensity/logs/w66.oracleGeneral.bin.zst__sieve__Mithril__256mb__w10000.log,ok
w68.oracleGeneral.bin.zst,oracleGeneral,lru,Mithril,64mb,100,0.4814,0.5449,8875971,8975433,0,0,0,0,13244343,68095,7138,60957,./results/cp_sweep_intensity/logs/w68.oracleGeneral.bin.zst__lru__Mithril__64mb__w100.log,ok
w68.oracleGeneral.bin.zst,oracleGeneral,lru,Mithril,1gb,100,0.2193,0.2871,8875971,2114727,0,0,0,0,4012584,6195,1257,4938,./results/cp_sweep_intensity/logs/w68.oracleGeneral.bin.zst__lru__Mithril__1gb__w100.log,ok
w68.oracleGeneral.bin.zst,oracleGeneral,lru,Mithril,256mb,100,0.3856,0.4585,8875971,6903777,0,0,0,0,10312456,40916,5099,35817,./results/cp_sweep_intensity/logs/w68.oracleGeneral.bin.zst__lru__Mithril__256mb__w100.log,ok
w68.oracleGeneral.bin.zst,oracleGeneral,lru,Mithril,1gb,1000,0.2193,0.2871,8875971,2114727,0,0,0,0,4012584,61570,14800,46770,./results/cp_sweep_intensity/logs/w68.oracleGeneral.bin.zst__lru__Mithril__1gb__w1000.log,ok
w66.oracleGeneral.bin.zst,oracleGeneral,fifo,Mithril,256mb,10000,0.1101,0.1307,9169631,5084437,42040,21417,8147,12476,6080311,668399,226323,442076,./results/cp_sweep_intensity/logs/w66.oracleGeneral.bin.zst__fifo__Mithril__256mb__w10000.log,ok
w68.oracleGeneral.bin.zst,oracleGeneral,fifo,Mithril,16mb,100,0.5589,0.6341,8875971,7876249,0,0,0,0,12835726,105043,25270,79773,./results/cp_sweep_intensity/logs/w68.oracleGeneral.bin.zst__fifo__Mithril__16mb__w100.log,ok
w68.oracleGeneral.bin.zst,oracleGeneral,lru,Mithril,16mb,1000,0.5513,0.6302,8875971,7825214,4637507,3079297,162976,1395234,12717903,652452,150911,501541,./results/cp_sweep_intensity/logs/w68.oracleGeneral.bin.zst__lru__Mithril__16mb__w1000.log,ok
w68.oracleGeneral.bin.zst,oracleGeneral,lru,Mithril,16mb,10000,0.5513,0.6302,8875971,7825214,5458503,3596005,211176,1651322,12717903,3327106,758774,2568332,./results/cp_sweep_intensity/logs/w68.oracleGeneral.bin.zst__lru__Mithril__16mb__w10000.log,ok
w68.oracleGeneral.bin.zst,oracleGeneral,fifo,Mithril,64mb,100,0.4842,0.5466,8875971,9022461,0,0,0,0,13316464,75501,10817,64684,./results/cp_sweep_intensity/logs/w68.oracleGeneral.bin.zst__fifo__Mithril__64mb__w100.log,ok
w59.oracleGeneral.bin.zst,oracleGeneral,fifo,Mithril,1gb,10000,0.5143,0.4836,10223136,7185480,0,0,0,0,12354814,455178,61216,393962,./results/cp_sweep_intensity/logs/w59.oracleGeneral.bin.zst__fifo__Mithril__1gb__w10000.log,ok
w68.oracleGeneral.bin.zst,oracleGeneral,fifo,Mithril,256mb,100,0.3913,0.4628,8875971,6958770,0,0,0,0,10418686,43028,4510,38518,./results/cp_sweep_intensity/logs/w68.oracleGeneral.bin.zst__fifo__Mithril__256mb__w100.log,ok
w68.oracleGeneral.bin.zst,oracleGeneral,fifo,Mithril,1gb,100,0.2582,0.3249,8875971,2544839,0,0,0,0,4787938,9106,1159,7947,./results/cp_sweep_intensity/logs/w68.oracleGeneral.bin.zst__fifo__Mithril__1gb__w100.log,ok
w68.oracleGeneral.bin.zst,oracleGeneral,fifo,Mithril,16mb,1000,0.5589,0.6341,8875971,7876249,4624814,3070487,162729,1391598,12835726,700813,188502,512311,./results/cp_sweep_intensity/logs/w68.oracleGeneral.bin.zst__fifo__Mithril__16mb__w1000.log,ok
w68.oracleGeneral.bin.zst,oracleGeneral,lru,Mithril,256mb,1000,0.3856,0.4585,8875971,6903777,0,0,0,0,10312456,415518,65929,349589,./results/cp_sweep_intensity/logs/w68.oracleGeneral.bin.zst__lru__Mithril__256mb__w1000.log,ok
w68.oracleGeneral.bin.zst,oracleGeneral,fifo,Mithril,1gb,1000,0.2582,0.3249,8875971,2544839,0,0,0,0,4787938,91842,14941,76901,./results/cp_sweep_intensity/logs/w68.oracleGeneral.bin.zst__fifo__Mithril__1gb__w1000.log,ok
w68.oracleGeneral.bin.zst,oracleGeneral,lru,Mithril,1gb,10000,0.2193,0.2871,8875971,2114727,0,0,0,0,4012584,432874,134878,297996,./results/cp_sweep_intensity/logs/w68.oracleGeneral.bin.zst__lru__Mithril__1gb__w10000.log,ok
w68.oracleGeneral.bin.zst,oracleGeneral,fifo,Mithril,16mb,10000,0.5589,0.6341,8875971,7876249,5465550,3596162,213868,1655520,12835726,3385189,803942,2581247,./results/cp_sweep_intensity/logs/w68.oracleGeneral.bin.zst__fifo__Mithril__16mb__w10000.log,ok
w68.oracleGeneral.bin.zst,oracleGeneral,sieve,Mithril,16mb,100,0.5551,0.6358,8875971,7979313,1351289,938623,45525,367141,12905549,133118,14398,118720,./results/cp_sweep_intensity/logs/w68.oracleGeneral.bin.zst__sieve__Mithril__16mb__w100.log,ok
w68.oracleGeneral.bin.zst,oracleGeneral,lru,Mithril,64mb,1000,0.4814,0.5449,8875971,8975433,0,0,0,0,13244343,637389,96482,540907,./results/cp_sweep_intensity/logs/w68.oracleGeneral.bin.zst__lru__Mithril__64mb__w1000.log,ok
w68.oracleGeneral.bin.zst,oracleGeneral,sieve,Mithril,16mb,1000,0.5551,0.6358,8875971,7979313,5615143,3830421,218043,1566679,12905549,832668,120776,711892,./results/cp_sweep_intensity/logs/w68.oracleGeneral.bin.zst__sieve__Mithril__16mb__w1000.log,ok
w68.oracleGeneral.bin.zst,oracleGeneral,sieve,Mithril,64mb,100,0.4792,0.5479,8875971,8982521,531333,366622,26494,138217,13231905,98884,8684,90200,./results/cp_sweep_intensity/logs/w68.oracleGeneral.bin.zst__sieve__Mithril__64mb__w100.log,ok
w68.oracleGeneral.bin.zst,oracleGeneral,sieve,Mithril,16mb,10000,0.5551,0.6358,8875971,7979313,5823665,3965455,233886,1624324,12905549,3540282,638128,2902154,./results/cp_sweep_intensity/logs/w68.oracleGeneral.bin.zst__sieve__Mithril__16mb__w10000.log,ok
w68.oracleGeneral.bin.zst,oracleGeneral,fifo,Mithril,256mb,1000,0.3913,0.4628,8875971,6958770,0,0,0,0,10418686,420683,58502,362181,./results/cp_sweep_intensity/logs/w68.oracleGeneral.bin.zst__fifo__Mithril__256mb__w1000.log,ok
w68.oracleGeneral.bin.zst,oracleGeneral,sieve,Mithril,256mb,100,0.3473,0.4292,8875971,6448429,147703,99457,16908,31338,9516208,37450,3014,34436,./results/cp_sweep_intensity/logs/w68.oracleGeneral.bin.zst__sieve__Mithril__256mb__w100.log,ok
w68.oracleGeneral.bin.zst,oracleGeneral,sieve,Mithril,1gb,100,0.1757,0.2393,8875971,1662712,11200,5729,3737,1734,3155983,3153,32,3121,./results/cp_sweep_intensity/logs/w68.oracleGeneral.bin.zst__sieve__Mithril__1gb__w100.log,ok
w68.oracleGeneral.bin.zst,oracleGeneral,sieve,Mithril,1gb,1000,0.1757,0.2393,8875971,1662712,66163,24997,32557,8609,3155983,24127,494,23633,./results/cp_sweep_intensity/logs/w68.oracleGeneral.bin.zst__sieve__Mithril__1gb__w1000.log,ok
w69.oracleGeneral.bin.zst,oracleGeneral,lru,Mithril,16mb,100,0.6211,0.7200,7874006,3331537,2316,943,173,1200,8221256,32168,5661,26507,./results/cp_sweep_intensity/logs/w69.oracleGeneral.bin.zst__lru__Mithril__16mb__w100.log,ok
w68.oracleGeneral.bin.zst,oracleGeneral,fifo,Mithril,64mb,1000,0.4842,0.5466,8875971,9022461,0,0,0,0,13316464,669598,114928,554670,./results/cp_sweep_intensity/logs/w68.oracleGeneral.bin.zst__fifo__Mithril__64mb__w1000.log,ok
w61.oracleGeneral.bin.zst,oracleGeneral,sieve,Mithril,256mb,10000,0.7116,0.6093,9884691,10688077,8881665,6657576,1253048,971041,17712560,2460166,168168,2291998,./results/cp_sweep_intensity/logs/w61.oracleGeneral.bin.zst__sieve__Mithril__256mb__w10000.log,ok
w69.oracleGeneral.bin.zst,oracleGeneral,lru,Mithril,16mb,1000,0.6211,0.7200,7874006,3331537,936335,483857,106190,346288,8221256,188740,56011,132729,./results/cp_sweep_intensity/logs/w69.oracleGeneral.bin.zst__lru__Mithril__16mb__w1000.log,ok
w68.oracleGeneral.bin.zst,oracleGeneral,fifo,Mithril,1gb,10000,0.2582,0.3249,8875971,2544839,0,0,0,0,4787938,674795,219302,455493,./results/cp_sweep_intensity/logs/w68.oracleGeneral.bin.zst__fifo__Mithril__1gb__w10000.log,ok
w69.oracleGeneral.bin.zst,oracleGeneral,lru,Mithril,64mb,100,0.5288,0.5865,7874006,4752717,0,0,0,0,8914078,22628,4101,18527,./results/cp_sweep_intensity/logs/w69.oracleGeneral.bin.zst__lru__Mithril__64mb__w100.log,ok
w69.oracleGeneral.bin.zst,oracleGeneral,lru,Mithril,16mb,10000,0.6211,0.7200,7874006,3331537,1439225,757667,178384,503174,8221256,838620,326774,511846,./results/cp_sweep_intensity/logs/w69.oracleGeneral.bin.zst__lru__Mithril__16mb__w10000.log,ok
w68.oracleGeneral.bin.zst,oracleGeneral,sieve,Mithril,1gb,10000,0.1757,0.2393,8875971,1662712,574770,232712,270870,71188,3155983,198554,6578,191976,./results/cp_sweep_intensity/logs/w68.oracleGeneral.bin.zst__sieve__Mithril__1gb__w10000.log,ok
w69.oracleGeneral.bin.zst,oracleGeneral,lru,Mithril,256mb,100,0.4427,0.5234,7874006,5403219,0,0,0,0,8879922,16333,2626,13707,./results/cp_sweep_intensity/logs/w69.oracleGeneral.bin.zst__lru__Mithril__256mb__w100.log,ok
w68.oracleGeneral.bin.zst,oracleGeneral,sieve,Mithril,64mb,1000,0.4792,0.5479,8875971,8982521,3805679,2605351,185033,1015295,13231905,716005,85776,630229,./results/cp_sweep_intensity/logs/w68.oracleGeneral.bin.zst__sieve__Mithril__64mb__w1000.log,ok
w68.oracleGeneral.bin.zst,oracleGeneral,sieve,Mithril,256mb,1000,0.3473,0.4292,8875971,6448429,1197190,799588,150420,247182,9516208,312931,33682,279249,./results/cp_sweep_intensity/logs/w68.oracleGeneral.bin.zst__sieve__Mithril__256mb__w1000.log,ok
w69.oracleGeneral.bin.zst,oracleGeneral,lru,Mithril,1gb,100,0.3709,0.4402,7874006,3071370,0,0,0,0,5949226,3996,1695,2301,./results/cp_sweep_intensity/logs/w69.oracleGeneral.bin.zst__lru__Mithril__1gb__w100.log,ok
w69.oracleGeneral.bin.zst,oracleGeneral,lru,Mithril,64mb,1000,0.5288,0.5865,7874006,4752717,30461,15324,3811,11326,8914078,171229,45049,126180,./results/cp_sweep_intensity/logs/w69.oracleGeneral.bin.zst__lru__Mithril__64mb__w1000.log,ok
w61.oracleGeneral.bin.zst,oracleGeneral,lru,Mithril,1gb,10000,0.5267,0.4751,9884691,6877368,0,0,0,0,12038162,715523,82847,632676,./results/cp_sweep_intensity/logs/w61.oracleGeneral.bin.zst__lru__Mithril__1gb__w10000.log,ok
w59.oracleGeneral.bin.zst,oracleGeneral,sieve,Mithril,1gb,10000,0.4974,0.4467,10223136,7808676,1869836,1020002,623605,226229,12808557,605295,40654,564641,./results/cp_sweep_intensity/logs/w59.oracleGeneral.bin.zst__sieve__Mithril__1gb__w10000.log,ok
w69.oracleGeneral.bin.zst,oracleGeneral,fifo,Mithril,16mb,100,0.6260,0.7209,7874006,3391823,2305,960,174,1171,8320387,49873,19452,30421,./results/cp_sweep_intensity/logs/w69.oracleGeneral.bin.zst__fifo__Mithril__16mb__w100.log,ok
w69.oracleGeneral.bin.zst,oracleGeneral,lru,Mithril,1gb,1000,0.3709,0.4402,7874006,3071370,0,0,0,0,5949226,39437,15724,23713,./results/cp_sweep_intensity/logs/w69.oracleGeneral.bin.zst__lru__Mithril__1gb__w1000.log,ok
w69.oracleGeneral.bin.zst,oracleGeneral,fifo,Mithril,64mb,100,0.5344,0.5880,7874006,4795715,0,0,0,0,9000542,29673,8953,20720,./results/cp_sweep_intensity/logs/w69.oracleGeneral.bin.zst__fifo__Mithril__64mb__w100.log,ok
w59.oracleGeneral.bin.zst,oracleGeneral,sieve,Mithril,256mb,10000,0.6411,0.6315,10223136,10380108,7257738,4573170,1880326,804242,16913395,1168695,96468,1072227,./results/cp_sweep_intensity/logs/w59.oracleGeneral.bin.zst__sieve__Mithril__256mb__w10000.log,ok
w69.oracleGeneral.bin.zst,oracleGeneral,fifo,Mithril,16mb,1000,0.6260,0.7209,7874006,3391823,944745,485616,111207,347922,8320387,227252,86144,141108,./results/cp_sweep_intensity/logs/w69.oracleGeneral.bin.zst__fifo__Mithril__16mb__w1000.log,ok
w69.oracleGeneral.bin.zst,oracleGeneral,lru,Mithril,256mb,1000,0.4427,0.5234,7874006,5403219,0,0,0,0,8879922,155013,35765,119248,./results/cp_sweep_intensity/logs/w69.oracleGeneral.bin.zst__lru__Mithril__256mb__w1000.log,ok
w69.oracleGeneral.bin.zst,oracleGeneral,fifo,Mithril,16mb,10000,0.6260,0.7209,7874006,3391823,1458650,762238,185290,511122,8320387,892933,367129,525804,./results/cp_sweep_intensity/logs/w69.oracleGeneral.bin.zst__fifo__Mithril__16mb__w10000.log,ok
w69.oracleGeneral.bin.zst,oracleGeneral,fifo,Mithril,256mb,100,0.4459,0.5233,7874006,5434789,0,0,0,0,8936377,20085,4783,15302,./results/cp_sweep_intensity/logs/w69.oracleGeneral.bin.zst__fifo__Mithril__256mb__w100.log,ok
w69.oracleGeneral.bin.zst,oracleGeneral,fifo,Mithril,1gb,100,0.3805,0.4494,7874006,3251921,0,0,0,0,6205150,6262,2948,3314,./results/cp_sweep_intensity/logs/w69.oracleGeneral.bin.zst__fifo__Mithril__1gb__w100.log,ok
w69.oracleGeneral.bin.zst,oracleGeneral,sieve,Mithril,16mb,100,0.6215,0.7264,7874006,3386529,293595,164327,33922,95346,8279554,80205,5245,74960,./results/cp_sweep_intensity/logs/w69.oracleGeneral.bin.zst__sieve__Mithril__16mb__w100.log,ok
w69.oracleGeneral.bin.zst,oracleGeneral,fifo,Mithril,1gb,1000,0.3805,0.4494,7874006,3251921,0,0,0,0,6205150,53387,25941,27446,./results/cp_sweep_intensity/logs/w69.oracleGeneral.bin.zst__fifo__Mithril__1gb__w1000.log,ok
w69.oracleGeneral.bin.zst,oracleGeneral,fifo,Mithril,64mb,1000,0.5344,0.5880,7874006,4795715,31220,15579,4077,11564,9000542,194760,64179,130581,./results/cp_sweep_intensity/logs/w69.oracleGeneral.bin.zst__fifo__Mithril__64mb__w1000.log,ok
w61.oracleGeneral.bin.zst,oracleGeneral,fifo,Mithril,1gb,10000,0.5425,0.4858,9884691,6956313,0,0,0,0,12273006,770313,114626,655687,./results/cp_sweep_intensity/logs/w61.oracleGeneral.bin.zst__fifo__Mithril__1gb__w10000.log,ok
w69.oracleGeneral.bin.zst,oracleGeneral,sieve,Mithril,16mb,1000,0.6215,0.7264,7874006,3386529,1477884,808347,180042,489495,8279554,260781,36141,224640,./results/cp_sweep_intensity/logs/w69.oracleGeneral.bin.zst__sieve__Mithril__16mb__w1000.log,ok
w68.oracleGeneral.bin.zst,oracleGeneral,sieve,Mithril,64mb,10000,0.4792,0.5479,8875971,8982521,6759186,4562711,353074,1843401,13231905,3901863,679339,3222524,./results/cp_sweep_intensity/logs/w68.oracleGeneral.bin.zst__sieve__Mithril__64mb__w10000.log,ok
w69.oracleGeneral.bin.zst,oracleGeneral,fifo,Mithril,256mb,1000,0.4459,0.5233,7874006,5434789,0,0,0,0,8936377,174082,47187,126895,./results/cp_sweep_intensity/logs/w69.oracleGeneral.bin.zst__fifo__Mithril__256mb__w1000.log,ok
w69.oracleGeneral.bin.zst,oracleGeneral,sieve,Mithril,64mb,100,0.5321,0.5923,7874006,4834544,169786,95515,23688,50583,9022169,50094,4293,45801,./results/cp_sweep_intensity/logs/w69.oracleGeneral.bin.zst__sieve__Mithril__64mb__w100.log,ok
w69.oracleGeneral.bin.zst,oracleGeneral,sieve,Mithril,16mb,10000,0.6215,0.7264,7874006,3386529,1597190,878575,197488,521127,8279554,930067,299160,630907,./results/cp_sweep_intensity/logs/w69.oracleGeneral.bin.zst__sieve__Mithril__16mb__w10000.log,ok
w69.oracleGeneral.bin.zst,oracleGeneral,sieve,Mithril,256mb,100,0.4384,0.5215,7874006,4967196,55636,32120,11205,12311,8408121,18126,4170,13956,./results/cp_sweep_intensity/logs/w69.oracleGeneral.bin.zst__sieve__Mithril__256mb__w100.log,ok
w69.oracleGeneral.bin.zst,oracleGeneral,sieve,Mithril,1gb,100,0.3727,0.4466,7874006,2735230,9816,4745,3318,1753,5630602,3469,563,2906,./results/cp_sweep_intensity/logs/w69.oracleGeneral.bin.zst__sieve__Mithril__1gb__w100.log,ok
w70.oracleGeneral.bin.zst,oracleGeneral,lru,Mithril,16mb,100,,,,,,,,,,,,,./results/cp_sweep_intensity/logs/w70.oracleGeneral.bin.zst__lru__Mithril__16mb__w100.log,fail:134
w69.oracleGeneral.bin.zst,oracleGeneral,lru,Mithril,64mb,10000,0.5288,0.5865,7874006,4752717,2270954,1179373,361939,729642,8914078,1176510,461437,715073,./results/cp_sweep_intensity/logs/w69.oracleGeneral.bin.zst__lru__Mithril__64mb__w10000.log,ok
w69.oracleGeneral.bin.zst,oracleGeneral,sieve,Mithril,1gb,1000,0.3727,0.4466,7874006,2735230,95464,45880,34577,15007,5630602,30877,4208,26669,./results/cp_sweep_intensity/logs/w69.oracleGeneral.bin.zst__sieve__Mithril__1gb__w1000.log,ok
w69.oracleGeneral.bin.zst,oracleGeneral,sieve,Mithril,256mb,1000,0.4384,0.5215,7874006,4967196,491999,274810,112105,105084,8408121,132867,33096,99771,./results/cp_sweep_intensity/logs/w69.oracleGeneral.bin.zst__sieve__Mithril__256mb__w1000.log,ok
w69.oracleGeneral.bin.zst,oracleGeneral,sieve,Mithril,64mb,1000,0.5321,0.5923,7874006,4834544,1247276,687002,184490,375784,9022169,242052,38692,203360,./results/cp_sweep_intensity/logs/w69.oracleGeneral.bin.zst__sieve__Mithril__64mb__w1000.log,ok
w70.oracleGeneral.bin.zst,oracleGeneral,lru,Mithril,16mb,1000,,,,,,,,,,,,,./results/cp_sweep_intensity/logs/w70.oracleGeneral.bin.zst__lru__Mithril__16mb__w1000.log,fail:134
w70.oracleGeneral.bin.zst,oracleGeneral,lru,Mithril,16mb,10000,,,,,,,,,,,,,./results/cp_sweep_intensity/logs/w70.oracleGeneral.bin.zst__lru__Mithril__16mb__w10000.log,fail:134
w68.oracleGeneral.bin.zst,oracleGeneral,lru,Mithril,64mb,10000,0.4814,0.5449,8875971,8975433,6224256,3887552,326840,2009864,13244343,3854466,923486,2930980,./results/cp_sweep_intensity/logs/w68.oracleGeneral.bin.zst__lru__Mithril__64mb__w10000.log,ok
w69.oracleGeneral.bin.zst,oracleGeneral,sieve,Mithril,64mb,10000,0.5321,0.5923,7874006,4834544,2526578,1389880,395163,741535,9022169,1317332,478351,838981,./results/cp_sweep_intensity/logs/w69.oracleGeneral.bin.zst__sieve__Mithril__64mb__w10000.log,ok
w70.oracleGeneral.bin.zst,oracleGeneral,lru,Mithril,64mb,100,0.3979,0.6046,6928385,4603044,3,2,0,1,7357845,112156,16683,95473,./results/cp_sweep_intensity/logs/w70.oracleGeneral.bin.zst__lru__Mithril__64mb__w100.log,ok
w70.oracleGeneral.bin.zst,oracleGeneral,lru,Mithril,256mb,100,0.3008,0.5381,6928385,2999056,0,0,0,0,5075755,33774,4531,29243,./results/cp_sweep_intensity/logs/w70.oracleGeneral.bin.zst__lru__Mithril__256mb__w100.log,ok
w70.oracleGeneral.bin.zst,oracleGeneral,lru,Mithril,1gb,100,0.1901,0.3346,6928385,1098608,0,0,0,0,2385696,3053,695,2358,./results/cp_sweep_intensity/logs/w70.oracleGeneral.bin.zst__lru__Mithril__1gb__w100.log,ok
w70.oracleGeneral.bin.zst,oracleGeneral,lru,Mithril,1gb,1000,0.1901,0.3346,6928385,1098608,0,0,0,0,2385696,27715,7365,20350,./results/cp_sweep_intensity/logs/w70.oracleGeneral.bin.zst__lru__Mithril__1gb__w1000.log,ok
w70.oracleGeneral.bin.zst,oracleGeneral,fifo,Mithril,16mb,100,,,,,,,,,,,,,./results/cp_sweep_intensity/logs/w70.oracleGeneral.bin.zst__fifo__Mithril__16mb__w100.log,fail:134
w69.oracleGeneral.bin.zst,oracleGeneral,lru,Mithril,1gb,10000,0.3709,0.4402,7874006,3071370,0,0,0,0,5949226,293719,127489,166230,./results/cp_sweep_intensity/logs/w69.oracleGeneral.bin.zst__lru__Mithril__1gb__w10000.log,ok
w70.oracleGeneral.bin.zst,oracleGeneral,lru,Mithril,256mb,1000,0.3008,0.5381,6928385,2999056,54,28,19,7,5075755,268402,51326,217076,./results/cp_sweep_intensity/logs/w70.oracleGeneral.bin.zst__lru__Mithril__256mb__w1000.log,ok
w69.oracleGeneral.bin.zst,oracleGeneral,fifo,Mithril,64mb,10000,0.5344,0.5880,7874006,4795715,2285978,1189028,367498,729452,9000542,1205745,486915,718830,./results/cp_sweep_intensity/logs/w69.oracleGeneral.bin.zst__fifo__Mithril__64mb__w10000.log,ok
w70.oracleGeneral.bin.zst,oracleGeneral,fifo,Mithril,16mb,1000,,,,,,,,,,,,,./results/cp_sweep_intensity/logs/w70.oracleGeneral.bin.zst__fifo__Mithril__16mb__w1000.log,fail:134
w61.oracleGeneral.bin.zst,oracleGeneral,sieve,Mithril,1gb,10000,0.5858,0.5136,9884691,8440706,4463288,3076320,784167,602801,14196435,1423612,107337,1316275,./results/cp_sweep_intensity/logs/w61.oracleGeneral.bin.zst__sieve__Mithril__1gb__w10000.log,ok
w70.oracleGeneral.bin.zst,oracleGeneral,fifo,Mithril,16mb,10000,,,,,,,,,,,,,./results/cp_sweep_intensity/logs/w70.oracleGeneral.bin.zst__fifo__Mithril__16mb__w10000.log,fail:134
w70.oracleGeneral.bin.zst,oracleGeneral,fifo,Mithril,64mb,100,0.4181,0.6085,6928385,4709463,0,0,0,0,7604300,134527,34638,99889,./results/cp_sweep_intensity/logs/w70.oracleGeneral.bin.zst__fifo__Mithril__64mb__w100.log,ok
w70.oracleGeneral.bin.zst,oracleGeneral,lru,Mithril,64mb,1000,0.3979,0.6046,6928385,4603044,143143,90076,27082,25985,7357845,772271,220105,552166,./results/cp_sweep_intensity/logs/w70.oracleGeneral.bin.zst__lru__Mithril__64mb__w1000.log,ok
w70.oracleGeneral.bin.zst,oracleGeneral,fifo,Mithril,256mb,100,0.3183,0.5372,6928385,3054761,0,0,0,0,5252731,44070,9519,34551,./results/cp_sweep_intensity/logs/w70.oracleGeneral.bin.zst__fifo__Mithril__256mb__w100.log,ok
w70.oracleGeneral.bin.zst,oracleGeneral,lru,Mithril,1gb,10000,0.1901,0.3346,6928385,1098608,0,0,0,0,2385696,168230,35685,132545,./results/cp_sweep_intensity/logs/w70.oracleGeneral.bin.zst__lru__Mithril__1gb__w10000.log,ok
w70.oracleGeneral.bin.zst,oracleGeneral,fifo,Mithril,1gb,100,0.2142,0.3774,6928385,1287052,0,0,0,0,2740782,6678,1493,5185,./results/cp_sweep_intensity/logs/w70.oracleGeneral.bin.zst__fifo__Mithril__1gb__w100.log,ok
w69.oracleGeneral.bin.zst,oracleGeneral,fifo,Mithril,1gb,10000,0.3805,0.4494,7874006,3251921,0,0,0,0,6205150,383561,198592,184969,./results/cp_sweep_intensity/logs/w69.oracleGeneral.bin.zst__fifo__Mithril__1gb__w10000.log,ok
w70.oracleGeneral.bin.zst,oracleGeneral,fifo,Mithril,1gb,1000,0.2142,0.3774,6928385,1287052,0,0,0,0,2740782,55284,15549,39735,./results/cp_sweep_intensity/logs/w70.oracleGeneral.bin.zst__fifo__Mithril__1gb__w1000.log,ok
w70.oracleGeneral.bin.zst,oracleGeneral,sieve,Mithril,16mb,100,,,,,,,,,,,,,./results/cp_sweep_intensity/logs/w70.oracleGeneral.bin.zst__sieve__Mithril__16mb__w100.log,fail:134
w70.oracleGeneral.bin.zst,oracleGeneral,sieve,Mithril,16mb,1000,,,,,,,,,,,,,./results/cp_sweep_intensity/logs/w70.oracleGeneral.bin.zst__sieve__Mithril__16mb__w1000.log,fail:134
w70.oracleGeneral.bin.zst,oracleGeneral,sieve,Mithril,16mb,10000,,,,,,,,,,,,,./results/cp_sweep_intensity/logs/w70.oracleGeneral.bin.zst__sieve__Mithril__16mb__w10000.log,fail:134
w70.oracleGeneral.bin.zst,oracleGeneral,fifo,Mithril,256mb,1000,0.3183,0.5372,6928385,3054761,68,40,19,9,5252731,317295,89899,227396,./results/cp_sweep_intensity/logs/w70.oracleGeneral.bin.zst__fifo__Mithril__256mb__w1000.log,ok
w70.oracleGeneral.bin.zst,oracleGeneral,sieve,Mithril,64mb,100,0.3739,0.6029,6928385,4923396,378744,226899,92550,59295,7511279,206936,4389,202547,./results/cp_sweep_intensity/logs/w70.oracleGeneral.bin.zst__sieve__Mithril__64mb__w100.log,ok
w70.oracleGeneral.bin.zst,oracleGeneral,sieve,Mithril,256mb,100,0.2695,0.4666,6928385,3266612,89078,46084,32686,10308,5124773,55766,867,54899,./results/cp_sweep_intensity/logs/w70.oracleGeneral.bin.zst__sieve__Mithril__256mb__w100.log,ok
w70.oracleGeneral.bin.zst,oracleGeneral,fifo,Mithril,64mb,1000,0.4181,0.6085,6928385,4709463,142016,89037,26621,26358,7604300,834429,268929,565500,./results/cp_sweep_intensity/logs/w70.oracleGeneral.bin.zst__fifo__Mithril__64mb__w1000.log,ok
w70.oracleGeneral.bin.zst,oracleGeneral,sieve,Mithril,1gb,100,0.1908,0.3572,6928385,1198747,4121,1795,1859,467,2492070,6195,20,6175,./results/cp_sweep_intensity/logs/w70.oracleGeneral.bin.zst__sieve__Mithril__1gb__w100.log,ok
w68.oracleGeneral.bin.zst,oracleGeneral,sieve,Mithril,256mb,10000,0.3473,0.4292,8875971,6448429,4807676,3194726,623923,989027,9516208,2001546,312307,1689239,./results/cp_sweep_intensity/logs/w68.oracleGeneral.bin.zst__sieve__Mithril__256mb__w10000.log,ok
w70.oracleGeneral.bin.zst,oracleGeneral,sieve,Mithril,1gb,1000,0.1908,0.3572,6928385,1198747,60821,27812,26131,6878,2492070,39565,312,39253,./results/cp_sweep_intensity/logs/w70.oracleGeneral.bin.zst__sieve__Mithril__1gb__w1000.log,ok
w70.oracleGeneral.bin.zst,oracleGeneral,fifo,Mithril,1gb,10000,0.2142,0.3774,6928385,1287052,0,0,0,0,2740782,300001,109240,190761,./results/cp_sweep_intensity/logs/w70.oracleGeneral.bin.zst__fifo__Mithril__1gb__w10000.log,ok
w69.oracleGeneral.bin.zst,oracleGeneral,sieve,Mithril,1gb,10000,0.3727,0.4466,7874006,2735230,574226,281246,203989,88991,5630602,254901,43978,210923,./results/cp_sweep_intensity/logs/w69.oracleGeneral.bin.zst__sieve__Mithril__1gb__w10000.log,ok
w70.oracleGeneral.bin.zst,oracleGeneral,sieve,Mithril,256mb,1000,0.2695,0.4666,6928385,3266612,883710,490162,299271,94277,5124773,323367,8296,315071,./results/cp_sweep_intensity/logs/w70.oracleGeneral.bin.zst__sieve__Mithril__256mb__w1000.log,ok
w68.oracleGeneral.bin.zst,oracleGeneral,fifo,Mithril,64mb,10000,0.4842,0.5466,8875971,9022461,6231360,3879926,329871,2021563,13316464,3895184,953101,2942083,./results/cp_sweep_intensity/logs/w68.oracleGeneral.bin.zst__fifo__Mithril__64mb__w10000.log,ok
w71.oracleGeneral.bin.zst,oracleGeneral,lru,Mithril,16mb,100,0.4512,0.5347,6840776,1520707,0,0,0,0,4605471,9875,2552,7323,./results/cp_sweep_intensity/logs/w71.oracleGeneral.bin.zst__lru__Mithril__16mb__w100.log,ok
w70.oracleGeneral.bin.zst,oracleGeneral,sieve,Mithril,64mb,1000,0.3739,0.6029,6928385,4923396,2749543,1726097,635980,387466,7511279,910961,52876,858085,./results/cp_sweep_intensity/logs/w70.oracleGeneral.bin.zst__sieve__Mithril__64mb__w1000.log,ok
w71.oracleGeneral.bin.zst,oracleGeneral,lru,Mithril,64mb,100,0.2278,0.3283,6840776,3117039,0,0,0,0,4670843,6269,1761,4508,./results/cp_sweep_intensity/logs/w71.oracleGeneral.bin.zst__lru__Mithril__64mb__w100.log,ok
w71.oracleGeneral.bin.zst,oracleGeneral,lru,Mithril,16mb,1000,0.4512,0.5347,6840776,1520707,15221,8127,1202,5892,4605471,76340,26094,50246,./results/cp_sweep_intensity/logs/w71.oracleGeneral.bin.zst__lru__Mithril__16mb__w1000.log,ok
w71.oracleGeneral.bin.zst,oracleGeneral,lru,Mithril,256mb,100,0.1900,0.2722,6840776,2710690,0,0,0,0,3990251,2231,696,1535,./results/cp_sweep_intensity/logs/w71.oracleGeneral.bin.zst__lru__Mithril__256mb__w100.log,ok
w71.oracleGeneral.bin.zst,oracleGeneral,lru,Mithril,1gb,100,0.1542,0.2186,6840776,888288,0,0,0,0,1870720,886,633,253,./results/cp_sweep_intensity/logs/w71.oracleGeneral.bin.zst__lru__Mithril__1gb__w100.log,ok
w71.oracleGeneral.bin.zst,oracleGeneral,lru,Mithril,64mb,1000,0.2278,0.3283,6840776,3117039,0,0,0,0,4670843,48616,14778,33838,./results/cp_sweep_intensity/logs/w71.oracleGeneral.bin.zst__lru__Mithril__64mb__w1000.log,ok
w71.oracleGeneral.bin.zst,oracleGeneral,lru,Mithril,16mb,10000,0.4512,0.5347,6840776,1520707,413716,244186,48076,121454,4605471,300824,127707,173117,./results/cp_sweep_intensity/logs/w71.oracleGeneral.bin.zst__lru__Mithril__16mb__w10000.log,ok
w71.oracleGeneral.bin.zst,oracleGeneral,lru,Mithril,1gb,1000,0.1542,0.2186,6840776,888288,0,0,0,0,1870720,12644,11177,1467,./results/cp_sweep_intensity/logs/w71.oracleGeneral.bin.zst__lru__Mithril__1gb__w1000.log,ok
w71.oracleGeneral.bin.zst,oracleGeneral,lru,Mithril,256mb,1000,0.1900,0.2722,6840776,2710690,0,0,0,0,3990251,22150,8393,13757,./results/cp_sweep_intensity/logs/w71.oracleGeneral.bin.zst__lru__Mithril__256mb__w1000.log,ok
w70.oracleGeneral.bin.zst,oracleGeneral,lru,Mithril,64mb,10000,0.3979,0.6046,6928385,4603044,3119931,1939859,652676,527396,7357845,2698887,879957,1818930,./results/cp_sweep_intensity/logs/w70.oracleGeneral.bin.zst__lru__Mithril__64mb__w10000.log,ok
w70.oracleGeneral.bin.zst,oracleGeneral,sieve,Mithril,64mb,10000,0.3739,0.6029,6928385,4923396,4023943,2544417,923498,556028,7511279,2915923,371567,2544356,./results/cp_sweep_intensity/logs/w70.oracleGeneral.bin.zst__sieve__Mithril__64mb__w10000.log,ok
w71.oracleGeneral.bin.zst,oracleGeneral,lru,Mithril,1gb,10000,0.1542,0.2186,6840776,888288,0,0,0,0,1870720,73163,64496,8667,./results/cp_sweep_intensity/logs/w71.oracleGeneral.bin.zst__lru__Mithril__1gb__w10000.log,ok
w71.oracleGeneral.bin.zst,oracleGeneral,fifo,Mithril,16mb,100,0.4560,0.5392,6840776,1556583,0,0,0,0,4674482,16279,9099,7180,./results/cp_sweep_intensity/logs/w71.oracleGeneral.bin.zst__fifo__Mithril__16mb__w100.log,ok
w71.oracleGeneral.bin.zst,oracleGeneral,fifo,Mithril,16mb,1000,0.4560,0.5392,6840776,1556583,15162,7991,1301,5870,4674482,104436,56416,48020,./results/cp_sweep_intensity/logs/w71.oracleGeneral.bin.zst__fifo__Mithril__16mb__w1000.log,ok
w70.oracleGeneral.bin.zst,oracleGeneral,sieve,Mithril,1gb,10000,0.1908,0.3572,6928385,1198747,414205,184068,193870,36267,2492070,245828,6042,239786,./results/cp_sweep_intensity/logs/w70.oracleGeneral.bin.zst__sieve__Mithril__1gb__w10000.log,ok
w71.oracleGeneral.bin.zst,oracleGeneral,fifo,Mithril,64mb,100,0.2308,0.3287,6840776,3143565,0,0,0,0,4717665,9821,4735,5086,./results/cp_sweep_intensity/logs/w71.oracleGeneral.bin.zst__fifo__Mithril__64mb__w100.log,ok
w71.oracleGeneral.bin.zst,oracleGeneral,fifo,Mithril,256mb,100,0.1927,0.2744,6840776,2736782,0,0,0,0,4034785,4356,2286,2070,./results/cp_sweep_intensity/logs/w71.oracleGeneral.bin.zst__fifo__Mithril__256mb__w100.log,ok
w71.oracleGeneral.bin.zst,oracleGeneral,fifo,Mithril,1gb,100,0.1582,0.2224,6840776,1103100,0,0,0,0,2112529,434,159,275,./results/cp_sweep_intensity/logs/w71.oracleGeneral.bin.zst__fifo__Mithril__1gb__w100.log,ok
w71.oracleGeneral.bin.zst,oracleGeneral,fifo,Mithril,64mb,1000,0.2308,0.3287,6840776,3143565,0,0,0,0,4717665,65620,29097,36523,./results/cp_sweep_intensity/logs/w71.oracleGeneral.bin.zst__fifo__Mithril__64mb__w1000.log,ok
w71.oracleGeneral.bin.zst,oracleGeneral,fifo,Mithril,16mb,10000,0.4560,0.5392,6840776,1556583,406899,240173,48176,118550,4674482,338981,169946,169035,./results/cp_sweep_intensity/logs/w71.oracleGeneral.bin.zst__fifo__Mithril__16mb__w10000.log,ok
w71.oracleGeneral.bin.zst,oracleGeneral,fifo,Mithril,1gb,1000,0.1582,0.2224,6840776,1103100,0,0,0,0,2112529,15705,13428,2277,./results/cp_sweep_intensity/logs/w71.oracleGeneral.bin.zst__fifo__Mithril__1gb__w1000.log,ok
w71.oracleGeneral.bin.zst,oracleGeneral,fifo,Mithril,256mb,1000,0.1927,0.2744,6840776,2736782,0,0,0,0,4034785,32599,14971,17628,./results/cp_sweep_intensity/logs/w71.oracleGeneral.bin.zst__fifo__Mithril__256mb__w1000.log,ok
w71.oracleGeneral.bin.zst,oracleGeneral,sieve,Mithril,16mb,100,0.4564,0.5420,6840776,1524553,50654,32988,5292,12374,4645495,25364,1724,23640,./results/cp_sweep_intensity/logs/w71.oracleGeneral.bin.zst__sieve__Mithril__16mb__w100.log,ok
w71.oracleGeneral.bin.zst,oracleGeneral,sieve,Mithril,16mb,1000,0.4564,0.5420,6840776,1524553,288047,183530,32994,71523,4645495,115694,15465,100229,./results/cp_sweep_intensity/logs/w71.oracleGeneral.bin.zst__sieve__Mithril__16mb__w1000.log,ok
w71.oracleGeneral.bin.zst,oracleGeneral,fifo,Mithril,1gb,10000,0.1582,0.2224,6840776,1103100,0,0,0,0,2112529,67882,54852,13030,./results/cp_sweep_intensity/logs/w71.oracleGeneral.bin.zst__fifo__Mithril__1gb__w10000.log,ok
w71.oracleGeneral.bin.zst,oracleGeneral,sieve,Mithril,16mb,10000,0.4564,0.5420,6840776,1524553,597760,384650,71369,141741,4645495,352655,90709,261946,./results/cp_sweep_intensity/logs/w71.oracleGeneral.bin.zst__sieve__Mithril__16mb__w10000.log,ok
w71.oracleGeneral.bin.zst,oracleGeneral,sieve,Mithril,64mb,100,0.2325,0.3337,6840776,3226523,26593,15624,2788,8181,4812390,18270,1155,17115,./results/cp_sweep_intensity/logs/w71.oracleGeneral.bin.zst__sieve__Mithril__64mb__w100.log,ok
w71.oracleGeneral.bin.zst,oracleGeneral,lru,Mithril,256mb,10000,0.1900,0.2722,6840776,2710690,0,0,0,0,3990251,200858,107324,93534,./results/cp_sweep_intensity/logs/w71.oracleGeneral.bin.zst__lru__Mithril__256mb__w10000.log,ok
w71.oracleGeneral.bin.zst,oracleGeneral,sieve,Mithril,64mb,1000,0.2325,0.3337,6840776,3226523,179077,99806,22845,56426,4812390,98655,11857,86798,./results/cp_sweep_intensity/logs/w71.oracleGeneral.bin.zst__sieve__Mithril__64mb__w1000.log,ok
w71.oracleGeneral.bin.zst,oracleGeneral,sieve,Mithril,256mb,100,0.1914,0.2774,6840776,2598680,5773,2641,1434,1698,3893482,4178,809,3369,./results/cp_sweep_intensity/logs/w71.oracleGeneral.bin.zst__sieve__Mithril__256mb__w100.log,ok
w71.oracleGeneral.bin.zst,oracleGeneral,sieve,Mithril,1gb,100,0.1519,0.2169,6840776,519942,87,36,30,21,1472990,201,64,137,./results/cp_sweep_intensity/logs/w71.oracleGeneral.bin.zst__sieve__Mithril__1gb__w100.log,ok
w69.oracleGeneral.bin.zst,oracleGeneral,sieve,Mithril,256mb,10000,0.4384,0.5215,7874006,4967196,2595953,1410809,637536,547608,8408121,988113,321093,667020,./results/cp_sweep_intensity/logs/w69.oracleGeneral.bin.zst__sieve__Mithril__256mb__w10000.log,ok
w72.oracleGeneral.bin.zst,oracleGeneral,lru,Mithril,16mb,100,,,,,,,,,,,,,./results/cp_sweep_intensity/logs/w72.oracleGeneral.bin.zst__lru__Mithril__16mb__w100.log,fail:134
w72.oracleGeneral.bin.zst,oracleGeneral,lru,Mithril,64mb,100,,,,,,,,,,,,,./results/cp_sweep_intensity/logs/w72.oracleGeneral.bin.zst__lru__Mithril__64mb__w100.log,fail:134
w72.oracleGeneral.bin.zst,oracleGeneral,lru,Mithril,16mb,1000,,,,,,,,,,,,,./results/cp_sweep_intensity/logs/w72.oracleGeneral.bin.zst__lru__Mithril__16mb__w1000.log,fail:134
w72.oracleGeneral.bin.zst,oracleGeneral,lru,Mithril,16mb,10000,,,,,,,,,,,,,./results/cp_sweep_intensity/logs/w72.oracleGeneral.bin.zst__lru__Mithril__16mb__w10000.log,fail:134
w71.oracleGeneral.bin.zst,oracleGeneral,sieve,Mithril,256mb,1000,0.1914,0.2774,6840776,2598680,45686,21237,9226,15223,3893482,30507,5967,24540,./results/cp_sweep_intensity/logs/w71.oracleGeneral.bin.zst__sieve__Mithril__256mb__w1000.log,ok
w71.oracleGeneral.bin.zst,oracleGeneral,sieve,Mithril,1gb,1000,0.1519,0.2169,6840776,519942,919,365,284,270,1472990,1626,581,1045,./results/cp_sweep_intensity/logs/w71.oracleGeneral.bin.zst__sieve__Mithril__1gb__w1000.log,ok
w72.oracleGeneral.bin.zst,oracleGeneral,lru,Mithril,64mb,1000,,,,,,,,,,,,,./results/cp_sweep_intensity/logs/w72.oracleGeneral.bin.zst__lru__Mithril__64mb__w1000.log,fail:134
w70.oracleGeneral.bin.zst,oracleGeneral,sieve,Mithril,256mb,10000,0.2695,0.4666,6928385,3266612,2818049,1595349,949191,273509,5124773,1454646,67571,1387075,./results/cp_sweep_intensity/logs/w70.oracleGeneral.bin.zst__sieve__Mithril__256mb__w10000.log,ok
w71.oracleGeneral.bin.zst,oracleGeneral,sieve,Mithril,1gb,10000,0.1519,0.2169,6840776,519942,9948,3113,4273,2562,1472990,16557,9502,7055,./results/cp_sweep_intensity/logs/w71.oracleGeneral.bin.zst__sieve__Mithril__1gb__w10000.log,ok
w71.oracleGeneral.bin.zst,oracleGeneral,lru,Mithril,64mb,10000,0.2278,0.3283,6840776,3117039,201484,99336,27850,74298,4670843,266716,116055,150661,./results/cp_sweep_intensity/logs/w71.oracleGeneral.bin.zst__lru__Mithril__64mb__w10000.log,ok
w72.oracleGeneral.bin.zst,oracleGeneral,lru,Mithril,256mb,100,0.2373,0.3428,6407185,1889210,0,0,0,0,3392731,6307,1066,5241,./results/cp_sweep_intensity/logs/w72.oracleGeneral.bin.zst__lru__Mithril__256mb__w100.log,ok
w72.oracleGeneral.bin.zst,oracleGeneral,fifo,Mithril,16mb,100,,,,,,,,,,,,,./results/cp_sweep_intensity/logs/w72.oracleGeneral.bin.zst__fifo__Mithril__16mb__w100.log,fail:134
w72.oracleGeneral.bin.zst,oracleGeneral,lru,Mithril,1gb,100,0.1766,0.2544,6407185,914662,0,0,0,0,2000033,542,140,402,./results/cp_sweep_intensity/logs/w72.oracleGeneral.bin.zst__lru__Mithril__1gb__w100.log,ok
w70.oracleGeneral.bin.zst,oracleGeneral,fifo,Mithril,64mb,10000,0.4181,0.6085,6928385,4709463,3134533,1943017,654012,537504,7604300,2800172,966917,1833255,./results/cp_sweep_intensity/logs/w70.oracleGeneral.bin.zst__fifo__Mithril__64mb__w10000.log,ok
w72.oracleGeneral.bin.zst,oracleGeneral,fifo,Mithril,64mb,100,,,,,,,,,,,,,./results/cp_sweep_intensity/logs/w72.oracleGeneral.bin.zst__fifo__Mithril__64mb__w100.log,fail:134
w72.oracleGeneral.bin.zst,oracleGeneral,fifo,Mithril,16mb,1000,,,,,,,,,,,,,./results/cp_sweep_intensity/logs/w72.oracleGeneral.bin.zst__fifo__Mithril__16mb__w1000.log,fail:134
w72.oracleGeneral.bin.zst,oracleGeneral,fifo,Mithril,64mb,1000,,,,,,,,,,,,,./results/cp_sweep_intensity/logs/w72.oracleGeneral.bin.zst__fifo__Mithril__64mb__w1000.log,fail:134
w72.oracleGeneral.bin.zst,oracleGeneral,lru,Mithril,1gb,1000,0.1766,0.2544,6407185,914662,0,0,0,0,2000033,4767,1219,3548,./results/cp_sweep_intensity/logs/w72.oracleGeneral.bin.zst__lru__Mithril__1gb__w1000.log,ok
w72.oracleGeneral.bin.zst,oracleGeneral,lru,Mithril,64mb,10000,,,,,,,,,,,,,./results/cp_sweep_intensity/logs/w72.oracleGeneral.bin.zst__lru__Mithril__64mb__w10000.log,fail:134
w72.oracleGeneral.bin.zst,oracleGeneral,fifo,Mithril,16mb,10000,,,,,,,,,,,,,./results/cp_sweep_intensity/logs/w72.oracleGeneral.bin.zst__fifo__Mithril__16mb__w10000.log,fail:134
w72.oracleGeneral.bin.zst,oracleGeneral,lru,Mithril,256mb,1000,0.2373,0.3428,6407185,1889210,0,0,0,0,3392731,46100,10702,35398,./results/cp_sweep_intensity/logs/w72.oracleGeneral.bin.zst__lru__Mithril__256mb__w1000.log,ok
w72.oracleGeneral.bin.zst,oracleGeneral,fifo,Mithril,64mb,10000,,,,,,,,,,,,,./results/cp_sweep_intensity/logs/w72.oracleGeneral.bin.zst__fifo__Mithril__64mb__w10000.log,fail:134
w72.oracleGeneral.bin.zst,oracleGeneral,sieve,Mithril,16mb,100,,,,,,,,,,,,,./results/cp_sweep_intensity/logs/w72.oracleGeneral.bin.zst__sieve__Mithril__16mb__w100.log,fail:134
w72.oracleGeneral.bin.zst,oracleGeneral,fifo,Mithril,1gb,100,0.1821,0.2620,6407185,972832,0,0,0,0,2090415,1307,431,876,./results/cp_sweep_intensity/logs/w72.oracleGeneral.bin.zst__fifo__Mithril__1gb__w100.log,ok
w72.oracleGeneral.bin.zst,oracleGeneral,sieve,Mithril,16mb,1000,,,,,,,,,,,,,./results/cp_sweep_intensity/logs/w72.oracleGeneral.bin.zst__sieve__Mithril__16mb__w1000.log,fail:134
w72.oracleGeneral.bin.zst,oracleGeneral,sieve,Mithril,64mb,100,,,,,,,,,,,,,./results/cp_sweep_intensity/logs/w72.oracleGeneral.bin.zst__sieve__Mithril__64mb__w100.log,fail:134
w72.oracleGeneral.bin.zst,oracleGeneral,sieve,Mithril,16mb,10000,,,,,,,,,,,,,./results/cp_sweep_intensity/logs/w72.oracleGeneral.bin.zst__sieve__Mithril__16mb__w10000.log,fail:134
w72.oracleGeneral.bin.zst,oracleGeneral,fifo,Mithril,256mb,100,0.2475,0.3515,6407185,1951768,0,0,0,0,3520272,9813,2178,7635,./results/cp_sweep_intensity/logs/w72.oracleGeneral.bin.zst__fifo__Mithril__256mb__w100.log,ok
w70.oracleGeneral.bin.zst,oracleGeneral,lru,Mithril,256mb,10000,0.3008,0.5381,6928385,2999056,526991,282101,168402,76488,5075755,1309567,482732,826835,./results/cp_sweep_intensity/logs/w70.oracleGeneral.bin.zst__lru__Mithril__256mb__w10000.log,ok
w72.oracleGeneral.bin.zst,oracleGeneral,sieve,Mithril,64mb,1000,,,,,,,,,,,,,./results/cp_sweep_intensity/logs/w72.oracleGeneral.bin.zst__sieve__Mithril__64mb__w1000.log,fail:134
w72.oracleGeneral.bin.zst,oracleGeneral,fifo,Mithril,1gb,1000,0.1821,0.2620,6407185,972832,0,0,0,0,2090415,8863,2690,6173,./results/cp_sweep_intensity/logs/w72.oracleGeneral.bin.zst__fifo__Mithril__1gb__w1000.log,ok
w72.oracleGeneral.bin.zst,oracleGeneral,sieve,Mithril,64mb,10000,,,,,,,,,,,,,./results/cp_sweep_intensity/logs/w72.oracleGeneral.bin.zst__sieve__Mithril__64mb__w10000.log,fail:134
w71.oracleGeneral.bin.zst,oracleGeneral,fifo,Mithril,256mb,10000,0.1927,0.2744,6840776,2736782,0,0,0,0,4034785,214702,119238,95464,./results/cp_sweep_intensity/logs/w71.oracleGeneral.bin.zst__fifo__Mithril__256mb__w10000.log,ok
w71.oracleGeneral.bin.zst,oracleGeneral,fifo,Mithril,64mb,10000,0.2308,0.3287,6840776,3143565,191591,93136,26725,71730,4717665,296386,145804,150582,./results/cp_sweep_intensity/logs/w71.oracleGeneral.bin.zst__fifo__Mithril__64mb__w10000.log,ok
w71.oracleGeneral.bin.zst,oracleGeneral,sieve,Mithril,64mb,10000,0.2325,0.3337,6840776,3226523,783015,442814,106224,233977,4812390,352792,79847,272945,./results/cp_sweep_intensity/logs/w71.oracleGeneral.bin.zst__sieve__Mithril__64mb__w10000.log,ok
w72.oracleGeneral.bin.zst,oracleGeneral,sieve,Mithril,256mb,100,0.2409,0.3568,6407185,2056680,22211,11105,5557,5549,3585689,17037,588,16449,./results/cp_sweep_intensity/logs/w72.oracleGeneral.bin.zst__sieve__Mithril__256mb__w100.log,ok
w72.oracleGeneral.bin.zst,oracleGeneral,lru,Mithril,1gb,10000,0.1766,0.2544,6407185,914662,0,0,0,0,2000033,36199,9026,27173,./results/cp_sweep_intensity/logs/w72.oracleGeneral.bin.zst__lru__Mithril__1gb__w10000.log,ok
w72.oracleGeneral.bin.zst,oracleGeneral,sieve,Mithril,1gb,100,0.1790,0.2656,6407185,860905,1532,755,531,246,1951633,1057,54,1003,./results/cp_sweep_intensity/logs/w72.oracleGeneral.bin.zst__sieve__Mithril__1gb__w100.log,ok
w72.oracleGeneral.bin.zst,oracleGeneral,fifo,Mithril,256mb,1000,0.2475,0.3515,6407185,1951768,0,0,0,0,3520272,66835,18774,48061,./results/cp_sweep_intensity/logs/w72.oracleGeneral.bin.zst__fifo__Mithril__256mb__w1000.log,ok
w72.oracleGeneral.bin.zst,oracleGeneral,sieve,Mithril,1gb,1000,0.1790,0.2656,6407185,860905,14041,5597,6665,1779,1951633,6711,389,6322,./results/cp_sweep_intensity/logs/w72.oracleGeneral.bin.zst__sieve__Mithril__1gb__w1000.log,ok
w71.oracleGeneral.bin.zst,oracleGeneral,sieve,Mithril,256mb,10000,0.1914,0.2774,6840776,2598680,224892,107406,42638,74848,3893482,211735,87422,124313,./results/cp_sweep_intensity/logs/w71.oracleGeneral.bin.zst__sieve__Mithril__256mb__w10000.log,ok
w73.oracleGeneral.bin.zst,oracleGeneral,lru,Mithril,16mb,100,0.5892,0.6644,6368815,1936367,0,0,0,0,5686697,11313,1012,10301,./results/cp_sweep_intensity/logs/w73.oracleGeneral.bin.zst__lru__Mithril__16mb__w100.log,ok
w72.oracleGeneral.bin.zst,oracleGeneral,sieve,Mithril,256mb,1000,0.2409,0.3568,6407185,2056680,139372,70552,37350,31470,3585689,90633,5433,85200,./results/cp_sweep_intensity/logs/w72.oracleGeneral.bin.zst__sieve__Mithril__256mb__w1000.log,ok
w72.oracleGeneral.bin.zst,oracleGeneral,fifo,Mithril,1gb,10000,0.1821,0.2620,6407185,972832,0,0,0,0,2090415,62966,24449,38517,./results/cp_sweep_intensity/logs/w72.oracleGeneral.bin.zst__fifo__Mithril__1gb__w10000.log,ok
w72.oracleGeneral.bin.zst,oracleGeneral,sieve,Mithril,1gb,10000,0.1790,0.2656,6407185,860905,75913,36330,28579,11004,1951633,46281,7451,38830,./results/cp_sweep_intensity/logs/w72.oracleGeneral.bin.zst__sieve__Mithril__1gb__w10000.log,ok
w73.oracleGeneral.bin.zst,oracleGeneral,lru,Mithril,64mb,100,0.4467,0.5023,6368815,3984774,0,0,0,0,6822023,13314,1051,12263,./results/cp_sweep_intensity/logs/w73.oracleGeneral.bin.zst__lru__Mithril__64mb__w100.log,ok
w73.oracleGeneral.bin.zst,oracleGeneral,lru,Mithril,16mb,1000,0.5892,0.6644,6368815,1936367,17245,11169,873,5203,5686697,75890,13465,62425,./results/cp_sweep_intensity/logs/w73.oracleGeneral.bin.zst__lru__Mithril__16mb__w1000.log,ok
w73.oracleGeneral.bin.zst,oracleGeneral,lru,Mithril,256mb,100,0.3752,0.4300,6368815,3607406,0,0,0,0,5964111,6322,669,5653,./results/cp_sweep_intensity/logs/w73.oracleGeneral.bin.zst__lru__Mithril__256mb__w100.log,ok
w73.oracleGeneral.bin.zst,oracleGeneral,lru,Mithril,1gb,100,0.2447,0.2911,6368815,1190029,0,0,0,0,2608157,556,173,383,./results/cp_sweep_intensity/logs/w73.oracleGeneral.bin.zst__lru__Mithril__1gb__w100.log,ok
w73.oracleGeneral.bin.zst,oracleGeneral,fifo,Mithril,16mb,100,0.5981,0.6734,6368815,1991892,0,0,0,0,5798970,22647,5057,17590,./results/cp_sweep_intensity/logs/w73.oracleGeneral.bin.zst__fifo__Mithril__16mb__w100.log,ok
w73.oracleGeneral.bin.zst,oracleGeneral,lru,Mithril,1gb,1000,0.2447,0.2911,6368815,1190029,0,0,0,0,2608157,7022,2829,4193,./results/cp_sweep_intensity/logs/w73.oracleGeneral.bin.zst__lru__Mithril__1gb__w1000.log,ok
w70.oracleGeneral.bin.zst,oracleGeneral,fifo,Mithril,256mb,10000,0.3183,0.5372,6928385,3054761,451084,247165,137438,66481,5252731,1409083,624734,784349,./results/cp_sweep_intensity/logs/w70.oracleGeneral.bin.zst__fifo__Mithril__256mb__w10000.log,ok
w73.oracleGeneral.bin.zst,oracleGeneral,fifo,Mithril,16mb,1000,0.5981,0.6734,6368815,1991892,17436,11184,891,5361,5798970,115625,31517,84108,./results/cp_sweep_intensity/logs/w73.oracleGeneral.bin.zst__fifo__Mithril__16mb__w1000.log,ok
w73.oracleGeneral.bin.zst,oracleGeneral,lru,Mithril,16mb,10000,0.5892,0.6644,6368815,1936367,1020283,706917,101506,211860,5686697,321076,90678,230398,./results/cp_sweep_intensity/logs/w73.oracleGeneral.bin.zst__lru__Mithril__16mb__w10000.log,ok
w73.oracleGeneral.bin.zst,oracleGeneral,fifo,Mithril,64mb,100,0.4538,0.5078,6368815,3992411,0,0,0,0,6874715,16568,2510,14058,./results/cp_sweep_intensity/logs/w73.oracleGeneral.bin.zst__fifo__Mithril__64mb__w100.log,ok
w73.oracleGeneral.bin.zst,oracleGeneral,lru,Mithril,64mb,1000,0.4467,0.5023,6368815,3984774,0,0,0,0,6822023,98994,11639,87355,./results/cp_sweep_intensity/logs/w73.oracleGeneral.bin.zst__lru__Mithril__64mb__w1000.log,ok
w73.oracleGeneral.bin.zst,oracleGeneral,fifo,Mithril,1gb,100,0.2523,0.2970,6368815,1286748,0,0,0,0,2752826,765,136,629,./results/cp_sweep_intensity/logs/w73.oracleGeneral.bin.zst__fifo__Mithril__1gb__w100.log,ok
w73.oracleGeneral.bin.zst,oracleGeneral,lru,Mithril,256mb,1000,0.3752,0.4300,6368815,3607406,0,0,0,0,5964111,50798,5961,44837,./results/cp_sweep_intensity/logs/w73.oracleGeneral.bin.zst__lru__Mithril__256mb__w1000.log,ok
w73.oracleGeneral.bin.zst,oracleGeneral,fifo,Mithril,256mb,100,0.3802,0.4356,6368815,3623250,0,0,0,0,6012128,7003,729,6274,./results/cp_sweep_intensity/logs/w73.oracleGeneral.bin.zst__fifo__Mithril__256mb__w100.log,ok
w73.oracleGeneral.bin.zst,oracleGeneral,fifo,Mithril,16mb,10000,0.5981,0.6734,6368815,1991892,1055462,723865,104238,227359,5798970,383165,119849,263316,./results/cp_sweep_intensity/logs/w73.oracleGeneral.bin.zst__fifo__Mithril__16mb__w10000.log,ok
w73.oracleGeneral.bin.zst,oracleGeneral,fifo,Mithril,1gb,1000,0.2523,0.2970,6368815,1286748,0,0,0,0,2752826,6871,1323,5548,./results/cp_sweep_intensity/logs/w73.oracleGeneral.bin.zst__fifo__Mithril__1gb__w1000.log,ok
w73.oracleGeneral.bin.zst,oracleGeneral,sieve,Mithril,16mb,100,0.5828,0.6551,6368815,1995616,81927,59457,7390,15080,5705671,22418,1323,21095,./results/cp_sweep_intensity/logs/w73.oracleGeneral.bin.zst__sieve__Mithril__16mb__w100.log,ok
w73.oracleGeneral.bin.zst,oracleGeneral,sieve,Mithril,16mb,1000,0.5828,0.6551,6368815,1995616,548106,394752,53056,100298,5705671,110494,8602,101892,./results/cp_sweep_intensity/logs/w73.oracleGeneral.bin.zst__sieve__Mithril__16mb__w1000.log,ok
w73.oracleGeneral.bin.zst,oracleGeneral,lru,Mithril,1gb,10000,0.2447,0.2911,6368815,1190029,0,0,0,0,2608157,51922,18126,33796,./results/cp_sweep_intensity/logs/w73.oracleGeneral.bin.zst__lru__Mithril__1gb__w10000.log,ok
w72.oracleGeneral.bin.zst,oracleGeneral,sieve,Mithril,256mb,10000,0.2409,0.3568,6407185,2056680,740337,389963,209311,141063,3585689,424764,72864,351900,./results/cp_sweep_intensity/logs/w72.oracleGeneral.bin.zst__sieve__Mithril__256mb__w10000.log,ok
w72.oracleGeneral.bin.zst,oracleGeneral,lru,Mithril,256mb,10000,0.2373,0.3428,6407185,1889210,16577,6481,5743,4353,3392731,288946,107723,181223,./results/cp_sweep_intensity/logs/w72.oracleGeneral.bin.zst__lru__Mithril__256mb__w10000.log,ok
w73.oracleGeneral.bin.zst,oracleGeneral,fifo,Mithril,64mb,1000,0.4538,0.5078,6368815,3992411,0,0,0,0,6874715,109712,20577,89135,./results/cp_sweep_intensity/logs/w73.oracleGeneral.bin.zst__fifo__Mithril__64mb__w1000.log,ok
w73.oracleGeneral.bin.zst,oracleGeneral,sieve,Mithril,16mb,10000,0.5828,0.6551,6368815,1995616,1156038,828976,116124,210938,5705671,372995,62362,310633,./results/cp_sweep_intensity/logs/w73.oracleGeneral.bin.zst__sieve__Mithril__16mb__w10000.log,ok
w73.oracleGeneral.bin.zst,oracleGeneral,sieve,Mithril,64mb,100,0.4455,0.4991,6368815,4061576,71256,50442,6710,14104,6890976,27276,1008,26268,./results/cp_sweep_intensity/logs/w73.oracleGeneral.bin.zst__sieve__Mithril__64mb__w100.log,ok
w73.oracleGeneral.bin.zst,oracleGeneral,fifo,Mithril,256mb,1000,0.3802,0.4356,6368815,3623250,0,0,0,0,6012128,58142,7888,50254,./results/cp_sweep_intensity/logs/w73.oracleGeneral.bin.zst__fifo__Mithril__256mb__w1000.log,ok
w73.oracleGeneral.bin.zst,oracleGeneral,sieve,Mithril,256mb,100,0.3781,0.4357,6368815,3482530,18501,11614,3515,3372,5853819,10071,1147,8924,./results/cp_sweep_intensity/logs/w73.oracleGeneral.bin.zst__sieve__Mithril__256mb__w100.log,ok
w73.oracleGeneral.bin.zst,oracleGeneral,sieve,Mithril,1gb,100,0.2489,0.3066,6368815,1036652,674,519,78,77,2511152,1285,59,1226,./results/cp_sweep_intensity/logs/w73.oracleGeneral.bin.zst__sieve__Mithril__1gb__w100.log,ok
w74.oracleGeneral.bin.zst,oracleGeneral,lru,Mithril,16mb,100,,,,,,,,,,,,,./results/cp_sweep_intensity/logs/w74.oracleGeneral.bin.zst__lru__Mithril__16mb__w100.log,fail:134
w72.oracleGeneral.bin.zst,oracleGeneral,fifo,Mithril,256mb,10000,0.2475,0.3515,6407185,1951768,11774,4508,3799,3467,3520272,354932,156615,198317,./results/cp_sweep_intensity/logs/w72.oracleGeneral.bin.zst__fifo__Mithril__256mb__w10000.log,ok
w74.oracleGeneral.bin.zst,oracleGeneral,lru,Mithril,16mb,1000,,,,,,,,,,,,,./results/cp_sweep_intensity/logs/w74.oracleGeneral.bin.zst__lru__Mithril__16mb__w1000.log,fail:134
w74.oracleGeneral.bin.zst,oracleGeneral,lru,Mithril,64mb,100,0.1712,0.4399,6343762,1487071,0,0,0,0,2570197,50160,563,49597,./results/cp_sweep_intensity/logs/w74.oracleGeneral.bin.zst__lru__Mithril__64mb__w100.log,ok
w73.oracleGeneral.bin.zst,oracleGeneral,sieve,Mithril,1gb,1000,0.2489,0.3066,6368815,1036652,18612,8814,7062,2736,2511152,10883,1081,9802,./results/cp_sweep_intensity/logs/w73.oracleGeneral.bin.zst__sieve__Mithril__1gb__w1000.log,ok
w74.oracleGeneral.bin.zst,oracleGeneral,lru,Mithril,16mb,10000,,,,,,,,,,,,,./results/cp_sweep_intensity/logs/w74.oracleGeneral.bin.zst__lru__Mithril__16mb__w10000.log,fail:134
w74.oracleGeneral.bin.zst,oracleGeneral,lru,Mithril,256mb,100,0.1466,0.3676,6343762,1037045,0,0,0,0,1955467,8301,97,8204,./results/cp_sweep_intensity/logs/w74.oracleGeneral.bin.zst__lru__Mithril__256mb__w100.log,ok
w74.oracleGeneral.bin.zst,oracleGeneral,lru,Mithril,64mb,1000,0.1712,0.4399,6343762,1487071,4455,2418,1061,976,2570197,169839,7107,162732,./results/cp_sweep_intensity/logs/w74.oracleGeneral.bin.zst__lru__Mithril__64mb__w1000.log,ok
w74.oracleGeneral.bin.zst,oracleGeneral,lru,Mithril,256mb,1000,0.1466,0.3676,6343762,1037045,0,0,0,0,1955467,31134,1188,29946,./results/cp_sweep_intensity/logs/w74.oracleGeneral.bin.zst__lru__Mithril__256mb__w1000.log,ok
w74.oracleGeneral.bin.zst,oracleGeneral,lru,Mithril,1gb,100,0.1048,0.2261,6343762,483749,0,0,0,0,1100559,445,29,416,./results/cp_sweep_intensity/logs/w74.oracleGeneral.bin.zst__lru__Mithril__1gb__w100.log,ok
w74.oracleGeneral.bin.zst,oracleGeneral,lru,Mithril,1gb,1000,0.1048,0.2261,6343762,483749,0,0,0,0,1100559,2917,582,2335,./results/cp_sweep_intensity/logs/w74.oracleGeneral.bin.zst__lru__Mithril__1gb__w1000.log,ok
w73.oracleGeneral.bin.zst,oracleGeneral,fifo,Mithril,1gb,10000,0.2523,0.2970,6368815,1286748,0,0,0,0,2752826,58935,15572,43363,./results/cp_sweep_intensity/logs/w73.oracleGeneral.bin.zst__fifo__Mithril__1gb__w10000.log,ok
w69.oracleGeneral.bin.zst,oracleGeneral,lru,Mithril,256mb,10000,0.4427,0.5234,7874006,5403219,798646,367342,219983,211321,8879922,1298968,595945,703023,./results/cp_sweep_intensity/logs/w69.oracleGeneral.bin.zst__lru__Mithril__256mb__w10000.log,ok
w73.oracleGeneral.bin.zst,oracleGeneral,sieve,Mithril,64mb,1000,0.4455,0.4991,6368815,4061576,575693,405834,57657,112202,6890976,147797,10642,137155,./results/cp_sweep_intensity/logs/w73.oracleGeneral.bin.zst__sieve__Mithril__64mb__w1000.log,ok
w74.oracleGeneral.bin.zst,oracleGeneral,fifo,Mithril,16mb,100,,,,,,,,,,,,,./results/cp_sweep_intensity/logs/w74.oracleGeneral.bin.zst__fifo__Mithril__16mb__w100.log,fail:134
w74.oracleGeneral.bin.zst,oracleGeneral,lru,Mithril,1gb,10000,0.1048,0.2261,6343762,483749,0,0,0,0,1100559,45332,32038,13294,./results/cp_sweep_intensity/logs/w74.oracleGeneral.bin.zst__lru__Mithril__1gb__w10000.log,ok
w73.oracleGeneral.bin.zst,oracleGeneral,sieve,Mithril,256mb,1000,0.3781,0.4357,6368815,3482530,185672,119375,35945,30352,5853819,70054,9428,60626,./results/cp_sweep_intensity/logs/w73.oracleGeneral.bin.zst__sieve__Mithril__256mb__w1000.log,ok
w74.oracleGeneral.bin.zst,oracleGeneral,fifo,Mithril,16mb,1000,,,,,,,,,,,,,./results/cp_sweep_intensity/logs/w74.oracleGeneral.bin.zst__fifo__Mithril__16mb__w1000.log,fail:134
w74.oracleGeneral.bin.zst,oracleGeneral,fifo,Mithril,64mb,100,0.1943,0.4551,6343762,1545308,0,0,0,0,2775486,71783,16583,55200,./results/cp_sweep_intensity/logs/w74.oracleGeneral.bin.zst__fifo__Mithril__64mb__w100.log,ok
w74.oracleGeneral.bin.zst,oracleGeneral,fifo,Mithril,256mb,100,0.1541,0.3800,6343762,1041879,0,0,0,0,2007620,13769,2385,11384,./results/cp_sweep_intensity/logs/w74.oracleGeneral.bin.zst__fifo__Mithril__256mb__w100.log,ok
w74.oracleGeneral.bin.zst,oracleGeneral,fifo,Mithril,16mb,10000,,,,,,,,,,,,,./results/cp_sweep_intensity/logs/w74.oracleGeneral.bin.zst__fifo__Mithril__16mb__w10000.log,fail:134
w74.oracleGeneral.bin.zst,oracleGeneral,fifo,Mithril,256mb,1000,0.1541,0.3800,6343762,1041879,0,0,0,0,2007620,50211,11346,38865,./results/cp_sweep_intensity/logs/w74.oracleGeneral.bin.zst__fifo__Mithril__256mb__w1000.log,ok
w74.oracleGeneral.bin.zst,oracleGeneral,fifo,Mithril,64mb,1000,0.1943,0.4551,6343762,1545308,4597,2431,1136,1030,2775486,229172,71917,157255,./results/cp_sweep_intensity/logs/w74.oracleGeneral.bin.zst__fifo__Mithril__64mb__w1000.log,ok
w74.oracleGeneral.bin.zst,oracleGeneral,fifo,Mithril,1gb,100,0.1072,0.2370,6343762,496052,0,0,0,0,1129744,1321,281,1040,./results/cp_sweep_intensity/logs/w74.oracleGeneral.bin.zst__fifo__Mithril__1gb__w100.log,ok
w59.oracleGeneral.bin.zst,oracleGeneral,lru,Mithril,256mb,10000,0.6583,0.6606,10223136,10108618,3251,1892,299,1060,16817837,1089991,151125,938866,./results/cp_sweep_intensity/logs/w59.oracleGeneral.bin.zst__lru__Mithril__256mb__w10000.log,ok
w74.oracleGeneral.bin.zst,oracleGeneral,fifo,Mithril,1gb,1000,0.1072,0.2370,6343762,496052,0,0,0,0,1129744,7397,3016,4381,./results/cp_sweep_intensity/logs/w74.oracleGeneral.bin.zst__fifo__Mithril__1gb__w1000.log,ok
w74.oracleGeneral.bin.zst,oracleGeneral,lru,Mithril,256mb,10000,0.1466,0.3676,6343762,1037045,9055,4449,3338,1268,1955467,115860,14909,100951,./results/cp_sweep_intensity/logs/w74.oracleGeneral.bin.zst__lru__Mithril__256mb__w10000.log,ok
w74.oracleGeneral.bin.zst,oracleGeneral,sieve,Mithril,16mb,100,,,,,,,,,,,,,./results/cp_sweep_intensity/logs/w74.oracleGeneral.bin.zst__sieve__Mithril__16mb__w100.log,fail:134
w74.oracleGeneral.bin.zst,oracleGeneral,fifo,Mithril,1gb,10000,0.1072,0.2370,6343762,496052,0,0,0,0,1129744,56124,35888,20236,./results/cp_sweep_intensity/logs/w74.oracleGeneral.bin.zst__fifo__Mithril__1gb__w10000.log,ok
w74.oracleGeneral.bin.zst,oracleGeneral,sieve,Mithril,16mb,1000,,,,,,,,,,,,,./results/cp_sweep_intensity/logs/w74.oracleGeneral.bin.zst__sieve__Mithril__16mb__w1000.log,fail:134
w74.oracleGeneral.bin.zst,oracleGeneral,sieve,Mithril,16mb,10000,,,,,,,,,,,,,./results/cp_sweep_intensity/logs/w74.oracleGeneral.bin.zst__sieve__Mithril__16mb__w10000.log,fail:134
w74.oracleGeneral.bin.zst,oracleGeneral,sieve,Mithril,64mb,100,0.1640,0.4293,6343762,1848153,159256,72042,51953,35261,2885341,213838,351,213487,./results/cp_sweep_intensity/logs/w74.oracleGeneral.bin.zst__sieve__Mithril__64mb__w100.log,ok
w74.oracleGeneral.bin.zst,oracleGeneral,sieve,Mithril,256mb,100,0.1432,0.3661,6343762,1099127,10939,4841,2939,3159,1990377,33024,55,32969,./results/cp_sweep_intensity/logs/w74.oracleGeneral.bin.zst__sieve__Mithril__256mb__w100.log,ok
w73.oracleGeneral.bin.zst,oracleGeneral,sieve,Mithril,1gb,10000,0.2489,0.3066,6368815,1036652,251552,146499,74699,30354,2511152,87366,9334,78032,./results/cp_sweep_intensity/logs/w73.oracleGeneral.bin.zst__sieve__Mithril__1gb__w10000.log,ok
w74.oracleGeneral.bin.zst,oracleGeneral,sieve,Mithril,1gb,100,0.0993,0.2143,6343762,337321,423,109,258,56,915699,1677,21,1656,./results/cp_sweep_intensity/logs/w74.oracleGeneral.bin.zst__sieve__Mithril__1gb__w100.log,ok
w75.oracleGeneral.bin.zst,oracleGeneral,lru,Mithril,16mb,100,,,,,,,,,,,,,./results/cp_sweep_intensity/logs/w75.oracleGeneral.bin.zst__lru__Mithril__16mb__w100.log,fail:134
w75.oracleGeneral.bin.zst,oracleGeneral,lru,Mithril,16mb,1000,,,,,,,,,,,,,./results/cp_sweep_intensity/logs/w75.oracleGeneral.bin.zst__lru__Mithril__16mb__w1000.log,fail:134
w74.oracleGeneral.bin.zst,oracleGeneral,sieve,Mithril,256mb,1000,0.1432,0.3661,6343762,1099127,99898,47281,30847,21770,1990377,73619,471,73148,./results/cp_sweep_intensity/logs/w74.oracleGeneral.bin.zst__sieve__Mithril__256mb__w1000.log,ok
w75.oracleGeneral.bin.zst,oracleGeneral,lru,Mithril,16mb,10000,,,,,,,,,,,,,./results/cp_sweep_intensity/logs/w75.oracleGeneral.bin.zst__lru__Mithril__16mb__w10000.log,fail:134
w74.oracleGeneral.bin.zst,oracleGeneral,sieve,Mithril,64mb,1000,0.1640,0.4293,6343762,1848153,599182,300630,183205,115347,2885341,493386,2421,490965,./results/cp_sweep_intensity/logs/w74.oracleGeneral.bin.zst__sieve__Mithril__64mb__w1000.log,ok
w74.oracleGeneral.bin.zst,oracleGeneral,sieve,Mithril,1gb,1000,0.0993,0.2143,6343762,337321,6293,2270,3253,770,915699,4705,302,4403,./results/cp_sweep_intensity/logs/w74.oracleGeneral.bin.zst__sieve__Mithril__1gb__w1000.log,ok
w74.oracleGeneral.bin.zst,oracleGeneral,sieve,Mithril,1gb,10000,0.0993,0.2143,6343762,337321,50424,22122,23281,5021,915699,14994,944,14050,./results/cp_sweep_intensity/logs/w74.oracleGeneral.bin.zst__sieve__Mithril__1gb__w10000.log,ok
w74.oracleGeneral.bin.zst,oracleGeneral,lru,Mithril,64mb,10000,0.1712,0.4399,6343762,1487071,953416,566505,263148,123763,2570197,371776,50832,320944,./results/cp_sweep_intensity/logs/w74.oracleGeneral.bin.zst__lru__Mithril__64mb__w10000.log,ok
w75.oracleGeneral.bin.zst,oracleGeneral,lru,Mithril,64mb,100,,,,,,,,,,,,,./results/cp_sweep_intensity/logs/w75.oracleGeneral.bin.zst__lru__Mithril__64mb__w100.log,fail:134
w74.oracleGeneral.bin.zst,oracleGeneral,fifo,Mithril,256mb,10000,0.1541,0.3800,6343762,1041879,7339,3579,2764,996,2007620,142741,32475,110266,./results/cp_sweep_intensity/logs/w74.oracleGeneral.bin.zst__fifo__Mithril__256mb__w10000.log,ok
w75.oracleGeneral.bin.zst,oracleGeneral,lru,Mithril,256mb,100,0.1919,0.3342,6152624,1622917,0,0,0,0,2796374,18108,2337,15771,./results/cp_sweep_intensity/logs/w75.oracleGeneral.bin.zst__lru__Mithril__256mb__w100.log,ok
w75.oracleGeneral.bin.zst,oracleGeneral,fifo,Mithril,16mb,100,,,,,,,,,,,,,./results/cp_sweep_intensity/logs/w75.oracleGeneral.bin.zst__fifo__Mithril__16mb__w100.log,fail:134
w75.oracleGeneral.bin.zst,oracleGeneral,fifo,Mithril,16mb,1000,,,,,,,,,,,,,./results/cp_sweep_intensity/logs/w75.oracleGeneral.bin.zst__fifo__Mithril__16mb__w1000.log,fail:134
w75.oracleGeneral.bin.zst,oracleGeneral,lru,Mithril,1gb,100,0.1435,0.1982,6152624,720232,0,0,0,0,1574819,1200,149,1051,./results/cp_sweep_intensity/logs/w75.oracleGeneral.bin.zst__lru__Mithril__1gb__w100.log,ok
w74.oracleGeneral.bin.zst,oracleGeneral,sieve,Mithril,64mb,10000,0.1640,0.4293,6343762,1848153,1519576,871636,420786,227154,2885341,712997,13701,699296,./results/cp_sweep_intensity/logs/w74.oracleGeneral.bin.zst__sieve__Mithril__64mb__w10000.log,ok
w75.oracleGeneral.bin.zst,oracleGeneral,fifo,Mithril,16mb,10000,,,,,,,,,,,,,./results/cp_sweep_intensity/logs/w75.oracleGeneral.bin.zst__fifo__Mithril__16mb__w10000.log,fail:134
w75.oracleGeneral.bin.zst,oracleGeneral,lru,Mithril,64mb,1000,,,,,,,,,,,,,./results/cp_sweep_intensity/logs/w75.oracleGeneral.bin.zst__lru__Mithril__64mb__w1000.log,fail:134
w75.oracleGeneral.bin.zst,oracleGeneral,lru,Mithril,1gb,1000,0.1435,0.1982,6152624,720232,0,0,0,0,1574819,11176,2784,8392,./results/cp_sweep_intensity/logs/w75.oracleGeneral.bin.zst__lru__Mithril__1gb__w1000.log,ok
w75.oracleGeneral.bin.zst,oracleGeneral,lru,Mithril,256mb,1000,0.1919,0.3342,6152624,1622917,80,47,16,17,2796374,116215,18458,97757,./results/cp_sweep_intensity/logs/w75.oracleGeneral.bin.zst__lru__Mithril__256mb__w1000.log,ok
w74.oracleGeneral.bin.zst,oracleGeneral,sieve,Mithril,256mb,10000,0.1432,0.3661,6343762,1099127,362409,190446,118668,53295,1990377,156088,10706,145382,./results/cp_sweep_intensity/logs/w74.oracleGeneral.bin.zst__sieve__Mithril__256mb__w10000.log,ok
w75.oracleGeneral.bin.zst,oracleGeneral,fifo,Mithril,64mb,100,,,,,,,,,,,,,./results/cp_sweep_intensity/logs/w75.oracleGeneral.bin.zst__fifo__Mithril__64mb__w100.log,fail:134
w75.oracleGeneral.bin.zst,oracleGeneral,lru,Mithril,1gb,10000,0.1435,0.1982,6152624,720232,0,0,0,0,1574819,76518,25828,50690,./results/cp_sweep_intensity/logs/w75.oracleGeneral.bin.zst__lru__Mithril__1gb__w10000.log,ok
w75.oracleGeneral.bin.zst,oracleGeneral,fifo,Mithril,256mb,100,0.2030,0.3695,6152624,1667270,0,0,0,0,2909349,31099,9095,22004,./results/cp_sweep_intensity/logs/w75.oracleGeneral.bin.zst__fifo__Mithril__256mb__w100.log,ok
w69.oracleGeneral.bin.zst,oracleGeneral,fifo,Mithril,256mb,10000,0.4459,0.5233,7874006,5434789,675127,303505,191873,179749,8936377,1332511,622398,710113,./results/cp_sweep_intensity/logs/w69.oracleGeneral.bin.zst__fifo__Mithril__256mb__w10000.log,ok
w75.oracleGeneral.bin.zst,oracleGeneral,sieve,Mithril,16mb,100,,,,,,,,,,,,,./results/cp_sweep_intensity/logs/w75.oracleGeneral.bin.zst__sieve__Mithril__16mb__w100.log,fail:134
w75.oracleGeneral.bin.zst,oracleGeneral,fifo,Mithril,1gb,100,0.1522,0.2253,6152624,792213,0,0,0,0,1700149,3888,1108,2780,./results/cp_sweep_intensity/logs/w75.oracleGeneral.bin.zst__fifo__Mithril__1gb__w100.log,ok
w75.oracleGeneral.bin.zst,oracleGeneral,sieve,Mithril,16mb,1000,,,,,,,,,,,,,./results/cp_sweep_intensity/logs/w75.oracleGeneral.bin.zst__sieve__Mithril__16mb__w1000.log,fail:134
w75.oracleGeneral.bin.zst,oracleGeneral,sieve,Mithril,16mb,10000,,,,,,,,,,,,,./results/cp_sweep_intensity/logs/w75.oracleGeneral.bin.zst__sieve__Mithril__16mb__w10000.log,fail:134
w75.oracleGeneral.bin.zst,oracleGeneral,lru,Mithril,64mb,10000,,,,,,,,,,,,,./results/cp_sweep_intensity/logs/w75.oracleGeneral.bin.zst__lru__Mithril__64mb__w10000.log,fail:134
w75.oracleGeneral.bin.zst,oracleGeneral,fifo,Mithril,256mb,1000,0.2030,0.3695,6152624,1667270,46,32,5,9,2909349,165595,57597,107998,./results/cp_sweep_intensity/logs/w75.oracleGeneral.bin.zst__fifo__Mithril__256mb__w1000.log,ok
w74.oracleGeneral.bin.zst,oracleGeneral,fifo,Mithril,64mb,10000,0.1943,0.4551,6343762,1545308,899207,529596,252713,116898,2775486,437193,130189,307004,./results/cp_sweep_intensity/logs/w74.oracleGeneral.bin.zst__fifo__Mithril__64mb__w10000.log,ok
w75.oracleGeneral.bin.zst,oracleGeneral,fifo,Mithril,1gb,1000,0.1522,0.2253,6152624,792213,0,0,0,0,1700149,25594,9119,16475,./results/cp_sweep_intensity/logs/w75.oracleGeneral.bin.zst__fifo__Mithril__1gb__w1000.log,ok
w75.oracleGeneral.bin.zst,oracleGeneral,fifo,Mithril,64mb,1000,,,,,,,,,,,,,./results/cp_sweep_intensity/logs/w75.oracleGeneral.bin.zst__fifo__Mithril__64mb__w1000.log,fail:134
w75.oracleGeneral.bin.zst,oracleGeneral,sieve,Mithril,64mb,100,,,,,,,,,,,,,./results/cp_sweep_intensity/logs/w75.oracleGeneral.bin.zst__sieve__Mithril__64mb__w100.log,fail:134
w75.oracleGeneral.bin.zst,oracleGeneral,sieve,Mithril,256mb,100,0.1807,0.2957,6152624,1709943,63491,39627,13827,10037,2813241,31474,598,30876,./results/cp_sweep_intensity/logs/w75.oracleGeneral.bin.zst__sieve__Mithril__256mb__w100.log,ok
w75.oracleGeneral.bin.zst,oracleGeneral,sieve,Mithril,1gb,100,0.1338,0.1905,6152624,519240,752,391,259,102,1301431,1440,46,1394,./results/cp_sweep_intensity/logs/w75.oracleGeneral.bin.zst__sieve__Mithril__1gb__w100.log,ok
w75.oracleGeneral.bin.zst,oracleGeneral,sieve,Mithril,1gb,1000,0.1338,0.1905,6152624,519240,20860,11590,6177,3093,1301431,11739,687,11052,./results/cp_sweep_intensity/logs/w75.oracleGeneral.bin.zst__sieve__Mithril__1gb__w1000.log,ok
w75.oracleGeneral.bin.zst,oracleGeneral,sieve,Mithril,64mb,1000,,,,,,,,,,,,,./results/cp_sweep_intensity/logs/w75.oracleGeneral.bin.zst__sieve__Mithril__64mb__w1000.log,fail:134
w76.oracleGeneral.bin.zst,oracleGeneral,lru,Mithril,16mb,100,,,,,,,,,,,,,./results/cp_sweep_intensity/logs/w76.oracleGeneral.bin.zst__lru__Mithril__16mb__w100.log,fail:134
w75.oracleGeneral.bin.zst,oracleGeneral,sieve,Mithril,64mb,10000,,,,,,,,,,,,,./results/cp_sweep_intensity/logs/w75.oracleGeneral.bin.zst__sieve__Mithril__64mb__w10000.log,fail:134
w76.oracleGeneral.bin.zst,oracleGeneral,lru,Mithril,16mb,1000,,,,,,,,,,,,,./results/cp_sweep_intensity/logs/w76.oracleGeneral.bin.zst__lru__Mithril__16mb__w1000.log,fail:134
w75.oracleGeneral.bin.zst,oracleGeneral,sieve,Mithril,256mb,1000,0.1807,0.2957,6152624,1709943,452560,283340,100918,68302,2813241,216546,5541,211005,./results/cp_sweep_intensity/logs/w75.oracleGeneral.bin.zst__sieve__Mithril__256mb__w1000.log,ok
w75.oracleGeneral.bin.zst,oracleGeneral,fifo,Mithril,1gb,10000,0.1522,0.2253,6152624,792213,0,0,0,0,1700149,114536,48003,66533,./results/cp_sweep_intensity/logs/w75.oracleGeneral.bin.zst__fifo__Mithril__1gb__w10000.log,ok
w75.oracleGeneral.bin.zst,oracleGeneral,sieve,Mithril,1gb,10000,0.1338,0.1905,6152624,519240,121193,68301,37060,15832,1301431,57093,4574,52519,./results/cp_sweep_intensity/logs/w75.oracleGeneral.bin.zst__sieve__Mithril__1gb__w10000.log,ok
w76.oracleGeneral.bin.zst,oracleGeneral,lru,Mithril,64mb,100,,,,,,,,,,,,,./results/cp_sweep_intensity/logs/w76.oracleGeneral.bin.zst__lru__Mithril__64mb__w100.log,fail:134
w75.oracleGeneral.bin.zst,oracleGeneral,fifo,Mithril,64mb,10000,,,,,,,,,,,,,./results/cp_sweep_intensity/logs/w75.oracleGeneral.bin.zst__fifo__Mithril__64mb__w10000.log,fail:134
w76.oracleGeneral.bin.zst,oracleGeneral,lru,Mithril,16mb,10000,,,,,,,,,,,,,./results/cp_sweep_intensity/logs/w76.oracleGeneral.bin.zst__lru__Mithril__16mb__w10000.log,fail:134
w76.oracleGeneral.bin.zst,oracleGeneral,lru,Mithril,1gb,100,0.2030,0.2936,6076272,300206,0,0,0,0,1392693,135,9,126,./results/cp_sweep_intensity/logs/w76.oracleGeneral.bin.zst__lru__Mithril__1gb__w100.log,ok
w76.oracleGeneral.bin.zst,oracleGeneral,lru,Mithril,256mb,100,0.2977,0.4393,6076272,1317538,0,0,0,0,3087708,1888,203,1685,./results/cp_sweep_intensity/logs/w76.oracleGeneral.bin.zst__lru__Mithril__256mb__w100.log,ok
w76.oracleGeneral.bin.zst,oracleGeneral,lru,Mithril,64mb,1000,,,,,,,,,,,,,./results/cp_sweep_intensity/logs/w76.oracleGeneral.bin.zst__lru__Mithril__64mb__w1000.log,fail:134
w76.oracleGeneral.bin.zst,oracleGeneral,lru,Mithril,1gb,1000,0.2030,0.2936,6076272,300206,0,0,0,0,1392693,1230,225,1005,./results/cp_sweep_intensity/logs/w76.oracleGeneral.bin.zst__lru__Mithril__1gb__w1000.log,ok
w76.oracleGeneral.bin.zst,oracleGeneral,fifo,Mithril,16mb,100,,,,,,,,,,,,,./results/cp_sweep_intensity/logs/w76.oracleGeneral.bin.zst__fifo__Mithril__16mb__w100.log,fail:134
w76.oracleGeneral.bin.zst,oracleGeneral,lru,Mithril,256mb,1000,0.2977,0.4393,6076272,1317538,0,0,0,0,3087708,18139,2434,15705,./results/cp_sweep_intensity/logs/w76.oracleGeneral.bin.zst__lru__Mithril__256mb__w1000.log,ok
w75.oracleGeneral.bin.zst,oracleGeneral,sieve,Mithril,256mb,10000,0.1807,0.2957,6152624,1709943,1157028,704811,294304,157913,2813241,565997,49399,516598,./results/cp_sweep_intensity/logs/w75.oracleGeneral.bin.zst__sieve__Mithril__256mb__w10000.log,ok
w76.oracleGeneral.bin.zst,oracleGeneral,fifo,Mithril,16mb,1000,,,,,,,,,,,,,./results/cp_sweep_intensity/logs/w76.oracleGeneral.bin.zst__fifo__Mithril__16mb__w1000.log,fail:134
w76.oracleGeneral.bin.zst,oracleGeneral,lru,Mithril,1gb,10000,0.2030,0.2936,6076272,300206,0,0,0,0,1392693,10467,1865,8602,./results/cp_sweep_intensity/logs/w76.oracleGeneral.bin.zst__lru__Mithril__1gb__w10000.log,ok
w76.oracleGeneral.bin.zst,oracleGeneral,fifo,Mithril,64mb,100,,,,,,,,,,,,,./results/cp_sweep_intensity/logs/w76.oracleGeneral.bin.zst__fifo__Mithril__64mb__w100.log,fail:134
w73.oracleGeneral.bin.zst,oracleGeneral,sieve,Mithril,64mb,10000,0.4455,0.4991,6368815,4061576,2490496,1708567,299107,482822,6890976,642294,88443,553851,./results/cp_sweep_intensity/logs/w73.oracleGeneral.bin.zst__sieve__Mithril__64mb__w10000.log,ok
w59.oracleGeneral.bin.zst,oracleGeneral,fifo,Mithril,256mb,10000,0.6632,0.6683,10223136,10133774,2559,1518,238,803,16892573,1111763,161859,949904,./results/cp_sweep_intensity/logs/w59.oracleGeneral.bin.zst__fifo__Mithril__256mb__w10000.log,ok
w76.oracleGeneral.bin.zst,oracleGeneral,fifo,Mithril,16mb,10000,,,,,,,,,,,,,./results/cp_sweep_intensity/logs/w76.oracleGeneral.bin.zst__fifo__Mithril__16mb__w10000.log,fail:134
w76.oracleGeneral.bin.zst,oracleGeneral,fifo,Mithril,256mb,100,0.3052,0.4484,6076272,1350499,0,0,0,0,3165656,3636,917,2719,./results/cp_sweep_intensity/logs/w76.oracleGeneral.bin.zst__fifo__Mithril__256mb__w100.log,ok
w76.oracleGeneral.bin.zst,oracleGeneral,fifo,Mithril,1gb,100,0.2141,0.3187,6076272,359643,0,0,0,0,1513947,440,187,253,./results/cp_sweep_intensity/logs/w76.oracleGeneral.bin.zst__fifo__Mithril__1gb__w100.log,ok
w76.oracleGeneral.bin.zst,oracleGeneral,fifo,Mithril,64mb,1000,,,,,,,,,,,,,./results/cp_sweep_intensity/logs/w76.oracleGeneral.bin.zst__fifo__Mithril__64mb__w1000.log,fail:134
w76.oracleGeneral.bin.zst,oracleGeneral,sieve,Mithril,16mb,100,,,,,,,,,,,,,./results/cp_sweep_intensity/logs/w76.oracleGeneral.bin.zst__sieve__Mithril__16mb__w100.log,fail:134
w76.oracleGeneral.bin.zst,oracleGeneral,fifo,Mithril,1gb,1000,0.2141,0.3187,6076272,359643,0,0,0,0,1513947,3419,1240,2179,./results/cp_sweep_intensity/logs/w76.oracleGeneral.bin.zst__fifo__Mithril__1gb__w1000.log,ok
w76.oracleGeneral.bin.zst,oracleGeneral,fifo,Mithril,256mb,1000,0.3052,0.4484,6076272,1350499,0,0,0,0,3165656,30340,9551,20789,./results/cp_sweep_intensity/logs/w76.oracleGeneral.bin.zst__fifo__Mithril__256mb__w1000.log,ok
w75.oracleGeneral.bin.zst,oracleGeneral,fifo,Mithril,256mb,10000,0.2030,0.3695,6152624,1667270,292316,180799,52067,59450,2909349,482662,195623,287039,./results/cp_sweep_intensity/logs/w75.oracleGeneral.bin.zst__fifo__Mithril__256mb__w10000.log,ok
w75.oracleGeneral.bin.zst,oracleGeneral,lru,Mithril,256mb,10000,0.1919,0.3342,6152624,1622917,341614,215953,58247,67414,2796374,415005,120698,294307,./results/cp_sweep_intensity/logs/w75.oracleGeneral.bin.zst__lru__Mithril__256mb__w10000.log,ok
w76.oracleGeneral.bin.zst,oracleGeneral,sieve,Mithril,16mb,1000,,,,,,,,,,,,,./results/cp_sweep_intensity/logs/w76.oracleGeneral.bin.zst__sieve__Mithril__16mb__w1000.log,fail:134
w76.oracleGeneral.bin.zst,oracleGeneral,sieve,Mithril,16mb,10000,,,,,,,,,,,,,./results/cp_sweep_intensity/logs/w76.oracleGeneral.bin.zst__sieve__Mithril__16mb__w10000.log,fail:134
w76.oracleGeneral.bin.zst,oracleGeneral,fifo,Mithril,1gb,10000,0.2141,0.3187,6076272,359643,0,0,0,0,1513947,20787,6430,14357,./results/cp_sweep_intensity/logs/w76.oracleGeneral.bin.zst__fifo__Mithril__1gb__w10000.log,ok
w77.oracleGeneral.bin.zst,oracleGeneral,lru,Mithril,16mb,100,,,,,,,,,,,,,./results/cp_sweep_intensity/logs/w77.oracleGeneral.bin.zst__lru__Mithril__16mb__w100.log,fail:134
w77.oracleGeneral.bin.zst,oracleGeneral,lru,Mithril,16mb,1000,,,,,,,,,,,,,./results/cp_sweep_intensity/logs/w77.oracleGeneral.bin.zst__lru__Mithril__16mb__w1000.log,fail:134
w76.oracleGeneral.bin.zst,oracleGeneral,sieve,Mithril,64mb,100,,,,,,,,,,,,,./results/cp_sweep_intensity/logs/w76.oracleGeneral.bin.zst__sieve__Mithril__64mb__w100.log,fail:134
w76.oracleGeneral.bin.zst,oracleGeneral,sieve,Mithril,1gb,1000,0.1660,0.2820,6076272,155866,3682,1241,1463,978,1026692,922,58,864,./results/cp_sweep_intensity/logs/w76.oracleGeneral.bin.zst__sieve__Mithril__1gb__w1000.log,ok
w77.oracleGeneral.bin.zst,oracleGeneral,lru,Mithril,16mb,10000,,,,,,,,,,,,,./results/cp_sweep_intensity/logs/w77.oracleGeneral.bin.zst__lru__Mithril__16mb__w10000.log,fail:134
w76.oracleGeneral.bin.zst,oracleGeneral,sieve,Mithril,1gb,100,0.1660,0.2820,6076272,155866,181,42,108,31,1026692,117,5,112,./results/cp_sweep_intensity/logs/w76.oracleGeneral.bin.zst__sieve__Mithril__1gb__w100.log,ok
w76.oracleGeneral.bin.zst,oracleGeneral,sieve,Mithril,256mb,100,0.2872,0.4394,6076272,1232920,3104,1387,1276,441,2933325,1987,97,1890,./results/cp_sweep_intensity/logs/w76.oracleGeneral.bin.zst__sieve__Mithril__256mb__w100.log,ok
w76.oracleGeneral.bin.zst,oracleGeneral,sieve,Mithril,1gb,10000,0.1660,0.2820,6076272,155866,11877,3299,6645,1933,1026692,8568,759,7809,./results/cp_sweep_intensity/logs/w76.oracleGeneral.bin.zst__sieve__Mithril__1gb__w10000.log,ok
w76.oracleGeneral.bin.zst,oracleGeneral,sieve,Mithril,64mb,1000,,,,,,,,,,,,,./results/cp_sweep_intensity/logs/w76.oracleGeneral.bin.zst__sieve__Mithril__64mb__w1000.log,fail:134
w77.oracleGeneral.bin.zst,oracleGeneral,lru,Mithril,64mb,100,,,,,,,,,,,,,./results/cp_sweep_intensity/logs/w77.oracleGeneral.bin.zst__lru__Mithril__64mb__w100.log,fail:134
w76.oracleGeneral.bin.zst,oracleGeneral,sieve,Mithril,256mb,1000,0.2872,0.4394,6076272,1232920,54249,23671,23738,6840,2933325,17056,771,16285,./results/cp_sweep_intensity/logs/w76.oracleGeneral.bin.zst__sieve__Mithril__256mb__w1000.log,ok
w77.oracleGeneral.bin.zst,oracleGeneral,lru,Mithril,64mb,1000,,,,,,,,,,,,,./results/cp_sweep_intensity/logs/w77.oracleGeneral.bin.zst__lru__Mithril__64mb__w1000.log,fail:134
w77.oracleGeneral.bin.zst,oracleGeneral,fifo,Mithril,16mb,100,,,,,,,,,,,,,./results/cp_sweep_intensity/logs/w77.oracleGeneral.bin.zst__fifo__Mithril__16mb__w100.log,fail:134
w77.oracleGeneral.bin.zst,oracleGeneral,fifo,Mithril,16mb,1000,,,,,,,,,,,,,./results/cp_sweep_intensity/logs/w77.oracleGeneral.bin.zst__fifo__Mithril__16mb__w1000.log,fail:134
w68.oracleGeneral.bin.zst,oracleGeneral,lru,Mithril,256mb,10000,0.3856,0.4585,8875971,6903777,415440,230979,57044,127417,10312456,2520098,834677,1685421,./results/cp_sweep_intensity/logs/w68.oracleGeneral.bin.zst__lru__Mithril__256mb__w10000.log,ok
w77.oracleGeneral.bin.zst,oracleGeneral,lru,Mithril,256mb,100,,,,,,,,,,,,,./results/cp_sweep_intensity/logs/w77.oracleGeneral.bin.zst__lru__Mithril__256mb__w100.log,fail:134
w77.oracleGeneral.bin.zst,oracleGeneral,fifo,Mithril,16mb,10000,,,,,,,,,,,,,./results/cp_sweep_intensity/logs/w77.oracleGeneral.bin.zst__fifo__Mithril__16mb__w10000.log,fail:134
w77.oracleGeneral.bin.zst,oracleGeneral,fifo,Mithril,64mb,100,,,,,,,,,,,,,./results/cp_sweep_intensity/logs/w77.oracleGeneral.bin.zst__fifo__Mithril__64mb__w100.log,fail:134
w77.oracleGeneral.bin.zst,oracleGeneral,lru,Mithril,1gb,100,0.3826,0.4230,5616402,1606003,0,0,0,0,3718664,1156,94,1062,./results/cp_sweep_intensity/logs/w77.oracleGeneral.bin.zst__lru__Mithril__1gb__w100.log,ok
w77.oracleGeneral.bin.zst,oracleGeneral,fifo,Mithril,64mb,1000,,,,,,,,,,,,,./results/cp_sweep_intensity/logs/w77.oracleGeneral.bin.zst__fifo__Mithril__64mb__w1000.log,fail:134
w77.oracleGeneral.bin.zst,oracleGeneral,lru,Mithril,1gb,1000,0.3826,0.4230,5616402,1606003,0,0,0,0,3718664,10508,1120,9388,./results/cp_sweep_intensity/logs/w77.oracleGeneral.bin.zst__lru__Mithril__1gb__w1000.log,ok
w77.oracleGeneral.bin.zst,oracleGeneral,fifo,Mithril,64mb,10000,,,,,,,,,,,,,./results/cp_sweep_intensity/logs/w77.oracleGeneral.bin.zst__fifo__Mithril__64mb__w10000.log,fail:134
w77.oracleGeneral.bin.zst,oracleGeneral,lru,Mithril,256mb,1000,,,,,,,,,,,,,./results/cp_sweep_intensity/logs/w77.oracleGeneral.bin.zst__lru__Mithril__256mb__w1000.log,fail:134
w76.oracleGeneral.bin.zst,oracleGeneral,lru,Mithril,64mb,10000,,,,,,,,,,,,,./results/cp_sweep_intensity/logs/w76.oracleGeneral.bin.zst__lru__Mithril__64mb__w10000.log,fail:134
w77.oracleGeneral.bin.zst,oracleGeneral,sieve,Mithril,16mb,100,,,,,,,,,,,,,./results/cp_sweep_intensity/logs/w77.oracleGeneral.bin.zst__sieve__Mithril__16mb__w100.log,fail:134
w77.oracleGeneral.bin.zst,oracleGeneral,sieve,Mithril,16mb,1000,,,,,,,,,,,,,./results/cp_sweep_intensity/logs/w77.oracleGeneral.bin.zst__sieve__Mithril__16mb__w1000.log,fail:134
w77.oracleGeneral.bin.zst,oracleGeneral,sieve,Mithril,16mb,10000,,,,,,,,,,,,,./results/cp_sweep_intensity/logs/w77.oracleGeneral.bin.zst__sieve__Mithril__16mb__w10000.log,fail:134
w77.oracleGeneral.bin.zst,oracleGeneral,fifo,Mithril,256mb,100,,,,,,,,,,,,,./results/cp_sweep_intensity/logs/w77.oracleGeneral.bin.zst__fifo__Mithril__256mb__w100.log,fail:134
w77.oracleGeneral.bin.zst,oracleGeneral,lru,Mithril,64mb,10000,,,,,,,,,,,,,./results/cp_sweep_intensity/logs/w77.oracleGeneral.bin.zst__lru__Mithril__64mb__w10000.log,fail:134
w77.oracleGeneral.bin.zst,oracleGeneral,sieve,Mithril,64mb,100,,,,,,,,,,,,,./results/cp_sweep_intensity/logs/w77.oracleGeneral.bin.zst__sieve__Mithril__64mb__w100.log,fail:134
w76.oracleGeneral.bin.zst,oracleGeneral,lru,Mithril,256mb,10000,0.2977,0.4393,6076272,1317538,1960,547,1147,266,3087708,109352,16299,93053,./results/cp_sweep_intensity/logs/w76.oracleGeneral.bin.zst__lru__Mithril__256mb__w10000.log,ok
w77.oracleGeneral.bin.zst,oracleGeneral,sieve,Mithril,64mb,1000,,,,,,,,,,,,,./results/cp_sweep_intensity/logs/w77.oracleGeneral.bin.zst__sieve__Mithril__64mb__w1000.log,fail:134
w77.oracleGeneral.bin.zst,oracleGeneral,fifo,Mithril,1gb,100,0.3847,0.4249,5616402,1618512,0,0,0,0,3742418,1871,484,1387,./results/cp_sweep_intensity/logs/w77.oracleGeneral.bin.zst__fifo__Mithril__1gb__w100.log,ok
w76.oracleGeneral.bin.zst,oracleGeneral,sieve,Mithril,64mb,10000,,,,,,,,,,,,,./results/cp_sweep_intensity/logs/w76.oracleGeneral.bin.zst__sieve__Mithril__64mb__w10000.log,fail:134
w77.oracleGeneral.bin.zst,oracleGeneral,sieve,Mithril,64mb,10000,,,,,,,,,,,,,./results/cp_sweep_intensity/logs/w77.oracleGeneral.bin.zst__sieve__Mithril__64mb__w10000.log,fail:134
w77.oracleGeneral.bin.zst,oracleGeneral,fifo,Mithril,256mb,1000,,,,,,,,,,,,,./results/cp_sweep_intensity/logs/w77.oracleGeneral.bin.zst__fifo__Mithril__256mb__w1000.log,fail:134
w77.oracleGeneral.bin.zst,oracleGeneral,fifo,Mithril,1gb,1000,0.3847,0.4249,5616402,1618512,0,0,0,0,3742418,14792,3010,11782,./results/cp_sweep_intensity/logs/w77.oracleGeneral.bin.zst__fifo__Mithril__1gb__w1000.log,ok
w77.oracleGeneral.bin.zst,oracleGeneral,sieve,Mithril,1gb,100,0.3918,0.4392,5616402,1716599,3121,1969,408,744,3841663,1795,97,1698,./results/cp_sweep_intensity/logs/w77.oracleGeneral.bin.zst__sieve__Mithril__1gb__w100.log,ok
w77.oracleGeneral.bin.zst,oracleGeneral,sieve,Mithril,256mb,100,0.4277,0.4896,5616402,2098961,23582,15172,3957,4453,4491772,7438,363,7075,./results/cp_sweep_intensity/logs/w77.oracleGeneral.bin.zst__sieve__Mithril__256mb__w100.log,ok
w76.oracleGeneral.bin.zst,oracleGeneral,fifo,Mithril,64mb,10000,,,,,,,,,,,,,./results/cp_sweep_intensity/logs/w76.oracleGeneral.bin.zst__fifo__Mithril__64mb__w10000.log,fail:134
w76.oracleGeneral.bin.zst,oracleGeneral,sieve,Mithril,256mb,10000,0.2872,0.4394,6076272,1232920,348181,155740,151804,40637,2933325,114562,9423,105139,./results/cp_sweep_intensity/logs/w76.oracleGeneral.bin.zst__sieve__Mithril__256mb__w10000.log,ok
w76.oracleGeneral.bin.zst,oracleGeneral,fifo,Mithril,256mb,10000,0.3052,0.4484,6076272,1350499,1920,538,1137,245,3165656,146343,39636,106707,./results/cp_sweep_intensity/logs/w76.oracleGeneral.bin.zst__fifo__Mithril__256mb__w10000.log,ok
w78.oracleGeneral.bin.zst,oracleGeneral,lru,Mithril,16mb,100,0.5096,0.6948,5493106,1750681,64,31,23,10,4549097,42474,11954,30520,./results/cp_sweep_intensity/logs/w78.oracleGeneral.bin.zst__lru__Mithril__16mb__w100.log,ok
w77.oracleGeneral.bin.zst,oracleGeneral,sieve,Mithril,1gb,1000,0.3918,0.4392,5616402,1716599,30684,18057,4602,8025,3841663,15383,899,14484,./results/cp_sweep_intensity/logs/w77.oracleGeneral.bin.zst__sieve__Mithril__1gb__w1000.log,ok
w78.oracleGeneral.bin.zst,oracleGeneral,lru,Mithril,64mb,100,0.4540,0.6316,5493106,1921026,0,0,0,0,4411553,20149,3879,16270,./results/cp_sweep_intensity/logs/w78.oracleGeneral.bin.zst__lru__Mithril__64mb__w100.log,ok
w77.oracleGeneral.bin.zst,oracleGeneral,sieve,Mithril,256mb,1000,0.4277,0.4896,5616402,2098961,161102,100798,30484,29820,4491772,50611,2677,47934,./results/cp_sweep_intensity/logs/w77.oracleGeneral.bin.zst__sieve__Mithril__256mb__w1000.log,ok
w78.oracleGeneral.bin.zst,oracleGeneral,lru,Mithril,16mb,1000,0.5096,0.6948,5493106,1750681,528202,244198,84956,199048,4549097,261167,96685,164482,./results/cp_sweep_intensity/logs/w78.oracleGeneral.bin.zst__lru__Mithril__16mb__w1000.log,ok
w78.oracleGeneral.bin.zst,oracleGeneral,lru,Mithril,256mb,100,0.3435,0.5277,5493106,1974533,0,0,0,0,3849039,10432,4280,6152,./results/cp_sweep_intensity/logs/w78.oracleGeneral.bin.zst__lru__Mithril__256mb__w100.log,ok
w78.oracleGeneral.bin.zst,oracleGeneral,lru,Mithril,16mb,10000,0.5096,0.6948,5493106,1750681,859207,432599,134107,292501,4549097,1052223,509233,542990,./results/cp_sweep_intensity/logs/w78.oracleGeneral.bin.zst__lru__Mithril__16mb__w10000.log,ok
w78.oracleGeneral.bin.zst,oracleGeneral,lru,Mithril,1gb,100,0.2988,0.4471,5493106,1157789,0,0,0,0,2767494,1015,157,858,./results/cp_sweep_intensity/logs/w78.oracleGeneral.bin.zst__lru__Mithril__1gb__w100.log,ok
w78.oracleGeneral.bin.zst,oracleGeneral,lru,Mithril,64mb,1000,0.4540,0.6316,5493106,1921026,101105,41468,44496,15141,4411553,169542,55258,114284,./results/cp_sweep_intensity/logs/w78.oracleGeneral.bin.zst__lru__Mithril__64mb__w1000.log,ok
w78.oracleGeneral.bin.zst,oracleGeneral,lru,Mithril,1gb,1000,0.2988,0.4471,5493106,1157789,0,0,0,0,2767494,10785,3022,7763,./results/cp_sweep_intensity/logs/w78.oracleGeneral.bin.zst__lru__Mithril__1gb__w1000.log,ok
w78.oracleGeneral.bin.zst,oracleGeneral,lru,Mithril,256mb,1000,0.3435,0.5277,5493106,1974533,0,0,0,0,3849039,129590,77283,52307,./results/cp_sweep_intensity/logs/w78.oracleGeneral.bin.zst__lru__Mithril__256mb__w1000.log,ok
w78.oracleGeneral.bin.zst,oracleGeneral,fifo,Mithril,16mb,100,0.5187,0.7022,5493106,1786823,76,34,29,13,4635392,51866,21619,30247,./results/cp_sweep_intensity/logs/w78.oracleGeneral.bin.zst__fifo__Mithril__16mb__w100.log,ok
w78.oracleGeneral.bin.zst,oracleGeneral,fifo,Mithril,16mb,1000,0.5187,0.7022,5493106,1786823,511389,233827,81889,195673,4635392,294155,132984,161171,./results/cp_sweep_intensity/logs/w78.oracleGeneral.bin.zst__fifo__Mithril__16mb__w1000.log,ok
w78.oracleGeneral.bin.zst,oracleGeneral,fifo,Mithril,64mb,100,0.4588,0.6356,5493106,1965647,0,0,0,0,4483063,30523,12008,18515,./results/cp_sweep_intensity/logs/w78.oracleGeneral.bin.zst__fifo__Mithril__64mb__w100.log,ok
w78.oracleGeneral.bin.zst,oracleGeneral,fifo,Mithril,256mb,100,0.3492,0.5311,5493106,2026034,0,0,0,0,3932054,12187,5232,6955,./results/cp_sweep_intensity/logs/w78.oracleGeneral.bin.zst__fifo__Mithril__256mb__w100.log,ok
w78.oracleGeneral.bin.zst,oracleGeneral,fifo,Mithril,16mb,10000,0.5187,0.7022,5493106,1786823,851799,426297,134453,291049,4635392,1087192,549315,537877,./results/cp_sweep_intensity/logs/w78.oracleGeneral.bin.zst__fifo__Mithril__16mb__w10000.log,ok
w77.oracleGeneral.bin.zst,oracleGeneral,lru,Mithril,1gb,10000,0.3826,0.4230,5616402,1606003,0,0,0,0,3718664,72888,11181,61707,./results/cp_sweep_intensity/logs/w77.oracleGeneral.bin.zst__lru__Mithril__1gb__w10000.log,ok
w78.oracleGeneral.bin.zst,oracleGeneral,fifo,Mithril,64mb,1000,0.4588,0.6356,5493106,1965647,95958,39701,42343,13914,4483063,200541,84871,115670,./results/cp_sweep_intensity/logs/w78.oracleGeneral.bin.zst__fifo__Mithril__64mb__w1000.log,ok
w78.oracleGeneral.bin.zst,oracleGeneral,fifo,Mithril,1gb,100,0.3060,0.4590,5493106,1265079,0,0,0,0,2914781,2611,1137,1474,./results/cp_sweep_intensity/logs/w78.oracleGeneral.bin.zst__fifo__Mithril__1gb__w100.log,ok
w78.oracleGeneral.bin.zst,oracleGeneral,lru,Mithril,1gb,10000,0.2988,0.4471,5493106,1157789,0,0,0,0,2767494,70569,24508,46061,./results/cp_sweep_intensity/logs/w78.oracleGeneral.bin.zst__lru__Mithril__1gb__w10000.log,ok
w78.oracleGeneral.bin.zst,oracleGeneral,fifo,Mithril,1gb,1000,0.3060,0.4590,5493106,1265079,0,0,0,0,2914781,24422,12468,11954,./results/cp_sweep_intensity/logs/w78.oracleGeneral.bin.zst__fifo__Mithril__1gb__w1000.log,ok
w78.oracleGeneral.bin.zst,oracleGeneral,lru,Mithril,64mb,10000,0.4540,0.6316,5493106,1921026,777678,362616,188349,226713,4411553,887886,448673,439213,./results/cp_sweep_intensity/logs/w78.oracleGeneral.bin.zst__lru__Mithril__64mb__w10000.log,ok
w78.oracleGeneral.bin.zst,oracleGeneral,sieve,Mithril,16mb,100,,,,,,,,,,,,,./results/cp_sweep_intensity/logs/w78.oracleGeneral.bin.zst__sieve__Mithril__16mb__w100.log,fail:134
w78.oracleGeneral.bin.zst,oracleGeneral,fifo,Mithril,256mb,1000,0.3492,0.5311,5493106,2026034,0,0,0,0,3932054,143615,86092,57523,./results/cp_sweep_intensity/logs/w78.oracleGeneral.bin.zst__fifo__Mithril__256mb__w1000.log,ok
w78.oracleGeneral.bin.zst,oracleGeneral,sieve,Mithril,16mb,1000,,,,,,,,,,,,,./results/cp_sweep_intensity/logs/w78.oracleGeneral.bin.zst__sieve__Mithril__16mb__w1000.log,fail:134
w73.oracleGeneral.bin.zst,oracleGeneral,lru,Mithril,64mb,10000,0.4467,0.5023,6368815,3984774,1290499,828793,169976,291730,6822023,578216,134354,443862,./results/cp_sweep_intensity/logs/w73.oracleGeneral.bin.zst__lru__Mithril__64mb__w10000.log,ok
w78.oracleGeneral.bin.zst,oracleGeneral,sieve,Mithril,16mb,10000,,,,,,,,,,,,,./results/cp_sweep_intensity/logs/w78.oracleGeneral.bin.zst__sieve__Mithril__16mb__w10000.log,fail:134
w78.oracleGeneral.bin.zst,oracleGeneral,sieve,Mithril,64mb,100,,,,,,,,,,,,,./results/cp_sweep_intensity/logs/w78.oracleGeneral.bin.zst__sieve__Mithril__64mb__w100.log,fail:134
w77.oracleGeneral.bin.zst,oracleGeneral,fifo,Mithril,1gb,10000,0.3847,0.4249,5616402,1618512,0,0,0,0,3742418,81790,15089,66701,./results/cp_sweep_intensity/logs/w77.oracleGeneral.bin.zst__fifo__Mithril__1gb__w10000.log,ok
w68.oracleGeneral.bin.zst,oracleGeneral,fifo,Mithril,256mb,10000,0.3913,0.4628,8875971,6958770,252312,135384,37981,78947,10418686,2567425,865042,1702383,./results/cp_sweep_intensity/logs/w68.oracleGeneral.bin.zst__fifo__Mithril__256mb__w10000.log,ok
w78.oracleGeneral.bin.zst,oracleGeneral,sieve,Mithril,64mb,1000,,,,,,,,,,,,,./results/cp_sweep_intensity/logs/w78.oracleGeneral.bin.zst__sieve__Mithril__64mb__w1000.log,fail:134
w79.oracleGeneral.bin.zst,oracleGeneral,lru,Mithril,16mb,100,,,,,,,,,,,,,./results/cp_sweep_intensity/logs/w79.oracleGeneral.bin.zst__lru__Mithril__16mb__w100.log,fail:134
w79.oracleGeneral.bin.zst,oracleGeneral,lru,Mithril,16mb,1000,,,,,,,,,,,,,./results/cp_sweep_intensity/logs/w79.oracleGeneral.bin.zst__lru__Mithril__16mb__w1000.log,fail:134
w78.oracleGeneral.bin.zst,oracleGeneral,sieve,Mithril,256mb,100,0.3430,0.5051,5493106,1828314,26765,11440,11028,4297,3701724,13336,795,12541,./results/cp_sweep_intensity/logs/w78.oracleGeneral.bin.zst__sieve__Mithril__256mb__w100.log,ok
w78.oracleGeneral.bin.zst,oracleGeneral,sieve,Mithril,64mb,10000,,,,,,,,,,,,,./results/cp_sweep_intensity/logs/w78.oracleGeneral.bin.zst__sieve__Mithril__64mb__w10000.log,fail:134
w78.oracleGeneral.bin.zst,oracleGeneral,sieve,Mithril,1gb,100,0.2965,0.4576,5493106,1065411,1635,589,800,246,2656465,1152,153,999,./results/cp_sweep_intensity/logs/w78.oracleGeneral.bin.zst__sieve__Mithril__1gb__w100.log,ok
w79.oracleGeneral.bin.zst,oracleGeneral,lru,Mithril,16mb,10000,,,,,,,,,,,,,./results/cp_sweep_intensity/logs/w79.oracleGeneral.bin.zst__lru__Mithril__16mb__w10000.log,fail:134
w79.oracleGeneral.bin.zst,oracleGeneral,lru,Mithril,64mb,100,,,,,,,,,,,,,./results/cp_sweep_intensity/logs/w79.oracleGeneral.bin.zst__lru__Mithril__64mb__w100.log,fail:134
w79.oracleGeneral.bin.zst,oracleGeneral,lru,Mithril,64mb,1000,,,,,,,,,,,,,./results/cp_sweep_intensity/logs/w79.oracleGeneral.bin.zst__lru__Mithril__64mb__w1000.log,fail:134
w78.oracleGeneral.bin.zst,oracleGeneral,sieve,Mithril,1gb,1000,0.2965,0.4576,5493106,1065411,15801,6579,6425,2797,2656465,12301,3822,8479,./results/cp_sweep_intensity/logs/w78.oracleGeneral.bin.zst__sieve__Mithril__1gb__w1000.log,ok
w73.oracleGeneral.bin.zst,oracleGeneral,sieve,Mithril,256mb,10000,0.3781,0.4357,6368815,3482530,1271006,835612,238778,196616,5853819,414654,61895,352759,./results/cp_sweep_intensity/logs/w73.oracleGeneral.bin.zst__sieve__Mithril__256mb__w10000.log,ok
w79.oracleGeneral.bin.zst,oracleGeneral,lru,Mithril,64mb,10000,,,,,,,,,,,,,./results/cp_sweep_intensity/logs/w79.oracleGeneral.bin.zst__lru__Mithril__64mb__w10000.log,fail:134
w79.oracleGeneral.bin.zst,oracleGeneral,lru,Mithril,256mb,100,,,,,,,,,,,,,./results/cp_sweep_intensity/logs/w79.oracleGeneral.bin.zst__lru__Mithril__256mb__w100.log,fail:134
w79.oracleGeneral.bin.zst,oracleGeneral,lru,Mithril,256mb,1000,,,,,,,,,,,,,./results/cp_sweep_intensity/logs/w79.oracleGeneral.bin.zst__lru__Mithril__256mb__w1000.log,fail:134
w79.oracleGeneral.bin.zst,oracleGeneral,lru,Mithril,256mb,10000,,,,,,,,,,,,,./results/cp_sweep_intensity/logs/w79.oracleGeneral.bin.zst__lru__Mithril__256mb__w10000.log,fail:134
w79.oracleGeneral.bin.zst,oracleGeneral,fifo,Mithril,16mb,100,,,,,,,,,,,,,./results/cp_sweep_intensity/logs/w79.oracleGeneral.bin.zst__fifo__Mithril__16mb__w100.log,fail:134
w79.oracleGeneral.bin.zst,oracleGeneral,fifo,Mithril,16mb,1000,,,,,,,,,,,,,./results/cp_sweep_intensity/logs/w79.oracleGeneral.bin.zst__fifo__Mithril__16mb__w1000.log,fail:134
w79.oracleGeneral.bin.zst,oracleGeneral,fifo,Mithril,16mb,10000,,,,,,,,,,,,,./results/cp_sweep_intensity/logs/w79.oracleGeneral.bin.zst__fifo__Mithril__16mb__w10000.log,fail:134
w79.oracleGeneral.bin.zst,oracleGeneral,fifo,Mithril,64mb,1000,,,,,,,,,,,,,./results/cp_sweep_intensity/logs/w79.oracleGeneral.bin.zst__fifo__Mithril__64mb__w1000.log,fail:134
w79.oracleGeneral.bin.zst,oracleGeneral,fifo,Mithril,64mb,100,,,,,,,,,,,,,./results/cp_sweep_intensity/logs/w79.oracleGeneral.bin.zst__fifo__Mithril__64mb__w100.log,fail:134
w78.oracleGeneral.bin.zst,oracleGeneral,sieve,Mithril,256mb,1000,0.3430,0.5051,5493106,1828314,218871,98738,88410,31723,3701724,84818,11546,73272,./results/cp_sweep_intensity/logs/w78.oracleGeneral.bin.zst__sieve__Mithril__256mb__w1000.log,ok
w79.oracleGeneral.bin.zst,oracleGeneral,fifo,Mithril,64mb,10000,,,,,,,,,,,,,./results/cp_sweep_intensity/logs/w79.oracleGeneral.bin.zst__fifo__Mithril__64mb__w10000.log,fail:134
w79.oracleGeneral.bin.zst,oracleGeneral,fifo,Mithril,256mb,100,,,,,,,,,,,,,./results/cp_sweep_intensity/logs/w79.oracleGeneral.bin.zst__fifo__Mithril__256mb__w100.log,fail:134
w79.oracleGeneral.bin.zst,oracleGeneral,fifo,Mithril,256mb,1000,,,,,,,,,,,,,./results/cp_sweep_intensity/logs/w79.oracleGeneral.bin.zst__fifo__Mithril__256mb__w1000.log,fail:134
w79.oracleGeneral.bin.zst,oracleGeneral,fifo,Mithril,256mb,10000,,,,,,,,,,,,,./results/cp_sweep_intensity/logs/w79.oracleGeneral.bin.zst__fifo__Mithril__256mb__w10000.log,fail:134
w78.oracleGeneral.bin.zst,oracleGeneral,fifo,Mithril,64mb,10000,0.4588,0.6356,5493106,1965647,772815,363971,179477,229367,4483063,933145,498326,434819,./results/cp_sweep_intensity/logs/w78.oracleGeneral.bin.zst__fifo__Mithril__64mb__w10000.log,ok
w79.oracleGeneral.bin.zst,oracleGeneral,sieve,Mithril,16mb,100,,,,,,,,,,,,,./results/cp_sweep_intensity/logs/w79.oracleGeneral.bin.zst__sieve__Mithril__16mb__w100.log,fail:134
w79.oracleGeneral.bin.zst,oracleGeneral,lru,Mithril,1gb,100,0.9127,0.9412,5411394,343616,0,0,0,0,5230453,110,33,77,./results/cp_sweep_intensity/logs/w79.oracleGeneral.bin.zst__lru__Mithril__1gb__w100.log,ok
w79.oracleGeneral.bin.zst,oracleGeneral,sieve,Mithril,16mb,1000,,,,,,,,,,,,,./results/cp_sweep_intensity/logs/w79.oracleGeneral.bin.zst__sieve__Mithril__16mb__w1000.log,fail:134
w79.oracleGeneral.bin.zst,oracleGeneral,sieve,Mithril,16mb,10000,,,,,,,,,,,,,./results/cp_sweep_intensity/logs/w79.oracleGeneral.bin.zst__sieve__Mithril__16mb__w10000.log,fail:134
w79.oracleGeneral.bin.zst,oracleGeneral,lru,Mithril,1gb,1000,0.9127,0.9412,5411394,343616,0,0,0,0,5230453,2075,997,1078,./results/cp_sweep_intensity/logs/w79.oracleGeneral.bin.zst__lru__Mithril__1gb__w1000.log,ok
w79.oracleGeneral.bin.zst,oracleGeneral,sieve,Mithril,64mb,100,,,,,,,,,,,,,./results/cp_sweep_intensity/logs/w79.oracleGeneral.bin.zst__sieve__Mithril__64mb__w100.log,fail:134
w77.oracleGeneral.bin.zst,oracleGeneral,sieve,Mithril,1gb,10000,0.3918,0.4392,5616402,1716599,144675,74060,38914,31701,3841663,89757,10276,79481,./results/cp_sweep_intensity/logs/w77.oracleGeneral.bin.zst__sieve__Mithril__1gb__w10000.log,ok
w79.oracleGeneral.bin.zst,oracleGeneral,sieve,Mithril,64mb,1000,,,,,,,,,,,,,./results/cp_sweep_intensity/logs/w79.oracleGeneral.bin.zst__sieve__Mithril__64mb__w1000.log,fail:134
w79.oracleGeneral.bin.zst,oracleGeneral,sieve,Mithril,64mb,10000,,,,,,,,,,,,,./results/cp_sweep_intensity/logs/w79.oracleGeneral.bin.zst__sieve__Mithril__64mb__w10000.log,fail:134
w79.oracleGeneral.bin.zst,oracleGeneral,lru,Mithril,1gb,10000,0.9127,0.9412,5411394,343616,0,0,0,0,5230453,35105,17307,17798,./results/cp_sweep_intensity/logs/w79.oracleGeneral.bin.zst__lru__Mithril__1gb__w10000.log,ok
w78.oracleGeneral.bin.zst,oracleGeneral,fifo,Mithril,1gb,10000,0.3060,0.4590,5493106,1265079,0,0,0,0,2914781,134836,73770,61066,./results/cp_sweep_intensity/logs/w78.oracleGeneral.bin.zst__fifo__Mithril__1gb__w10000.log,ok
w77.oracleGeneral.bin.zst,oracleGeneral,sieve,Mithril,256mb,10000,0.4277,0.4896,5616402,2098961,838912,515297,174646,148969,4491772,205738,19081,186657,./results/cp_sweep_intensity/logs/w77.oracleGeneral.bin.zst__sieve__Mithril__256mb__w10000.log,ok
w79.oracleGeneral.bin.zst,oracleGeneral,fifo,Mithril,1gb,100,0.9145,0.9431,5411394,380554,0,0,0,0,5276844,252,51,201,./results/cp_sweep_intensity/logs/w79.oracleGeneral.bin.zst__fifo__Mithril__1gb__w100.log,ok
w78.oracleGeneral.bin.zst,oracleGeneral,sieve,Mithril,1gb,10000,0.2965,0.4576,5493106,1065411,135425,49301,68835,17289,2656465,67067,14608,52459,./results/cp_sweep_intensity/logs/w78.oracleGeneral.bin.zst__sieve__Mithril__1gb__w10000.log,ok
w73.oracleGeneral.bin.zst,oracleGeneral,lru,Mithril,256mb,10000,0.3752,0.4300,6368815,3607406,0,0,0,0,5964111,418186,86226,331960,./results/cp_sweep_intensity/logs/w73.oracleGeneral.bin.zst__lru__Mithril__256mb__w10000.log,ok
w79.oracleGeneral.bin.zst,oracleGeneral,fifo,Mithril,1gb,1000,0.9145,0.9431,5411394,380554,0,0,0,0,5276844,2529,982,1547,./results/cp_sweep_intensity/logs/w79.oracleGeneral.bin.zst__fifo__Mithril__1gb__w1000.log,ok
w79.oracleGeneral.bin.zst,oracleGeneral,fifo,Mithril,1gb,10000,0.9145,0.9431,5411394,380554,0,0,0,0,5276844,39873,19068,20805,./results/cp_sweep_intensity/logs/w79.oracleGeneral.bin.zst__fifo__Mithril__1gb__w10000.log,ok
w73.oracleGeneral.bin.zst,oracleGeneral,fifo,Mithril,64mb,10000,0.4538,0.5078,6368815,3992411,1211577,778747,158793,274037,6874715,592181,157628,434553,./results/cp_sweep_intensity/logs/w73.oracleGeneral.bin.zst__fifo__Mithril__64mb__w10000.log,ok
w78.oracleGeneral.bin.zst,oracleGeneral,lru,Mithril,256mb,10000,0.3435,0.5277,5493106,1974533,339509,133255,145711,60543,3849039,488061,265767,222294,./results/cp_sweep_intensity/logs/w78.oracleGeneral.bin.zst__lru__Mithril__256mb__w10000.log,ok
w79.oracleGeneral.bin.zst,oracleGeneral,sieve,Mithril,256mb,100,0.9059,0.9475,5411394,69752,41,24,10,7,4938480,40,5,35,./results/cp_sweep_intensity/logs/w79.oracleGeneral.bin.zst__sieve__Mithril__256mb__w100.log,ok
w79.oracleGeneral.bin.zst,oracleGeneral,sieve,Mithril,256mb,1000,0.9059,0.9475,5411394,69752,1691,966,330,395,4938480,315,45,270,./results/cp_sweep_intensity/logs/w79.oracleGeneral.bin.zst__sieve__Mithril__256mb__w1000.log,ok
w79.oracleGeneral.bin.zst,oracleGeneral,sieve,Mithril,256mb,10000,0.9059,0.9475,5411394,69752,12809,7405,3219,2185,4938480,5248,1329,3919,./results/cp_sweep_intensity/logs/w79.oracleGeneral.bin.zst__sieve__Mithril__256mb__w10000.log,ok
w79.oracleGeneral.bin.zst,oracleGeneral,sieve,Mithril,1gb,100,0.8939,0.9366,5411394,25603,6,0,5,1,4782575,18,1,17,./results/cp_sweep_intensity/logs/w79.oracleGeneral.bin.zst__sieve__Mithril__1gb__w100.log,ok
w79.oracleGeneral.bin.zst,oracleGeneral,sieve,Mithril,1gb,1000,0.8939,0.9366,5411394,25603,35,3,30,2,4782575,144,49,95,./results/cp_sweep_intensity/logs/w79.oracleGeneral.bin.zst__sieve__Mithril__1gb__w1000.log,ok
w79.oracleGeneral.bin.zst,oracleGeneral,sieve,Mithril,1gb,10000,0.8939,0.9366,5411394,25603,170,6,161,3,4782575,1346,498,848,./results/cp_sweep_intensity/logs/w79.oracleGeneral.bin.zst__sieve__Mithril__1gb__w10000.log,ok
w80.oracleGeneral.bin.zst,oracleGeneral,lru,Mithril,16mb,100,0.6081,0.5514,5256246,2118019,0,0,0,0,5313258,14630,2942,11688,./results/cp_sweep_intensity/logs/w80.oracleGeneral.bin.zst__lru__Mithril__16mb__w100.log,ok
w77.oracleGeneral.bin.zst,oracleGeneral,lru,Mithril,256mb,10000,,,,,,,,,,,,,./results/cp_sweep_intensity/logs/w77.oracleGeneral.bin.zst__lru__Mithril__256mb__w10000.log,fail:134
w78.oracleGeneral.bin.zst,oracleGeneral,sieve,Mithril,256mb,10000,0.3430,0.5051,5493106,1828314,784479,374227,280521,129731,3701724,375435,76974,298461,./results/cp_sweep_intensity/logs/w78.oracleGeneral.bin.zst__sieve__Mithril__256mb__w10000.log,ok
w80.oracleGeneral.bin.zst,oracleGeneral,lru,Mithril,256mb,100,0.3163,0.2828,5256246,3470631,0,0,0,0,5110559,5947,2395,3552,./results/cp_sweep_intensity/logs/w80.oracleGeneral.bin.zst__lru__Mithril__256mb__w100.log,ok
w80.oracleGeneral.bin.zst,oracleGeneral,lru,Mithril,1gb,100,0.2315,0.2001,5256246,1932851,0,0,0,0,3056235,819,173,646,./results/cp_sweep_intensity/logs/w80.oracleGeneral.bin.zst__lru__Mithril__1gb__w100.log,ok
w80.oracleGeneral.bin.zst,oracleGeneral,lru,Mithril,64mb,100,0.4839,0.4004,5256246,3536751,0,0,0,0,6075299,14562,2368,12194,./results/cp_sweep_intensity/logs/w80.oracleGeneral.bin.zst__lru__Mithril__64mb__w100.log,ok
w80.oracleGeneral.bin.zst,oracleGeneral,lru,Mithril,16mb,1000,0.6081,0.5514,5256246,2118019,106522,63658,9383,33481,5313258,111295,35744,75551,./results/cp_sweep_intensity/logs/w80.oracleGeneral.bin.zst__lru__Mithril__16mb__w1000.log,ok
w80.oracleGeneral.bin.zst,oracleGeneral,fifo,Mithril,16mb,100,0.6113,0.5529,5256246,2140373,0,0,0,0,5352367,20729,5711,15018,./results/cp_sweep_intensity/logs/w80.oracleGeneral.bin.zst__fifo__Mithril__16mb__w100.log,ok
w80.oracleGeneral.bin.zst,oracleGeneral,lru,Mithril,1gb,1000,0.2315,0.2001,5256246,1932851,0,0,0,0,3056235,8850,1737,7113,./results/cp_sweep_intensity/logs/w80.oracleGeneral.bin.zst__lru__Mithril__1gb__w1000.log,ok
w77.oracleGeneral.bin.zst,oracleGeneral,fifo,Mithril,256mb,10000,,,,,,,,,,,,,./results/cp_sweep_intensity/logs/w77.oracleGeneral.bin.zst__fifo__Mithril__256mb__w10000.log,fail:134
w80.oracleGeneral.bin.zst,oracleGeneral,lru,Mithril,16mb,10000,0.6081,0.5514,5256246,2118019,784397,464862,75631,243904,5313258,811130,471205,339925,./results/cp_sweep_intensity/logs/w80.oracleGeneral.bin.zst__lru__Mithril__16mb__w10000.log,ok
w80.oracleGeneral.bin.zst,oracleGeneral,fifo,Mithril,64mb,100,0.4890,0.4027,5256246,3566493,0,0,0,0,6131788,16126,4338,11788,./results/cp_sweep_intensity/logs/w80.oracleGeneral.bin.zst__fifo__Mithril__64mb__w100.log,ok
w80.oracleGeneral.bin.zst,oracleGeneral,fifo,Mithril,16mb,1000,0.6113,0.5529,5256246,2140373,105047,62755,9345,32947,5352367,131224,46252,84972,./results/cp_sweep_intensity/logs/w80.oracleGeneral.bin.zst__fifo__Mithril__16mb__w1000.log,ok
w80.oracleGeneral.bin.zst,oracleGeneral,fifo,Mithril,1gb,100,0.2353,0.2032,5256246,1990391,0,0,0,0,3133833,1179,334,845,./results/cp_sweep_intensity/logs/w80.oracleGeneral.bin.zst__fifo__Mithril__1gb__w100.log,ok
w80.oracleGeneral.bin.zst,oracleGeneral,fifo,Mithril,256mb,100,0.3203,0.2856,5256246,3488670,0,0,0,0,5149664,7551,2963,4588,./results/cp_sweep_intensity/logs/w80.oracleGeneral.bin.zst__fifo__Mithril__256mb__w100.log,ok
w73.oracleGeneral.bin.zst,oracleGeneral,fifo,Mithril,256mb,10000,0.3802,0.4356,6368815,3623250,0,0,0,0,6012128,449986,104932,345054,./results/cp_sweep_intensity/logs/w73.oracleGeneral.bin.zst__fifo__Mithril__256mb__w10000.log,ok
w80.oracleGeneral.bin.zst,oracleGeneral,sieve,Mithril,16mb,100,0.6119,0.5604,5256246,2149147,107674,67074,9026,31574,5363550,36093,3941,32152,./results/cp_sweep_intensity/logs/w80.oracleGeneral.bin.zst__sieve__Mithril__16mb__w100.log,ok
w80.oracleGeneral.bin.zst,oracleGeneral,fifo,Mithril,16mb,10000,0.6113,0.5529,5256246,2140373,793332,469272,75496,248564,5352367,835592,485862,349730,./results/cp_sweep_intensity/logs/w80.oracleGeneral.bin.zst__fifo__Mithril__16mb__w10000.log,ok
w80.oracleGeneral.bin.zst,oracleGeneral,fifo,Mithril,1gb,1000,0.2353,0.2032,5256246,1990391,0,0,0,0,3133833,11181,2807,8374,./results/cp_sweep_intensity/logs/w80.oracleGeneral.bin.zst__fifo__Mithril__1gb__w1000.log,ok
w80.oracleGeneral.bin.zst,oracleGeneral,lru,Mithril,256mb,1000,0.3163,0.2828,5256246,3470631,0,0,0,0,5110559,62021,27012,35009,./results/cp_sweep_intensity/logs/w80.oracleGeneral.bin.zst__lru__Mithril__256mb__w1000.log,ok
w80.oracleGeneral.bin.zst,oracleGeneral,sieve,Mithril,16mb,1000,0.6119,0.5604,5256246,2149147,659666,409926,56283,193457,5363550,156943,26574,130369,./results/cp_sweep_intensity/logs/w80.oracleGeneral.bin.zst__sieve__Mithril__16mb__w1000.log,ok
w80.oracleGeneral.bin.zst,oracleGeneral,lru,Mithril,64mb,1000,0.4839,0.4004,5256246,3536751,0,0,0,0,6075299,122044,27412,94632,./results/cp_sweep_intensity/logs/w80.oracleGeneral.bin.zst__lru__Mithril__64mb__w1000.log,ok
w78.oracleGeneral.bin.zst,oracleGeneral,fifo,Mithril,256mb,10000,0.3492,0.5311,5493106,2026034,324111,126279,141041,56791,3932054,528842,303683,225159,./results/cp_sweep_intensity/logs/w78.oracleGeneral.bin.zst__fifo__Mithril__256mb__w10000.log,ok
w81.oracleGeneral.bin.zst,oracleGeneral,lru,Mithril,16mb,100,,,,,,,,,,,,,./results/cp_sweep_intensity/logs/w81.oracleGeneral.bin.zst__lru__Mithril__16mb__w100.log,fail:134
w80.oracleGeneral.bin.zst,oracleGeneral,sieve,Mithril,16mb,10000,0.6119,0.5604,5256246,2149147,915315,574230,81752,259333,5363550,883718,427092,456626,./results/cp_sweep_intensity/logs/w80.oracleGeneral.bin.zst__sieve__Mithril__16mb__w10000.log,ok
w80.oracleGeneral.bin.zst,oracleGeneral,sieve,Mithril,1gb,100,0.2469,0.2160,5256246,1912368,2069,1017,513,539,3128201,1057,126,931,./results/cp_sweep_intensity/logs/w80.oracleGeneral.bin.zst__sieve__Mithril__1gb__w100.log,ok
w80.oracleGeneral.bin.zst,oracleGeneral,sieve,Mithril,64mb,100,0.4911,0.4079,5256246,3676924,80706,52587,9665,18454,6252348,26061,3027,23034,./results/cp_sweep_intensity/logs/w80.oracleGeneral.bin.zst__sieve__Mithril__64mb__w100.log,ok
w81.oracleGeneral.bin.zst,oracleGeneral,lru,Mithril,16mb,1000,,,,,,,,,,,,,./results/cp_sweep_intensity/logs/w81.oracleGeneral.bin.zst__lru__Mithril__16mb__w1000.log,fail:134
w81.oracleGeneral.bin.zst,oracleGeneral,lru,Mithril,64mb,100,,,,,,,,,,,,,./results/cp_sweep_intensity/logs/w81.oracleGeneral.bin.zst__lru__Mithril__64mb__w100.log,fail:134
w81.oracleGeneral.bin.zst,oracleGeneral,lru,Mithril,64mb,1000,,,,,,,,,,,,,./results/cp_sweep_intensity/logs/w81.oracleGeneral.bin.zst__lru__Mithril__64mb__w1000.log,fail:134
w81.oracleGeneral.bin.zst,oracleGeneral,lru,Mithril,256mb,100,,,,,,,,,,,,,./results/cp_sweep_intensity/logs/w81.oracleGeneral.bin.zst__lru__Mithril__256mb__w100.log,fail:134
w81.oracleGeneral.bin.zst,oracleGeneral,lru,Mithril,64mb,10000,,,,,,,,,,,,,./results/cp_sweep_intensity/logs/w81.oracleGeneral.bin.zst__lru__Mithril__64mb__w10000.log,fail:134
w81.oracleGeneral.bin.zst,oracleGeneral,lru,Mithril,256mb,1000,,,,,,,,,,,,,./results/cp_sweep_intensity/logs/w81.oracleGeneral.bin.zst__lru__Mithril__256mb__w1000.log,fail:134
w81.oracleGeneral.bin.zst,oracleGeneral,lru,Mithril,256mb,10000,,,,,,,,,,,,,./results/cp_sweep_intensity/logs/w81.oracleGeneral.bin.zst__lru__Mithril__256mb__w10000.log,fail:134
w80.oracleGeneral.bin.zst,oracleGeneral,sieve,Mithril,256mb,100,0.3294,0.2978,5256246,3606682,21679,13361,4501,3817,5310551,7129,571,6558,./results/cp_sweep_intensity/logs/w80.oracleGeneral.bin.zst__sieve__Mithril__256mb__w100.log,ok
w81.oracleGeneral.bin.zst,oracleGeneral,fifo,Mithril,16mb,100,,,,,,,,,,,,,./results/cp_sweep_intensity/logs/w81.oracleGeneral.bin.zst__fifo__Mithril__16mb__w100.log,fail:134
w81.oracleGeneral.bin.zst,oracleGeneral,fifo,Mithril,16mb,1000,,,,,,,,,,,,,./results/cp_sweep_intensity/logs/w81.oracleGeneral.bin.zst__fifo__Mithril__16mb__w1000.log,fail:134
w81.oracleGeneral.bin.zst,oracleGeneral,lru,Mithril,16mb,10000,,,,,,,,,,,,,./results/cp_sweep_intensity/logs/w81.oracleGeneral.bin.zst__lru__Mithril__16mb__w10000.log,fail:134
w81.oracleGeneral.bin.zst,oracleGeneral,fifo,Mithril,64mb,100,,,,,,,,,,,,,./results/cp_sweep_intensity/logs/w81.oracleGeneral.bin.zst__fifo__Mithril__64mb__w100.log,fail:134
w81.oracleGeneral.bin.zst,oracleGeneral,fifo,Mithril,16mb,10000,,,,,,,,,,,,,./results/cp_sweep_intensity/logs/w81.oracleGeneral.bin.zst__fifo__Mithril__16mb__w10000.log,fail:134
w81.oracleGeneral.bin.zst,oracleGeneral,fifo,Mithril,64mb,1000,,,,,,,,,,,,,./results/cp_sweep_intensity/logs/w81.oracleGeneral.bin.zst__fifo__Mithril__64mb__w1000.log,fail:134
w81.oracleGeneral.bin.zst,oracleGeneral,fifo,Mithril,64mb,10000,,,,,,,,,,,,,./results/cp_sweep_intensity/logs/w81.oracleGeneral.bin.zst__fifo__Mithril__64mb__w10000.log,fail:134
w81.oracleGeneral.bin.zst,oracleGeneral,fifo,Mithril,256mb,100,,,,,,,,,,,,,./results/cp_sweep_intensity/logs/w81.oracleGeneral.bin.zst__fifo__Mithril__256mb__w100.log,fail:134
w81.oracleGeneral.bin.zst,oracleGeneral,fifo,Mithril,256mb,1000,,,,,,,,,,,,,./results/cp_sweep_intensity/logs/w81.oracleGeneral.bin.zst__fifo__Mithril__256mb__w1000.log,fail:134
w81.oracleGeneral.bin.zst,oracleGeneral,fifo,Mithril,256mb,10000,,,,,,,,,,,,,./results/cp_sweep_intensity/logs/w81.oracleGeneral.bin.zst__fifo__Mithril__256mb__w10000.log,fail:134
w80.oracleGeneral.bin.zst,oracleGeneral,sieve,Mithril,1gb,1000,0.2469,0.2160,5256246,1912368,19173,9932,5330,3911,3128201,10643,1758,8885,./results/cp_sweep_intensity/logs/w80.oracleGeneral.bin.zst__sieve__Mithril__1gb__w1000.log,ok
w81.oracleGeneral.bin.zst,oracleGeneral,sieve,Mithril,16mb,100,,,,,,,,,,,,,./results/cp_sweep_intensity/logs/w81.oracleGeneral.bin.zst__sieve__Mithril__16mb__w100.log,fail:134
w81.oracleGeneral.bin.zst,oracleGeneral,sieve,Mithril,16mb,1000,,,,,,,,,,,,,./results/cp_sweep_intensity/logs/w81.oracleGeneral.bin.zst__sieve__Mithril__16mb__w1000.log,fail:134
w80.oracleGeneral.bin.zst,oracleGeneral,fifo,Mithril,64mb,1000,0.4890,0.4027,5256246,3566493,0,0,0,0,6131788,135193,40039,95154,./results/cp_sweep_intensity/logs/w80.oracleGeneral.bin.zst__fifo__Mithril__64mb__w1000.log,ok
w81.oracleGeneral.bin.zst,oracleGeneral,sieve,Mithril,16mb,10000,,,,,,,,,,,,,./results/cp_sweep_intensity/logs/w81.oracleGeneral.bin.zst__sieve__Mithril__16mb__w10000.log,fail:134
w81.oracleGeneral.bin.zst,oracleGeneral,lru,Mithril,1gb,100,0.2619,0.3166,5026619,2315472,0,0,0,0,3569154,81,3,78,./results/cp_sweep_intensity/logs/w81.oracleGeneral.bin.zst__lru__Mithril__1gb__w100.log,ok
w81.oracleGeneral.bin.zst,oracleGeneral,sieve,Mithril,64mb,100,,,,,,,,,,,,,./results/cp_sweep_intensity/logs/w81.oracleGeneral.bin.zst__sieve__Mithril__64mb__w100.log,fail:134
w81.oracleGeneral.bin.zst,oracleGeneral,sieve,Mithril,64mb,1000,,,,,,,,,,,,,./results/cp_sweep_intensity/logs/w81.oracleGeneral.bin.zst__sieve__Mithril__64mb__w1000.log,fail:134
w81.oracleGeneral.bin.zst,oracleGeneral,sieve,Mithril,64mb,10000,,,,,,,,,,,,,./results/cp_sweep_intensity/logs/w81.oracleGeneral.bin.zst__sieve__Mithril__64mb__w10000.log,fail:134
w81.oracleGeneral.bin.zst,oracleGeneral,lru,Mithril,1gb,1000,0.2619,0.3166,5026619,2315472,0,0,0,0,3569154,632,110,522,./results/cp_sweep_intensity/logs/w81.oracleGeneral.bin.zst__lru__Mithril__1gb__w1000.log,ok
w80.oracleGeneral.bin.zst,oracleGeneral,fifo,Mithril,256mb,1000,0.3203,0.2856,5256246,3488670,0,0,0,0,5149664,67379,28547,38832,./results/cp_sweep_intensity/logs/w80.oracleGeneral.bin.zst__fifo__Mithril__256mb__w1000.log,ok
w81.oracleGeneral.bin.zst,oracleGeneral,sieve,Mithril,256mb,10000,,,,,,,,,,,,,./results/cp_sweep_intensity/logs/w81.oracleGeneral.bin.zst__sieve__Mithril__256mb__w10000.log,fail:134
w81.oracleGeneral.bin.zst,oracleGeneral,sieve,Mithril,256mb,1000,,,,,,,,,,,,,./results/cp_sweep_intensity/logs/w81.oracleGeneral.bin.zst__sieve__Mithril__256mb__w1000.log,fail:134
w81.oracleGeneral.bin.zst,oracleGeneral,sieve,Mithril,256mb,100,,,,,,,,,,,,,./results/cp_sweep_intensity/logs/w81.oracleGeneral.bin.zst__sieve__Mithril__256mb__w100.log,fail:134
w81.oracleGeneral.bin.zst,oracleGeneral,fifo,Mithril,1gb,100,0.2631,0.3170,5026619,2308405,0,0,0,0,3568564,186,85,101,./results/cp_sweep_intensity/logs/w81.oracleGeneral.bin.zst__fifo__Mithril__1gb__w100.log,ok
w81.oracleGeneral.bin.zst,oracleGeneral,fifo,Mithril,1gb,1000,0.2631,0.3170,5026619,2308405,0,0,0,0,3568564,1485,744,741,./results/cp_sweep_intensity/logs/w81.oracleGeneral.bin.zst__fifo__Mithril__1gb__w1000.log,ok
w81.oracleGeneral.bin.zst,oracleGeneral,lru,Mithril,1gb,10000,0.2619,0.3166,5026619,2315472,0,0,0,0,3569154,7035,3487,3548,./results/cp_sweep_intensity/logs/w81.oracleGeneral.bin.zst__lru__Mithril__1gb__w10000.log,ok
w81.oracleGeneral.bin.zst,oracleGeneral,sieve,Mithril,1gb,100,0.2615,0.3166,5026619,2274955,523,204,30,289,3530251,984,23,961,./results/cp_sweep_intensity/logs/w81.oracleGeneral.bin.zst__sieve__Mithril__1gb__w100.log,ok
w81.oracleGeneral.bin.zst,oracleGeneral,sieve,Mithril,1gb,1000,0.2615,0.3166,5026619,2274955,6073,1416,3088,1569,3530251,3836,353,3483,./results/cp_sweep_intensity/logs/w81.oracleGeneral.bin.zst__sieve__Mithril__1gb__w1000.log,ok
w81.oracleGeneral.bin.zst,oracleGeneral,fifo,Mithril,1gb,10000,0.2631,0.3170,5026619,2308405,0,0,0,0,3568564,9057,4732,4325,./results/cp_sweep_intensity/logs/w81.oracleGeneral.bin.zst__fifo__Mithril__1gb__w10000.log,ok
w82.oracleGeneral.bin.zst,oracleGeneral,lru,Mithril,16mb,100,0.2595,0.2512,4926610,3489960,7974,4903,865,2206,4767305,121562,23559,98003,./results/cp_sweep_intensity/logs/w82.oracleGeneral.bin.zst__lru__Mithril__16mb__w100.log,ok
w80.oracleGeneral.bin.zst,oracleGeneral,sieve,Mithril,64mb,1000,0.4911,0.4079,5256246,3676924,617119,392037,77962,147120,6252348,173504,39739,133765,./results/cp_sweep_intensity/logs/w80.oracleGeneral.bin.zst__sieve__Mithril__64mb__w1000.log,ok
w82.oracleGeneral.bin.zst,oracleGeneral,lru,Mithril,64mb,100,0.1567,0.1763,4926610,2928919,0,0,0,0,3697638,47580,11546,36034,./results/cp_sweep_intensity/logs/w82.oracleGeneral.bin.zst__lru__Mithril__64mb__w100.log,ok
w81.oracleGeneral.bin.zst,oracleGeneral,sieve,Mithril,1gb,10000,0.2615,0.3166,5026619,2274955,22098,7632,8891,5575,3530251,22992,12889,10103,./results/cp_sweep_intensity/logs/w81.oracleGeneral.bin.zst__sieve__Mithril__1gb__w10000.log,ok
w82.oracleGeneral.bin.zst,oracleGeneral,lru,Mithril,256mb,100,0.0978,0.1342,4926610,2123317,0,0,0,0,2593542,5921,922,4999,./results/cp_sweep_intensity/logs/w82.oracleGeneral.bin.zst__lru__Mithril__256mb__w100.log,ok
w80.oracleGeneral.bin.zst,oracleGeneral,sieve,Mithril,256mb,1000,0.3294,0.2978,5256246,3606682,184432,117565,34232,32635,5310551,64252,7830,56422,./results/cp_sweep_intensity/logs/w80.oracleGeneral.bin.zst__sieve__Mithril__256mb__w1000.log,ok
w82.oracleGeneral.bin.zst,oracleGeneral,lru,Mithril,1gb,100,0.0501,0.0720,4926610,413076,0,0,0,0,624292,5468,5113,355,./results/cp_sweep_intensity/logs/w82.oracleGeneral.bin.zst__lru__Mithril__1gb__w100.log,ok
w82.oracleGeneral.bin.zst,oracleGeneral,lru,Mithril,1gb,1000,0.0501,0.0720,4926610,413076,0,0,0,0,624292,30626,27577,3049,./results/cp_sweep_intensity/logs/w82.oracleGeneral.bin.zst__lru__Mithril__1gb__w1000.log,ok
w80.oracleGeneral.bin.zst,oracleGeneral,lru,Mithril,1gb,10000,0.2315,0.2001,5256246,1932851,0,0,0,0,3056235,89594,32630,56964,./results/cp_sweep_intensity/logs/w80.oracleGeneral.bin.zst__lru__Mithril__1gb__w10000.log,ok
w82.oracleGeneral.bin.zst,oracleGeneral,lru,Mithril,1gb,10000,0.0501,0.0720,4926610,413076,0,0,0,0,624292,202252,183784,18468,./results/cp_sweep_intensity/logs/w82.oracleGeneral.bin.zst__lru__Mithril__1gb__w10000.log,ok
w82.oracleGeneral.bin.zst,oracleGeneral,lru,Mithril,256mb,1000,0.0978,0.1342,4926610,2123317,0,0,0,0,2593542,40000,7439,32561,./results/cp_sweep_intensity/logs/w82.oracleGeneral.bin.zst__lru__Mithril__256mb__w1000.log,ok
w82.oracleGeneral.bin.zst,oracleGeneral,fifo,Mithril,16mb,100,0.2847,0.2620,4926610,3509918,7182,4374,774,2034,4911554,135990,36403,99587,./results/cp_sweep_intensity/logs/w82.oracleGeneral.bin.zst__fifo__Mithril__16mb__w100.log,ok
w82.oracleGeneral.bin.zst,oracleGeneral,fifo,Mithril,64mb,100,0.1726,0.1830,4926610,3003324,0,0,0,0,3850062,55652,20255,35397,./results/cp_sweep_intensity/logs/w82.oracleGeneral.bin.zst__fifo__Mithril__64mb__w100.log,ok
w82.oracleGeneral.bin.zst,oracleGeneral,lru,Mithril,64mb,1000,0.1567,0.1763,4926610,2928919,7979,4066,1936,1977,3697638,259618,61399,198219,./results/cp_sweep_intensity/logs/w82.oracleGeneral.bin.zst__lru__Mithril__64mb__w1000.log,ok
w82.oracleGeneral.bin.zst,oracleGeneral,fifo,Mithril,256mb,100,0.1073,0.1393,4926610,2148200,0,0,0,0,2665066,10216,3296,6920,./results/cp_sweep_intensity/logs/w82.oracleGeneral.bin.zst__fifo__Mithril__256mb__w100.log,ok
w82.oracleGeneral.bin.zst,oracleGeneral,lru,Mithril,16mb,1000,0.2595,0.2512,4926610,3489960,747728,414225,61358,272145,4767305,656458,205426,451032,./results/cp_sweep_intensity/logs/w82.oracleGeneral.bin.zst__lru__Mithril__16mb__w1000.log,ok
w82.oracleGeneral.bin.zst,oracleGeneral,lru,Mithril,16mb,10000,0.2595,0.2512,4926610,3489960,1659420,969807,128963,560650,4767305,1509131,470055,1039076,./results/cp_sweep_intensity/logs/w82.oracleGeneral.bin.zst__lru__Mithril__16mb__w10000.log,ok
w80.oracleGeneral.bin.zst,oracleGeneral,fifo,Mithril,1gb,10000,0.2353,0.2032,5256246,1990391,0,0,0,0,3133833,109176,43226,65950,./results/cp_sweep_intensity/logs/w80.oracleGeneral.bin.zst__fifo__Mithril__1gb__w10000.log,ok
w82.oracleGeneral.bin.zst,oracleGeneral,fifo,Mithril,1gb,1000,0.0551,0.0787,4926610,609914,0,0,0,0,844456,25555,19970,5585,./results/cp_sweep_intensity/logs/w82.oracleGeneral.bin.zst__fifo__Mithril__1gb__w1000.log,ok
w82.oracleGeneral.bin.zst,oracleGeneral,fifo,Mithril,1gb,100,0.0551,0.0787,4926610,609914,0,0,0,0,844456,1278,491,787,./results/cp_sweep_intensity/logs/w82.oracleGeneral.bin.zst__fifo__Mithril__1gb__w100.log,ok
w82.oracleGeneral.bin.zst,oracleGeneral,fifo,Mithril,1gb,10000,0.0551,0.0787,4926610,609914,0,0,0,0,844456,312062,280474,31588,./results/cp_sweep_intensity/logs/w82.oracleGeneral.bin.zst__fifo__Mithril__1gb__w10000.log,ok
w82.oracleGeneral.bin.zst,oracleGeneral,fifo,Mithril,256mb,1000,0.1073,0.1393,4926610,2148200,0,0,0,0,2665066,53512,15145,38367,./results/cp_sweep_intensity/logs/w82.oracleGeneral.bin.zst__fifo__Mithril__256mb__w1000.log,ok
w82.oracleGeneral.bin.zst,oracleGeneral,sieve,Mithril,64mb,100,0.1548,0.1816,4926610,3241852,117104,67279,11649,38176,4001659,101713,4893,96820,./results/cp_sweep_intensity/logs/w82.oracleGeneral.bin.zst__sieve__Mithril__64mb__w100.log,ok
w82.oracleGeneral.bin.zst,oracleGeneral,fifo,Mithril,64mb,1000,0.1726,0.1830,4926610,3003324,6834,3670,1366,1798,3850062,306610,116685,189925,./results/cp_sweep_intensity/logs/w82.oracleGeneral.bin.zst__fifo__Mithril__64mb__w1000.log,ok
w82.oracleGeneral.bin.zst,oracleGeneral,sieve,Mithril,16mb,100,0.2542,0.2633,4926610,3921865,783854,520588,57142,206124,5173507,329432,12331,317101,./results/cp_sweep_intensity/logs/w82.oracleGeneral.bin.zst__sieve__Mithril__16mb__w100.log,ok
w82.oracleGeneral.bin.zst,oracleGeneral,fifo,Mithril,16mb,1000,0.2847,0.2620,4926610,3509918,688331,386494,58316,243521,4911554,692746,248168,444578,./results/cp_sweep_intensity/logs/w82.oracleGeneral.bin.zst__fifo__Mithril__16mb__w1000.log,ok
w82.oracleGeneral.bin.zst,oracleGeneral,sieve,Mithril,256mb,100,0.1160,0.1530,4926610,2410958,21053,10802,2744,7507,2970333,18728,1451,17277,./results/cp_sweep_intensity/logs/w82.oracleGeneral.bin.zst__sieve__Mithril__256mb__w100.log,ok
w82.oracleGeneral.bin.zst,oracleGeneral,sieve,Mithril,1gb,100,0.0477,0.0680,4926610,220773,704,386,158,160,421329,776,15,761,./results/cp_sweep_intensity/logs/w82.oracleGeneral.bin.zst__sieve__Mithril__1gb__w100.log,ok
w82.oracleGeneral.bin.zst,oracleGeneral,sieve,Mithril,1gb,1000,0.0477,0.0680,4926610,220773,11755,6069,3591,2095,421329,5638,89,5549,./results/cp_sweep_intensity/logs/w82.oracleGeneral.bin.zst__sieve__Mithril__1gb__w1000.log,ok
w82.oracleGeneral.bin.zst,oracleGeneral,sieve,Mithril,16mb,1000,0.2542,0.2633,4926610,3921865,2350647,1557502,180972,612173,5173507,1151538,79176,1072362,./results/cp_sweep_intensity/logs/w82.oracleGeneral.bin.zst__sieve__Mithril__16mb__w1000.log,ok
w83.oracleGeneral.bin.zst,oracleGeneral,lru,Mithril,16mb,100,,,,,,,,,,,,,./results/cp_sweep_intensity/logs/w83.oracleGeneral.bin.zst__lru__Mithril__16mb__w100.log,fail:134
w82.oracleGeneral.bin.zst,oracleGeneral,fifo,Mithril,16mb,10000,0.2847,0.2620,4926610,3509918,1627785,963020,130588,534177,4911554,1532709,515700,1017009,./results/cp_sweep_intensity/logs/w82.oracleGeneral.bin.zst__fifo__Mithril__16mb__w10000.log,ok
w83.oracleGeneral.bin.zst,oracleGeneral,lru,Mithril,16mb,1000,,,,,,,,,,,,,./results/cp_sweep_intensity/logs/w83.oracleGeneral.bin.zst__lru__Mithril__16mb__w1000.log,fail:134
w83.oracleGeneral.bin.zst,oracleGeneral,lru,Mithril,16mb,10000,,,,,,,,,,,,,./results/cp_sweep_intensity/logs/w83.oracleGeneral.bin.zst__lru__Mithril__16mb__w10000.log,fail:134
w82.oracleGeneral.bin.zst,oracleGeneral,sieve,Mithril,16mb,10000,0.2542,0.2633,4926610,3921865,2448930,1623156,189060,636714,5173507,1944040,183325,1760715,./results/cp_sweep_intensity/logs/w82.oracleGeneral.bin.zst__sieve__Mithril__16mb__w10000.log,ok
w82.oracleGeneral.bin.zst,oracleGeneral,sieve,Mithril,1gb,10000,0.0477,0.0680,4926610,220773,59556,34472,14419,10665,421329,28721,1384,27337,./results/cp_sweep_intensity/logs/w82.oracleGeneral.bin.zst__sieve__Mithril__1gb__w10000.log,ok
w82.oracleGeneral.bin.zst,oracleGeneral,sieve,Mithril,256mb,1000,0.1160,0.1530,4926610,2410958,147900,80314,20202,47384,2970333,107934,10656,97278,./results/cp_sweep_intensity/logs/w82.oracleGeneral.bin.zst__sieve__Mithril__256mb__w1000.log,ok
w83.oracleGeneral.bin.zst,oracleGeneral,lru,Mithril,256mb,100,,,,,,,,,,,,,./results/cp_sweep_intensity/logs/w83.oracleGeneral.bin.zst__lru__Mithril__256mb__w100.log,fail:134
w83.oracleGeneral.bin.zst,oracleGeneral,lru,Mithril,256mb,1000,,,,,,,,,,,,,./results/cp_sweep_intensity/logs/w83.oracleGeneral.bin.zst__lru__Mithril__256mb__w1000.log,fail:134
w83.oracleGeneral.bin.zst,oracleGeneral,lru,Mithril,256mb,10000,,,,,,,,,,,,,./results/cp_sweep_intensity/logs/w83.oracleGeneral.bin.zst__lru__Mithril__256mb__w10000.log,fail:134
w80.oracleGeneral.bin.zst,oracleGeneral,sieve,Mithril,64mb,10000,0.4911,0.4079,5256246,3676924,1964084,1246675,266720,450689,6252348,1122528,468111,654417,./results/cp_sweep_intensity/logs/w80.oracleGeneral.bin.zst__sieve__Mithril__64mb__w10000.log,ok
w83.oracleGeneral.bin.zst,oracleGeneral,lru,Mithril,64mb,100,,,,,,,,,,,,,./results/cp_sweep_intensity/logs/w83.oracleGeneral.bin.zst__lru__Mithril__64mb__w100.log,fail:134
w82.oracleGeneral.bin.zst,oracleGeneral,sieve,Mithril,64mb,1000,0.1548,0.1816,4926610,3241852,816707,480100,90549,246058,4001659,441816,35554,406262,./results/cp_sweep_intensity/logs/w82.oracleGeneral.bin.zst__sieve__Mithril__64mb__w1000.log,ok
w83.oracleGeneral.bin.zst,oracleGeneral,lru,Mithril,64mb,1000,,,,,,,,,,,,,./results/cp_sweep_intensity/logs/w83.oracleGeneral.bin.zst__lru__Mithril__64mb__w1000.log,fail:134
w83.oracleGeneral.bin.zst,oracleGeneral,lru,Mithril,1gb,100,0.3710,0.6887,3880481,199850,0,0,0,0,1531494,69,9,60,./results/cp_sweep_intensity/logs/w83.oracleGeneral.bin.zst__lru__Mithril__1gb__w100.log,ok
w83.oracleGeneral.bin.zst,oracleGeneral,lru,Mithril,1gb,1000,0.3710,0.6887,3880481,199850,0,0,0,0,1531494,711,198,513,./results/cp_sweep_intensity/logs/w83.oracleGeneral.bin.zst__lru__Mithril__1gb__w1000.log,ok
w83.oracleGeneral.bin.zst,oracleGeneral,fifo,Mithril,16mb,100,,,,,,,,,,,,,./results/cp_sweep_intensity/logs/w83.oracleGeneral.bin.zst__fifo__Mithril__16mb__w100.log,fail:134
w83.oracleGeneral.bin.zst,oracleGeneral,lru,Mithril,1gb,10000,0.3710,0.6887,3880481,199850,0,0,0,0,1531494,5916,1985,3931,./results/cp_sweep_intensity/logs/w83.oracleGeneral.bin.zst__lru__Mithril__1gb__w10000.log,ok
w83.oracleGeneral.bin.zst,oracleGeneral,fifo,Mithril,16mb,1000,,,,,,,,,,,,,./results/cp_sweep_intensity/logs/w83.oracleGeneral.bin.zst__fifo__Mithril__16mb__w1000.log,fail:134
w83.oracleGeneral.bin.zst,oracleGeneral,fifo,Mithril,16mb,10000,,,,,,,,,,,,,./results/cp_sweep_intensity/logs/w83.oracleGeneral.bin.zst__fifo__Mithril__16mb__w10000.log,fail:134
w83.oracleGeneral.bin.zst,oracleGeneral,fifo,Mithril,64mb,100,,,,,,,,,,,,,./results/cp_sweep_intensity/logs/w83.oracleGeneral.bin.zst__fifo__Mithril__64mb__w100.log,fail:134
w80.oracleGeneral.bin.zst,oracleGeneral,sieve,Mithril,1gb,10000,0.2469,0.2160,5256246,1912368,144347,80076,34168,30103,3128201,99048,24023,75025,./results/cp_sweep_intensity/logs/w80.oracleGeneral.bin.zst__sieve__Mithril__1gb__w10000.log,ok
w83.oracleGeneral.bin.zst,oracleGeneral,fifo,Mithril,256mb,100,0.4375,0.7627,3880481,500374,0,0,0,0,2177258,1270,133,1137,./results/cp_sweep_intensity/logs/w83.oracleGeneral.bin.zst__fifo__Mithril__256mb__w100.log,ok
w83.oracleGeneral.bin.zst,oracleGeneral,sieve,Mithril,16mb,100,,,,,,,,,,,,,./results/cp_sweep_intensity/logs/w83.oracleGeneral.bin.zst__sieve__Mithril__16mb__w100.log,fail:134
w83.oracleGeneral.bin.zst,oracleGeneral,fifo,Mithril,64mb,1000,,,,,,,,,,,,,./results/cp_sweep_intensity/logs/w83.oracleGeneral.bin.zst__fifo__Mithril__64mb__w1000.log,fail:134
w83.oracleGeneral.bin.zst,oracleGeneral,sieve,Mithril,16mb,1000,,,,,,,,,,,,,./results/cp_sweep_intensity/logs/w83.oracleGeneral.bin.zst__sieve__Mithril__16mb__w1000.log,fail:134
w83.oracleGeneral.bin.zst,oracleGeneral,sieve,Mithril,16mb,10000,,,,,,,,,,,,,./results/cp_sweep_intensity/logs/w83.oracleGeneral.bin.zst__sieve__Mithril__16mb__w10000.log,fail:134
w83.oracleGeneral.bin.zst,oracleGeneral,fifo,Mithril,1gb,100,0.3747,0.6963,3880481,213556,0,0,0,0,1546672,140,27,113,./results/cp_sweep_intensity/logs/w83.oracleGeneral.bin.zst__fifo__Mithril__1gb__w100.log,ok
w83.oracleGeneral.bin.zst,oracleGeneral,fifo,Mithril,256mb,1000,0.4375,0.7627,3880481,500374,0,0,0,0,2177258,8832,1569,7263,./results/cp_sweep_intensity/logs/w83.oracleGeneral.bin.zst__fifo__Mithril__256mb__w1000.log,ok
w83.oracleGeneral.bin.zst,oracleGeneral,sieve,Mithril,64mb,100,,,,,,,,,,,,,./results/cp_sweep_intensity/logs/w83.oracleGeneral.bin.zst__sieve__Mithril__64mb__w100.log,fail:134
w83.oracleGeneral.bin.zst,oracleGeneral,sieve,Mithril,64mb,1000,,,,,,,,,,,,,./results/cp_sweep_intensity/logs/w83.oracleGeneral.bin.zst__sieve__Mithril__64mb__w1000.log,fail:134
w83.oracleGeneral.bin.zst,oracleGeneral,sieve,Mithril,64mb,10000,,,,,,,,,,,,,./results/cp_sweep_intensity/logs/w83.oracleGeneral.bin.zst__sieve__Mithril__64mb__w10000.log,fail:134
w83.oracleGeneral.bin.zst,oracleGeneral,fifo,Mithril,1gb,1000,0.3747,0.6963,3880481,213556,0,0,0,0,1546672,1163,319,844,./results/cp_sweep_intensity/logs/w83.oracleGeneral.bin.zst__fifo__Mithril__1gb__w1000.log,ok
w83.oracleGeneral.bin.zst,oracleGeneral,sieve,Mithril,256mb,100,,,,,,,,,,,,,./results/cp_sweep_intensity/logs/w83.oracleGeneral.bin.zst__sieve__Mithril__256mb__w100.log,fail:134
w83.oracleGeneral.bin.zst,oracleGeneral,sieve,Mithril,256mb,1000,,,,,,,,,,,,,./results/cp_sweep_intensity/logs/w83.oracleGeneral.bin.zst__sieve__Mithril__256mb__w1000.log,fail:134
w83.oracleGeneral.bin.zst,oracleGeneral,sieve,Mithril,256mb,10000,,,,,,,,,,,,,./results/cp_sweep_intensity/logs/w83.oracleGeneral.bin.zst__sieve__Mithril__256mb__w10000.log,fail:134
w83.oracleGeneral.bin.zst,oracleGeneral,lru,Mithril,64mb,10000,,,,,,,,,,,,,./results/cp_sweep_intensity/logs/w83.oracleGeneral.bin.zst__lru__Mithril__64mb__w10000.log,fail:134
w83.oracleGeneral.bin.zst,oracleGeneral,fifo,Mithril,1gb,10000,0.3747,0.6963,3880481,213556,0,0,0,0,1546672,7219,2175,5044,./results/cp_sweep_intensity/logs/w83.oracleGeneral.bin.zst__fifo__Mithril__1gb__w10000.log,ok
w83.oracleGeneral.bin.zst,oracleGeneral,sieve,Mithril,1gb,100,0.3543,0.6843,3880481,134535,27,14,11,2,1335029,82,20,62,./results/cp_sweep_intensity/logs/w83.oracleGeneral.bin.zst__sieve__Mithril__1gb__w100.log,ok
w83.oracleGeneral.bin.zst,oracleGeneral,sieve,Mithril,1gb,1000,0.3543,0.6843,3880481,134535,409,164,162,83,1335029,616,48,568,./results/cp_sweep_intensity/logs/w83.oracleGeneral.bin.zst__sieve__Mithril__1gb__w1000.log,ok
w83.oracleGeneral.bin.zst,oracleGeneral,sieve,Mithril,1gb,10000,0.3543,0.6843,3880481,134535,7705,2924,3546,1235,1335029,11494,8169,3325,./results/cp_sweep_intensity/logs/w83.oracleGeneral.bin.zst__sieve__Mithril__1gb__w10000.log,ok
w83.oracleGeneral.bin.zst,oracleGeneral,fifo,Mithril,256mb,10000,0.4375,0.7627,3880481,500374,4307,2144,681,1482,2177258,60692,22866,37826,./results/cp_sweep_intensity/logs/w83.oracleGeneral.bin.zst__fifo__Mithril__256mb__w10000.log,ok
w84.oracleGeneral.bin.zst,oracleGeneral,lru,Mithril,16mb,100,0.5339,0.5274,4814234,2368820,6197,4341,767,1089,4938169,73784,16251,57533,./results/cp_sweep_intensity/logs/w84.oracleGeneral.bin.zst__lru__Mithril__16mb__w100.log,ok
w82.oracleGeneral.bin.zst,oracleGeneral,sieve,Mithril,64mb,10000,0.1548,0.1816,4926610,3241852,1694988,1031355,189372,474261,4001659,1066767,125243,941524,./results/cp_sweep_intensity/logs/w82.oracleGeneral.bin.zst__sieve__Mithril__64mb__w10000.log,ok
w83.oracleGeneral.bin.zst,oracleGeneral,fifo,Mithril,64mb,10000,,,,,,,,,,,,,./results/cp_sweep_intensity/logs/w83.oracleGeneral.bin.zst__fifo__Mithril__64mb__w10000.log,fail:134
w84.oracleGeneral.bin.zst,oracleGeneral,lru,Mithril,64mb,100,0.4754,0.4741,4814234,2700884,0,0,0,0,4986860,49043,10503,38540,./results/cp_sweep_intensity/logs/w84.oracleGeneral.bin.zst__lru__Mithril__64mb__w100.log,ok
w84.oracleGeneral.bin.zst,oracleGeneral,lru,Mithril,256mb,100,0.3850,0.3718,4814234,1901041,0,0,0,0,3743624,37041,25944,11097,./results/cp_sweep_intensity/logs/w84.oracleGeneral.bin.zst__lru__Mithril__256mb__w100.log,ok
w84.oracleGeneral.bin.zst,oracleGeneral,lru,Mithril,1gb,100,0.3119,0.2883,4814234,886982,0,0,0,0,2341818,1030,27,1003,./results/cp_sweep_intensity/logs/w84.oracleGeneral.bin.zst__lru__Mithril__1gb__w100.log,ok
w82.oracleGeneral.bin.zst,oracleGeneral,lru,Mithril,64mb,10000,0.1567,0.1763,4926610,2928919,1088368,608690,135213,344465,3697638,787704,227043,560661,./results/cp_sweep_intensity/logs/w82.oracleGeneral.bin.zst__lru__Mithril__64mb__w10000.log,ok
w84.oracleGeneral.bin.zst,oracleGeneral,lru,Mithril,1gb,1000,0.3119,0.2883,4814234,886982,0,0,0,0,2341818,9321,456,8865,./results/cp_sweep_intensity/logs/w84.oracleGeneral.bin.zst__lru__Mithril__1gb__w1000.log,ok
w84.oracleGeneral.bin.zst,oracleGeneral,lru,Mithril,16mb,1000,0.5339,0.5274,4814234,2368820,1186730,745248,178231,263251,4938169,433499,123764,309735,./results/cp_sweep_intensity/logs/w84.oracleGeneral.bin.zst__lru__Mithril__16mb__w1000.log,ok
w84.oracleGeneral.bin.zst,oracleGeneral,lru,Mithril,16mb,10000,0.5339,0.5274,4814234,2368820,1519232,955981,221197,342054,4938169,1564428,705053,859375,./results/cp_sweep_intensity/logs/w84.oracleGeneral.bin.zst__lru__Mithril__16mb__w10000.log,ok
w84.oracleGeneral.bin.zst,oracleGeneral,fifo,Mithril,16mb,100,0.5603,0.5349,4814234,2422529,6372,4189,881,1302,5119026,101827,39641,62186,./results/cp_sweep_intensity/logs/w84.oracleGeneral.bin.zst__fifo__Mithril__16mb__w100.log,ok
w84.oracleGeneral.bin.zst,oracleGeneral,lru,Mithril,256mb,1000,0.3850,0.3718,4814234,1901041,0,0,0,0,3743624,188614,109568,79046,./results/cp_sweep_intensity/logs/w84.oracleGeneral.bin.zst__lru__Mithril__256mb__w1000.log,ok
w82.oracleGeneral.bin.zst,oracleGeneral,lru,Mithril,256mb,10000,0.0978,0.1342,4926610,2123317,11672,5011,2446,4215,2593542,227316,67707,159609,./results/cp_sweep_intensity/logs/w82.oracleGeneral.bin.zst__lru__Mithril__256mb__w10000.log,ok
w84.oracleGeneral.bin.zst,oracleGeneral,lru,Mithril,64mb,1000,0.4754,0.4741,4814234,2700884,2980,1896,402,682,4986860,331905,79294,252611,./results/cp_sweep_intensity/logs/w84.oracleGeneral.bin.zst__lru__Mithril__64mb__w1000.log,ok
w84.oracleGeneral.bin.zst,oracleGeneral,fifo,Mithril,64mb,100,0.4890,0.4753,4814234,2756726,0,0,0,0,5108241,58429,17644,40785,./results/cp_sweep_intensity/logs/w84.oracleGeneral.bin.zst__fifo__Mithril__64mb__w100.log,ok
w82.oracleGeneral.bin.zst,oracleGeneral,sieve,Mithril,256mb,10000,0.1160,0.1530,4926610,2410958,595453,333216,88413,173824,2970333,413904,86173,327731,./results/cp_sweep_intensity/logs/w82.oracleGeneral.bin.zst__sieve__Mithril__256mb__w10000.log,ok
w84.oracleGeneral.bin.zst,oracleGeneral,fifo,Mithril,256mb,100,0.4034,0.3963,4814234,2013642,0,0,0,0,3944318,27998,12264,15734,./results/cp_sweep_intensity/logs/w84.oracleGeneral.bin.zst__fifo__Mithril__256mb__w100.log,ok
w84.oracleGeneral.bin.zst,oracleGeneral,fifo,Mithril,1gb,100,0.3205,0.2990,4814234,954150,0,0,0,0,2450270,4232,1946,2286,./results/cp_sweep_intensity/logs/w84.oracleGeneral.bin.zst__fifo__Mithril__1gb__w100.log,ok
w84.oracleGeneral.bin.zst,oracleGeneral,fifo,Mithril,16mb,1000,0.5603,0.5349,4814234,2422529,1173709,731419,179647,262643,5119026,493338,185441,307897,./results/cp_sweep_intensity/logs/w84.oracleGeneral.bin.zst__fifo__Mithril__16mb__w1000.log,ok
w84.oracleGeneral.bin.zst,oracleGeneral,fifo,Mithril,16mb,10000,0.5603,0.5349,4814234,2422529,1508487,945023,222737,340727,5119026,1623257,769486,853771,./results/cp_sweep_intensity/logs/w84.oracleGeneral.bin.zst__fifo__Mithril__16mb__w10000.log,ok
w82.oracleGeneral.bin.zst,oracleGeneral,fifo,Mithril,64mb,10000,0.1726,0.1830,4926610,3003324,990857,543997,128407,318453,3850062,865836,336906,528930,./results/cp_sweep_intensity/logs/w82.oracleGeneral.bin.zst__fifo__Mithril__64mb__w10000.log,ok
w84.oracleGeneral.bin.zst,oracleGeneral,fifo,Mithril,1gb,1000,0.3205,0.2990,4814234,954150,0,0,0,0,2450270,23914,9041,14873,./results/cp_sweep_intensity/logs/w84.oracleGeneral.bin.zst__fifo__Mithril__1gb__w1000.log,ok
w84.oracleGeneral.bin.zst,oracleGeneral,sieve,Mithril,16mb,100,0.5179,0.5424,4814234,2239929,335171,214976,51791,68404,4732706,96630,4840,91790,./results/cp_sweep_intensity/logs/w84.oracleGeneral.bin.zst__sieve__Mithril__16mb__w100.log,ok
w82.oracleGeneral.bin.zst,oracleGeneral,fifo,Mithril,256mb,10000,0.1073,0.1393,4926610,2148200,7220,3065,1500,2655,2665066,257793,87670,170123,./results/cp_sweep_intensity/logs/w82.oracleGeneral.bin.zst__fifo__Mithril__256mb__w10000.log,ok
w84.oracleGeneral.bin.zst,oracleGeneral,fifo,Mithril,256mb,1000,0.4034,0.3963,4814234,2013642,0,0,0,0,3944318,193731,99196,94535,./results/cp_sweep_intensity/logs/w84.oracleGeneral.bin.zst__fifo__Mithril__256mb__w1000.log,ok
w84.oracleGeneral.bin.zst,oracleGeneral,sieve,Mithril,16mb,1000,0.5179,0.5424,4814234,2239929,1495926,958296,237417,300213,4732706,428909,47558,381351,./results/cp_sweep_intensity/logs/w84.oracleGeneral.bin.zst__sieve__Mithril__16mb__w1000.log,ok
w84.oracleGeneral.bin.zst,oracleGeneral,sieve,Mithril,64mb,100,0.4592,0.4653,4814234,2584104,256119,149214,65025,41880,4792145,79254,4378,74876,./results/cp_sweep_intensity/logs/w84.oracleGeneral.bin.zst__sieve__Mithril__64mb__w100.log,ok
w84.oracleGeneral.bin.zst,oracleGeneral,sieve,Mithril,16mb,10000,0.5179,0.5424,4814234,2239929,1543869,990712,243191,309966,4732706,1474351,569410,904941,./results/cp_sweep_intensity/logs/w84.oracleGeneral.bin.zst__sieve__Mithril__16mb__w10000.log,ok
w84.oracleGeneral.bin.zst,oracleGeneral,lru,Mithril,1gb,10000,0.3119,0.2883,4814234,886982,0,0,0,0,2341818,74632,7184,67448,./results/cp_sweep_intensity/logs/w84.oracleGeneral.bin.zst__lru__Mithril__1gb__w10000.log,ok
w84.oracleGeneral.bin.zst,oracleGeneral,sieve,Mithril,256mb,100,0.3811,0.3661,4814234,1845941,35077,19819,10520,4738,3671287,15445,237,15208,./results/cp_sweep_intensity/logs/w84.oracleGeneral.bin.zst__sieve__Mithril__256mb__w100.log,ok
w84.oracleGeneral.bin.zst,oracleGeneral,sieve,Mithril,1gb,100,0.2945,0.2795,4814234,877435,991,428,398,165,2219028,2039,17,2022,./results/cp_sweep_intensity/logs/w84.oracleGeneral.bin.zst__sieve__Mithril__1gb__w100.log,ok
w84.oracleGeneral.bin.zst,oracleGeneral,fifo,Mithril,64mb,1000,0.4890,0.4753,4814234,2756726,2766,1723,413,630,5108241,380639,125702,254937,./results/cp_sweep_intensity/logs/w84.oracleGeneral.bin.zst__fifo__Mithril__64mb__w1000.log,ok
w85.oracleGeneral.bin.zst,oracleGeneral,lru,Mithril,64mb,100,,,,,,,,,,,,,./results/cp_sweep_intensity/logs/w85.oracleGeneral.bin.zst__lru__Mithril__64mb__w100.log,fail:134
w85.oracleGeneral.bin.zst,oracleGeneral,lru,Mithril,64mb,1000,,,,,,,,,,,,,./results/cp_sweep_intensity/logs/w85.oracleGeneral.bin.zst__lru__Mithril__64mb__w1000.log,fail:134
w85.oracleGeneral.bin.zst,oracleGeneral,lru,Mithril,16mb,100,,,,,,,,,,,,,./results/cp_sweep_intensity/logs/w85.oracleGeneral.bin.zst__lru__Mithril__16mb__w100.log,fail:134
w85.oracleGeneral.bin.zst,oracleGeneral,lru,Mithril,64mb,10000,,,,,,,,,,,,,./results/cp_sweep_intensity/logs/w85.oracleGeneral.bin.zst__lru__Mithril__64mb__w10000.log,fail:134
w84.oracleGeneral.bin.zst,oracleGeneral,sieve,Mithril,64mb,1000,0.4592,0.4653,4814234,2584104,1596687,1022893,324167,249627,4792145,354897,37904,316993,./results/cp_sweep_intensity/logs/w84.oracleGeneral.bin.zst__sieve__Mithril__64mb__w1000.log,ok
w84.oracleGeneral.bin.zst,oracleGeneral,sieve,Mithril,1gb,1000,0.2945,0.2795,4814234,877435,51306,18634,26011,6661,2219028,14408,153,14255,./results/cp_sweep_intensity/logs/w84.oracleGeneral.bin.zst__sieve__Mithril__1gb__w1000.log,ok
w85.oracleGeneral.bin.zst,oracleGeneral,lru,Mithril,16mb,1000,,,,,,,,,,,,,./results/cp_sweep_intensity/logs/w85.oracleGeneral.bin.zst__lru__Mithril__16mb__w1000.log,fail:134
w85.oracleGeneral.bin.zst,oracleGeneral,lru,Mithril,256mb,100,,,,,,,,,,,,,./results/cp_sweep_intensity/logs/w85.oracleGeneral.bin.zst__lru__Mithril__256mb__w100.log,fail:134
w85.oracleGeneral.bin.zst,oracleGeneral,lru,Mithril,16mb,10000,,,,,,,,,,,,,./results/cp_sweep_intensity/logs/w85.oracleGeneral.bin.zst__lru__Mithril__16mb__w10000.log,fail:134
w85.oracleGeneral.bin.zst,oracleGeneral,fifo,Mithril,16mb,100,,,,,,,,,,,,,./results/cp_sweep_intensity/logs/w85.oracleGeneral.bin.zst__fifo__Mithril__16mb__w100.log,fail:134
w85.oracleGeneral.bin.zst,oracleGeneral,lru,Mithril,256mb,1000,,,,,,,,,,,,,./results/cp_sweep_intensity/logs/w85.oracleGeneral.bin.zst__lru__Mithril__256mb__w1000.log,fail:134
w85.oracleGeneral.bin.zst,oracleGeneral,fifo,Mithril,16mb,1000,,,,,,,,,,,,,./results/cp_sweep_intensity/logs/w85.oracleGeneral.bin.zst__fifo__Mithril__16mb__w1000.log,fail:134
w85.oracleGeneral.bin.zst,oracleGeneral,fifo,Mithril,64mb,100,,,,,,,,,,,,,./results/cp_sweep_intensity/logs/w85.oracleGeneral.bin.zst__fifo__Mithril__64mb__w100.log,fail:134
w85.oracleGeneral.bin.zst,oracleGeneral,fifo,Mithril,64mb,1000,,,,,,,,,,,,,./results/cp_sweep_intensity/logs/w85.oracleGeneral.bin.zst__fifo__Mithril__64mb__w1000.log,fail:134
w85.oracleGeneral.bin.zst,oracleGeneral,fifo,Mithril,16mb,10000,,,,,,,,,,,,,./results/cp_sweep_intensity/logs/w85.oracleGeneral.bin.zst__fifo__Mithril__16mb__w10000.log,fail:134
w85.oracleGeneral.bin.zst,oracleGeneral,fifo,Mithril,64mb,10000,,,,,,,,,,,,,./results/cp_sweep_intensity/logs/w85.oracleGeneral.bin.zst__fifo__Mithril__64mb__w10000.log,fail:134
w84.oracleGeneral.bin.zst,oracleGeneral,sieve,Mithril,256mb,1000,0.3811,0.3661,4814234,1845941,227823,139661,60628,27534,3671287,93484,1512,91972,./results/cp_sweep_intensity/logs/w84.oracleGeneral.bin.zst__sieve__Mithril__256mb__w1000.log,ok
w85.oracleGeneral.bin.zst,oracleGeneral,lru,Mithril,256mb,10000,,,,,,,,,,,,,./results/cp_sweep_intensity/logs/w85.oracleGeneral.bin.zst__lru__Mithril__256mb__w10000.log,fail:134
w85.oracleGeneral.bin.zst,oracleGeneral,lru,Mithril,1gb,100,0.2785,0.2905,4790048,2782834,0,0,0,0,4076847,103,39,64,./results/cp_sweep_intensity/logs/w85.oracleGeneral.bin.zst__lru__Mithril__1gb__w100.log,ok
w80.oracleGeneral.bin.zst,oracleGeneral,lru,Mithril,64mb,10000,0.4839,0.4004,5256246,3536751,1614567,966465,247678,400424,6075299,1010435,517781,492654,./results/cp_sweep_intensity/logs/w80.oracleGeneral.bin.zst__lru__Mithril__64mb__w10000.log,ok
w85.oracleGeneral.bin.zst,oracleGeneral,sieve,Mithril,16mb,100,,,,,,,,,,,,,./results/cp_sweep_intensity/logs/w85.oracleGeneral.bin.zst__sieve__Mithril__16mb__w100.log,fail:134
w84.oracleGeneral.bin.zst,oracleGeneral,sieve,Mithril,64mb,10000,0.4592,0.4653,4814234,2584104,2084876,1376369,383996,324511,4792145,1373012,364990,1008022,./results/cp_sweep_intensity/logs/w84.oracleGeneral.bin.zst__sieve__Mithril__64mb__w10000.log,ok
w85.oracleGeneral.bin.zst,oracleGeneral,lru,Mithril,1gb,1000,0.2785,0.2905,4790048,2782834,0,0,0,0,4076847,769,220,549,./results/cp_sweep_intensity/logs/w85.oracleGeneral.bin.zst__lru__Mithril__1gb__w1000.log,ok
w85.oracleGeneral.bin.zst,oracleGeneral,sieve,Mithril,16mb,1000,,,,,,,,,,,,,./results/cp_sweep_intensity/logs/w85.oracleGeneral.bin.zst__sieve__Mithril__16mb__w1000.log,fail:134
w85.oracleGeneral.bin.zst,oracleGeneral,sieve,Mithril,64mb,100,,,,,,,,,,,,,./results/cp_sweep_intensity/logs/w85.oracleGeneral.bin.zst__sieve__Mithril__64mb__w100.log,fail:134
w85.oracleGeneral.bin.zst,oracleGeneral,sieve,Mithril,16mb,10000,,,,,,,,,,,,,./results/cp_sweep_intensity/logs/w85.oracleGeneral.bin.zst__sieve__Mithril__16mb__w10000.log,fail:134
w85.oracleGeneral.bin.zst,oracleGeneral,sieve,Mithril,64mb,1000,,,,,,,,,,,,,./results/cp_sweep_intensity/logs/w85.oracleGeneral.bin.zst__sieve__Mithril__64mb__w1000.log,fail:134
w85.oracleGeneral.bin.zst,oracleGeneral,sieve,Mithril,64mb,10000,,,,,,,,,,,,,./results/cp_sweep_intensity/logs/w85.oracleGeneral.bin.zst__sieve__Mithril__64mb__w10000.log,fail:134
w85.oracleGeneral.bin.zst,oracleGeneral,sieve,Mithril,256mb,100,,,,,,,,,,,,,./results/cp_sweep_intensity/logs/w85.oracleGeneral.bin.zst__sieve__Mithril__256mb__w100.log,fail:134
w85.oracleGeneral.bin.zst,oracleGeneral,sieve,Mithril,256mb,1000,,,,,,,,,,,,,./results/cp_sweep_intensity/logs/w85.oracleGeneral.bin.zst__sieve__Mithril__256mb__w1000.log,fail:134
w84.oracleGeneral.bin.zst,oracleGeneral,fifo,Mithril,1gb,10000,0.3205,0.2990,4814234,954150,0,0,0,0,2450270,123322,39619,83703,./results/cp_sweep_intensity/logs/w84.oracleGeneral.bin.zst__fifo__Mithril__1gb__w10000.log,ok
w85.oracleGeneral.bin.zst,oracleGeneral,fifo,Mithril,256mb,100,0.7926,0.9514,4790048,390080,0,0,0,0,4158987,331,96,235,./results/cp_sweep_intensity/logs/w85.oracleGeneral.bin.zst__fifo__Mithril__256mb__w100.log,ok
w85.oracleGeneral.bin.zst,oracleGeneral,sieve,Mithril,256mb,10000,,,,,,,,,,,,,./results/cp_sweep_intensity/logs/w85.oracleGeneral.bin.zst__sieve__Mithril__256mb__w10000.log,fail:134
w85.oracleGeneral.bin.zst,oracleGeneral,fifo,Mithril,256mb,1000,0.7926,0.9514,4790048,390080,0,0,0,0,4158987,4100,1897,2203,./results/cp_sweep_intensity/logs/w85.oracleGeneral.bin.zst__fifo__Mithril__256mb__w1000.log,ok
w85.oracleGeneral.bin.zst,oracleGeneral,fifo,Mithril,1gb,100,0.2788,0.2905,4790048,2784138,0,0,0,0,4079517,138,43,95,./results/cp_sweep_intensity/logs/w85.oracleGeneral.bin.zst__fifo__Mithril__1gb__w100.log,ok
w85.oracleGeneral.bin.zst,oracleGeneral,fifo,Mithril,1gb,1000,0.2788,0.2905,4790048,2784138,0,0,0,0,4079517,1195,373,822,./results/cp_sweep_intensity/logs/w85.oracleGeneral.bin.zst__fifo__Mithril__1gb__w1000.log,ok
w85.oracleGeneral.bin.zst,oracleGeneral,fifo,Mithril,256mb,10000,0.7926,0.9514,4790048,390080,12673,5954,1959,4760,4158987,57409,45790,11619,./results/cp_sweep_intensity/logs/w85.oracleGeneral.bin.zst__fifo__Mithril__256mb__w10000.log,ok
w85.oracleGeneral.bin.zst,oracleGeneral,lru,Mithril,1gb,10000,0.2785,0.2905,4790048,2782834,0,0,0,0,4076847,14154,2085,12069,./results/cp_sweep_intensity/logs/w85.oracleGeneral.bin.zst__lru__Mithril__1gb__w10000.log,ok
w86.oracleGeneral.bin.zst,oracleGeneral,lru,Mithril,16mb,100,0.9680,0.9891,4749563,37898,0,0,0,0,4634880,2062,364,1698,./results/cp_sweep_intensity/logs/w86.oracleGeneral.bin.zst__lru__Mithril__16mb__w100.log,ok
w85.oracleGeneral.bin.zst,oracleGeneral,sieve,Mithril,1gb,100,0.2779,0.2901,4790048,2701077,200,64,41,95,3992826,114,20,94,./results/cp_sweep_intensity/logs/w85.oracleGeneral.bin.zst__sieve__Mithril__1gb__w100.log,ok
w86.oracleGeneral.bin.zst,oracleGeneral,lru,Mithril,16mb,1000,0.9680,0.9891,4749563,37898,11408,3714,6333,1361,4634880,8864,1628,7236,./results/cp_sweep_intensity/logs/w86.oracleGeneral.bin.zst__lru__Mithril__16mb__w1000.log,ok
w86.oracleGeneral.bin.zst,oracleGeneral,lru,Mithril,16mb,10000,0.9680,0.9891,4749563,37898,31140,9883,18544,2713,4634880,18202,3514,14688,./results/cp_sweep_intensity/logs/w86.oracleGeneral.bin.zst__lru__Mithril__16mb__w10000.log,ok
w86.oracleGeneral.bin.zst,oracleGeneral,lru,Mithril,64mb,100,0.9542,0.9629,4749563,66751,0,0,0,0,4597117,387,7,380,./results/cp_sweep_intensity/logs/w86.oracleGeneral.bin.zst__lru__Mithril__64mb__w100.log,ok
w85.oracleGeneral.bin.zst,oracleGeneral,sieve,Mithril,1gb,1000,0.2779,0.2901,4790048,2701077,1757,719,461,577,3992826,867,237,630,./results/cp_sweep_intensity/logs/w85.oracleGeneral.bin.zst__sieve__Mithril__1gb__w1000.log,ok
w84.oracleGeneral.bin.zst,oracleGeneral,sieve,Mithril,1gb,10000,0.2945,0.2795,4814234,877435,166652,71161,72804,22687,2219028,105635,5074,100561,./results/cp_sweep_intensity/logs/w84.oracleGeneral.bin.zst__sieve__Mithril__1gb__w10000.log,ok
w84.oracleGeneral.bin.zst,oracleGeneral,lru,Mithril,64mb,10000,0.4754,0.4741,4814234,2700884,1795730,1173103,283169,339458,4986860,1518323,732511,785812,./results/cp_sweep_intensity/logs/w84.oracleGeneral.bin.zst__lru__Mithril__64mb__w10000.log,ok
w86.oracleGeneral.bin.zst,oracleGeneral,lru,Mithril,64mb,1000,0.9542,0.9629,4749563,66751,0,0,0,0,4597117,2842,300,2542,./results/cp_sweep_intensity/logs/w86.oracleGeneral.bin.zst__lru__Mithril__64mb__w1000.log,ok
w86.oracleGeneral.bin.zst,oracleGeneral,lru,Mithril,64mb,10000,0.9542,0.9629,4749563,66751,18388,7115,8832,2441,4597117,9147,1671,7476,./results/cp_sweep_intensity/logs/w86.oracleGeneral.bin.zst__lru__Mithril__64mb__w10000.log,ok
w80.oracleGeneral.bin.zst,oracleGeneral,sieve,Mithril,256mb,10000,0.3294,0.2978,5256246,3606682,1094305,681240,224359,188706,5310551,437050,103542,333508,./results/cp_sweep_intensity/logs/w80.oracleGeneral.bin.zst__sieve__Mithril__256mb__w10000.log,ok
w80.oracleGeneral.bin.zst,oracleGeneral,fifo,Mithril,64mb,10000,0.4890,0.4027,5256246,3566493,1597793,949996,246824,400973,6131788,1038781,546323,492458,./results/cp_sweep_intensity/logs/w80.oracleGeneral.bin.zst__fifo__Mithril__64mb__w10000.log,ok
w86.oracleGeneral.bin.zst,oracleGeneral,lru,Mithril,256mb,100,0.9445,0.9449,4749563,92469,0,0,0,0,4573559,90,2,88,./results/cp_sweep_intensity/logs/w86.oracleGeneral.bin.zst__lru__Mithril__256mb__w100.log,ok
w85.oracleGeneral.bin.zst,oracleGeneral,fifo,Mithril,1gb,10000,0.2788,0.2905,4790048,2784138,0,0,0,0,4079517,16679,3098,13581,./results/cp_sweep_intensity/logs/w85.oracleGeneral.bin.zst__fifo__Mithril__1gb__w10000.log,ok
w86.oracleGeneral.bin.zst,oracleGeneral,lru,Mithril,256mb,1000,0.9445,0.9449,4749563,92469,0,0,0,0,4573559,908,127,781,./results/cp_sweep_intensity/logs/w86.oracleGeneral.bin.zst__lru__Mithril__256mb__w1000.log,ok
w86.oracleGeneral.bin.zst,oracleGeneral,lru,Mithril,1gb,100,0.9413,0.9426,4749563,93651,0,0,0,0,4546169,29,1,28,./results/cp_sweep_intensity/logs/w86.oracleGeneral.bin.zst__lru__Mithril__1gb__w100.log,ok
w85.oracleGeneral.bin.zst,oracleGeneral,sieve,Mithril,1gb,10000,0.2779,0.2901,4790048,2701077,17794,7507,4353,5934,3992826,9099,4450,4649,./results/cp_sweep_intensity/logs/w85.oracleGeneral.bin.zst__sieve__Mithril__1gb__w10000.log,ok
w86.oracleGeneral.bin.zst,oracleGeneral,lru,Mithril,256mb,10000,0.9445,0.9449,4749563,92469,8735,2696,4576,1463,4573559,5081,1373,3708,./results/cp_sweep_intensity/logs/w86.oracleGeneral.bin.zst__lru__Mithril__256mb__w10000.log,ok
w86.oracleGeneral.bin.zst,oracleGeneral,fifo,Mithril,16mb,100,0.9706,0.9898,4749563,38217,0,0,0,0,4647318,2421,494,1927,./results/cp_sweep_intensity/logs/w86.oracleGeneral.bin.zst__fifo__Mithril__16mb__w100.log,ok
w86.oracleGeneral.bin.zst,oracleGeneral,fifo,Mithril,16mb,1000,0.9706,0.9898,4749563,38217,11555,3869,6233,1453,4647318,8353,1663,6690,./results/cp_sweep_intensity/logs/w86.oracleGeneral.bin.zst__fifo__Mithril__16mb__w1000.log,ok
w86.oracleGeneral.bin.zst,oracleGeneral,fifo,Mithril,16mb,10000,0.9706,0.9898,4749563,38217,31339,11186,16339,3814,4647318,17454,3453,14001,./results/cp_sweep_intensity/logs/w86.oracleGeneral.bin.zst__fifo__Mithril__16mb__w10000.log,ok
w86.oracleGeneral.bin.zst,oracleGeneral,lru,Mithril,1gb,1000,0.9413,0.9426,4749563,93651,0,0,0,0,4546169,264,17,247,./results/cp_sweep_intensity/logs/w86.oracleGeneral.bin.zst__lru__Mithril__1gb__w1000.log,ok
w86.oracleGeneral.bin.zst,oracleGeneral,lru,Mithril,1gb,10000,0.9413,0.9426,4749563,93651,0,0,0,0,4546169,1840,366,1474,./results/cp_sweep_intensity/logs/w86.oracleGeneral.bin.zst__lru__Mithril__1gb__w10000.log,ok
w86.oracleGeneral.bin.zst,oracleGeneral,fifo,Mithril,64mb,100,0.9558,0.9633,4749563,69798,0,0,0,0,4607669,890,108,782,./results/cp_sweep_intensity/logs/w86.oracleGeneral.bin.zst__fifo__Mithril__64mb__w100.log,ok
w86.oracleGeneral.bin.zst,oracleGeneral,fifo,Mithril,64mb,1000,0.9558,0.9633,4749563,69798,0,0,0,0,4607669,4835,747,4088,./results/cp_sweep_intensity/logs/w86.oracleGeneral.bin.zst__fifo__Mithril__64mb__w1000.log,ok
w86.oracleGeneral.bin.zst,oracleGeneral,fifo,Mithril,256mb,100,0.9452,0.9449,4749563,94084,0,0,0,0,4578398,288,18,270,./results/cp_sweep_intensity/logs/w86.oracleGeneral.bin.zst__fifo__Mithril__256mb__w100.log,ok
w86.oracleGeneral.bin.zst,oracleGeneral,sieve,Mithril,16mb,100,0.9670,0.9903,4749563,33803,6657,2601,3581,475,4625610,1585,17,1568,./results/cp_sweep_intensity/logs/w86.oracleGeneral.bin.zst__sieve__Mithril__16mb__w100.log,ok
w86.oracleGeneral.bin.zst,oracleGeneral,fifo,Mithril,256mb,1000,0.9452,0.9449,4749563,94084,0,0,0,0,4578398,1686,210,1476,./results/cp_sweep_intensity/logs/w86.oracleGeneral.bin.zst__fifo__Mithril__256mb__w1000.log,ok
w86.oracleGeneral.bin.zst,oracleGeneral,fifo,Mithril,64mb,10000,0.9558,0.9633,4749563,69798,19516,6790,9993,2733,4607669,11773,2420,9353,./results/cp_sweep_intensity/logs/w86.oracleGeneral.bin.zst__fifo__Mithril__64mb__w10000.log,ok
w86.oracleGeneral.bin.zst,oracleGeneral,sieve,Mithril,64mb,100,0.9534,0.9644,4749563,58525,2088,509,1485,94,4585152,426,27,399,./results/cp_sweep_intensity/logs/w86.oracleGeneral.bin.zst__sieve__Mithril__64mb__w100.log,ok
w86.oracleGeneral.bin.zst,oracleGeneral,sieve,Mithril,16mb,1000,0.9670,0.9903,4749563,33803,25464,9433,14540,1491,4625610,6339,145,6194,./results/cp_sweep_intensity/logs/w86.oracleGeneral.bin.zst__sieve__Mithril__16mb__w1000.log,ok
w87.oracleGeneral.bin.zst,oracleGeneral,lru,Mithril,16mb,100,,,,,,,,,,,,,./results/cp_sweep_intensity/logs/w87.oracleGeneral.bin.zst__lru__Mithril__16mb__w100.log,fail:134
w87.oracleGeneral.bin.zst,oracleGeneral,lru,Mithril,16mb,1000,,,,,,,,,,,,,./results/cp_sweep_intensity/logs/w87.oracleGeneral.bin.zst__lru__Mithril__16mb__w1000.log,fail:134
w86.oracleGeneral.bin.zst,oracleGeneral,fifo,Mithril,1gb,100,0.9416,0.9427,4749563,95056,0,0,0,0,4549275,76,11,65,./results/cp_sweep_intensity/logs/w86.oracleGeneral.bin.zst__fifo__Mithril__1gb__w100.log,ok
w86.oracleGeneral.bin.zst,oracleGeneral,sieve,Mithril,16mb,10000,0.9670,0.9903,4749563,33803,30223,11399,17109,1715,4625610,13540,695,12845,./results/cp_sweep_intensity/logs/w86.oracleGeneral.bin.zst__sieve__Mithril__16mb__w10000.log,ok
w87.oracleGeneral.bin.zst,oracleGeneral,lru,Mithril,16mb,10000,,,,,,,,,,,,,./results/cp_sweep_intensity/logs/w87.oracleGeneral.bin.zst__lru__Mithril__16mb__w10000.log,fail:134
w86.oracleGeneral.bin.zst,oracleGeneral,fifo,Mithril,256mb,10000,0.9452,0.9449,4749563,94084,9221,2817,4806,1598,4578398,6412,1701,4711,./results/cp_sweep_intensity/logs/w86.oracleGeneral.bin.zst__fifo__Mithril__256mb__w10000.log,ok
w86.oracleGeneral.bin.zst,oracleGeneral,fifo,Mithril,1gb,1000,0.9416,0.9427,4749563,95056,0,0,0,0,4549275,546,82,464,./results/cp_sweep_intensity/logs/w86.oracleGeneral.bin.zst__fifo__Mithril__1gb__w1000.log,ok
w87.oracleGeneral.bin.zst,oracleGeneral,lru,Mithril,64mb,10000,,,,,,,,,,,,,./results/cp_sweep_intensity/logs/w87.oracleGeneral.bin.zst__lru__Mithril__64mb__w10000.log,fail:134
w87.oracleGeneral.bin.zst,oracleGeneral,lru,Mithril,64mb,100,,,,,,,,,,,,,./results/cp_sweep_intensity/logs/w87.oracleGeneral.bin.zst__lru__Mithril__64mb__w100.log,fail:134
w87.oracleGeneral.bin.zst,oracleGeneral,lru,Mithril,64mb,1000,,,,,,,,,,,,,./results/cp_sweep_intensity/logs/w87.oracleGeneral.bin.zst__lru__Mithril__64mb__w1000.log,fail:134
w86.oracleGeneral.bin.zst,oracleGeneral,sieve,Mithril,64mb,1000,0.9534,0.9644,4749563,58525,10446,3706,6052,688,4585152,2312,104,2208,./results/cp_sweep_intensity/logs/w86.oracleGeneral.bin.zst__sieve__Mithril__64mb__w1000.log,ok
w86.oracleGeneral.bin.zst,oracleGeneral,fifo,Mithril,1gb,10000,0.9416,0.9427,4749563,95056,0,0,0,0,4549275,2483,597,1886,./results/cp_sweep_intensity/logs/w86.oracleGeneral.bin.zst__fifo__Mithril__1gb__w10000.log,ok
w87.oracleGeneral.bin.zst,oracleGeneral,fifo,Mithril,16mb,100,,,,,,,,,,,,,./results/cp_sweep_intensity/logs/w87.oracleGeneral.bin.zst__fifo__Mithril__16mb__w100.log,fail:134
w87.oracleGeneral.bin.zst,oracleGeneral,fifo,Mithril,16mb,1000,,,,,,,,,,,,,./results/cp_sweep_intensity/logs/w87.oracleGeneral.bin.zst__fifo__Mithril__16mb__w1000.log,fail:134
w87.oracleGeneral.bin.zst,oracleGeneral,fifo,Mithril,16mb,10000,,,,,,,,,,,,,./results/cp_sweep_intensity/logs/w87.oracleGeneral.bin.zst__fifo__Mithril__16mb__w10000.log,fail:134
w86.oracleGeneral.bin.zst,oracleGeneral,sieve,Mithril,64mb,10000,0.9534,0.9644,4749563,58525,20944,8086,11573,1285,4585152,6762,509,6253,./results/cp_sweep_intensity/logs/w86.oracleGeneral.bin.zst__sieve__Mithril__64mb__w10000.log,ok
w87.oracleGeneral.bin.zst,oracleGeneral,fifo,Mithril,64mb,100,,,,,,,,,,,,,./results/cp_sweep_intensity/logs/w87.oracleGeneral.bin.zst__fifo__Mithril__64mb__w100.log,fail:134
w87.oracleGeneral.bin.zst,oracleGeneral,fifo,Mithril,64mb,1000,,,,,,,,,,,,,./results/cp_sweep_intensity/logs/w87.oracleGeneral.bin.zst__fifo__Mithril__64mb__w1000.log,fail:134
w87.oracleGeneral.bin.zst,oracleGeneral,fifo,Mithril,64mb,10000,,,,,,,,,,,,,./results/cp_sweep_intensity/logs/w87.oracleGeneral.bin.zst__fifo__Mithril__64mb__w10000.log,fail:134
w86.oracleGeneral.bin.zst,oracleGeneral,sieve,Mithril,256mb,100,0.9396,0.9439,4749563,79351,108,34,67,7,4537157,116,8,108,./results/cp_sweep_intensity/logs/w86.oracleGeneral.bin.zst__sieve__Mithril__256mb__w100.log,ok
w86.oracleGeneral.bin.zst,oracleGeneral,sieve,Mithril,256mb,1000,0.9396,0.9439,4749563,79351,930,350,411,169,4537157,818,44,774,./results/cp_sweep_intensity/logs/w86.oracleGeneral.bin.zst__sieve__Mithril__256mb__w1000.log,ok
w86.oracleGeneral.bin.zst,oracleGeneral,sieve,Mithril,1gb,1000,0.9358,0.9422,4749563,74871,947,95,811,41,4501707,238,43,195,./results/cp_sweep_intensity/logs/w86.oracleGeneral.bin.zst__sieve__Mithril__1gb__w1000.log,ok
w86.oracleGeneral.bin.zst,oracleGeneral,sieve,Mithril,1gb,100,0.9358,0.9422,4749563,74871,5,1,3,1,4501707,25,1,24,./results/cp_sweep_intensity/logs/w86.oracleGeneral.bin.zst__sieve__Mithril__1gb__w100.log,ok
w87.oracleGeneral.bin.zst,oracleGeneral,lru,Mithril,1gb,100,0.7528,0.5714,3788806,439180,0,0,0,0,3095553,315,63,252,./results/cp_sweep_intensity/logs/w87.oracleGeneral.bin.zst__lru__Mithril__1gb__w100.log,ok
w87.oracleGeneral.bin.zst,oracleGeneral,sieve,Mithril,16mb,100,,,,,,,,,,,,,./results/cp_sweep_intensity/logs/w87.oracleGeneral.bin.zst__sieve__Mithril__16mb__w100.log,fail:134
w87.oracleGeneral.bin.zst,oracleGeneral,lru,Mithril,256mb,100,0.7962,0.6546,3788806,519570,0,0,0,0,3468393,1978,209,1769,./results/cp_sweep_intensity/logs/w87.oracleGeneral.bin.zst__lru__Mithril__256mb__w100.log,ok
w87.oracleGeneral.bin.zst,oracleGeneral,sieve,Mithril,16mb,1000,,,,,,,,,,,,,./results/cp_sweep_intensity/logs/w87.oracleGeneral.bin.zst__sieve__Mithril__16mb__w1000.log,fail:134
w87.oracleGeneral.bin.zst,oracleGeneral,sieve,Mithril,16mb,10000,,,,,,,,,,,,,./results/cp_sweep_intensity/logs/w87.oracleGeneral.bin.zst__sieve__Mithril__16mb__w10000.log,fail:134
w86.oracleGeneral.bin.zst,oracleGeneral,sieve,Mithril,1gb,10000,0.9358,0.9422,4749563,74871,3685,600,2876,209,4501707,6962,6017,945,./results/cp_sweep_intensity/logs/w86.oracleGeneral.bin.zst__sieve__Mithril__1gb__w10000.log,ok
w86.oracleGeneral.bin.zst,oracleGeneral,sieve,Mithril,256mb,10000,0.9396,0.9439,4749563,79351,9698,3470,4995,1233,4537157,3763,565,3198,./results/cp_sweep_intensity/logs/w86.oracleGeneral.bin.zst__sieve__Mithril__256mb__w10000.log,ok
w87.oracleGeneral.bin.zst,oracleGeneral,sieve,Mithril,64mb,100,,,,,,,,,,,,,./results/cp_sweep_intensity/logs/w87.oracleGeneral.bin.zst__sieve__Mithril__64mb__w100.log,fail:134
w87.oracleGeneral.bin.zst,oracleGeneral,sieve,Mithril,64mb,1000,,,,,,,,,,,,,./results/cp_sweep_intensity/logs/w87.oracleGeneral.bin.zst__sieve__Mithril__64mb__w1000.log,fail:134
w87.oracleGeneral.bin.zst,oracleGeneral,sieve,Mithril,64mb,10000,,,,,,,,,,,,,./results/cp_sweep_intensity/logs/w87.oracleGeneral.bin.zst__sieve__Mithril__64mb__w10000.log,fail:134
w87.oracleGeneral.bin.zst,oracleGeneral,lru,Mithril,1gb,1000,0.7528,0.5714,3788806,439180,0,0,0,0,3095553,3415,1268,2147,./results/cp_sweep_intensity/logs/w87.oracleGeneral.bin.zst__lru__Mithril__1gb__w1000.log,ok
w87.oracleGeneral.bin.zst,oracleGeneral,fifo,Mithril,256mb,100,0.7967,0.6544,3788806,519346,0,0,0,0,3470389,1986,257,1729,./results/cp_sweep_intensity/logs/w87.oracleGeneral.bin.zst__fifo__Mithril__256mb__w100.log,ok
w88.oracleGeneral.bin.zst,oracleGeneral,lru,Mithril,16mb,100,,,,,,,,,,,,,./results/cp_sweep_intensity/logs/w88.oracleGeneral.bin.zst__lru__Mithril__16mb__w100.log,fail:134
w87.oracleGeneral.bin.zst,oracleGeneral,lru,Mithril,256mb,1000,0.7962,0.6546,3788806,519570,102,60,24,18,3468393,16329,4408,11921,./results/cp_sweep_intensity/logs/w87.oracleGeneral.bin.zst__lru__Mithril__256mb__w1000.log,ok
w88.oracleGeneral.bin.zst,oracleGeneral,lru,Mithril,16mb,1000,,,,,,,,,,,,,./results/cp_sweep_intensity/logs/w88.oracleGeneral.bin.zst__lru__Mithril__16mb__w1000.log,fail:134
w87.oracleGeneral.bin.zst,oracleGeneral,fifo,Mithril,1gb,100,0.7543,0.5726,3788806,450405,0,0,0,0,3112703,446,144,302,./results/cp_sweep_intensity/logs/w87.oracleGeneral.bin.zst__fifo__Mithril__1gb__w100.log,ok
w88.oracleGeneral.bin.zst,oracleGeneral,lru,Mithril,16mb,10000,,,,,,,,,,,,,./results/cp_sweep_intensity/logs/w88.oracleGeneral.bin.zst__lru__Mithril__16mb__w10000.log,fail:134
w87.oracleGeneral.bin.zst,oracleGeneral,fifo,Mithril,256mb,1000,0.7967,0.6544,3788806,519346,105,53,29,23,3470389,15571,4121,11450,./results/cp_sweep_intensity/logs/w87.oracleGeneral.bin.zst__fifo__Mithril__256mb__w1000.log,ok
w87.oracleGeneral.bin.zst,oracleGeneral,fifo,Mithril,1gb,1000,0.7543,0.5726,3788806,450405,0,0,0,0,3112703,3936,1463,2473,./results/cp_sweep_intensity/logs/w87.oracleGeneral.bin.zst__fifo__Mithril__1gb__w1000.log,ok
w88.oracleGeneral.bin.zst,oracleGeneral,lru,Mithril,64mb,100,,,,,,,,,,,,,./results/cp_sweep_intensity/logs/w88.oracleGeneral.bin.zst__lru__Mithril__64mb__w100.log,fail:134
w87.oracleGeneral.bin.zst,oracleGeneral,sieve,Mithril,256mb,100,0.8177,0.7113,3788806,632307,68513,44261,16370,7882,3670523,16580,306,16274,./results/cp_sweep_intensity/logs/w87.oracleGeneral.bin.zst__sieve__Mithril__256mb__w100.log,ok
w87.oracleGeneral.bin.zst,oracleGeneral,sieve,Mithril,1gb,100,0.7639,0.6004,3788806,439634,9475,5217,2445,1813,3215499,2817,89,2728,./results/cp_sweep_intensity/logs/w87.oracleGeneral.bin.zst__sieve__Mithril__1gb__w100.log,ok
w87.oracleGeneral.bin.zst,oracleGeneral,sieve,Mithril,1gb,1000,0.7639,0.6004,3788806,439634,26704,14482,8132,4090,3215499,11191,767,10424,./results/cp_sweep_intensity/logs/w87.oracleGeneral.bin.zst__sieve__Mithril__1gb__w1000.log,ok
w88.oracleGeneral.bin.zst,oracleGeneral,lru,Mithril,64mb,1000,,,,,,,,,,,,,./results/cp_sweep_intensity/logs/w88.oracleGeneral.bin.zst__lru__Mithril__64mb__w1000.log,fail:134
w88.oracleGeneral.bin.zst,oracleGeneral,lru,Mithril,256mb,100,0.2160,0.3199,4711053,1023851,0,0,0,0,2029543,6339,1969,4370,./results/cp_sweep_intensity/logs/w88.oracleGeneral.bin.zst__lru__Mithril__256mb__w100.log,ok
w87.oracleGeneral.bin.zst,oracleGeneral,lru,Mithril,1gb,10000,0.7528,0.5714,3788806,439180,0,0,0,0,3095553,23325,10837,12488,./results/cp_sweep_intensity/logs/w87.oracleGeneral.bin.zst__lru__Mithril__1gb__w10000.log,ok
w88.oracleGeneral.bin.zst,oracleGeneral,fifo,Mithril,16mb,100,,,,,,,,,,,,,./results/cp_sweep_intensity/logs/w88.oracleGeneral.bin.zst__fifo__Mithril__16mb__w100.log,fail:134
w88.oracleGeneral.bin.zst,oracleGeneral,fifo,Mithril,16mb,1000,,,,,,,,,,,,,./results/cp_sweep_intensity/logs/w88.oracleGeneral.bin.zst__fifo__Mithril__16mb__w1000.log,fail:134
w84.oracleGeneral.bin.zst,oracleGeneral,fifo,Mithril,64mb,10000,0.4890,0.4753,4814234,2756726,1792827,1163495,294766,334566,5108241,1573695,789976,783719,./results/cp_sweep_intensity/logs/w84.oracleGeneral.bin.zst__fifo__Mithril__64mb__w10000.log,ok
w88.oracleGeneral.bin.zst,oracleGeneral,fifo,Mithril,16mb,10000,,,,,,,,,,,,,./results/cp_sweep_intensity/logs/w88.oracleGeneral.bin.zst__fifo__Mithril__16mb__w10000.log,fail:134
w87.oracleGeneral.bin.zst,oracleGeneral,sieve,Mithril,256mb,1000,0.8177,0.7113,3788806,632307,170032,108058,42639,19335,3670523,57038,2495,54543,./results/cp_sweep_intensity/logs/w87.oracleGeneral.bin.zst__sieve__Mithril__256mb__w1000.log,ok
w88.oracleGeneral.bin.zst,oracleGeneral,lru,Mithril,1gb,100,0.1749,0.2457,4711053,499637,0,0,0,0,1298051,492,126,366,./results/cp_sweep_intensity/logs/w88.oracleGeneral.bin.zst__lru__Mithril__1gb__w100.log,ok
w88.oracleGeneral.bin.zst,oracleGeneral,fifo,Mithril,64mb,100,,,,,,,,,,,,,./results/cp_sweep_intensity/logs/w88.oracleGeneral.bin.zst__fifo__Mithril__64mb__w100.log,fail:134
w87.oracleGeneral.bin.zst,oracleGeneral,fifo,Mithril,1gb,10000,0.7543,0.5726,3788806,450405,0,0,0,0,3112703,24821,11222,13599,./results/cp_sweep_intensity/logs/w87.oracleGeneral.bin.zst__fifo__Mithril__1gb__w10000.log,ok
w87.oracleGeneral.bin.zst,oracleGeneral,lru,Mithril,256mb,10000,0.7962,0.6546,3788806,519570,141370,74020,46150,21200,3468393,78348,30725,47623,./results/cp_sweep_intensity/logs/w87.oracleGeneral.bin.zst__lru__Mithril__256mb__w10000.log,ok
w88.oracleGeneral.bin.zst,oracleGeneral,lru,Mithril,1gb,1000,0.1749,0.2457,4711053,499637,0,0,0,0,1298051,6933,3238,3695,./results/cp_sweep_intensity/logs/w88.oracleGeneral.bin.zst__lru__Mithril__1gb__w1000.log,ok
w84.oracleGeneral.bin.zst,oracleGeneral,sieve,Mithril,256mb,10000,0.3811,0.3661,4814234,1845941,1424871,880630,392012,152229,3671287,451225,16096,435129,./results/cp_sweep_intensity/logs/w84.oracleGeneral.bin.zst__sieve__Mithril__256mb__w10000.log,ok
w88.oracleGeneral.bin.zst,oracleGeneral,sieve,Mithril,16mb,100,,,,,,,,,,,,,./results/cp_sweep_intensity/logs/w88.oracleGeneral.bin.zst__sieve__Mithril__16mb__w100.log,fail:134
w88.oracleGeneral.bin.zst,oracleGeneral,fifo,Mithril,64mb,1000,,,,,,,,,,,,,./results/cp_sweep_intensity/logs/w88.oracleGeneral.bin.zst__fifo__Mithril__64mb__w1000.log,fail:134
w88.oracleGeneral.bin.zst,oracleGeneral,sieve,Mithril,16mb,1000,,,,,,,,,,,,,./results/cp_sweep_intensity/logs/w88.oracleGeneral.bin.zst__sieve__Mithril__16mb__w1000.log,fail:134
w87.oracleGeneral.bin.zst,oracleGeneral,fifo,Mithril,256mb,10000,0.7967,0.6544,3788806,519346,123816,63724,41999,18093,3470389,78356,30234,48122,./results/cp_sweep_intensity/logs/w87.oracleGeneral.bin.zst__fifo__Mithril__256mb__w10000.log,ok
w88.oracleGeneral.bin.zst,oracleGeneral,sieve,Mithril,16mb,10000,,,,,,,,,,,,,./results/cp_sweep_intensity/logs/w88.oracleGeneral.bin.zst__sieve__Mithril__16mb__w10000.log,fail:134
w87.oracleGeneral.bin.zst,oracleGeneral,sieve,Mithril,256mb,10000,0.8177,0.7113,3788806,632307,427006,268569,108286,50151,3670523,163671,18894,144777,./results/cp_sweep_intensity/logs/w87.oracleGeneral.bin.zst__sieve__Mithril__256mb__w10000.log,ok
w87.oracleGeneral.bin.zst,oracleGeneral,sieve,Mithril,1gb,10000,0.7639,0.6004,3788806,439634,90910,47996,28778,14136,3215499,40772,6313,34459,./results/cp_sweep_intensity/logs/w87.oracleGeneral.bin.zst__sieve__Mithril__1gb__w10000.log,ok
w88.oracleGeneral.bin.zst,oracleGeneral,lru,Mithril,256mb,1000,0.2160,0.3199,4711053,1023851,0,0,0,0,2029543,56618,22712,33906,./results/cp_sweep_intensity/logs/w88.oracleGeneral.bin.zst__lru__Mithril__256mb__w1000.log,ok
w88.oracleGeneral.bin.zst,oracleGeneral,fifo,Mithril,256mb,100,0.2246,0.3273,4711053,1056236,0,0,0,0,2102809,8165,3201,4964,./results/cp_sweep_intensity/logs/w88.oracleGeneral.bin.zst__fifo__Mithril__256mb__w100.log,ok
w88.oracleGeneral.bin.zst,oracleGeneral,fifo,Mithril,1gb,100,0.1785,0.2517,4711053,534212,0,0,0,0,1349825,884,285,599,./results/cp_sweep_intensity/logs/w88.oracleGeneral.bin.zst__fifo__Mithril__1gb__w100.log,ok
w88.oracleGeneral.bin.zst,oracleGeneral,lru,Mithril,64mb,10000,,,,,,,,,,,,,./results/cp_sweep_intensity/logs/w88.oracleGeneral.bin.zst__lru__Mithril__64mb__w10000.log,fail:134
w88.oracleGeneral.bin.zst,oracleGeneral,fifo,Mithril,1gb,1000,0.1785,0.2517,4711053,534212,0,0,0,0,1349825,8488,3235,5253,./results/cp_sweep_intensity/logs/w88.oracleGeneral.bin.zst__fifo__Mithril__1gb__w1000.log,ok
w89.oracleGeneral.bin.zst,oracleGeneral,lru,Mithril,16mb,100,,,,,,,,,,,,,./results/cp_sweep_intensity/logs/w89.oracleGeneral.bin.zst__lru__Mithril__16mb__w100.log,fail:134
w89.oracleGeneral.bin.zst,oracleGeneral,lru,Mithril,16mb,1000,,,,,,,,,,,,,./results/cp_sweep_intensity/logs/w89.oracleGeneral.bin.zst__lru__Mithril__16mb__w1000.log,fail:134
w89.oracleGeneral.bin.zst,oracleGeneral,lru,Mithril,16mb,10000,,,,,,,,,,,,,./results/cp_sweep_intensity/logs/w89.oracleGeneral.bin.zst__lru__Mithril__16mb__w10000.log,fail:134
w88.oracleGeneral.bin.zst,oracleGeneral,sieve,Mithril,64mb,100,,,,,,,,,,,,,./results/cp_sweep_intensity/logs/w88.oracleGeneral.bin.zst__sieve__Mithril__64mb__w100.log,fail:134
w88.oracleGeneral.bin.zst,oracleGeneral,fifo,Mithril,64mb,10000,,,,,,,,,,,,,./results/cp_sweep_intensity/logs/w88.oracleGeneral.bin.zst__fifo__Mithril__64mb__w10000.log,fail:134
w88.oracleGeneral.bin.zst,oracleGeneral,sieve,Mithril,256mb,100,0.2171,0.3234,4711053,1051178,20594,9948,6303,4343,2062316,10984,467,10517,./results/cp_sweep_intensity/logs/w88.oracleGeneral.bin.zst__sieve__Mithril__256mb__w100.log,ok
w88.oracleGeneral.bin.zst,oracleGeneral,lru,Mithril,1gb,10000,0.1749,0.2457,4711053,499637,0,0,0,0,1298051,44581,19169,25412,./results/cp_sweep_intensity/logs/w88.oracleGeneral.bin.zst__lru__Mithril__1gb__w10000.log,ok
w88.oracleGeneral.bin.zst,oracleGeneral,sieve,Mithril,1gb,100,0.1656,0.2405,4711053,376497,968,662,126,180,1114896,391,22,369,./results/cp_sweep_intensity/logs/w88.oracleGeneral.bin.zst__sieve__Mithril__1gb__w100.log,ok
w88.oracleGeneral.bin.zst,oracleGeneral,fifo,Mithril,256mb,1000,0.2246,0.3273,4711053,1056236,0,0,0,0,2102809,62171,25476,36695,./results/cp_sweep_intensity/logs/w88.oracleGeneral.bin.zst__fifo__Mithril__256mb__w1000.log,ok
w88.oracleGeneral.bin.zst,oracleGeneral,sieve,Mithril,1gb,1000,0.1656,0.2405,4711053,376497,8306,5472,1350,1484,1114896,3622,740,2882,./results/cp_sweep_intensity/logs/w88.oracleGeneral.bin.zst__sieve__Mithril__1gb__w1000.log,ok
w84.oracleGeneral.bin.zst,oracleGeneral,lru,Mithril,256mb,10000,0.3850,0.3718,4814234,1901041,130959,86791,17417,26751,3743624,536868,203213,333655,./results/cp_sweep_intensity/logs/w84.oracleGeneral.bin.zst__lru__Mithril__256mb__w10000.log,ok
w89.oracleGeneral.bin.zst,oracleGeneral,fifo,Mithril,16mb,100,,,,,,,,,,,,,./results/cp_sweep_intensity/logs/w89.oracleGeneral.bin.zst__fifo__Mithril__16mb__w100.log,fail:134
w89.oracleGeneral.bin.zst,oracleGeneral,fifo,Mithril,16mb,1000,,,,,,,,,,,,,./results/cp_sweep_intensity/logs/w89.oracleGeneral.bin.zst__fifo__Mithril__16mb__w1000.log,fail:134
w89.oracleGeneral.bin.zst,oracleGeneral,fifo,Mithril,16mb,10000,,,,,,,,,,,,,./results/cp_sweep_intensity/logs/w89.oracleGeneral.bin.zst__fifo__Mithril__16mb__w10000.log,fail:134
w89.oracleGeneral.bin.zst,oracleGeneral,lru,Mithril,64mb,100,,,,,,,,,,,,,./results/cp_sweep_intensity/logs/w89.oracleGeneral.bin.zst__lru__Mithril__64mb__w100.log,fail:134
w88.oracleGeneral.bin.zst,oracleGeneral,sieve,Mithril,64mb,1000,,,,,,,,,,,,,./results/cp_sweep_intensity/logs/w88.oracleGeneral.bin.zst__sieve__Mithril__64mb__w1000.log,fail:134
w88.oracleGeneral.bin.zst,oracleGeneral,sieve,Mithril,256mb,1000,0.2171,0.3234,4711053,1051178,142316,68795,45676,27845,2062316,63498,5053,58445,./results/cp_sweep_intensity/logs/w88.oracleGeneral.bin.zst__sieve__Mithril__256mb__w1000.log,ok
w89.oracleGeneral.bin.zst,oracleGeneral,lru,Mithril,256mb,100,0.3414,0.4795,3625918,531154,0,0,0,0,1752192,1136,141,995,./results/cp_sweep_intensity/logs/w89.oracleGeneral.bin.zst__lru__Mithril__256mb__w100.log,ok
w88.oracleGeneral.bin.zst,oracleGeneral,fifo,Mithril,1gb,10000,0.1785,0.2517,4711053,534212,0,0,0,0,1349825,61641,30248,31393,./results/cp_sweep_intensity/logs/w88.oracleGeneral.bin.zst__fifo__Mithril__1gb__w10000.log,ok
w89.oracleGeneral.bin.zst,oracleGeneral,lru,Mithril,1gb,100,0.3076,0.4569,3625918,384577,0,0,0,0,1454783,334,117,217,./results/cp_sweep_intensity/logs/w89.oracleGeneral.bin.zst__lru__Mithril__1gb__w100.log,ok
w89.oracleGeneral.bin.zst,oracleGeneral,lru,Mithril,64mb,1000,,,,,,,,,,,,,./results/cp_sweep_intensity/logs/w89.oracleGeneral.bin.zst__lru__Mithril__64mb__w1000.log,fail:134
w80.oracleGeneral.bin.zst,oracleGeneral,lru,Mithril,256mb,10000,0.3163,0.2828,5256246,3470631,21347,9679,4627,7041,5110559,348470,129049,219421,./results/cp_sweep_intensity/logs/w80.oracleGeneral.bin.zst__lru__Mithril__256mb__w10000.log,ok
w88.oracleGeneral.bin.zst,oracleGeneral,sieve,Mithril,1gb,10000,0.1656,0.2405,4711053,376497,46401,24028,14551,7822,1114896,26325,3931,22394,./results/cp_sweep_intensity/logs/w88.oracleGeneral.bin.zst__sieve__Mithril__1gb__w10000.log,ok
w89.oracleGeneral.bin.zst,oracleGeneral,lru,Mithril,1gb,1000,0.3076,0.4569,3625918,384577,0,0,0,0,1454783,3114,1338,1776,./results/cp_sweep_intensity/logs/w89.oracleGeneral.bin.zst__lru__Mithril__1gb__w1000.log,ok
w89.oracleGeneral.bin.zst,oracleGeneral,lru,Mithril,256mb,1000,0.3414,0.4795,3625918,531154,2202,1094,585,523,1752192,8161,1579,6582,./results/cp_sweep_intensity/logs/w89.oracleGeneral.bin.zst__lru__Mithril__256mb__w1000.log,ok
w89.oracleGeneral.bin.zst,oracleGeneral,sieve,Mithril,16mb,100,,,,,,,,,,,,,./results/cp_sweep_intensity/logs/w89.oracleGeneral.bin.zst__sieve__Mithril__16mb__w100.log,fail:134
w89.oracleGeneral.bin.zst,oracleGeneral,sieve,Mithril,16mb,1000,,,,,,,,,,,,,./results/cp_sweep_intensity/logs/w89.oracleGeneral.bin.zst__sieve__Mithril__16mb__w1000.log,fail:134
w89.oracleGeneral.bin.zst,oracleGeneral,sieve,Mithril,16mb,10000,,,,,,,,,,,,,./results/cp_sweep_intensity/logs/w89.oracleGeneral.bin.zst__sieve__Mithril__16mb__w10000.log,fail:134
w89.oracleGeneral.bin.zst,oracleGeneral,fifo,Mithril,64mb,100,,,,,,,,,,,,,./results/cp_sweep_intensity/logs/w89.oracleGeneral.bin.zst__fifo__Mithril__64mb__w100.log,fail:134
w80.oracleGeneral.bin.zst,oracleGeneral,fifo,Mithril,256mb,10000,0.3203,0.2856,5256246,3488670,20366,9115,4350,6901,5149664,379839,153785,226054,./results/cp_sweep_intensity/logs/w80.oracleGeneral.bin.zst__fifo__Mithril__256mb__w10000.log,ok
w89.oracleGeneral.bin.zst,oracleGeneral,fifo,Mithril,64mb,1000,,,,,,,,,,,,,./results/cp_sweep_intensity/logs/w89.oracleGeneral.bin.zst__fifo__Mithril__64mb__w1000.log,fail:134
w88.oracleGeneral.bin.zst,oracleGeneral,sieve,Mithril,64mb,10000,,,,,,,,,,,,,./results/cp_sweep_intensity/logs/w88.oracleGeneral.bin.zst__sieve__Mithril__64mb__w10000.log,fail:134
w89.oracleGeneral.bin.zst,oracleGeneral,fifo,Mithril,256mb,100,0.3437,0.4814,3625918,538225,0,0,0,0,1768290,1775,569,1206,./results/cp_sweep_intensity/logs/w89.oracleGeneral.bin.zst__fifo__Mithril__256mb__w100.log,ok
w89.oracleGeneral.bin.zst,oracleGeneral,lru,Mithril,1gb,10000,0.3076,0.4569,3625918,384577,0,0,0,0,1454783,25355,14029,11326,./results/cp_sweep_intensity/logs/w89.oracleGeneral.bin.zst__lru__Mithril__1gb__w10000.log,ok
w89.oracleGeneral.bin.zst,oracleGeneral,fifo,Mithril,1gb,100,0.3084,0.4575,3625918,382346,0,0,0,0,1455739,499,155,344,./results/cp_sweep_intensity/logs/w89.oracleGeneral.bin.zst__fifo__Mithril__1gb__w100.log,ok
w89.oracleGeneral.bin.zst,oracleGeneral,fifo,Mithril,1gb,1000,0.3084,0.4575,3625918,382346,0,0,0,0,1455739,3461,1296,2165,./results/cp_sweep_intensity/logs/w89.oracleGeneral.bin.zst__fifo__Mithril__1gb__w1000.log,ok
w89.oracleGeneral.bin.zst,oracleGeneral,fifo,Mithril,256mb,1000,0.3437,0.4814,3625918,538225,2148,995,599,554,1768290,11620,4109,7511,./results/cp_sweep_intensity/logs/w89.oracleGeneral.bin.zst__fifo__Mithril__256mb__w1000.log,ok
w89.oracleGeneral.bin.zst,oracleGeneral,sieve,Mithril,64mb,100,,,,,,,,,,,,,./results/cp_sweep_intensity/logs/w89.oracleGeneral.bin.zst__sieve__Mithril__64mb__w100.log,fail:134
w90.oracleGeneral.bin.zst,oracleGeneral,lru,Mithril,16mb,100,,,,,,,,,,,,,./results/cp_sweep_intensity/logs/w90.oracleGeneral.bin.zst__lru__Mithril__16mb__w100.log,fail:134
w89.oracleGeneral.bin.zst,oracleGeneral,sieve,Mithril,256mb,100,0.3435,0.4836,3625918,532264,1717,730,677,310,1754835,3638,151,3487,./results/cp_sweep_intensity/logs/w89.oracleGeneral.bin.zst__sieve__Mithril__256mb__w100.log,ok
w89.oracleGeneral.bin.zst,oracleGeneral,sieve,Mithril,1gb,1000,0.3022,0.4466,3625918,113965,1188,601,424,163,1139049,934,65,869,./results/cp_sweep_intensity/logs/w89.oracleGeneral.bin.zst__sieve__Mithril__1gb__w1000.log,ok
w90.oracleGeneral.bin.zst,oracleGeneral,lru,Mithril,16mb,1000,,,,,,,,,,,,,./results/cp_sweep_intensity/logs/w90.oracleGeneral.bin.zst__lru__Mithril__16mb__w1000.log,fail:134
w90.oracleGeneral.bin.zst,oracleGeneral,lru,Mithril,64mb,100,,,,,,,,,,,,,./results/cp_sweep_intensity/logs/w90.oracleGeneral.bin.zst__lru__Mithril__64mb__w100.log,fail:134
w89.oracleGeneral.bin.zst,oracleGeneral,sieve,Mithril,1gb,100,0.3022,0.4466,3625918,113965,237,98,110,29,1139049,127,2,125,./results/cp_sweep_intensity/logs/w89.oracleGeneral.bin.zst__sieve__Mithril__1gb__w100.log,ok
w90.oracleGeneral.bin.zst,oracleGeneral,lru,Mithril,16mb,10000,,,,,,,,,,,,,./results/cp_sweep_intensity/logs/w90.oracleGeneral.bin.zst__lru__Mithril__16mb__w10000.log,fail:134
w90.oracleGeneral.bin.zst,oracleGeneral,lru,Mithril,64mb,1000,,,,,,,,,,,,,./results/cp_sweep_intensity/logs/w90.oracleGeneral.bin.zst__lru__Mithril__64mb__w1000.log,fail:134
w89.oracleGeneral.bin.zst,oracleGeneral,lru,Mithril,256mb,10000,0.3414,0.4795,3625918,531154,17101,7041,5880,4180,1752192,42321,13876,28445,./results/cp_sweep_intensity/logs/w89.oracleGeneral.bin.zst__lru__Mithril__256mb__w10000.log,ok
w89.oracleGeneral.bin.zst,oracleGeneral,sieve,Mithril,256mb,1000,0.3435,0.4836,3625918,532264,27924,11174,11036,5714,1754835,16230,1078,15152,./results/cp_sweep_intensity/logs/w89.oracleGeneral.bin.zst__sieve__Mithril__256mb__w1000.log,ok
w89.oracleGeneral.bin.zst,oracleGeneral,sieve,Mithril,64mb,1000,,,,,,,,,,,,,./results/cp_sweep_intensity/logs/w89.oracleGeneral.bin.zst__sieve__Mithril__64mb__w1000.log,fail:134
w89.oracleGeneral.bin.zst,oracleGeneral,sieve,Mithril,1gb,10000,0.3022,0.4466,3625918,113965,8263,4262,3136,865,1139049,6084,813,5271,./results/cp_sweep_intensity/logs/w89.oracleGeneral.bin.zst__sieve__Mithril__1gb__w10000.log,ok
w89.oracleGeneral.bin.zst,oracleGeneral,lru,Mithril,64mb,10000,,,,,,,,,,,,,./results/cp_sweep_intensity/logs/w89.oracleGeneral.bin.zst__lru__Mithril__64mb__w10000.log,fail:134
w89.oracleGeneral.bin.zst,oracleGeneral,fifo,Mithril,1gb,10000,0.3084,0.4575,3625918,382346,0,0,0,0,1455739,24272,11996,12276,./results/cp_sweep_intensity/logs/w89.oracleGeneral.bin.zst__fifo__Mithril__1gb__w10000.log,ok
w90.oracleGeneral.bin.zst,oracleGeneral,fifo,Mithril,16mb,100,,,,,,,,,,,,,./results/cp_sweep_intensity/logs/w90.oracleGeneral.bin.zst__fifo__Mithril__16mb__w100.log,fail:134
w90.oracleGeneral.bin.zst,oracleGeneral,lru,Mithril,64mb,10000,,,,,,,,,,,,,./results/cp_sweep_intensity/logs/w90.oracleGeneral.bin.zst__lru__Mithril__64mb__w10000.log,fail:134
w90.oracleGeneral.bin.zst,oracleGeneral,fifo,Mithril,16mb,1000,,,,,,,,,,,,,./results/cp_sweep_intensity/logs/w90.oracleGeneral.bin.zst__fifo__Mithril__16mb__w1000.log,fail:134
w90.oracleGeneral.bin.zst,oracleGeneral,fifo,Mithril,64mb,100,,,,,,,,,,,,,./results/cp_sweep_intensity/logs/w90.oracleGeneral.bin.zst__fifo__Mithril__64mb__w100.log,fail:134
w90.oracleGeneral.bin.zst,oracleGeneral,fifo,Mithril,16mb,10000,,,,,,,,,,,,,./results/cp_sweep_intensity/logs/w90.oracleGeneral.bin.zst__fifo__Mithril__16mb__w10000.log,fail:134
w90.oracleGeneral.bin.zst,oracleGeneral,fifo,Mithril,64mb,1000,,,,,,,,,,,,,./results/cp_sweep_intensity/logs/w90.oracleGeneral.bin.zst__fifo__Mithril__64mb__w1000.log,fail:134
w89.oracleGeneral.bin.zst,oracleGeneral,fifo,Mithril,64mb,10000,,,,,,,,,,,,,./results/cp_sweep_intensity/logs/w89.oracleGeneral.bin.zst__fifo__Mithril__64mb__w10000.log,fail:134
w89.oracleGeneral.bin.zst,oracleGeneral,sieve,Mithril,64mb,10000,,,,,,,,,,,,,./results/cp_sweep_intensity/logs/w89.oracleGeneral.bin.zst__sieve__Mithril__64mb__w10000.log,fail:134
w90.oracleGeneral.bin.zst,oracleGeneral,fifo,Mithril,64mb,10000,,,,,,,,,,,,,./results/cp_sweep_intensity/logs/w90.oracleGeneral.bin.zst__fifo__Mithril__64mb__w10000.log,fail:134
w89.oracleGeneral.bin.zst,oracleGeneral,fifo,Mithril,256mb,10000,0.3437,0.4814,3625918,538225,17176,6899,5946,4331,1768290,50778,19746,31032,./results/cp_sweep_intensity/logs/w89.oracleGeneral.bin.zst__fifo__Mithril__256mb__w10000.log,ok
w90.oracleGeneral.bin.zst,oracleGeneral,sieve,Mithril,16mb,100,,,,,,,,,,,,,./results/cp_sweep_intensity/logs/w90.oracleGeneral.bin.zst__sieve__Mithril__16mb__w100.log,fail:134
w90.oracleGeneral.bin.zst,oracleGeneral,sieve,Mithril,16mb,1000,,,,,,,,,,,,,./results/cp_sweep_intensity/logs/w90.oracleGeneral.bin.zst__sieve__Mithril__16mb__w1000.log,fail:134
w90.oracleGeneral.bin.zst,oracleGeneral,sieve,Mithril,16mb,10000,,,,,,,,,,,,,./results/cp_sweep_intensity/logs/w90.oracleGeneral.bin.zst__sieve__Mithril__16mb__w10000.log,fail:134
w90.oracleGeneral.bin.zst,oracleGeneral,sieve,Mithril,64mb,100,,,,,,,,,,,,,./results/cp_sweep_intensity/logs/w90.oracleGeneral.bin.zst__sieve__Mithril__64mb__w100.log,fail:134
w89.oracleGeneral.bin.zst,oracleGeneral,sieve,Mithril,256mb,10000,0.3435,0.4836,3625918,532264,115175,48313,44464,22398,1754835,59051,11979,47072,./results/cp_sweep_intensity/logs/w89.oracleGeneral.bin.zst__sieve__Mithril__256mb__w10000.log,ok
w90.oracleGeneral.bin.zst,oracleGeneral,sieve,Mithril,64mb,1000,,,,,,,,,,,,,./results/cp_sweep_intensity/logs/w90.oracleGeneral.bin.zst__sieve__Mithril__64mb__w1000.log,fail:134
w88.oracleGeneral.bin.zst,oracleGeneral,sieve,Mithril,256mb,10000,0.2171,0.3234,4711053,1051178,463252,245328,129293,88631,2062316,283199,42079,241120,./results/cp_sweep_intensity/logs/w88.oracleGeneral.bin.zst__sieve__Mithril__256mb__w10000.log,ok
w90.oracleGeneral.bin.zst,oracleGeneral,sieve,Mithril,64mb,10000,,,,,,,,,,,,,./results/cp_sweep_intensity/logs/w90.oracleGeneral.bin.zst__sieve__Mithril__64mb__w10000.log,fail:134
w90.oracleGeneral.bin.zst,oracleGeneral,lru,Mithril,256mb,100,0.2393,0.1699,4493515,2687822,0,0,0,0,3756159,1380,731,649,./results/cp_sweep_intensity/logs/w90.oracleGeneral.bin.zst__lru__Mithril__256mb__w100.log,ok
w90.oracleGeneral.bin.zst,oracleGeneral,lru,Mithril,1gb,100,0.2251,0.1591,4493515,2375044,0,0,0,0,3325579,416,193,223,./results/cp_sweep_intensity/logs/w90.oracleGeneral.bin.zst__lru__Mithril__1gb__w100.log,ok
w91.oracleGeneral.bin.zst,oracleGeneral,lru,Mithril,16mb,100,,,,,,,,,,,,,./results/cp_sweep_intensity/logs/w91.oracleGeneral.bin.zst__lru__Mithril__16mb__w100.log,fail:134
w90.oracleGeneral.bin.zst,oracleGeneral,lru,Mithril,1gb,1000,0.2251,0.1591,4493515,2375044,0,0,0,0,3325579,14728,11953,2775,./results/cp_sweep_intensity/logs/w90.oracleGeneral.bin.zst__lru__Mithril__1gb__w1000.log,ok
w91.oracleGeneral.bin.zst,oracleGeneral,lru,Mithril,16mb,1000,,,,,,,,,,,,,./results/cp_sweep_intensity/logs/w91.oracleGeneral.bin.zst__lru__Mithril__16mb__w1000.log,fail:134
w90.oracleGeneral.bin.zst,oracleGeneral,fifo,Mithril,1gb,100,0.2255,0.1588,4493515,2368727,0,0,0,0,3321554,538,362,176,./results/cp_sweep_intensity/logs/w90.oracleGeneral.bin.zst__fifo__Mithril__1gb__w100.log,ok
w90.oracleGeneral.bin.zst,oracleGeneral,lru,Mithril,256mb,1000,0.2393,0.1699,4493515,2687822,0,0,0,0,3756159,9185,3944,5241,./results/cp_sweep_intensity/logs/w90.oracleGeneral.bin.zst__lru__Mithril__256mb__w1000.log,ok
w90.oracleGeneral.bin.zst,oracleGeneral,fifo,Mithril,256mb,100,0.2436,0.1721,4493515,2705050,0,0,0,0,3791901,2933,1506,1427,./results/cp_sweep_intensity/logs/w90.oracleGeneral.bin.zst__fifo__Mithril__256mb__w100.log,ok
w91.oracleGeneral.bin.zst,oracleGeneral,lru,Mithril,64mb,100,,,,,,,,,,,,,./results/cp_sweep_intensity/logs/w91.oracleGeneral.bin.zst__lru__Mithril__64mb__w100.log,fail:134
w91.oracleGeneral.bin.zst,oracleGeneral,lru,Mithril,16mb,10000,,,,,,,,,,,,,./results/cp_sweep_intensity/logs/w91.oracleGeneral.bin.zst__lru__Mithril__16mb__w10000.log,fail:134
w90.oracleGeneral.bin.zst,oracleGeneral,fifo,Mithril,1gb,1000,0.2255,0.1588,4493515,2368727,0,0,0,0,3321554,5148,2382,2766,./results/cp_sweep_intensity/logs/w90.oracleGeneral.bin.zst__fifo__Mithril__1gb__w1000.log,ok
w91.oracleGeneral.bin.zst,oracleGeneral,lru,Mithril,64mb,1000,,,,,,,,,,,,,./results/cp_sweep_intensity/logs/w91.oracleGeneral.bin.zst__lru__Mithril__64mb__w1000.log,fail:134
w90.oracleGeneral.bin.zst,oracleGeneral,fifo,Mithril,256mb,1000,0.2436,0.1721,4493515,2705050,0,0,0,0,3791901,16632,8074,8558,./results/cp_sweep_intensity/logs/w90.oracleGeneral.bin.zst__fifo__Mithril__256mb__w1000.log,ok
w90.oracleGeneral.bin.zst,oracleGeneral,sieve,Mithril,256mb,100,0.2461,0.1778,4493515,2721666,11995,5924,2054,4017,3819035,3194,464,2730,./results/cp_sweep_intensity/logs/w90.oracleGeneral.bin.zst__sieve__Mithril__256mb__w100.log,ok
w90.oracleGeneral.bin.zst,oracleGeneral,sieve,Mithril,1gb,100,0.2284,0.1631,4493515,2359829,2002,1230,170,602,3308907,533,248,285,./results/cp_sweep_intensity/logs/w90.oracleGeneral.bin.zst__sieve__Mithril__1gb__w100.log,ok
w91.oracleGeneral.bin.zst,oracleGeneral,fifo,Mithril,16mb,100,,,,,,,,,,,,,./results/cp_sweep_intensity/logs/w91.oracleGeneral.bin.zst__fifo__Mithril__16mb__w100.log,fail:134
w91.oracleGeneral.bin.zst,oracleGeneral,lru,Mithril,64mb,10000,,,,,,,,,,,,,./results/cp_sweep_intensity/logs/w91.oracleGeneral.bin.zst__lru__Mithril__64mb__w10000.log,fail:134
w91.oracleGeneral.bin.zst,oracleGeneral,fifo,Mithril,16mb,1000,,,,,,,,,,,,,./results/cp_sweep_intensity/logs/w91.oracleGeneral.bin.zst__fifo__Mithril__16mb__w1000.log,fail:134
w88.oracleGeneral.bin.zst,oracleGeneral,lru,Mithril,256mb,10000,0.2160,0.3199,4711053,1023851,217124,98222,64767,54135,2029543,276531,131782,144749,./results/cp_sweep_intensity/logs/w88.oracleGeneral.bin.zst__lru__Mithril__256mb__w10000.log,ok
w91.oracleGeneral.bin.zst,oracleGeneral,fifo,Mithril,64mb,100,,,,,,,,,,,,,./results/cp_sweep_intensity/logs/w91.oracleGeneral.bin.zst__fifo__Mithril__64mb__w100.log,fail:134
w90.oracleGeneral.bin.zst,oracleGeneral,sieve,Mithril,256mb,1000,0.2461,0.1778,4493515,2721666,74972,26719,16993,31260,3819035,17484,6652,10832,./results/cp_sweep_intensity/logs/w90.oracleGeneral.bin.zst__sieve__Mithril__256mb__w1000.log,ok
w90.oracleGeneral.bin.zst,oracleGeneral,sieve,Mithril,1gb,1000,0.2284,0.1631,4493515,2359829,12302,5074,1504,5724,3308907,15959,13076,2883,./results/cp_sweep_intensity/logs/w90.oracleGeneral.bin.zst__sieve__Mithril__1gb__w1000.log,ok
w91.oracleGeneral.bin.zst,oracleGeneral,fifo,Mithril,16mb,10000,,,,,,,,,,,,,./results/cp_sweep_intensity/logs/w91.oracleGeneral.bin.zst__fifo__Mithril__16mb__w10000.log,fail:134
w91.oracleGeneral.bin.zst,oracleGeneral,lru,Mithril,1gb,100,0.2960,0.3406,4316605,800024,0,0,0,0,2004640,282,78,204,./results/cp_sweep_intensity/logs/w91.oracleGeneral.bin.zst__lru__Mithril__1gb__w100.log,ok
w91.oracleGeneral.bin.zst,oracleGeneral,fifo,Mithril,64mb,1000,,,,,,,,,,,,,./results/cp_sweep_intensity/logs/w91.oracleGeneral.bin.zst__fifo__Mithril__64mb__w1000.log,fail:134
w91.oracleGeneral.bin.zst,oracleGeneral,lru,Mithril,256mb,100,0.3466,0.3840,4316605,1683594,0,0,0,0,3152155,5352,4191,1161,./results/cp_sweep_intensity/logs/w91.oracleGeneral.bin.zst__lru__Mithril__256mb__w100.log,ok
w90.oracleGeneral.bin.zst,oracleGeneral,lru,Mithril,1gb,10000,0.2251,0.1591,4493515,2375044,0,0,0,0,3325579,940439,928489,11950,./results/cp_sweep_intensity/logs/w90.oracleGeneral.bin.zst__lru__Mithril__1gb__w10000.log,ok
w91.oracleGeneral.bin.zst,oracleGeneral,sieve,Mithril,16mb,100,,,,,,,,,,,,,./results/cp_sweep_intensity/logs/w91.oracleGeneral.bin.zst__sieve__Mithril__16mb__w100.log,fail:134
w91.oracleGeneral.bin.zst,oracleGeneral,lru,Mithril,1gb,1000,0.2960,0.3406,4316605,800024,0,0,0,0,2004640,3218,1274,1944,./results/cp_sweep_intensity/logs/w91.oracleGeneral.bin.zst__lru__Mithril__1gb__w1000.log,ok
w91.oracleGeneral.bin.zst,oracleGeneral,sieve,Mithril,16mb,1000,,,,,,,,,,,,,./results/cp_sweep_intensity/logs/w91.oracleGeneral.bin.zst__sieve__Mithril__16mb__w1000.log,fail:134
w91.oracleGeneral.bin.zst,oracleGeneral,sieve,Mithril,64mb,100,,,,,,,,,,,,,./results/cp_sweep_intensity/logs/w91.oracleGeneral.bin.zst__sieve__Mithril__64mb__w100.log,fail:134
w91.oracleGeneral.bin.zst,oracleGeneral,sieve,Mithril,16mb,10000,,,,,,,,,,,,,./results/cp_sweep_intensity/logs/w91.oracleGeneral.bin.zst__sieve__Mithril__16mb__w10000.log,fail:134
w91.oracleGeneral.bin.zst,oracleGeneral,sieve,Mithril,64mb,1000,,,,,,,,,,,,,./results/cp_sweep_intensity/logs/w91.oracleGeneral.bin.zst__sieve__Mithril__64mb__w1000.log,fail:134
w91.oracleGeneral.bin.zst,oracleGeneral,fifo,Mithril,64mb,10000,,,,,,,,,,,,,./results/cp_sweep_intensity/logs/w91.oracleGeneral.bin.zst__fifo__Mithril__64mb__w10000.log,fail:134
w84.oracleGeneral.bin.zst,oracleGeneral,fifo,Mithril,256mb,10000,0.4034,0.3963,4814234,2013642,59537,38360,9871,11306,3944318,687297,353422,333875,./results/cp_sweep_intensity/logs/w84.oracleGeneral.bin.zst__fifo__Mithril__256mb__w10000.log,ok
w91.oracleGeneral.bin.zst,oracleGeneral,fifo,Mithril,1gb,100,0.2969,0.3426,4316605,878245,0,0,0,0,2084836,700,431,269,./results/cp_sweep_intensity/logs/w91.oracleGeneral.bin.zst__fifo__Mithril__1gb__w100.log,ok
w90.oracleGeneral.bin.zst,oracleGeneral,fifo,Mithril,1gb,10000,0.2255,0.1588,4493515,2368727,0,0,0,0,3321554,913099,901193,11906,./results/cp_sweep_intensity/logs/w90.oracleGeneral.bin.zst__fifo__Mithril__1gb__w10000.log,ok
w91.oracleGeneral.bin.zst,oracleGeneral,sieve,Mithril,64mb,10000,,,,,,,,,,,,,./results/cp_sweep_intensity/logs/w91.oracleGeneral.bin.zst__sieve__Mithril__64mb__w10000.log,fail:134
w91.oracleGeneral.bin.zst,oracleGeneral,fifo,Mithril,256mb,100,0.3483,0.3853,4316605,1751914,0,0,0,0,3228516,9226,7800,1426,./results/cp_sweep_intensity/logs/w91.oracleGeneral.bin.zst__fifo__Mithril__256mb__w100.log,ok
w88.oracleGeneral.bin.zst,oracleGeneral,fifo,Mithril,256mb,10000,0.2246,0.3273,4711053,1056236,204349,91336,61661,51352,2102809,305537,154398,151139,./results/cp_sweep_intensity/logs/w88.oracleGeneral.bin.zst__fifo__Mithril__256mb__w10000.log,ok
w91.oracleGeneral.bin.zst,oracleGeneral,lru,Mithril,256mb,1000,0.3466,0.3840,4316605,1683594,0,0,0,0,3152155,47541,37510,10031,./results/cp_sweep_intensity/logs/w91.oracleGeneral.bin.zst__lru__Mithril__256mb__w1000.log,ok
w91.oracleGeneral.bin.zst,oracleGeneral,fifo,Mithril,1gb,1000,0.2969,0.3426,4316605,878245,0,0,0,0,2084836,7368,4403,2965,./results/cp_sweep_intensity/logs/w91.oracleGeneral.bin.zst__fifo__Mithril__1gb__w1000.log,ok
w90.oracleGeneral.bin.zst,oracleGeneral,sieve,Mithril,256mb,10000,0.2461,0.1778,4493515,2721666,294206,97551,65325,131330,3819035,79936,26697,53239,./results/cp_sweep_intensity/logs/w90.oracleGeneral.bin.zst__sieve__Mithril__256mb__w10000.log,ok
w91.oracleGeneral.bin.zst,oracleGeneral,sieve,Mithril,1gb,100,0.3086,0.3503,4316605,832782,2082,763,979,340,2102088,1150,467,683,./results/cp_sweep_intensity/logs/w91.oracleGeneral.bin.zst__sieve__Mithril__1gb__w100.log,ok
w92.oracleGeneral.bin.zst,oracleGeneral,lru,Mithril,16mb,100,0.8271,0.9541,4284658,263551,0,0,0,0,3805798,3662,1112,2550,./results/cp_sweep_intensity/logs/w92.oracleGeneral.bin.zst__lru__Mithril__16mb__w100.log,ok
w91.oracleGeneral.bin.zst,oracleGeneral,sieve,Mithril,256mb,100,0.3597,0.3925,4316605,1803522,9532,4359,2288,2885,3332901,6510,1968,4542,./results/cp_sweep_intensity/logs/w91.oracleGeneral.bin.zst__sieve__Mithril__256mb__w100.log,ok
w92.oracleGeneral.bin.zst,oracleGeneral,lru,Mithril,64mb,100,0.8205,0.9527,4284658,140278,0,0,0,0,3648184,795,493,302,./results/cp_sweep_intensity/logs/w92.oracleGeneral.bin.zst__lru__Mithril__64mb__w100.log,ok
w92.oracleGeneral.bin.zst,oracleGeneral,lru,Mithril,16mb,1000,0.8271,0.9541,4284658,263551,14765,5222,1780,7763,3805798,25237,9805,15432,./results/cp_sweep_intensity/logs/w92.oracleGeneral.bin.zst__lru__Mithril__16mb__w1000.log,ok
w92.oracleGeneral.bin.zst,oracleGeneral,lru,Mithril,64mb,1000,0.8205,0.9527,4284658,140278,0,0,0,0,3648184,9374,7178,2196,./results/cp_sweep_intensity/logs/w92.oracleGeneral.bin.zst__lru__Mithril__64mb__w1000.log,ok
w91.oracleGeneral.bin.zst,oracleGeneral,fifo,Mithril,256mb,1000,0.3483,0.3853,4316605,1751914,0,0,0,0,3228516,79241,67923,11318,./results/cp_sweep_intensity/logs/w91.oracleGeneral.bin.zst__fifo__Mithril__256mb__w1000.log,ok
w91.oracleGeneral.bin.zst,oracleGeneral,sieve,Mithril,1gb,1000,0.3086,0.3503,4316605,832782,18923,8183,7943,2797,2102088,6779,1686,5093,./results/cp_sweep_intensity/logs/w91.oracleGeneral.bin.zst__sieve__Mithril__1gb__w1000.log,ok
w92.oracleGeneral.bin.zst,oracleGeneral,lru,Mithril,64mb,10000,0.8205,0.9527,4284658,140278,12589,5710,1277,5602,3648184,29288,21719,7569,./results/cp_sweep_intensity/logs/w92.oracleGeneral.bin.zst__lru__Mithril__64mb__w10000.log,ok
w92.oracleGeneral.bin.zst,oracleGeneral,lru,Mithril,16mb,10000,0.8271,0.9541,4284658,263551,70709,21447,7699,41563,3805798,133507,85934,47573,./results/cp_sweep_intensity/logs/w92.oracleGeneral.bin.zst__lru__Mithril__16mb__w10000.log,ok
w90.oracleGeneral.bin.zst,oracleGeneral,sieve,Mithril,1gb,10000,0.2284,0.1631,4493515,2359829,91514,27760,16053,47701,3308907,948377,904360,44017,./results/cp_sweep_intensity/logs/w90.oracleGeneral.bin.zst__sieve__Mithril__1gb__w10000.log,ok
w92.oracleGeneral.bin.zst,oracleGeneral,lru,Mithril,256mb,100,0.8245,0.9561,4284658,41819,0,0,0,0,3554387,65,18,47,./results/cp_sweep_intensity/logs/w92.oracleGeneral.bin.zst__lru__Mithril__256mb__w100.log,ok
w91.oracleGeneral.bin.zst,oracleGeneral,sieve,Mithril,256mb,1000,0.3597,0.3925,4316605,1803522,93966,44832,21918,27216,3332901,60174,30584,29590,./results/cp_sweep_intensity/logs/w91.oracleGeneral.bin.zst__sieve__Mithril__256mb__w1000.log,ok
w92.oracleGeneral.bin.zst,oracleGeneral,lru,Mithril,256mb,1000,0.8245,0.9561,4284658,41819,0,0,0,0,3554387,693,290,403,./results/cp_sweep_intensity/logs/w92.oracleGeneral.bin.zst__lru__Mithril__256mb__w1000.log,ok
w92.oracleGeneral.bin.zst,oracleGeneral,lru,Mithril,256mb,10000,0.8245,0.9561,4284658,41819,3128,2001,338,789,3554387,4251,2053,2198,./results/cp_sweep_intensity/logs/w92.oracleGeneral.bin.zst__lru__Mithril__256mb__w10000.log,ok
w91.oracleGeneral.bin.zst,oracleGeneral,lru,Mithril,1gb,10000,0.2960,0.3406,4316605,800024,0,0,0,0,2004640,35947,19744,16203,./results/cp_sweep_intensity/logs/w91.oracleGeneral.bin.zst__lru__Mithril__1gb__w10000.log,ok
w92.oracleGeneral.bin.zst,oracleGeneral,lru,Mithril,1gb,100,0.2946,0.3283,4284658,2318312,0,0,0,0,3539916,22,7,15,./results/cp_sweep_intensity/logs/w92.oracleGeneral.bin.zst__lru__Mithril__1gb__w100.log,ok
w92.oracleGeneral.bin.zst,oracleGeneral,fifo,Mithril,16mb,100,0.8278,0.9543,4284658,266711,0,0,0,0,3811662,3759,1363,2396,./results/cp_sweep_intensity/logs/w92.oracleGeneral.bin.zst__fifo__Mithril__16mb__w100.log,ok
w92.oracleGeneral.bin.zst,oracleGeneral,lru,Mithril,1gb,1000,0.2946,0.3283,4284658,2318312,0,0,0,0,3539916,233,50,183,./results/cp_sweep_intensity/logs/w92.oracleGeneral.bin.zst__lru__Mithril__1gb__w1000.log,ok
w92.oracleGeneral.bin.zst,oracleGeneral,fifo,Mithril,16mb,1000,0.8278,0.9543,4284658,266711,14529,5512,1190,7827,3811662,25160,10319,14841,./results/cp_sweep_intensity/logs/w92.oracleGeneral.bin.zst__fifo__Mithril__16mb__w1000.log,ok
w92.oracleGeneral.bin.zst,oracleGeneral,fifo,Mithril,64mb,100,0.8203,0.9528,4284658,154807,0,0,0,0,3662117,1303,765,538,./results/cp_sweep_intensity/logs/w92.oracleGeneral.bin.zst__fifo__Mithril__64mb__w100.log,ok
w92.oracleGeneral.bin.zst,oracleGeneral,fifo,Mithril,64mb,1000,0.8203,0.9528,4284658,154807,0,0,0,0,3662117,12201,8622,3579,./results/cp_sweep_intensity/logs/w92.oracleGeneral.bin.zst__fifo__Mithril__64mb__w1000.log,ok
w91.oracleGeneral.bin.zst,oracleGeneral,fifo,Mithril,1gb,10000,0.2969,0.3426,4316605,878245,0,0,0,0,2084836,73210,53498,19712,./results/cp_sweep_intensity/logs/w91.oracleGeneral.bin.zst__fifo__Mithril__1gb__w10000.log,ok
w90.oracleGeneral.bin.zst,oracleGeneral,lru,Mithril,256mb,10000,0.2393,0.1699,4493515,2687822,175276,43984,28075,103217,3756159,60941,23864,37077,./results/cp_sweep_intensity/logs/w90.oracleGeneral.bin.zst__lru__Mithril__256mb__w10000.log,ok
w92.oracleGeneral.bin.zst,oracleGeneral,fifo,Mithril,16mb,10000,0.8278,0.9543,4284658,266711,70182,21518,6864,41800,3811662,135292,88574,46718,./results/cp_sweep_intensity/logs/w92.oracleGeneral.bin.zst__fifo__Mithril__16mb__w10000.log,ok
w92.oracleGeneral.bin.zst,oracleGeneral,fifo,Mithril,256mb,100,0.8251,0.9562,4284658,41971,0,0,0,0,3556774,73,29,44,./results/cp_sweep_intensity/logs/w92.oracleGeneral.bin.zst__fifo__Mithril__256mb__w100.log,ok
w92.oracleGeneral.bin.zst,oracleGeneral,fifo,Mithril,64mb,10000,0.8203,0.9528,4284658,154807,15916,6968,1329,7619,3662117,42192,31902,10290,./results/cp_sweep_intensity/logs/w92.oracleGeneral.bin.zst__fifo__Mithril__64mb__w10000.log,ok
w92.oracleGeneral.bin.zst,oracleGeneral,lru,Mithril,1gb,10000,0.2946,0.3283,4284658,2318312,0,0,0,0,3539916,2593,922,1671,./results/cp_sweep_intensity/logs/w92.oracleGeneral.bin.zst__lru__Mithril__1gb__w10000.log,ok
w92.oracleGeneral.bin.zst,oracleGeneral,fifo,Mithril,256mb,1000,0.8251,0.9562,4284658,41971,0,0,0,0,3556774,733,355,378,./results/cp_sweep_intensity/logs/w92.oracleGeneral.bin.zst__fifo__Mithril__256mb__w1000.log,ok
w92.oracleGeneral.bin.zst,oracleGeneral,sieve,Mithril,256mb,100,,,,,,,,,,,,,./results/cp_sweep_intensity/logs/w92.oracleGeneral.bin.zst__sieve__Mithril__256mb__w100.log,fail:134
w92.oracleGeneral.bin.zst,oracleGeneral,fifo,Mithril,256mb,10000,0.8251,0.9562,4284658,41971,3094,1966,315,813,3556774,4403,2241,2162,./results/cp_sweep_intensity/logs/w92.oracleGeneral.bin.zst__fifo__Mithril__256mb__w10000.log,ok
w92.oracleGeneral.bin.zst,oracleGeneral,sieve,Mithril,256mb,1000,,,,,,,,,,,,,./results/cp_sweep_intensity/logs/w92.oracleGeneral.bin.zst__sieve__Mithril__256mb__w1000.log,fail:134
w92.oracleGeneral.bin.zst,oracleGeneral,sieve,Mithril,256mb,10000,,,,,,,,,,,,,./results/cp_sweep_intensity/logs/w92.oracleGeneral.bin.zst__sieve__Mithril__256mb__w10000.log,fail:134
w92.oracleGeneral.bin.zst,oracleGeneral,sieve,Mithril,16mb,100,0.8264,0.9539,4284658,264829,9944,3947,1161,4836,3803593,5120,836,4284,./results/cp_sweep_intensity/logs/w92.oracleGeneral.bin.zst__sieve__Mithril__16mb__w100.log,ok
w93.oracleGeneral.bin.zst,oracleGeneral,lru,Mithril,16mb,100,,,,,,,,,,,,,./results/cp_sweep_intensity/logs/w93.oracleGeneral.bin.zst__lru__Mithril__16mb__w100.log,fail:134
w92.oracleGeneral.bin.zst,oracleGeneral,fifo,Mithril,1gb,100,0.2951,0.3284,4284658,2320476,0,0,0,0,3544466,72,36,36,./results/cp_sweep_intensity/logs/w92.oracleGeneral.bin.zst__fifo__Mithril__1gb__w100.log,ok
w92.oracleGeneral.bin.zst,oracleGeneral,sieve,Mithril,16mb,1000,0.8264,0.9539,4284658,264829,67025,25283,5639,36103,3803593,26746,8447,18299,./results/cp_sweep_intensity/logs/w92.oracleGeneral.bin.zst__sieve__Mithril__16mb__w1000.log,ok
w93.oracleGeneral.bin.zst,oracleGeneral,lru,Mithril,16mb,1000,,,,,,,,,,,,,./results/cp_sweep_intensity/logs/w93.oracleGeneral.bin.zst__lru__Mithril__16mb__w1000.log,fail:134
w92.oracleGeneral.bin.zst,oracleGeneral,fifo,Mithril,1gb,1000,0.2951,0.3284,4284658,2320476,0,0,0,0,3544466,655,306,349,./results/cp_sweep_intensity/logs/w92.oracleGeneral.bin.zst__fifo__Mithril__1gb__w1000.log,ok
w93.oracleGeneral.bin.zst,oracleGeneral,lru,Mithril,16mb,10000,,,,,,,,,,,,,./results/cp_sweep_intensity/logs/w93.oracleGeneral.bin.zst__lru__Mithril__16mb__w10000.log,fail:134
w93.oracleGeneral.bin.zst,oracleGeneral,lru,Mithril,64mb,100,,,,,,,,,,,,,./results/cp_sweep_intensity/logs/w93.oracleGeneral.bin.zst__lru__Mithril__64mb__w100.log,fail:134
w92.oracleGeneral.bin.zst,oracleGeneral,sieve,Mithril,64mb,100,0.8202,0.9528,4284658,123074,963,491,111,361,3630631,645,155,490,./results/cp_sweep_intensity/logs/w92.oracleGeneral.bin.zst__sieve__Mithril__64mb__w100.log,ok
w92.oracleGeneral.bin.zst,oracleGeneral,sieve,Mithril,64mb,1000,0.8202,0.9528,4284658,123074,6867,3253,1602,2012,3630631,9170,6908,2262,./results/cp_sweep_intensity/logs/w92.oracleGeneral.bin.zst__sieve__Mithril__64mb__w1000.log,ok
w92.oracleGeneral.bin.zst,oracleGeneral,sieve,Mithril,16mb,10000,0.8264,0.9539,4284658,264829,104623,39153,11286,54184,3803593,138285,74347,63938,./results/cp_sweep_intensity/logs/w92.oracleGeneral.bin.zst__sieve__Mithril__16mb__w10000.log,ok
w93.oracleGeneral.bin.zst,oracleGeneral,lru,Mithril,64mb,1000,,,,,,,,,,,,,./results/cp_sweep_intensity/logs/w93.oracleGeneral.bin.zst__lru__Mithril__64mb__w1000.log,fail:134
w93.oracleGeneral.bin.zst,oracleGeneral,lru,Mithril,256mb,100,,,,,,,,,,,,,./results/cp_sweep_intensity/logs/w93.oracleGeneral.bin.zst__lru__Mithril__256mb__w100.log,fail:134
w93.oracleGeneral.bin.zst,oracleGeneral,lru,Mithril,64mb,10000,,,,,,,,,,,,,./results/cp_sweep_intensity/logs/w93.oracleGeneral.bin.zst__lru__Mithril__64mb__w10000.log,fail:134
w92.oracleGeneral.bin.zst,oracleGeneral,sieve,Mithril,64mb,10000,0.8202,0.9528,4284658,123074,28114,12923,6256,8935,3630631,27132,17649,9483,./results/cp_sweep_intensity/logs/w92.oracleGeneral.bin.zst__sieve__Mithril__64mb__w10000.log,ok
w93.oracleGeneral.bin.zst,oracleGeneral,lru,Mithril,256mb,1000,,,,,,,,,,,,,./results/cp_sweep_intensity/logs/w93.oracleGeneral.bin.zst__lru__Mithril__256mb__w1000.log,fail:134
w93.oracleGeneral.bin.zst,oracleGeneral,fifo,Mithril,16mb,100,,,,,,,,,,,,,./results/cp_sweep_intensity/logs/w93.oracleGeneral.bin.zst__fifo__Mithril__16mb__w100.log,fail:134
w93.oracleGeneral.bin.zst,oracleGeneral,fifo,Mithril,16mb,1000,,,,,,,,,,,,,./results/cp_sweep_intensity/logs/w93.oracleGeneral.bin.zst__fifo__Mithril__16mb__w1000.log,fail:134
w92.oracleGeneral.bin.zst,oracleGeneral,fifo,Mithril,1gb,10000,0.2951,0.3284,4284658,2320476,0,0,0,0,3544466,4208,2149,2059,./results/cp_sweep_intensity/logs/w92.oracleGeneral.bin.zst__fifo__Mithril__1gb__w10000.log,ok
w92.oracleGeneral.bin.zst,oracleGeneral,sieve,Mithril,1gb,100,0.2948,0.3282,4284658,2292471,151,81,28,42,3515063,32,8,24,./results/cp_sweep_intensity/logs/w92.oracleGeneral.bin.zst__sieve__Mithril__1gb__w100.log,ok
w93.oracleGeneral.bin.zst,oracleGeneral,fifo,Mithril,16mb,10000,,,,,,,,,,,,,./results/cp_sweep_intensity/logs/w93.oracleGeneral.bin.zst__fifo__Mithril__16mb__w10000.log,fail:134
w93.oracleGeneral.bin.zst,oracleGeneral,fifo,Mithril,64mb,1000,,,,,,,,,,,,,./results/cp_sweep_intensity/logs/w93.oracleGeneral.bin.zst__fifo__Mithril__64mb__w1000.log,fail:134
w93.oracleGeneral.bin.zst,oracleGeneral,fifo,Mithril,64mb,100,,,,,,,,,,,,,./results/cp_sweep_intensity/logs/w93.oracleGeneral.bin.zst__fifo__Mithril__64mb__w100.log,fail:134
w90.oracleGeneral.bin.zst,oracleGeneral,fifo,Mithril,256mb,10000,0.2436,0.1721,4493515,2705050,185216,46712,30188,108316,3791901,78556,33170,45386,./results/cp_sweep_intensity/logs/w90.oracleGeneral.bin.zst__fifo__Mithril__256mb__w10000.log,ok
w92.oracleGeneral.bin.zst,oracleGeneral,sieve,Mithril,1gb,1000,0.2948,0.3282,4284658,2292471,832,440,148,244,3515063,226,37,189,./results/cp_sweep_intensity/logs/w92.oracleGeneral.bin.zst__sieve__Mithril__1gb__w1000.log,ok
w93.oracleGeneral.bin.zst,oracleGeneral,lru,Mithril,256mb,10000,,,,,,,,,,,,,./results/cp_sweep_intensity/logs/w93.oracleGeneral.bin.zst__lru__Mithril__256mb__w10000.log,fail:134
w93.oracleGeneral.bin.zst,oracleGeneral,sieve,Mithril,64mb,100,,,,,,,,,,,,,./results/cp_sweep_intensity/logs/w93.oracleGeneral.bin.zst__sieve__Mithril__64mb__w100.log,fail:134
w93.oracleGeneral.bin.zst,oracleGeneral,fifo,Mithril,64mb,10000,,,,,,,,,,,,,./results/cp_sweep_intensity/logs/w93.oracleGeneral.bin.zst__fifo__Mithril__64mb__w10000.log,fail:134
w93.oracleGeneral.bin.zst,oracleGeneral,fifo,Mithril,256mb,100,,,,,,,,,,,,,./results/cp_sweep_intensity/logs/w93.oracleGeneral.bin.zst__fifo__Mithril__256mb__w100.log,fail:134
w93.oracleGeneral.bin.zst,oracleGeneral,sieve,Mithril,64mb,1000,,,,,,,,,,,,,./results/cp_sweep_intensity/logs/w93.oracleGeneral.bin.zst__sieve__Mithril__64mb__w1000.log,fail:134
w93.oracleGeneral.bin.zst,oracleGeneral,sieve,Mithril,64mb,10000,,,,,,,,,,,,,./results/cp_sweep_intensity/logs/w93.oracleGeneral.bin.zst__sieve__Mithril__64mb__w10000.log,fail:134
w93.oracleGeneral.bin.zst,oracleGeneral,fifo,Mithril,256mb,1000,,,,,,,,,,,,,./results/cp_sweep_intensity/logs/w93.oracleGeneral.bin.zst__fifo__Mithril__256mb__w1000.log,fail:134
w93.oracleGeneral.bin.zst,oracleGeneral,sieve,Mithril,16mb,100,,,,,,,,,,,,,./results/cp_sweep_intensity/logs/w93.oracleGeneral.bin.zst__sieve__Mithril__16mb__w100.log,fail:134
w93.oracleGeneral.bin.zst,oracleGeneral,sieve,Mithril,16mb,1000,,,,,,,,,,,,,./results/cp_sweep_intensity/logs/w93.oracleGeneral.bin.zst__sieve__Mithril__16mb__w1000.log,fail:134
w93.oracleGeneral.bin.zst,oracleGeneral,sieve,Mithril,16mb,10000,,,,,,,,,,,,,./results/cp_sweep_intensity/logs/w93.oracleGeneral.bin.zst__sieve__Mithril__16mb__w10000.log,fail:134
w94.oracleGeneral.bin.zst,oracleGeneral,lru,Mithril,16mb,100,,,,,,,,,,,,,./results/cp_sweep_intensity/logs/w94.oracleGeneral.bin.zst__lru__Mithril__16mb__w100.log,fail:134
w94.oracleGeneral.bin.zst,oracleGeneral,lru,Mithril,16mb,1000,,,,,,,,,,,,,./results/cp_sweep_intensity/logs/w94.oracleGeneral.bin.zst__lru__Mithril__16mb__w1000.log,fail:134
w94.oracleGeneral.bin.zst,oracleGeneral,lru,Mithril,16mb,10000,,,,,,,,,,,,,./results/cp_sweep_intensity/logs/w94.oracleGeneral.bin.zst__lru__Mithril__16mb__w10000.log,fail:134
w93.oracleGeneral.bin.zst,oracleGeneral,lru,Mithril,1gb,100,0.5018,0.4232,3351357,1396529,0,0,0,0,3061244,315,81,234,./results/cp_sweep_intensity/logs/w93.oracleGeneral.bin.zst__lru__Mithril__1gb__w100.log,ok
w94.oracleGeneral.bin.zst,oracleGeneral,lru,Mithril,64mb,100,,,,,,,,,,,,,./results/cp_sweep_intensity/logs/w94.oracleGeneral.bin.zst__lru__Mithril__64mb__w100.log,fail:134
w94.oracleGeneral.bin.zst,oracleGeneral,lru,Mithril,64mb,1000,,,,,,,,,,,,,./results/cp_sweep_intensity/logs/w94.oracleGeneral.bin.zst__lru__Mithril__64mb__w1000.log,fail:134
w94.oracleGeneral.bin.zst,oracleGeneral,lru,Mithril,64mb,10000,,,,,,,,,,,,,./results/cp_sweep_intensity/logs/w94.oracleGeneral.bin.zst__lru__Mithril__64mb__w10000.log,fail:134
w92.oracleGeneral.bin.zst,oracleGeneral,sieve,Mithril,1gb,10000,0.2948,0.3282,4284658,2292471,8278,4023,1763,2492,3515063,2420,710,1710,./results/cp_sweep_intensity/logs/w92.oracleGeneral.bin.zst__sieve__Mithril__1gb__w10000.log,ok
w93.oracleGeneral.bin.zst,oracleGeneral,fifo,Mithril,256mb,10000,,,,,,,,,,,,,./results/cp_sweep_intensity/logs/w93.oracleGeneral.bin.zst__fifo__Mithril__256mb__w10000.log,fail:134
w93.oracleGeneral.bin.zst,oracleGeneral,lru,Mithril,1gb,1000,0.5018,0.4232,3351357,1396529,0,0,0,0,3061244,3110,978,2132,./results/cp_sweep_intensity/logs/w93.oracleGeneral.bin.zst__lru__Mithril__1gb__w1000.log,ok
w93.oracleGeneral.bin.zst,oracleGeneral,fifo,Mithril,1gb,100,0.5026,0.4237,3351357,1401954,0,0,0,0,3069325,341,80,261,./results/cp_sweep_intensity/logs/w93.oracleGeneral.bin.zst__fifo__Mithril__1gb__w100.log,ok
w91.oracleGeneral.bin.zst,oracleGeneral,sieve,Mithril,1gb,10000,0.3086,0.3503,4316605,832782,74065,36147,24917,13001,2102088,46107,14672,31435,./results/cp_sweep_intensity/logs/w91.oracleGeneral.bin.zst__sieve__Mithril__1gb__w10000.log,ok
w94.oracleGeneral.bin.zst,oracleGeneral,fifo,Mithril,16mb,100,,,,,,,,,,,,,./results/cp_sweep_intensity/logs/w94.oracleGeneral.bin.zst__fifo__Mithril__16mb__w100.log,fail:134
w94.oracleGeneral.bin.zst,oracleGeneral,fifo,Mithril,16mb,1000,,,,,,,,,,,,,./results/cp_sweep_intensity/logs/w94.oracleGeneral.bin.zst__fifo__Mithril__16mb__w1000.log,fail:134
w94.oracleGeneral.bin.zst,oracleGeneral,fifo,Mithril,16mb,10000,,,,,,,,,,,,,./results/cp_sweep_intensity/logs/w94.oracleGeneral.bin.zst__fifo__Mithril__16mb__w10000.log,fail:134
w94.oracleGeneral.bin.zst,oracleGeneral,fifo,Mithril,64mb,100,,,,,,,,,,,,,./results/cp_sweep_intensity/logs/w94.oracleGeneral.bin.zst__fifo__Mithril__64mb__w100.log,fail:134
w94.oracleGeneral.bin.zst,oracleGeneral,fifo,Mithril,64mb,1000,,,,,,,,,,,,,./results/cp_sweep_intensity/logs/w94.oracleGeneral.bin.zst__fifo__Mithril__64mb__w1000.log,fail:134
w94.oracleGeneral.bin.zst,oracleGeneral,fifo,Mithril,64mb,10000,,,,,,,,,,,,,./results/cp_sweep_intensity/logs/w94.oracleGeneral.bin.zst__fifo__Mithril__64mb__w10000.log,fail:134
w93.oracleGeneral.bin.zst,oracleGeneral,sieve,Mithril,1gb,100,0.5053,0.4255,3351357,1394892,1269,615,271,383,3071375,624,56,568,./results/cp_sweep_intensity/logs/w93.oracleGeneral.bin.zst__sieve__Mithril__1gb__w100.log,ok
w93.oracleGeneral.bin.zst,oracleGeneral,sieve,Mithril,256mb,100,0.5220,0.4354,3351357,1459985,6540,3322,1417,1801,3200463,2496,237,2259,./results/cp_sweep_intensity/logs/w93.oracleGeneral.bin.zst__sieve__Mithril__256mb__w100.log,ok
w93.oracleGeneral.bin.zst,oracleGeneral,fifo,Mithril,1gb,1000,0.5026,0.4237,3351357,1401954,0,0,0,0,3069325,4044,1513,2531,./results/cp_sweep_intensity/logs/w93.oracleGeneral.bin.zst__fifo__Mithril__1gb__w1000.log,ok
w93.oracleGeneral.bin.zst,oracleGeneral,sieve,Mithril,256mb,1000,0.5220,0.4354,3351357,1459985,55608,27237,12387,15984,3200463,12871,1372,11499,./results/cp_sweep_intensity/logs/w93.oracleGeneral.bin.zst__sieve__Mithril__256mb__w1000.log,ok
w94.oracleGeneral.bin.zst,oracleGeneral,sieve,Mithril,16mb,100,,,,,,,,,,,,,./results/cp_sweep_intensity/logs/w94.oracleGeneral.bin.zst__sieve__Mithril__16mb__w100.log,fail:134
w94.oracleGeneral.bin.zst,oracleGeneral,sieve,Mithril,16mb,1000,,,,,,,,,,,,,./results/cp_sweep_intensity/logs/w94.oracleGeneral.bin.zst__sieve__Mithril__16mb__w1000.log,fail:134
w93.oracleGeneral.bin.zst,oracleGeneral,sieve,Mithril,1gb,1000,0.5053,0.4255,3351357,1394892,12580,6239,2759,3582,3071375,4872,1080,3792,./results/cp_sweep_intensity/logs/w93.oracleGeneral.bin.zst__sieve__Mithril__1gb__w1000.log,ok
w94.oracleGeneral.bin.zst,oracleGeneral,sieve,Mithril,16mb,10000,,,,,,,,,,,,,./results/cp_sweep_intensity/logs/w94.oracleGeneral.bin.zst__sieve__Mithril__16mb__w10000.log,fail:134
w94.oracleGeneral.bin.zst,oracleGeneral,sieve,Mithril,64mb,100,,,,,,,,,,,,,./results/cp_sweep_intensity/logs/w94.oracleGeneral.bin.zst__sieve__Mithril__64mb__w100.log,fail:134
w94.oracleGeneral.bin.zst,oracleGeneral,sieve,Mithril,64mb,1000,,,,,,,,,,,,,./results/cp_sweep_intensity/logs/w94.oracleGeneral.bin.zst__sieve__Mithril__64mb__w1000.log,fail:134
w94.oracleGeneral.bin.zst,oracleGeneral,sieve,Mithril,64mb,10000,,,,,,,,,,,,,./results/cp_sweep_intensity/logs/w94.oracleGeneral.bin.zst__sieve__Mithril__64mb__w10000.log,fail:134
w94.oracleGeneral.bin.zst,oracleGeneral,lru,Mithril,256mb,100,0.4063,0.3011,4118188,3088079,0,0,0,0,4750940,2143,367,1776,./results/cp_sweep_intensity/logs/w94.oracleGeneral.bin.zst__lru__Mithril__256mb__w100.log,ok
w94.oracleGeneral.bin.zst,oracleGeneral,lru,Mithril,1gb,100,0.3911,0.2853,4118188,2894633,0,0,0,0,4477126,1883,816,1067,./results/cp_sweep_intensity/logs/w94.oracleGeneral.bin.zst__lru__Mithril__1gb__w100.log,ok
w94.oracleGeneral.bin.zst,oracleGeneral,fifo,Mithril,256mb,100,0.4059,0.3004,4118188,3090563,0,0,0,0,4751570,2607,674,1933,./results/cp_sweep_intensity/logs/w94.oracleGeneral.bin.zst__fifo__Mithril__256mb__w100.log,ok
w94.oracleGeneral.bin.zst,oracleGeneral,fifo,Mithril,1gb,100,0.3902,0.2839,4118188,2898159,0,0,0,0,4476606,1065,287,778,./results/cp_sweep_intensity/logs/w94.oracleGeneral.bin.zst__fifo__Mithril__1gb__w100.log,ok
w93.oracleGeneral.bin.zst,oracleGeneral,sieve,Mithril,256mb,10000,0.5220,0.4354,3351357,1459985,240505,109682,51222,79601,3200463,58656,10385,48271,./results/cp_sweep_intensity/logs/w93.oracleGeneral.bin.zst__sieve__Mithril__256mb__w10000.log,ok
w95.oracleGeneral.bin.zst,oracleGeneral,lru,Mithril,16mb,100,,,,,,,,,,,,,./results/cp_sweep_intensity/logs/w95.oracleGeneral.bin.zst__lru__Mithril__16mb__w100.log,fail:134
w95.oracleGeneral.bin.zst,oracleGeneral,lru,Mithril,16mb,1000,,,,,,,,,,,,,./results/cp_sweep_intensity/logs/w95.oracleGeneral.bin.zst__lru__Mithril__16mb__w1000.log,fail:134
w61.oracleGeneral.bin.zst,oracleGeneral,fifo,Mithril,256mb,10000,0.6988,0.5994,9884691,9991618,6406306,4497756,872148,1036402,16888652,2167932,395768,1772164,./results/cp_sweep_intensity/logs/w61.oracleGeneral.bin.zst__fifo__Mithril__256mb__w10000.log,ok
w95.oracleGeneral.bin.zst,oracleGeneral,lru,Mithril,16mb,10000,,,,,,,,,,,,,./results/cp_sweep_intensity/logs/w95.oracleGeneral.bin.zst__lru__Mithril__16mb__w10000.log,fail:134
w95.oracleGeneral.bin.zst,oracleGeneral,lru,Mithril,64mb,100,,,,,,,,,,,,,./results/cp_sweep_intensity/logs/w95.oracleGeneral.bin.zst__lru__Mithril__64mb__w100.log,fail:134
w94.oracleGeneral.bin.zst,oracleGeneral,lru,Mithril,1gb,1000,0.3911,0.2853,4118188,2894633,0,0,0,0,4477126,20137,6176,13961,./results/cp_sweep_intensity/logs/w94.oracleGeneral.bin.zst__lru__Mithril__1gb__w1000.log,ok
w94.oracleGeneral.bin.zst,oracleGeneral,sieve,Mithril,256mb,100,0.4164,0.3096,4118188,3149901,49569,18291,15309,15969,4851639,8934,1045,7889,./results/cp_sweep_intensity/logs/w94.oracleGeneral.bin.zst__sieve__Mithril__256mb__w100.log,ok
w95.oracleGeneral.bin.zst,oracleGeneral,lru,Mithril,64mb,1000,,,,,,,,,,,,,./results/cp_sweep_intensity/logs/w95.oracleGeneral.bin.zst__lru__Mithril__64mb__w1000.log,fail:134
w94.oracleGeneral.bin.zst,oracleGeneral,sieve,Mithril,1gb,100,0.3984,0.2976,4118188,2828383,10615,4012,2976,3627,4444454,4904,2674,2230,./results/cp_sweep_intensity/logs/w94.oracleGeneral.bin.zst__sieve__Mithril__1gb__w100.log,ok
w93.oracleGeneral.bin.zst,oracleGeneral,sieve,Mithril,1gb,10000,0.5053,0.4255,3351357,1394892,105132,46912,27708,30512,3071375,26173,5888,20285,./results/cp_sweep_intensity/logs/w93.oracleGeneral.bin.zst__sieve__Mithril__1gb__w10000.log,ok
w94.oracleGeneral.bin.zst,oracleGeneral,lru,Mithril,256mb,1000,0.4063,0.3011,4118188,3088079,25347,6086,10205,9056,4750940,21966,7947,14019,./results/cp_sweep_intensity/logs/w94.oracleGeneral.bin.zst__lru__Mithril__256mb__w1000.log,ok
w95.oracleGeneral.bin.zst,oracleGeneral,lru,Mithril,64mb,10000,,,,,,,,,,,,,./results/cp_sweep_intensity/logs/w95.oracleGeneral.bin.zst__lru__Mithril__64mb__w10000.log,fail:134
w95.oracleGeneral.bin.zst,oracleGeneral,fifo,Mithril,16mb,100,,,,,,,,,,,,,./results/cp_sweep_intensity/logs/w95.oracleGeneral.bin.zst__fifo__Mithril__16mb__w100.log,fail:134
w94.oracleGeneral.bin.zst,oracleGeneral,fifo,Mithril,1gb,1000,0.3902,0.2839,4118188,2898159,0,0,0,0,4476606,19126,7048,12078,./results/cp_sweep_intensity/logs/w94.oracleGeneral.bin.zst__fifo__Mithril__1gb__w1000.log,ok
w95.oracleGeneral.bin.zst,oracleGeneral,fifo,Mithril,16mb,1000,,,,,,,,,,,,,./results/cp_sweep_intensity/logs/w95.oracleGeneral.bin.zst__fifo__Mithril__16mb__w1000.log,fail:134
w95.oracleGeneral.bin.zst,oracleGeneral,lru,Mithril,256mb,100,0.2410,0.3366,3937240,893436,0,0,0,0,1831146,4204,1753,2451,./results/cp_sweep_intensity/logs/w95.oracleGeneral.bin.zst__lru__Mithril__256mb__w100.log,ok
w95.oracleGeneral.bin.zst,oracleGeneral,fifo,Mithril,16mb,10000,,,,,,,,,,,,,./results/cp_sweep_intensity/logs/w95.oracleGeneral.bin.zst__fifo__Mithril__16mb__w10000.log,fail:134
w94.oracleGeneral.bin.zst,oracleGeneral,fifo,Mithril,256mb,1000,0.4059,0.3004,4118188,3090563,25239,5799,10298,9142,4751570,22872,8847,14025,./results/cp_sweep_intensity/logs/w94.oracleGeneral.bin.zst__fifo__Mithril__256mb__w1000.log,ok
w95.oracleGeneral.bin.zst,oracleGeneral,lru,Mithril,1gb,100,0.2072,0.2813,3937240,477353,0,0,0,0,1262694,336,55,281,./results/cp_sweep_intensity/logs/w95.oracleGeneral.bin.zst__lru__Mithril__1gb__w100.log,ok
w93.oracleGeneral.bin.zst,oracleGeneral,lru,Mithril,1gb,10000,0.5018,0.4232,3351357,1396529,0,0,0,0,3061244,22487,8698,13789,./results/cp_sweep_intensity/logs/w93.oracleGeneral.bin.zst__lru__Mithril__1gb__w10000.log,ok
w95.oracleGeneral.bin.zst,oracleGeneral,lru,Mithril,1gb,1000,0.2072,0.2813,3937240,477353,0,0,0,0,1262694,3514,743,2771,./results/cp_sweep_intensity/logs/w95.oracleGeneral.bin.zst__lru__Mithril__1gb__w1000.log,ok
w95.oracleGeneral.bin.zst,oracleGeneral,fifo,Mithril,64mb,100,,,,,,,,,,,,,./results/cp_sweep_intensity/logs/w95.oracleGeneral.bin.zst__fifo__Mithril__64mb__w100.log,fail:134
w95.oracleGeneral.bin.zst,oracleGeneral,lru,Mithril,256mb,1000,0.2410,0.3366,3937240,893436,0,0,0,0,1831146,35610,16631,18979,./results/cp_sweep_intensity/logs/w95.oracleGeneral.bin.zst__lru__Mithril__256mb__w1000.log,ok
w93.oracleGeneral.bin.zst,oracleGeneral,fifo,Mithril,1gb,10000,0.5026,0.4237,3351357,1401954,0,0,0,0,3069325,26125,10900,15225,./results/cp_sweep_intensity/logs/w93.oracleGeneral.bin.zst__fifo__Mithril__1gb__w10000.log,ok
w94.oracleGeneral.bin.zst,oracleGeneral,sieve,Mithril,256mb,1000,0.4164,0.3096,4118188,3149901,332868,114070,106543,112255,4851639,42198,6704,35494,./results/cp_sweep_intensity/logs/w94.oracleGeneral.bin.zst__sieve__Mithril__256mb__w1000.log,ok
w95.oracleGeneral.bin.zst,oracleGeneral,sieve,Mithril,16mb,100,,,,,,,,,,,,,./results/cp_sweep_intensity/logs/w95.oracleGeneral.bin.zst__sieve__Mithril__16mb__w100.log,fail:134
w95.oracleGeneral.bin.zst,oracleGeneral,fifo,Mithril,64mb,1000,,,,,,,,,,,,,./results/cp_sweep_intensity/logs/w95.oracleGeneral.bin.zst__fifo__Mithril__64mb__w1000.log,fail:134
w95.oracleGeneral.bin.zst,oracleGeneral,sieve,Mithril,16mb,1000,,,,,,,,,,,,,./results/cp_sweep_intensity/logs/w95.oracleGeneral.bin.zst__sieve__Mithril__16mb__w1000.log,fail:134
w95.oracleGeneral.bin.zst,oracleGeneral,sieve,Mithril,16mb,10000,,,,,,,,,,,,,./results/cp_sweep_intensity/logs/w95.oracleGeneral.bin.zst__sieve__Mithril__16mb__w10000.log,fail:134
w95.oracleGeneral.bin.zst,oracleGeneral,fifo,Mithril,256mb,100,0.2471,0.3406,3937240,909840,0,0,0,0,1871592,5166,2171,2995,./results/cp_sweep_intensity/logs/w95.oracleGeneral.bin.zst__fifo__Mithril__256mb__w100.log,ok
w95.oracleGeneral.bin.zst,oracleGeneral,fifo,Mithril,1gb,100,0.2109,0.2843,3937240,507072,0,0,0,0,1305277,553,212,341,./results/cp_sweep_intensity/logs/w95.oracleGeneral.bin.zst__fifo__Mithril__1gb__w100.log,ok
w95.oracleGeneral.bin.zst,oracleGeneral,lru,Mithril,1gb,10000,0.2072,0.2813,3937240,477353,0,0,0,0,1262694,28855,12011,16844,./results/cp_sweep_intensity/logs/w95.oracleGeneral.bin.zst__lru__Mithril__1gb__w10000.log,ok
w95.oracleGeneral.bin.zst,oracleGeneral,fifo,Mithril,1gb,1000,0.2109,0.2843,3937240,507072,0,0,0,0,1305277,5311,1989,3322,./results/cp_sweep_intensity/logs/w95.oracleGeneral.bin.zst__fifo__Mithril__1gb__w1000.log,ok
w94.oracleGeneral.bin.zst,oracleGeneral,sieve,Mithril,1gb,1000,0.3984,0.2976,4118188,2828383,91466,29534,29095,32837,4444454,86248,70866,15382,./results/cp_sweep_intensity/logs/w94.oracleGeneral.bin.zst__sieve__Mithril__1gb__w1000.log,ok
w95.oracleGeneral.bin.zst,oracleGeneral,fifo,Mithril,256mb,1000,0.2471,0.3406,3937240,909840,0,0,0,0,1871592,39384,17372,22012,./results/cp_sweep_intensity/logs/w95.oracleGeneral.bin.zst__fifo__Mithril__256mb__w1000.log,ok
w91.oracleGeneral.bin.zst,oracleGeneral,sieve,Mithril,256mb,10000,0.3597,0.3925,4316605,1803522,510685,256369,122344,131972,3332901,298596,137251,161345,./results/cp_sweep_intensity/logs/w91.oracleGeneral.bin.zst__sieve__Mithril__256mb__w10000.log,ok
w95.oracleGeneral.bin.zst,oracleGeneral,sieve,Mithril,64mb,100,0.2989,0.3908,3937240,1283475,47156,27430,8506,11220,2455561,31747,1727,30020,./results/cp_sweep_intensity/logs/w95.oracleGeneral.bin.zst__sieve__Mithril__64mb__w100.log,ok
w95.oracleGeneral.bin.zst,oracleGeneral,sieve,Mithril,256mb,100,0.2369,0.3273,3937240,853429,5931,2570,2358,1003,1779907,6182,450,5732,./results/cp_sweep_intensity/logs/w95.oracleGeneral.bin.zst__sieve__Mithril__256mb__w100.log,ok
w95.oracleGeneral.bin.zst,oracleGeneral,sieve,Mithril,1gb,100,0.1982,0.2722,3937240,339577,95,58,27,10,1075003,199,9,190,./results/cp_sweep_intensity/logs/w95.oracleGeneral.bin.zst__sieve__Mithril__1gb__w100.log,ok
w95.oracleGeneral.bin.zst,oracleGeneral,sieve,Mithril,1gb,1000,0.1982,0.2722,3937240,339577,860,368,421,71,1075003,1940,216,1724,./results/cp_sweep_intensity/logs/w95.oracleGeneral.bin.zst__sieve__Mithril__1gb__w1000.log,ok
w95.oracleGeneral.bin.zst,oracleGeneral,fifo,Mithril,64mb,10000,,,,,,,,,,,,,./results/cp_sweep_intensity/logs/w95.oracleGeneral.bin.zst__fifo__Mithril__64mb__w10000.log,fail:134
w96.oracleGeneral.bin.zst,oracleGeneral,lru,Mithril,16mb,100,,,,,,,,,,,,,./results/cp_sweep_intensity/logs/w96.oracleGeneral.bin.zst__lru__Mithril__16mb__w100.log,fail:134
w95.oracleGeneral.bin.zst,oracleGeneral,fifo,Mithril,1gb,10000,0.2109,0.2843,3937240,507072,0,0,0,0,1305277,38855,19479,19376,./results/cp_sweep_intensity/logs/w95.oracleGeneral.bin.zst__fifo__Mithril__1gb__w10000.log,ok
w96.oracleGeneral.bin.zst,oracleGeneral,lru,Mithril,64mb,100,,,,,,,,,,,,,./results/cp_sweep_intensity/logs/w96.oracleGeneral.bin.zst__lru__Mithril__64mb__w100.log,fail:134
w95.oracleGeneral.bin.zst,oracleGeneral,sieve,Mithril,256mb,1000,0.2369,0.3273,3937240,853429,57966,25170,22376,10420,1779907,41487,5171,36316,./results/cp_sweep_intensity/logs/w95.oracleGeneral.bin.zst__sieve__Mithril__256mb__w1000.log,ok
w95.oracleGeneral.bin.zst,oracleGeneral,sieve,Mithril,64mb,1000,0.2989,0.3908,3937240,1283475,327666,187257,66128,74281,2455561,168369,21999,146370,./results/cp_sweep_intensity/logs/w95.oracleGeneral.bin.zst__sieve__Mithril__64mb__w1000.log,ok
w95.oracleGeneral.bin.zst,oracleGeneral,sieve,Mithril,1gb,10000,0.1982,0.2722,3937240,339577,26159,9466,11046,5647,1075003,13686,2505,11181,./results/cp_sweep_intensity/logs/w95.oracleGeneral.bin.zst__sieve__Mithril__1gb__w10000.log,ok
w96.oracleGeneral.bin.zst,oracleGeneral,lru,Mithril,16mb,1000,,,,,,,,,,,,,./results/cp_sweep_intensity/logs/w96.oracleGeneral.bin.zst__lru__Mithril__16mb__w1000.log,fail:134
w91.oracleGeneral.bin.zst,oracleGeneral,lru,Mithril,256mb,10000,0.3466,0.3840,4316605,1683594,12034,6467,2570,2997,3152155,169091,105751,63340,./results/cp_sweep_intensity/logs/w91.oracleGeneral.bin.zst__lru__Mithril__256mb__w10000.log,ok
w96.oracleGeneral.bin.zst,oracleGeneral,lru,Mithril,16mb,10000,,,,,,,,,,,,,./results/cp_sweep_intensity/logs/w96.oracleGeneral.bin.zst__lru__Mithril__16mb__w10000.log,fail:134
w96.oracleGeneral.bin.zst,oracleGeneral,fifo,Mithril,16mb,100,,,,,,,,,,,,,./results/cp_sweep_intensity/logs/w96.oracleGeneral.bin.zst__fifo__Mithril__16mb__w100.log,fail:134
w96.oracleGeneral.bin.zst,oracleGeneral,lru,Mithril,64mb,1000,,,,,,,,,,,,,./results/cp_sweep_intensity/logs/w96.oracleGeneral.bin.zst__lru__Mithril__64mb__w1000.log,fail:134
w91.oracleGeneral.bin.zst,oracleGeneral,fifo,Mithril,256mb,10000,0.3483,0.3853,4316605,1751914,9953,5264,2155,2534,3228516,242826,178391,64435,./results/cp_sweep_intensity/logs/w91.oracleGeneral.bin.zst__fifo__Mithril__256mb__w10000.log,ok
w96.oracleGeneral.bin.zst,oracleGeneral,fifo,Mithril,64mb,100,,,,,,,,,,,,,./results/cp_sweep_intensity/logs/w96.oracleGeneral.bin.zst__fifo__Mithril__64mb__w100.log,fail:134
w96.oracleGeneral.bin.zst,oracleGeneral,fifo,Mithril,16mb,1000,,,,,,,,,,,,,./results/cp_sweep_intensity/logs/w96.oracleGeneral.bin.zst__fifo__Mithril__16mb__w1000.log,fail:134
w95.oracleGeneral.bin.zst,oracleGeneral,sieve,Mithril,64mb,10000,0.2989,0.3908,3937240,1283475,740195,427245,157860,155090,2455561,562406,143866,418540,./results/cp_sweep_intensity/logs/w95.oracleGeneral.bin.zst__sieve__Mithril__64mb__w10000.log,ok
w96.oracleGeneral.bin.zst,oracleGeneral,lru,Mithril,1gb,100,0.4678,0.5253,3787344,1170165,0,0,0,0,2895202,1320,15,1305,./results/cp_sweep_intensity/logs/w96.oracleGeneral.bin.zst__lru__Mithril__1gb__w100.log,ok
w96.oracleGeneral.bin.zst,oracleGeneral,fifo,Mithril,16mb,10000,,,,,,,,,,,,,./results/cp_sweep_intensity/logs/w96.oracleGeneral.bin.zst__fifo__Mithril__16mb__w10000.log,fail:134
w96.oracleGeneral.bin.zst,oracleGeneral,fifo,Mithril,64mb,1000,,,,,,,,,,,,,./results/cp_sweep_intensity/logs/w96.oracleGeneral.bin.zst__fifo__Mithril__64mb__w1000.log,fail:134
w95.oracleGeneral.bin.zst,oracleGeneral,sieve,Mithril,256mb,10000,0.2369,0.3273,3937240,853429,303187,140324,105931,56932,1779907,184642,35833,148809,./results/cp_sweep_intensity/logs/w95.oracleGeneral.bin.zst__sieve__Mithril__256mb__w10000.log,ok
w96.oracleGeneral.bin.zst,oracleGeneral,lru,Mithril,256mb,100,0.6782,0.7205,3787344,2683921,0,0,0,0,5246097,10440,539,9901,./results/cp_sweep_intensity/logs/w96.oracleGeneral.bin.zst__lru__Mithril__256mb__w100.log,ok
w96.oracleGeneral.bin.zst,oracleGeneral,sieve,Mithril,16mb,100,,,,,,,,,,,,,./results/cp_sweep_intensity/logs/w96.oracleGeneral.bin.zst__sieve__Mithril__16mb__w100.log,fail:134
w95.oracleGeneral.bin.zst,oracleGeneral,lru,Mithril,256mb,10000,0.2410,0.3366,3937240,893436,115325,45243,45978,24104,1831146,190526,97889,92637,./results/cp_sweep_intensity/logs/w95.oracleGeneral.bin.zst__lru__Mithril__256mb__w10000.log,ok
w96.oracleGeneral.bin.zst,oracleGeneral,sieve,Mithril,16mb,1000,,,,,,,,,,,,,./results/cp_sweep_intensity/logs/w96.oracleGeneral.bin.zst__sieve__Mithril__16mb__w1000.log,fail:134
w61.oracleGeneral.bin.zst,oracleGeneral,lru,Mithril,256mb,10000,0.6982,0.5991,9884691,9984265,6571600,4629330,889110,1053160,16875157,2153480,383354,1770126,./results/cp_sweep_intensity/logs/w61.oracleGeneral.bin.zst__lru__Mithril__256mb__w10000.log,ok
w96.oracleGeneral.bin.zst,oracleGeneral,sieve,Mithril,64mb,100,,,,,,,,,,,,,./results/cp_sweep_intensity/logs/w96.oracleGeneral.bin.zst__sieve__Mithril__64mb__w100.log,fail:134
w94.oracleGeneral.bin.zst,oracleGeneral,sieve,Mithril,256mb,10000,0.4164,0.3096,4118188,3149901,835314,307030,250430,277854,4851639,233453,82645,150808,./results/cp_sweep_intensity/logs/w94.oracleGeneral.bin.zst__sieve__Mithril__256mb__w10000.log,ok
w96.oracleGeneral.bin.zst,oracleGeneral,sieve,Mithril,16mb,10000,,,,,,,,,,,,,./results/cp_sweep_intensity/logs/w96.oracleGeneral.bin.zst__sieve__Mithril__16mb__w10000.log,fail:134
w96.oracleGeneral.bin.zst,oracleGeneral,lru,Mithril,64mb,10000,,,,,,,,,,,,,./results/cp_sweep_intensity/logs/w96.oracleGeneral.bin.zst__lru__Mithril__64mb__w10000.log,fail:134
w96.oracleGeneral.bin.zst,oracleGeneral,lru,Mithril,1gb,1000,0.4678,0.5253,3787344,1170165,0,0,0,0,2895202,11974,493,11481,./results/cp_sweep_intensity/logs/w96.oracleGeneral.bin.zst__lru__Mithril__1gb__w1000.log,ok
w96.oracleGeneral.bin.zst,oracleGeneral,fifo,Mithril,1gb,100,0.4833,0.5419,3787344,1224506,0,0,0,0,3009443,2100,225,1875,./results/cp_sweep_intensity/logs/w96.oracleGeneral.bin.zst__fifo__Mithril__1gb__w100.log,ok
w96.oracleGeneral.bin.zst,oracleGeneral,fifo,Mithril,256mb,100,0.6830,0.7260,3787344,2719233,0,0,0,0,5299891,12130,1239,10891,./results/cp_sweep_intensity/logs/w96.oracleGeneral.bin.zst__fifo__Mithril__256mb__w100.log,ok
w95.oracleGeneral.bin.zst,oracleGeneral,fifo,Mithril,256mb,10000,0.2471,0.3406,3937240,909840,106801,40332,43472,22997,1871592,204482,106026,98456,./results/cp_sweep_intensity/logs/w95.oracleGeneral.bin.zst__fifo__Mithril__256mb__w10000.log,ok
w96.oracleGeneral.bin.zst,oracleGeneral,sieve,Mithril,64mb,1000,,,,,,,,,,,,,./results/cp_sweep_intensity/logs/w96.oracleGeneral.bin.zst__sieve__Mithril__64mb__w1000.log,fail:134
w96.oracleGeneral.bin.zst,oracleGeneral,sieve,Mithril,64mb,10000,,,,,,,,,,,,,./results/cp_sweep_intensity/logs/w96.oracleGeneral.bin.zst__sieve__Mithril__64mb__w10000.log,fail:134
w97.oracleGeneral.bin.zst,oracleGeneral,lru,Mithril,16mb,100,0.8213,0.9500,3768450,716688,0,0,0,0,3811120,23360,1504,21856,./results/cp_sweep_intensity/logs/w97.oracleGeneral.bin.zst__lru__Mithril__16mb__w100.log,ok
w96.oracleGeneral.bin.zst,oracleGeneral,fifo,Mithril,1gb,1000,0.4833,0.5419,3787344,1224506,0,0,0,0,3009443,19110,3336,15774,./results/cp_sweep_intensity/logs/w96.oracleGeneral.bin.zst__fifo__Mithril__1gb__w1000.log,ok
w96.oracleGeneral.bin.zst,oracleGeneral,sieve,Mithril,1gb,100,0.4991,0.5654,3787344,1497790,60425,33422,21293,5710,3335249,6513,54,6459,./results/cp_sweep_intensity/logs/w96.oracleGeneral.bin.zst__sieve__Mithril__1gb__w100.log,ok
w96.oracleGeneral.bin.zst,oracleGeneral,fifo,Mithril,64mb,10000,,,,,,,,,,,,,./results/cp_sweep_intensity/logs/w96.oracleGeneral.bin.zst__fifo__Mithril__64mb__w10000.log,fail:134
w97.oracleGeneral.bin.zst,oracleGeneral,lru,Mithril,16mb,1000,0.8213,0.9500,3768450,716688,46324,31223,6377,8724,3811120,151056,16800,134256,./results/cp_sweep_intensity/logs/w97.oracleGeneral.bin.zst__lru__Mithril__16mb__w1000.log,ok
w96.oracleGeneral.bin.zst,oracleGeneral,sieve,Mithril,256mb,100,0.7022,0.7284,3787344,3034468,120728,70762,38298,11668,5681581,19034,382,18652,./results/cp_sweep_intensity/logs/w96.oracleGeneral.bin.zst__sieve__Mithril__256mb__w100.log,ok
w97.oracleGeneral.bin.zst,oracleGeneral,lru,Mithril,16mb,10000,0.8213,0.9500,3768450,716688,647208,408920,118446,119842,3811120,455824,48045,407779,./results/cp_sweep_intensity/logs/w97.oracleGeneral.bin.zst__lru__Mithril__16mb__w10000.log,ok
w97.oracleGeneral.bin.zst,oracleGeneral,lru,Mithril,64mb,100,0.7762,0.9361,3768450,648894,0,0,0,0,3571069,11035,573,10462,./results/cp_sweep_intensity/logs/w97.oracleGeneral.bin.zst__lru__Mithril__64mb__w100.log,ok
w97.oracleGeneral.bin.zst,oracleGeneral,lru,Mithril,256mb,100,0.7410,0.9241,3768450,532868,0,0,0,0,3315230,3222,42,3180,./results/cp_sweep_intensity/logs/w97.oracleGeneral.bin.zst__lru__Mithril__256mb__w100.log,ok
w97.oracleGeneral.bin.zst,oracleGeneral,lru,Mithril,64mb,1000,0.7762,0.9361,3768450,648894,0,0,0,0,3571069,81840,7978,73862,./results/cp_sweep_intensity/logs/w97.oracleGeneral.bin.zst__lru__Mithril__64mb__w1000.log,ok
w97.oracleGeneral.bin.zst,oracleGeneral,lru,Mithril,256mb,1000,0.7410,0.9241,3768450,532868,0,0,0,0,3315230,27238,873,26365,./results/cp_sweep_intensity/logs/w97.oracleGeneral.bin.zst__lru__Mithril__256mb__w1000.log,ok
w97.oracleGeneral.bin.zst,oracleGeneral,lru,Mithril,64mb,10000,0.7762,0.9361,3768450,648894,537112,343039,77502,116571,3571069,318059,54844,263215,./results/cp_sweep_intensity/logs/w97.oracleGeneral.bin.zst__lru__Mithril__64mb__w10000.log,ok
w97.oracleGeneral.bin.zst,oracleGeneral,lru,Mithril,1gb,100,0.6919,0.8937,3768450,486724,0,0,0,0,3056837,794,10,784,./results/cp_sweep_intensity/logs/w97.oracleGeneral.bin.zst__lru__Mithril__1gb__w100.log,ok
w94.oracleGeneral.bin.zst,oracleGeneral,lru,Mithril,256mb,10000,0.4063,0.3011,4118188,3088079,595519,189096,184293,222130,4750940,186615,59147,127468,./results/cp_sweep_intensity/logs/w94.oracleGeneral.bin.zst__lru__Mithril__256mb__w10000.log,ok
w96.oracleGeneral.bin.zst,oracleGeneral,sieve,Mithril,1gb,1000,0.4991,0.5654,3787344,1497790,270297,159950,89730,20617,3335249,41210,781,40429,./results/cp_sweep_intensity/logs/w96.oracleGeneral.bin.zst__sieve__Mithril__1gb__w1000.log,ok
w97.oracleGeneral.bin.zst,oracleGeneral,lru,Mithril,1gb,1000,0.6919,0.8937,3768450,486724,0,0,0,0,3056837,7392,178,7214,./results/cp_sweep_intensity/logs/w97.oracleGeneral.bin.zst__lru__Mithril__1gb__w1000.log,ok
w97.oracleGeneral.bin.zst,oracleGeneral,fifo,Mithril,16mb,100,0.8346,0.9531,3768450,737723,0,0,0,0,3882037,25029,2888,22141,./results/cp_sweep_intensity/logs/w97.oracleGeneral.bin.zst__fifo__Mithril__16mb__w100.log,ok
w94.oracleGeneral.bin.zst,oracleGeneral,sieve,Mithril,1gb,10000,0.3984,0.2976,4118188,2828383,498556,156781,168490,173285,4444454,721927,621801,100126,./results/cp_sweep_intensity/logs/w94.oracleGeneral.bin.zst__sieve__Mithril__1gb__w10000.log,ok
w97.oracleGeneral.bin.zst,oracleGeneral,fifo,Mithril,16mb,1000,0.8346,0.9531,3768450,737723,40335,26597,6495,7243,3882037,159033,22420,136613,./results/cp_sweep_intensity/logs/w97.oracleGeneral.bin.zst__fifo__Mithril__16mb__w1000.log,ok
w96.oracleGeneral.bin.zst,oracleGeneral,lru,Mithril,256mb,1000,0.6782,0.7205,3787344,2683921,0,0,0,0,5246097,96276,7337,88939,./results/cp_sweep_intensity/logs/w96.oracleGeneral.bin.zst__lru__Mithril__256mb__w1000.log,ok
w97.oracleGeneral.bin.zst,oracleGeneral,fifo,Mithril,64mb,100,0.7890,0.9390,3768450,663754,0,0,0,0,3634281,12318,1271,11047,./results/cp_sweep_intensity/logs/w97.oracleGeneral.bin.zst__fifo__Mithril__64mb__w100.log,ok
w94.oracleGeneral.bin.zst,oracleGeneral,fifo,Mithril,256mb,10000,0.4059,0.3004,4118188,3090563,585161,184919,180175,220067,4751570,188011,61347,126664,./results/cp_sweep_intensity/logs/w94.oracleGeneral.bin.zst__fifo__Mithril__256mb__w10000.log,ok
w97.oracleGeneral.bin.zst,oracleGeneral,fifo,Mithril,16mb,10000,0.8346,0.9531,3768450,737723,661420,409879,135971,115570,3882037,470976,54551,416425,./results/cp_sweep_intensity/logs/w97.oracleGeneral.bin.zst__fifo__Mithril__16mb__w10000.log,ok
w97.oracleGeneral.bin.zst,oracleGeneral,fifo,Mithril,256mb,100,0.7495,0.9257,3768450,554763,0,0,0,0,3368950,4700,528,4172,./results/cp_sweep_intensity/logs/w97.oracleGeneral.bin.zst__fifo__Mithril__256mb__w100.log,ok
w97.oracleGeneral.bin.zst,oracleGeneral,fifo,Mithril,64mb,1000,0.7890,0.9390,3768450,663754,0,0,0,0,3634281,88224,13695,74529,./results/cp_sweep_intensity/logs/w97.oracleGeneral.bin.zst__fifo__Mithril__64mb__w1000.log,ok
w97.oracleGeneral.bin.zst,oracleGeneral,fifo,Mithril,1gb,100,0.7024,0.8968,3768450,509918,0,0,0,0,3117885,1487,56,1431,./results/cp_sweep_intensity/logs/w97.oracleGeneral.bin.zst__fifo__Mithril__1gb__w100.log,ok
w97.oracleGeneral.bin.zst,oracleGeneral,fifo,Mithril,256mb,1000,0.7495,0.9257,3768450,554763,0,0,0,0,3368950,38421,5067,33354,./results/cp_sweep_intensity/logs/w97.oracleGeneral.bin.zst__fifo__Mithril__256mb__w1000.log,ok
w97.oracleGeneral.bin.zst,oracleGeneral,lru,Mithril,256mb,10000,0.7410,0.9241,3768450,532868,0,0,0,0,3315230,155044,29452,125592,./results/cp_sweep_intensity/logs/w97.oracleGeneral.bin.zst__lru__Mithril__256mb__w10000.log,ok
w97.oracleGeneral.bin.zst,oracleGeneral,sieve,Mithril,16mb,100,0.7967,0.9454,3768450,604404,55154,34638,14161,6355,3605777,20310,111,20199,./results/cp_sweep_intensity/logs/w97.oracleGeneral.bin.zst__sieve__Mithril__16mb__w100.log,ok
w97.oracleGeneral.bin.zst,oracleGeneral,sieve,Mithril,16mb,1000,0.7967,0.9454,3768450,604404,487046,315836,121261,49949,3605777,102621,1496,101125,./results/cp_sweep_intensity/logs/w97.oracleGeneral.bin.zst__sieve__Mithril__16mb__w1000.log,ok
w97.oracleGeneral.bin.zst,oracleGeneral,fifo,Mithril,1gb,1000,0.7024,0.8968,3768450,509918,0,0,0,0,3117885,13849,799,13050,./results/cp_sweep_intensity/logs/w97.oracleGeneral.bin.zst__fifo__Mithril__1gb__w1000.log,ok
w97.oracleGeneral.bin.zst,oracleGeneral,lru,Mithril,1gb,10000,0.6919,0.8937,3768450,486724,0,0,0,0,3056837,56132,4793,51339,./results/cp_sweep_intensity/logs/w97.oracleGeneral.bin.zst__lru__Mithril__1gb__w10000.log,ok
w97.oracleGeneral.bin.zst,oracleGeneral,sieve,Mithril,64mb,1000,0.7352,0.9262,3768450,412045,113912,74070,28487,11355,3178493,30376,424,29952,./results/cp_sweep_intensity/logs/w97.oracleGeneral.bin.zst__sieve__Mithril__64mb__w1000.log,ok
w97.oracleGeneral.bin.zst,oracleGeneral,sieve,Mithril,64mb,100,0.7352,0.9262,3768450,412045,12935,8177,3365,1393,3178493,5427,33,5394,./results/cp_sweep_intensity/logs/w97.oracleGeneral.bin.zst__sieve__Mithril__64mb__w100.log,ok
w97.oracleGeneral.bin.zst,oracleGeneral,sieve,Mithril,16mb,10000,0.7967,0.9454,3768450,604404,578014,371459,146401,60154,3605777,340062,10525,329537,./results/cp_sweep_intensity/logs/w97.oracleGeneral.bin.zst__sieve__Mithril__16mb__w10000.log,ok
w97.oracleGeneral.bin.zst,oracleGeneral,sieve,Mithril,256mb,100,0.7046,0.9145,3768450,295083,2045,1173,700,172,2934899,737,3,734,./results/cp_sweep_intensity/logs/w97.oracleGeneral.bin.zst__sieve__Mithril__256mb__w100.log,ok
w97.oracleGeneral.bin.zst,oracleGeneral,sieve,Mithril,1gb,100,0.6671,0.8825,3768450,315267,625,235,343,47,2766343,316,3,313,./results/cp_sweep_intensity/logs/w97.oracleGeneral.bin.zst__sieve__Mithril__1gb__w100.log,ok
w96.oracleGeneral.bin.zst,oracleGeneral,fifo,Mithril,256mb,1000,0.6830,0.7260,3787344,2719233,0,0,0,0,5299891,109982,17598,92384,./results/cp_sweep_intensity/logs/w96.oracleGeneral.bin.zst__fifo__Mithril__256mb__w1000.log,ok
w97.oracleGeneral.bin.zst,oracleGeneral,sieve,Mithril,256mb,1000,0.7046,0.9145,3768450,295083,21590,13106,6769,1715,2934899,5522,55,5467,./results/cp_sweep_intensity/logs/w97.oracleGeneral.bin.zst__sieve__Mithril__256mb__w1000.log,ok
w97.oracleGeneral.bin.zst,oracleGeneral,fifo,Mithril,64mb,10000,0.7890,0.9390,3768450,663754,539533,340842,83164,115527,3634281,329892,65939,263953,./results/cp_sweep_intensity/logs/w97.oracleGeneral.bin.zst__fifo__Mithril__64mb__w10000.log,ok
w97.oracleGeneral.bin.zst,oracleGeneral,sieve,Mithril,64mb,10000,0.7352,0.9262,3768450,412045,386698,250546,101275,34877,3178493,118979,4096,114883,./results/cp_sweep_intensity/logs/w97.oracleGeneral.bin.zst__sieve__Mithril__64mb__w10000.log,ok
w97.oracleGeneral.bin.zst,oracleGeneral,sieve,Mithril,1gb,1000,0.6671,0.8825,3768450,315267,5798,2255,3171,372,2766343,2287,61,2226,./results/cp_sweep_intensity/logs/w97.oracleGeneral.bin.zst__sieve__Mithril__1gb__w1000.log,ok
w98.oracleGeneral.bin.zst,oracleGeneral,lru,Mithril,16mb,100,0.8206,0.9487,3664418,696102,0,0,0,0,3702370,22167,1449,20718,./results/cp_sweep_intensity/logs/w98.oracleGeneral.bin.zst__lru__Mithril__16mb__w100.log,ok
w97.oracleGeneral.bin.zst,oracleGeneral,sieve,Mithril,256mb,10000,0.7046,0.9145,3768450,295083,180748,115995,51322,13431,2934899,28258,765,27493,./results/cp_sweep_intensity/logs/w97.oracleGeneral.bin.zst__sieve__Mithril__256mb__w10000.log,ok
w98.oracleGeneral.bin.zst,oracleGeneral,lru,Mithril,16mb,1000,0.8206,0.9487,3664418,696102,58146,41081,8323,8742,3702370,146758,17080,129678,./results/cp_sweep_intensity/logs/w98.oracleGeneral.bin.zst__lru__Mithril__16mb__w1000.log,ok
w98.oracleGeneral.bin.zst,oracleGeneral,lru,Mithril,64mb,100,0.7743,0.9340,3664418,640438,0,0,0,0,3475309,10754,699,10055,./results/cp_sweep_intensity/logs/w98.oracleGeneral.bin.zst__lru__Mithril__64mb__w100.log,ok
w97.oracleGeneral.bin.zst,oracleGeneral,fifo,Mithril,256mb,10000,0.7495,0.9257,3768450,554763,0,0,0,0,3368950,180550,43537,137013,./results/cp_sweep_intensity/logs/w97.oracleGeneral.bin.zst__fifo__Mithril__256mb__w10000.log,ok
w98.oracleGeneral.bin.zst,oracleGeneral,lru,Mithril,256mb,100,0.7369,0.9209,3664418,549011,0,0,0,0,3239999,3290,52,3238,./results/cp_sweep_intensity/logs/w98.oracleGeneral.bin.zst__lru__Mithril__256mb__w100.log,ok
w98.oracleGeneral.bin.zst,oracleGeneral,lru,Mithril,16mb,10000,0.8206,0.9487,3664418,696102,629301,403311,117861,108129,3702370,437375,46597,390778,./results/cp_sweep_intensity/logs/w98.oracleGeneral.bin.zst__lru__Mithril__16mb__w10000.log,ok
w97.oracleGeneral.bin.zst,oracleGeneral,fifo,Mithril,1gb,10000,0.7024,0.8968,3768450,509918,0,0,0,0,3117885,76612,11741,64871,./results/cp_sweep_intensity/logs/w97.oracleGeneral.bin.zst__fifo__Mithril__1gb__w10000.log,ok
w98.oracleGeneral.bin.zst,oracleGeneral,lru,Mithril,64mb,1000,0.7743,0.9340,3664418,640438,0,0,0,0,3475309,81001,8561,72440,./results/cp_sweep_intensity/logs/w98.oracleGeneral.bin.zst__lru__Mithril__64mb__w1000.log,ok
w98.oracleGeneral.bin.zst,oracleGeneral,lru,Mithril,256mb,1000,0.7369,0.9209,3664418,549011,0,0,0,0,3239999,27349,795,26554,./results/cp_sweep_intensity/logs/w98.oracleGeneral.bin.zst__lru__Mithril__256mb__w1000.log,ok
w98.oracleGeneral.bin.zst,oracleGeneral,lru,Mithril,1gb,100,0.6898,0.8918,3664418,493157,0,0,0,0,2986898,836,11,825,./results/cp_sweep_intensity/logs/w98.oracleGeneral.bin.zst__lru__Mithril__1gb__w100.log,ok
w97.oracleGeneral.bin.zst,oracleGeneral,sieve,Mithril,1gb,10000,0.6671,0.8825,3768450,315267,55102,22225,30178,2699,2766343,12860,739,12121,./results/cp_sweep_intensity/logs/w97.oracleGeneral.bin.zst__sieve__Mithril__1gb__w10000.log,ok
w96.oracleGeneral.bin.zst,oracleGeneral,sieve,Mithril,256mb,1000,0.7022,0.7284,3787344,3034468,849002,545741,238211,65050,5681581,129592,4708,124884,./results/cp_sweep_intensity/logs/w96.oracleGeneral.bin.zst__sieve__Mithril__256mb__w1000.log,ok
w98.oracleGeneral.bin.zst,oracleGeneral,lru,Mithril,1gb,1000,0.6898,0.8918,3664418,493157,0,0,0,0,2986898,7842,224,7618,./results/cp_sweep_intensity/logs/w98.oracleGeneral.bin.zst__lru__Mithril__1gb__w1000.log,ok
w94.oracleGeneral.bin.zst,oracleGeneral,fifo,Mithril,1gb,10000,0.3902,0.2839,4118188,2898159,132530,32956,51800,47774,4476606,732479,645117,87362,./results/cp_sweep_intensity/logs/w94.oracleGeneral.bin.zst__fifo__Mithril__1gb__w10000.log,ok
w98.oracleGeneral.bin.zst,oracleGeneral,fifo,Mithril,16mb,100,0.8338,0.9519,3664418,729364,0,0,0,0,3783886,24950,2457,22493,./results/cp_sweep_intensity/logs/w98.oracleGeneral.bin.zst__fifo__Mithril__16mb__w100.log,ok
w94.oracleGeneral.bin.zst,oracleGeneral,lru,Mithril,1gb,10000,0.3911,0.2853,4118188,2894633,135241,32516,53179,49546,4477126,729740,641260,88480,./results/cp_sweep_intensity/logs/w94.oracleGeneral.bin.zst__lru__Mithril__1gb__w10000.log,ok
w98.oracleGeneral.bin.zst,oracleGeneral,fifo,Mithril,16mb,1000,0.8338,0.9519,3664418,729364,53862,36524,9252,8086,3783886,160718,22022,138696,./results/cp_sweep_intensity/logs/w98.oracleGeneral.bin.zst__fifo__Mithril__16mb__w1000.log,ok
w98.oracleGeneral.bin.zst,oracleGeneral,fifo,Mithril,64mb,100,0.7879,0.9369,3664418,657648,0,0,0,0,3542174,12108,1425,10683,./results/cp_sweep_intensity/logs/w98.oracleGeneral.bin.zst__fifo__Mithril__64mb__w100.log,ok
w98.oracleGeneral.bin.zst,oracleGeneral,fifo,Mithril,64mb,1000,0.7879,0.9369,3664418,657648,0,0,0,0,3542174,87951,14605,73346,./results/cp_sweep_intensity/logs/w98.oracleGeneral.bin.zst__fifo__Mithril__64mb__w1000.log,ok
w98.oracleGeneral.bin.zst,oracleGeneral,fifo,Mithril,256mb,100,0.7456,0.9232,3664418,573080,0,0,0,0,3296459,5078,476,4602,./results/cp_sweep_intensity/logs/w98.oracleGeneral.bin.zst__fifo__Mithril__256mb__w100.log,ok
w98.oracleGeneral.bin.zst,oracleGeneral,fifo,Mithril,16mb,10000,0.8338,0.9519,3664418,729364,655294,406497,137389,111408,3783886,462367,53243,409124,./results/cp_sweep_intensity/logs/w98.oracleGeneral.bin.zst__fifo__Mithril__16mb__w10000.log,ok
w98.oracleGeneral.bin.zst,oracleGeneral,fifo,Mithril,1gb,100,0.6999,0.8944,3664418,513336,0,0,0,0,3043692,1542,50,1492,./results/cp_sweep_intensity/logs/w98.oracleGeneral.bin.zst__fifo__Mithril__1gb__w100.log,ok
w98.oracleGeneral.bin.zst,oracleGeneral,lru,Mithril,64mb,10000,0.7743,0.9340,3664418,640438,532514,346359,75185,110970,3475309,311184,52762,258422,./results/cp_sweep_intensity/logs/w98.oracleGeneral.bin.zst__lru__Mithril__64mb__w10000.log,ok
w98.oracleGeneral.bin.zst,oracleGeneral,sieve,Mithril,16mb,100,0.7962,0.9437,3664418,603706,62284,42094,14445,5745,3519948,15063,181,14882,./results/cp_sweep_intensity/logs/w98.oracleGeneral.bin.zst__sieve__Mithril__16mb__w100.log,ok
w98.oracleGeneral.bin.zst,oracleGeneral,fifo,Mithril,256mb,1000,0.7456,0.9232,3664418,573080,0,0,0,0,3296459,39162,5202,33960,./results/cp_sweep_intensity/logs/w98.oracleGeneral.bin.zst__fifo__Mithril__256mb__w1000.log,ok
w98.oracleGeneral.bin.zst,oracleGeneral,fifo,Mithril,1gb,1000,0.6999,0.8944,3664418,513336,0,0,0,0,3043692,13217,820,12397,./results/cp_sweep_intensity/logs/w98.oracleGeneral.bin.zst__fifo__Mithril__1gb__w1000.log,ok
w98.oracleGeneral.bin.zst,oracleGeneral,sieve,Mithril,16mb,1000,0.7962,0.9437,3664418,603706,505890,348138,112816,44936,3519948,90318,1523,88795,./results/cp_sweep_intensity/logs/w98.oracleGeneral.bin.zst__sieve__Mithril__16mb__w1000.log,ok
w99.oracleGeneral.bin.zst,oracleGeneral,lru,Mithril,16mb,100,,,,,,,,,,,,,./results/cp_sweep_intensity/logs/w99.oracleGeneral.bin.zst__lru__Mithril__16mb__w100.log,fail:134
w98.oracleGeneral.bin.zst,oracleGeneral,sieve,Mithril,64mb,100,0.7351,0.9240,3664418,426832,14205,9160,3437,1608,3116555,5107,27,5080,./results/cp_sweep_intensity/logs/w98.oracleGeneral.bin.zst__sieve__Mithril__64mb__w100.log,ok
w99.oracleGeneral.bin.zst,oracleGeneral,lru,Mithril,16mb,1000,,,,,,,,,,,,,./results/cp_sweep_intensity/logs/w99.oracleGeneral.bin.zst__lru__Mithril__16mb__w1000.log,fail:134
w99.oracleGeneral.bin.zst,oracleGeneral,lru,Mithril,64mb,100,,,,,,,,,,,,,./results/cp_sweep_intensity/logs/w99.oracleGeneral.bin.zst__lru__Mithril__64mb__w100.log,fail:134
w99.oracleGeneral.bin.zst,oracleGeneral,lru,Mithril,64mb,1000,,,,,,,,,,,,,./results/cp_sweep_intensity/logs/w99.oracleGeneral.bin.zst__lru__Mithril__64mb__w1000.log,fail:134
w99.oracleGeneral.bin.zst,oracleGeneral,lru,Mithril,64mb,10000,,,,,,,,,,,,,./results/cp_sweep_intensity/logs/w99.oracleGeneral.bin.zst__lru__Mithril__64mb__w10000.log,fail:134
w98.oracleGeneral.bin.zst,oracleGeneral,sieve,Mithril,64mb,1000,0.7351,0.9240,3664418,426832,128406,84775,31467,12164,3116555,31571,377,31194,./results/cp_sweep_intensity/logs/w98.oracleGeneral.bin.zst__sieve__Mithril__64mb__w1000.log,ok
w99.oracleGeneral.bin.zst,oracleGeneral,lru,Mithril,16mb,10000,,,,,,,,,,,,,./results/cp_sweep_intensity/logs/w99.oracleGeneral.bin.zst__lru__Mithril__16mb__w10000.log,fail:134
w98.oracleGeneral.bin.zst,oracleGeneral,sieve,Mithril,256mb,100,0.6999,0.9113,3664418,322022,2496,1294,981,221,2875424,877,6,871,./results/cp_sweep_intensity/logs/w98.oracleGeneral.bin.zst__sieve__Mithril__256mb__w100.log,ok
w98.oracleGeneral.bin.zst,oracleGeneral,sieve,Mithril,16mb,10000,0.7962,0.9437,3664418,603706,580230,395230,132388,52612,3519948,333969,9404,324565,./results/cp_sweep_intensity/logs/w98.oracleGeneral.bin.zst__sieve__Mithril__16mb__w10000.log,ok
w98.oracleGeneral.bin.zst,oracleGeneral,sieve,Mithril,1gb,100,0.6630,0.8788,3664418,324228,572,194,345,33,2689652,221,5,216,./results/cp_sweep_intensity/logs/w98.oracleGeneral.bin.zst__sieve__Mithril__1gb__w100.log,ok
w98.oracleGeneral.bin.zst,oracleGeneral,sieve,Mithril,256mb,1000,0.6999,0.9113,3664418,322022,23160,12824,8364,1972,2875424,6767,74,6693,./results/cp_sweep_intensity/logs/w98.oracleGeneral.bin.zst__sieve__Mithril__256mb__w1000.log,ok
w99.oracleGeneral.bin.zst,oracleGeneral,fifo,Mithril,16mb,100,,,,,,,,,,,,,./results/cp_sweep_intensity/logs/w99.oracleGeneral.bin.zst__fifo__Mithril__16mb__w100.log,fail:134
w99.oracleGeneral.bin.zst,oracleGeneral,fifo,Mithril,16mb,1000,,,,,,,,,,,,,./results/cp_sweep_intensity/logs/w99.oracleGeneral.bin.zst__fifo__Mithril__16mb__w1000.log,fail:134
w98.oracleGeneral.bin.zst,oracleGeneral,lru,Mithril,256mb,10000,0.7369,0.9209,3664418,549011,0,0,0,0,3239999,154370,28431,125939,./results/cp_sweep_intensity/logs/w98.oracleGeneral.bin.zst__lru__Mithril__256mb__w10000.log,ok
w99.oracleGeneral.bin.zst,oracleGeneral,fifo,Mithril,64mb,100,,,,,,,,,,,,,./results/cp_sweep_intensity/logs/w99.oracleGeneral.bin.zst__fifo__Mithril__64mb__w100.log,fail:134
w98.oracleGeneral.bin.zst,oracleGeneral,sieve,Mithril,1gb,1000,0.6630,0.8788,3664418,324228,5980,2422,3249,309,2689652,2010,44,1966,./results/cp_sweep_intensity/logs/w98.oracleGeneral.bin.zst__sieve__Mithril__1gb__w1000.log,ok
w99.oracleGeneral.bin.zst,oracleGeneral,fifo,Mithril,64mb,1000,,,,,,,,,,,,,./results/cp_sweep_intensity/logs/w99.oracleGeneral.bin.zst__fifo__Mithril__64mb__w1000.log,fail:134
w98.oracleGeneral.bin.zst,oracleGeneral,sieve,Mithril,64mb,10000,0.7351,0.9240,3664418,426832,401944,262940,104295,34709,3116555,125373,3898,121475,./results/cp_sweep_intensity/logs/w98.oracleGeneral.bin.zst__sieve__Mithril__64mb__w10000.log,ok
w99.oracleGeneral.bin.zst,oracleGeneral,fifo,Mithril,64mb,10000,,,,,,,,,,,,,./results/cp_sweep_intensity/logs/w99.oracleGeneral.bin.zst__fifo__Mithril__64mb__w10000.log,fail:134
w99.oracleGeneral.bin.zst,oracleGeneral,fifo,Mithril,16mb,10000,,,,,,,,,,,,,./results/cp_sweep_intensity/logs/w99.oracleGeneral.bin.zst__fifo__Mithril__16mb__w10000.log,fail:134
w99.oracleGeneral.bin.zst,oracleGeneral,lru,Mithril,256mb,100,0.3021,0.4452,3660840,1409141,0,0,0,0,2512201,523,283,240,./results/cp_sweep_intensity/logs/w99.oracleGeneral.bin.zst__lru__Mithril__256mb__w100.log,ok
w98.oracleGeneral.bin.zst,oracleGeneral,lru,Mithril,1gb,10000,0.6898,0.8918,3664418,493157,0,0,0,0,2986898,57739,4565,53174,./results/cp_sweep_intensity/logs/w98.oracleGeneral.bin.zst__lru__Mithril__1gb__w10000.log,ok
w98.oracleGeneral.bin.zst,oracleGeneral,fifo,Mithril,64mb,10000,0.7879,0.9369,3664418,657648,535698,342963,82982,109753,3542174,323969,64120,259849,./results/cp_sweep_intensity/logs/w98.oracleGeneral.bin.zst__fifo__Mithril__64mb__w10000.log,ok
w99.oracleGeneral.bin.zst,oracleGeneral,lru,Mithril,1gb,100,0.2970,0.4418,3660840,1342144,0,0,0,0,2415952,24,3,21,./results/cp_sweep_intensity/logs/w99.oracleGeneral.bin.zst__lru__Mithril__1gb__w100.log,ok
w99.oracleGeneral.bin.zst,oracleGeneral,lru,Mithril,256mb,1000,0.3021,0.4452,3660840,1409141,0,0,0,0,2512201,3464,1558,1906,./results/cp_sweep_intensity/logs/w99.oracleGeneral.bin.zst__lru__Mithril__256mb__w1000.log,ok
w99.oracleGeneral.bin.zst,oracleGeneral,sieve,Mithril,16mb,100,,,,,,,,,,,,,./results/cp_sweep_intensity/logs/w99.oracleGeneral.bin.zst__sieve__Mithril__16mb__w100.log,fail:134
w99.oracleGeneral.bin.zst,oracleGeneral,sieve,Mithril,16mb,1000,,,,,,,,,,,,,./results/cp_sweep_intensity/logs/w99.oracleGeneral.bin.zst__sieve__Mithril__16mb__w1000.log,fail:134
w99.oracleGeneral.bin.zst,oracleGeneral,sieve,Mithril,16mb,10000,,,,,,,,,,,,,./results/cp_sweep_intensity/logs/w99.oracleGeneral.bin.zst__sieve__Mithril__16mb__w10000.log,fail:134
w99.oracleGeneral.bin.zst,oracleGeneral,lru,Mithril,1gb,1000,0.2970,0.4418,3660840,1342144,0,0,0,0,2415952,236,53,183,./results/cp_sweep_intensity/logs/w99.oracleGeneral.bin.zst__lru__Mithril__1gb__w1000.log,ok
w98.oracleGeneral.bin.zst,oracleGeneral,sieve,Mithril,256mb,10000,0.6999,0.9113,3664418,322022,194877,121686,58758,14433,2875424,32652,999,31653,./results/cp_sweep_intensity/logs/w98.oracleGeneral.bin.zst__sieve__Mithril__256mb__w10000.log,ok
w99.oracleGeneral.bin.zst,oracleGeneral,sieve,Mithril,64mb,100,,,,,,,,,,,,,./results/cp_sweep_intensity/logs/w99.oracleGeneral.bin.zst__sieve__Mithril__64mb__w100.log,fail:134
w99.oracleGeneral.bin.zst,oracleGeneral,sieve,Mithril,64mb,1000,,,,,,,,,,,,,./results/cp_sweep_intensity/logs/w99.oracleGeneral.bin.zst__sieve__Mithril__64mb__w1000.log,fail:134
w99.oracleGeneral.bin.zst,oracleGeneral,sieve,Mithril,64mb,10000,,,,,,,,,,,,,./results/cp_sweep_intensity/logs/w99.oracleGeneral.bin.zst__sieve__Mithril__64mb__w10000.log,fail:134
w98.oracleGeneral.bin.zst,oracleGeneral,sieve,Mithril,1gb,10000,0.6630,0.8788,3664418,324228,60639,22158,35898,2583,2689652,13135,718,12417,./results/cp_sweep_intensity/logs/w98.oracleGeneral.bin.zst__sieve__Mithril__1gb__w10000.log,ok
w99.oracleGeneral.bin.zst,oracleGeneral,fifo,Mithril,256mb,100,0.3025,0.4450,3660840,1404091,0,0,0,0,2508856,617,327,290,./results/cp_sweep_intensity/logs/w99.oracleGeneral.bin.zst__fifo__Mithril__256mb__w100.log,ok
w99.oracleGeneral.bin.zst,oracleGeneral,fifo,Mithril,1gb,100,0.2976,0.4421,3660840,1345470,0,0,0,0,2421284,121,67,54,./results/cp_sweep_intensity/logs/w99.oracleGeneral.bin.zst__fifo__Mithril__1gb__w100.log,ok
w98.oracleGeneral.bin.zst,oracleGeneral,fifo,Mithril,256mb,10000,0.7456,0.9232,3664418,573080,0,0,0,0,3296459,179913,42278,137635,./results/cp_sweep_intensity/logs/w98.oracleGeneral.bin.zst__fifo__Mithril__256mb__w10000.log,ok
w99.oracleGeneral.bin.zst,oracleGeneral,fifo,Mithril,1gb,1000,0.2976,0.4421,3660840,1345470,0,0,0,0,2421284,888,424,464,./results/cp_sweep_intensity/logs/w99.oracleGeneral.bin.zst__fifo__Mithril__1gb__w1000.log,ok
w99.oracleGeneral.bin.zst,oracleGeneral,fifo,Mithril,256mb,1000,0.3025,0.4450,3660840,1404091,0,0,0,0,2508856,4370,1914,2456,./results/cp_sweep_intensity/logs/w99.oracleGeneral.bin.zst__fifo__Mithril__256mb__w1000.log,ok
w99.oracleGeneral.bin.zst,oracleGeneral,sieve,Mithril,1gb,1000,0.2983,0.4441,3660840,1324475,2781,469,2114,198,2404219,433,79,354,./results/cp_sweep_intensity/logs/w99.oracleGeneral.bin.zst__sieve__Mithril__1gb__w1000.log,ok
w99.oracleGeneral.bin.zst,oracleGeneral,lru,Mithril,256mb,10000,0.3021,0.4452,3660840,1409141,38221,3350,31009,3862,2512201,21837,12795,9042,./results/cp_sweep_intensity/logs/w99.oracleGeneral.bin.zst__lru__Mithril__256mb__w10000.log,ok
w99.oracleGeneral.bin.zst,oracleGeneral,sieve,Mithril,256mb,100,0.3036,0.4458,3660840,1394379,2745,1135,1077,533,2503221,2073,394,1679,./results/cp_sweep_intensity/logs/w99.oracleGeneral.bin.zst__sieve__Mithril__256mb__w100.log,ok
w99.oracleGeneral.bin.zst,oracleGeneral,sieve,Mithril,1gb,100,0.2983,0.4441,3660840,1324475,401,103,258,40,2404219,94,20,74,./results/cp_sweep_intensity/logs/w99.oracleGeneral.bin.zst__sieve__Mithril__1gb__w100.log,ok
w99.oracleGeneral.bin.zst,oracleGeneral,fifo,Mithril,256mb,10000,0.3025,0.4450,3660840,1404091,37658,3502,30599,3557,2508856,21774,11418,10356,./results/cp_sweep_intensity/logs/w99.oracleGeneral.bin.zst__fifo__Mithril__256mb__w10000.log,ok
w99.oracleGeneral.bin.zst,oracleGeneral,lru,Mithril,1gb,10000,0.2970,0.4418,3660840,1342144,0,0,0,0,2415952,2466,681,1785,./results/cp_sweep_intensity/logs/w99.oracleGeneral.bin.zst__lru__Mithril__1gb__w10000.log,ok
w99.oracleGeneral.bin.zst,oracleGeneral,sieve,Mithril,256mb,1000,0.3036,0.4458,3660840,1394379,18967,5490,10107,3370,2503221,6475,1612,4863,./results/cp_sweep_intensity/logs/w99.oracleGeneral.bin.zst__sieve__Mithril__256mb__w1000.log,ok
w98.oracleGeneral.bin.zst,oracleGeneral,fifo,Mithril,1gb,10000,0.6999,0.8944,3664418,513336,0,0,0,0,3043692,77125,11343,65782,./results/cp_sweep_intensity/logs/w98.oracleGeneral.bin.zst__fifo__Mithril__1gb__w10000.log,ok
w99.oracleGeneral.bin.zst,oracleGeneral,sieve,Mithril,1gb,10000,0.2983,0.4441,3660840,1324475,29449,3537,23530,2382,2404219,6273,3812,2461,./results/cp_sweep_intensity/logs/w99.oracleGeneral.bin.zst__sieve__Mithril__1gb__w10000.log,ok
w99.oracleGeneral.bin.zst,oracleGeneral,sieve,Mithril,256mb,10000,0.3036,0.4458,3660840,1394379,78780,20358,40649,17773,2503221,22617,9519,13098,./results/cp_sweep_intensity/logs/w99.oracleGeneral.bin.zst__sieve__Mithril__256mb__w10000.log,ok
w99.oracleGeneral.bin.zst,oracleGeneral,fifo,Mithril,1gb,10000,0.2976,0.4421,3660840,1345470,0,0,0,0,2421284,5087,2342,2745,./results/cp_sweep_intensity/logs/w99.oracleGeneral.bin.zst__fifo__Mithril__1gb__w10000.log,ok
w96.oracleGeneral.bin.zst,oracleGeneral,sieve,Mithril,1gb,10000,0.4991,0.5654,3787344,1497790,869852,484769,330629,54454,3335249,287207,19510,267697,./results/cp_sweep_intensity/logs/w96.oracleGeneral.bin.zst__sieve__Mithril__1gb__w10000.log,ok
w96.oracleGeneral.bin.zst,oracleGeneral,lru,Mithril,1gb,10000,0.4678,0.5253,3787344,1170165,0,0,0,0,2895202,109140,11252,97888,./results/cp_sweep_intensity/logs/w96.oracleGeneral.bin.zst__lru__Mithril__1gb__w10000.log,ok
w96.oracleGeneral.bin.zst,oracleGeneral,fifo,Mithril,1gb,10000,0.4833,0.5419,3787344,1224506,0,0,0,0,3009443,140142,23454,116688,./results/cp_sweep_intensity/logs/w96.oracleGeneral.bin.zst__fifo__Mithril__1gb__w10000.log,ok
w96.oracleGeneral.bin.zst,oracleGeneral,sieve,Mithril,256mb,10000,0.7022,0.7284,3787344,3034468,2702975,1820145,676576,206254,5681581,841378,64713,776665,./results/cp_sweep_intensity/logs/w96.oracleGeneral.bin.zst__sieve__Mithril__256mb__w10000.log,ok
w96.oracleGeneral.bin.zst,oracleGeneral,fifo,Mithril,256mb,10000,0.6830,0.7260,3787344,2719233,633110,315481,253396,64233,5299891,702676,168090,534586,./results/cp_sweep_intensity/logs/w96.oracleGeneral.bin.zst__fifo__Mithril__256mb__w10000.log,ok
w96.oracleGeneral.bin.zst,oracleGeneral,lru,Mithril,256mb,10000,0.6782,0.7205,3787344,2683921,670338,339438,263509,67391,5246097,671519,142496,529023,./results/cp_sweep_intensity/logs/w96.oracleGeneral.bin.zst__lru__Mithril__256mb__w10000.log,ok
w11.oracleGeneral.bin.zst,oracleGeneral,sieve,Mithril,1gb,10000,0.6509,0.6346,46173369,62629857,37400524,25260049,6234740,5905735,92654326,4406196,457457,3948739,./results/cp_sweep_intensity/logs/w11.oracleGeneral.bin.zst__sieve__Mithril__1gb__w10000.log,ok
w11.oracleGeneral.bin.zst,oracleGeneral,fifo,Mithril,1gb,10000,0.6452,0.6441,46173369,60736886,0,0,0,0,90497706,4126178,692061,3434117,./results/cp_sweep_intensity/logs/w11.oracleGeneral.bin.zst__fifo__Mithril__1gb__w10000.log,ok
w11.oracleGeneral.bin.zst,oracleGeneral,lru,Mithril,1gb,10000,0.6428,0.6349,46173369,60654009,0,0,0,0,90305498,4042250,655846,3386404,./results/cp_sweep_intensity/logs/w11.oracleGeneral.bin.zst__lru__Mithril__1gb__w10000.log,ok
w02.oracleGeneral.bin.zst,oracleGeneral,sieve,Mithril,1gb,10000,0.1743,0.1412,122181000,178734766,53719781,27283736,1032018,25404027,200014995,25833715,7306494,18527221,./results/cp_sweep_intensity/logs/w02.oracleGeneral.bin.zst__sieve__Mithril__1gb__w10000.log,ok
w02.oracleGeneral.bin.zst,oracleGeneral,fifo,Mithril,256mb,10000,0.1623,0.1244,122181000,202132011,100491228,46937380,1866991,51686857,221956385,30176051,6855934,23320117,./results/cp_sweep_intensity/logs/w02.oracleGeneral.bin.zst__fifo__Mithril__256mb__w10000.log,ok
w02.oracleGeneral.bin.zst,oracleGeneral,lru,Mithril,256mb,10000,0.1621,0.1243,122181000,202058826,100448058,46955670,1816450,51675938,221852652,30026846,6836708,23190138,./results/cp_sweep_intensity/logs/w02.oracleGeneral.bin.zst__lru__Mithril__256mb__w10000.log,ok
w02.oracleGeneral.bin.zst,oracleGeneral,lru,Mithril,1gb,10000,0.1466,0.1160,122181000,174216939,0,0,0,0,192108715,22323883,8365762,13958121,./results/cp_sweep_intensity/logs/w02.oracleGeneral.bin.zst__lru__Mithril__1gb__w10000.log,ok
w02.oracleGeneral.bin.zst,oracleGeneral,fifo,Mithril,1gb,10000,0.1468,0.1163,122181000,174247061,0,0,0,0,192153455,23236857,8261371,14975486,./results/cp_sweep_intensity/logs/w02.oracleGeneral.bin.zst__fifo__Mithril__1gb__w10000.log,ok
