trace,trace_type,eviction,prefetcher,cache_size,wss_byte,wss_frac,miss_ratio,byte_miss_ratio,n_req,log_path,status
w04.oracleGeneral.bin.zst,oracleGeneral,sieve,none,17851412730,1785141273088,0.01,0.4653,0.6928,77764582,/users/varuncg/libCacheSim/results/cp_wss01_prefetch/logs/w04.oracleGeneral.bin.zst__sieve__noprefetch__17851412730.log,ok
w04.oracleGeneral.bin.zst,oracleGeneral,sieve,OBL,17851412730,1785141273088,0.01,0.4653,0.6928,77764582,/users/varuncg/libCacheSim/results/cp_wss01_prefetch/logs/w04.oracleGeneral.bin.zst__sieve__OBL__17851412730.log,ok
w04.oracleGeneral.bin.zst,oracleGeneral,lru,none,17851412730,1785141273088,0.01,0.4813,0.6998,77764582,/users/varuncg/libCacheSim/results/cp_wss01_prefetch/logs/w04.oracleGeneral.bin.zst__lru__noprefetch__17851412730.log,ok
w04.oracleGeneral.bin.zst,oracleGeneral,lru,OBL,17851412730,1785141273088,0.01,0.4813,0.6998,77764582,/users/varuncg/libCacheSim/results/cp_wss01_prefetch/logs/w04.oracleGeneral.bin.zst__lru__OBL__17851412730.log,ok
w03.oracleGeneral.bin.zst,oracleGeneral,sieve,none,19190377932,1919037793280,0.01,0.6156,0.8314,84712978,/users/varuncg/libCacheSim/results/cp_wss01_prefetch/logs/w03.oracleGeneral.bin.zst__sieve__noprefetch__19190377932.log,ok
w03.oracleGeneral.bin.zst,oracleGeneral,lru,OBL,19190377932,1919037793280,0.01,0.6325,0.8372,84712978,/users/varuncg/libCacheSim/results/cp_wss01_prefetch/logs/w03.oracleGeneral.bin.zst__lru__OBL__19190377932.log,ok
w03.oracleGeneral.bin.zst,oracleGeneral,sieve,OBL,19190377932,1919037793280,0.01,0.6156,0.8314,84712978,/users/varuncg/libCacheSim/results/cp_wss01_prefetch/logs/w03.oracleGeneral.bin.zst__sieve__OBL__19190377932.log,ok
w03.oracleGeneral.bin.zst,oracleGeneral,lru,none,19190377932,1919037793280,0.01,0.6325,0.8372,84712978,/users/varuncg/libCacheSim/results/cp_wss01_prefetch/logs/w03.oracleGeneral.bin.zst__lru__noprefetch__19190377932.log,ok
w02.oracleGeneral.bin.zst,oracleGeneral,sieve,none,209842984,20984298496,0.01,0.9391,0.9872,122181000,/users/varuncg/libCacheSim/results/cp_wss01_prefetch/logs/w02.oracleGeneral.bin.zst__sieve__noprefetch__209842984.log,ok
w02.oracleGeneral.bin.zst,oracleGeneral,sieve,OBL,209842984,20984298496,0.01,0.9391,0.9872,122181000,/users/varuncg/libCacheSim/results/cp_wss01_prefetch/logs/w02.oracleGeneral.bin.zst__sieve__OBL__209842984.log,ok
w02.oracleGeneral.bin.zst,oracleGeneral,lru,none,209842984,20984298496,0.01,0.9892,0.9979,122181000,/users/varuncg/libCacheSim/results/cp_wss01_prefetch/logs/w02.oracleGeneral.bin.zst__lru__noprefetch__209842984.log,ok
w02.oracleGeneral.bin.zst,oracleGeneral,lru,OBL,209842984,20984298496,0.01,0.9892,0.9979,122181000,/users/varuncg/libCacheSim/results/cp_wss01_prefetch/logs/w02.oracleGeneral.bin.zst__lru__OBL__209842984.log,ok
w01.oracleGeneral.bin.zst,oracleGeneral,lru,Mithril,6859525155,685952515584,0.01,,,,/users/varuncg/libCacheSim/results/cp_wss01_prefetch/logs/w01.oracleGeneral.bin.zst__lru__Mithril__6859525155.log,fail:134
w05.oracleGeneral.bin.zst,oracleGeneral,sieve,none,15429059020,1542905902080,0.01,0.8384,0.9632,73034546,/users/varuncg/libCacheSim/results/cp_wss01_prefetch/logs/w05.oracleGeneral.bin.zst__sieve__noprefetch__15429059020.log,ok
w05.oracleGeneral.bin.zst,oracleGeneral,lru,none,15429059020,1542905902080,0.01,0.8222,0.9578,73034546,/users/varuncg/libCacheSim/results/cp_wss01_prefetch/logs/w05.oracleGeneral.bin.zst__lru__noprefetch__15429059020.log,ok
w05.oracleGeneral.bin.zst,oracleGeneral,lru,OBL,15429059020,1542905902080,0.01,0.8129,0.9577,73034546,/users/varuncg/libCacheSim/results/cp_wss01_prefetch/logs/w05.oracleGeneral.bin.zst__lru__OBL__15429059020.log,ok
w06.oracleGeneral.bin.zst,oracleGeneral,lru,none,234682583,23468258304,0.01,0.3211,0.1779,69392150,/users/varuncg/libCacheSim/results/cp_wss01_prefetch/logs/w06.oracleGeneral.bin.zst__lru__noprefetch__234682583.log,ok
w05.oracleGeneral.bin.zst,oracleGeneral,sieve,OBL,15429059020,1542905902080,0.01,0.8276,0.9621,73034546,/users/varuncg/libCacheSim/results/cp_wss01_prefetch/logs/w05.oracleGeneral.bin.zst__sieve__OBL__15429059020.log,ok
w06.oracleGeneral.bin.zst,oracleGeneral,lru,OBL,234682583,23468258304,0.01,0.3209,0.1779,69392150,/users/varuncg/libCacheSim/results/cp_wss01_prefetch/logs/w06.oracleGeneral.bin.zst__lru__OBL__234682583.log,ok
w06.oracleGeneral.bin.zst,oracleGeneral,sieve,none,234682583,23468258304,0.01,0.2819,0.1659,69392150,/users/varuncg/libCacheSim/results/cp_wss01_prefetch/logs/w06.oracleGeneral.bin.zst__sieve__noprefetch__234682583.log,ok
w06.oracleGeneral.bin.zst,oracleGeneral,sieve,OBL,234682583,23468258304,0.01,0.2818,0.1655,69392150,/users/varuncg/libCacheSim/results/cp_wss01_prefetch/logs/w06.oracleGeneral.bin.zst__sieve__OBL__234682583.log,ok
w07.oracleGeneral.bin.zst,oracleGeneral,lru,none,1467303429,146730342912,0.01,0.6996,0.8227,67427405,/users/varuncg/libCacheSim/results/cp_wss01_prefetch/logs/w07.oracleGeneral.bin.zst__lru__noprefetch__1467303429.log,ok
w07.oracleGeneral.bin.zst,oracleGeneral,lru,OBL,1467303429,146730342912,0.01,0.6996,0.8227,67427405,/users/varuncg/libCacheSim/results/cp_wss01_prefetch/logs/w07.oracleGeneral.bin.zst__lru__OBL__1467303429.log,ok
w01.oracleGeneral.bin.zst,oracleGeneral,lru,OBL,6859525155,685952515584,0.01,0.8346,0.7703,215796257,/users/varuncg/libCacheSim/results/cp_wss01_prefetch/logs/w01.oracleGeneral.bin.zst__lru__OBL__6859525155.log,ok
w01.oracleGeneral.bin.zst,oracleGeneral,sieve,none,6859525155,685952515584,0.01,0.8442,0.7735,215796257,/users/varuncg/libCacheSim/results/cp_wss01_prefetch/logs/w01.oracleGeneral.bin.zst__sieve__noprefetch__6859525155.log,ok
w06.oracleGeneral.bin.zst,oracleGeneral,lru,PG,234682583,23468258304,0.01,0.3057,0.1777,69392150,/users/varuncg/libCacheSim/results/cp_wss01_prefetch/logs/w06.oracleGeneral.bin.zst__lru__PG__234682583.log,ok
w01.oracleGeneral.bin.zst,oracleGeneral,sieve,OBL,6859525155,685952515584,0.01,0.8442,0.7735,215796257,/users/varuncg/libCacheSim/results/cp_wss01_prefetch/logs/w01.oracleGeneral.bin.zst__sieve__OBL__6859525155.log,ok
w01.oracleGeneral.bin.zst,oracleGeneral,lru,none,6859525155,685952515584,0.01,0.8346,0.7703,215796257,/users/varuncg/libCacheSim/results/cp_wss01_prefetch/logs/w01.oracleGeneral.bin.zst__lru__noprefetch__6859525155.log,ok
w06.oracleGeneral.bin.zst,oracleGeneral,sieve,PG,234682583,23468258304,0.01,0.2695,0.1654,69392150,/users/varuncg/libCacheSim/results/cp_wss01_prefetch/logs/w06.oracleGeneral.bin.zst__sieve__PG__234682583.log,ok
w07.oracleGeneral.bin.zst,oracleGeneral,sieve,none,1467303429,146730342912,0.01,0.5891,0.7737,67427405,/users/varuncg/libCacheSim/results/cp_wss01_prefetch/logs/w07.oracleGeneral.bin.zst__sieve__noprefetch__1467303429.log,ok
w04.oracleGeneral.bin.zst,oracleGeneral,lru,Mithril,17851412730,1785141273088,0.01,0.3879,0.4648,77764582,/users/varuncg/libCacheSim/results/cp_wss01_prefetch/logs/w04.oracleGeneral.bin.zst__lru__Mithril__17851412730.log,ok
w08.oracleGeneral.bin.zst,oracleGeneral,lru,none,10882320288,1088232028864,0.01,0.9182,0.9731,44464937,/users/varuncg/libCacheSim/results/cp_wss01_prefetch/logs/w08.oracleGeneral.bin.zst__lru__noprefetch__10882320288.log,ok
w04.oracleGeneral.bin.zst,oracleGeneral,lru,PG,17851412730,1785141273088,0.01,0.4802,0.6959,77764582,/users/varuncg/libCacheSim/results/cp_wss01_prefetch/logs/w04.oracleGeneral.bin.zst__lru__PG__17851412730.log,ok
w07.oracleGeneral.bin.zst,oracleGeneral,sieve,OBL,1467303429,146730342912,0.01,0.5891,0.7737,67427405,/users/varuncg/libCacheSim/results/cp_wss01_prefetch/logs/w07.oracleGeneral.bin.zst__sieve__OBL__1467303429.log,ok
w04.oracleGeneral.bin.zst,oracleGeneral,sieve,PG,17851412730,1785141273088,0.01,0.4648,0.6889,77764582,/users/varuncg/libCacheSim/results/cp_wss01_prefetch/logs/w04.oracleGeneral.bin.zst__sieve__PG__17851412730.log,ok
w08.oracleGeneral.bin.zst,oracleGeneral,lru,OBL,10882320288,1088232028864,0.01,0.9182,0.9731,44464937,/users/varuncg/libCacheSim/results/cp_wss01_prefetch/logs/w08.oracleGeneral.bin.zst__lru__OBL__10882320288.log,ok
w03.oracleGeneral.bin.zst,oracleGeneral,sieve,PG,19190377932,1919037793280,0.01,0.6127,0.8232,84712978,/users/varuncg/libCacheSim/results/cp_wss01_prefetch/logs/w03.oracleGeneral.bin.zst__sieve__PG__19190377932.log,ok
w03.oracleGeneral.bin.zst,oracleGeneral,lru,PG,19190377932,1919037793280,0.01,0.6287,0.8284,84712978,/users/varuncg/libCacheSim/results/cp_wss01_prefetch/logs/w03.oracleGeneral.bin.zst__lru__PG__19190377932.log,ok
w04.oracleGeneral.bin.zst,oracleGeneral,sieve,Mithril,17851412730,1785141273088,0.01,0.3777,0.4629,77764582,/users/varuncg/libCacheSim/results/cp_wss01_prefetch/logs/w04.oracleGeneral.bin.zst__sieve__Mithril__17851412730.log,ok
w08.oracleGeneral.bin.zst,oracleGeneral,sieve,none,10882320288,1088232028864,0.01,0.8885,0.9618,44464937,/users/varuncg/libCacheSim/results/cp_wss01_prefetch/logs/w08.oracleGeneral.bin.zst__sieve__noprefetch__10882320288.log,ok
w08.oracleGeneral.bin.zst,oracleGeneral,sieve,OBL,10882320288,1088232028864,0.01,0.8885,0.9618,44464937,/users/varuncg/libCacheSim/results/cp_wss01_prefetch/logs/w08.oracleGeneral.bin.zst__sieve__OBL__10882320288.log,ok
w03.oracleGeneral.bin.zst,oracleGeneral,sieve,Mithril,19190377932,1919037793280,0.01,0.5034,0.5079,84712978,/users/varuncg/libCacheSim/results/cp_wss01_prefetch/logs/w03.oracleGeneral.bin.zst__sieve__Mithril__19190377932.log,ok
w100.oracleGeneral.bin.zst,oracleGeneral,lru,none,539354275,53935427584,0.01,0.7411,0.9333,3645877,/users/varuncg/libCacheSim/results/cp_wss01_prefetch/logs/w100.oracleGeneral.bin.zst__lru__noprefetch__539354275.log,ok
w09.oracleGeneral.bin.zst,oracleGeneral,lru,none,11338699714,1133869971456,0.01,0.5517,0.7591,49622929,/users/varuncg/libCacheSim/results/cp_wss01_prefetch/logs/w09.oracleGeneral.bin.zst__lru__noprefetch__11338699714.log,ok
w03.oracleGeneral.bin.zst,oracleGeneral,lru,Mithril,19190377932,1919037793280,0.01,0.5069,0.5065,84712978,/users/varuncg/libCacheSim/results/cp_wss01_prefetch/logs/w03.oracleGeneral.bin.zst__lru__Mithril__19190377932.log,ok
w100.oracleGeneral.bin.zst,oracleGeneral,lru,OBL,539354275,53935427584,0.01,0.7411,0.9333,3645877,/users/varuncg/libCacheSim/results/cp_wss01_prefetch/logs/w100.oracleGeneral.bin.zst__lru__OBL__539354275.log,ok
w09.oracleGeneral.bin.zst,oracleGeneral,lru,OBL,11338699714,1133869971456,0.01,0.5517,0.7591,49622929,/users/varuncg/libCacheSim/results/cp_wss01_prefetch/logs/w09.oracleGeneral.bin.zst__lru__OBL__11338699714.log,ok
w100.oracleGeneral.bin.zst,oracleGeneral,sieve,none,539354275,53935427584,0.01,0.6991,0.9196,3645877,/users/varuncg/libCacheSim/results/cp_wss01_prefetch/logs/w100.oracleGeneral.bin.zst__sieve__noprefetch__539354275.log,ok
w100.oracleGeneral.bin.zst,oracleGeneral,sieve,OBL,539354275,53935427584,0.01,0.6991,0.9196,3645877,/users/varuncg/libCacheSim/results/cp_wss01_prefetch/logs/w100.oracleGeneral.bin.zst__sieve__OBL__539354275.log,ok
w100.oracleGeneral.bin.zst,oracleGeneral,lru,PG,539354275,53935427584,0.01,0.7405,0.9331,3645877,/users/varuncg/libCacheSim/results/cp_wss01_prefetch/logs/w100.oracleGeneral.bin.zst__lru__PG__539354275.log,ok
w101.oracleGeneral.bin.zst,oracleGeneral,lru,none,538630062,53863006208,0.01,0.7368,0.9319,3587707,/users/varuncg/libCacheSim/results/cp_wss01_prefetch/logs/w101.oracleGeneral.bin.zst__lru__noprefetch__538630062.log,ok
w100.oracleGeneral.bin.zst,oracleGeneral,lru,Mithril,539354275,53935427584,0.01,0.7130,0.9113,3645877,/users/varuncg/libCacheSim/results/cp_wss01_prefetch/logs/w100.oracleGeneral.bin.zst__lru__Mithril__539354275.log,ok
w100.oracleGeneral.bin.zst,oracleGeneral,sieve,PG,539354275,53935427584,0.01,0.6987,0.9194,3645877,/users/varuncg/libCacheSim/results/cp_wss01_prefetch/logs/w100.oracleGeneral.bin.zst__sieve__PG__539354275.log,ok
w101.oracleGeneral.bin.zst,oracleGeneral,lru,OBL,538630062,53863006208,0.01,0.7368,0.9319,3587707,/users/varuncg/libCacheSim/results/cp_wss01_prefetch/logs/w101.oracleGeneral.bin.zst__lru__OBL__538630062.log,ok
w07.oracleGeneral.bin.zst,oracleGeneral,lru,PG,1467303429,146730342912,0.01,0.6969,0.8177,67427405,/users/varuncg/libCacheSim/results/cp_wss01_prefetch/logs/w07.oracleGeneral.bin.zst__lru__PG__1467303429.log,ok
w100.oracleGeneral.bin.zst,oracleGeneral,sieve,Mithril,539354275,53935427584,0.01,0.6801,0.8994,3645877,/users/varuncg/libCacheSim/results/cp_wss01_prefetch/logs/w100.oracleGeneral.bin.zst__sieve__Mithril__539354275.log,ok
w101.oracleGeneral.bin.zst,oracleGeneral,sieve,none,538630062,53863006208,0.01,0.6989,0.9203,3587707,/users/varuncg/libCacheSim/results/cp_wss01_prefetch/logs/w101.oracleGeneral.bin.zst__sieve__noprefetch__538630062.log,ok
w101.oracleGeneral.bin.zst,oracleGeneral,sieve,OBL,538630062,53863006208,0.01,0.6989,0.9203,3587707,/users/varuncg/libCacheSim/results/cp_wss01_prefetch/logs/w101.oracleGeneral.bin.zst__sieve__OBL__538630062.log,ok
w09.oracleGeneral.bin.zst,oracleGeneral,sieve,none,11338699714,1133869971456,0.01,0.5360,0.7516,49622929,/users/varuncg/libCacheSim/results/cp_wss01_prefetch/logs/w09.oracleGeneral.bin.zst__sieve__noprefetch__11338699714.log,ok
w102.oracleGeneral.bin.zst,oracleGeneral,lru,none,82209991,8220999168,0.01,0.2507,0.4952,3558215,/users/varuncg/libCacheSim/results/cp_wss01_prefetch/logs/w102.oracleGeneral.bin.zst__lru__noprefetch__82209991.log,ok
w102.oracleGeneral.bin.zst,oracleGeneral,lru,OBL,82209991,8220999168,0.01,0.2507,0.4952,3558215,/users/varuncg/libCacheSim/results/cp_wss01_prefetch/logs/w102.oracleGeneral.bin.zst__lru__OBL__82209991.log,ok
w101.oracleGeneral.bin.zst,oracleGeneral,lru,PG,538630062,53863006208,0.01,0.7364,0.9317,3587707,/users/varuncg/libCacheSim/results/cp_wss01_prefetch/logs/w101.oracleGeneral.bin.zst__lru__PG__538630062.log,ok
w102.oracleGeneral.bin.zst,oracleGeneral,sieve,none,82209991,8220999168,0.01,0.2526,0.5419,3558215,/users/varuncg/libCacheSim/results/cp_wss01_prefetch/logs/w102.oracleGeneral.bin.zst__sieve__noprefetch__82209991.log,ok
w101.oracleGeneral.bin.zst,oracleGeneral,lru,Mithril,538630062,53863006208,0.01,0.7084,0.9099,3587707,/users/varuncg/libCacheSim/results/cp_wss01_prefetch/logs/w101.oracleGeneral.bin.zst__lru__Mithril__538630062.log,ok
w101.oracleGeneral.bin.zst,oracleGeneral,sieve,PG,538630062,53863006208,0.01,0.6986,0.9200,3587707,/users/varuncg/libCacheSim/results/cp_wss01_prefetch/logs/w101.oracleGeneral.bin.zst__sieve__PG__538630062.log,ok
w102.oracleGeneral.bin.zst,oracleGeneral,sieve,OBL,82209991,8220999168,0.01,0.2526,0.5419,3558215,/users/varuncg/libCacheSim/results/cp_wss01_prefetch/logs/w102.oracleGeneral.bin.zst__sieve__OBL__82209991.log,ok
w102.oracleGeneral.bin.zst,oracleGeneral,lru,PG,82209991,8220999168,0.01,0.2502,0.4950,3558215,/users/varuncg/libCacheSim/results/cp_wss01_prefetch/logs/w102.oracleGeneral.bin.zst__lru__PG__82209991.log,ok
w103.oracleGeneral.bin.zst,oracleGeneral,lru,none,81957002,8195700224,0.01,0.3440,0.4457,3442094,/users/varuncg/libCacheSim/results/cp_wss01_prefetch/logs/w103.oracleGeneral.bin.zst__lru__noprefetch__81957002.log,ok
w103.oracleGeneral.bin.zst,oracleGeneral,lru,OBL,81957002,8195700224,0.01,0.3440,0.4457,3442094,/users/varuncg/libCacheSim/results/cp_wss01_prefetch/logs/w103.oracleGeneral.bin.zst__lru__OBL__81957002.log,ok
w09.oracleGeneral.bin.zst,oracleGeneral,sieve,OBL,11338699714,1133869971456,0.01,0.5360,0.7516,49622929,/users/varuncg/libCacheSim/results/cp_wss01_prefetch/logs/w09.oracleGeneral.bin.zst__sieve__OBL__11338699714.log,ok
w102.oracleGeneral.bin.zst,oracleGeneral,lru,Mithril,82209991,8220999168,0.01,0.2284,0.4443,3558215,/users/varuncg/libCacheSim/results/cp_wss01_prefetch/logs/w102.oracleGeneral.bin.zst__lru__Mithril__82209991.log,ok
w103.oracleGeneral.bin.zst,oracleGeneral,sieve,OBL,81957002,8195700224,0.01,0.3315,0.4357,3442094,/users/varuncg/libCacheSim/results/cp_wss01_prefetch/logs/w103.oracleGeneral.bin.zst__sieve__OBL__81957002.log,ok
w101.oracleGeneral.bin.zst,oracleGeneral,sieve,Mithril,538630062,53863006208,0.01,0.6783,0.8998,3587707,/users/varuncg/libCacheSim/results/cp_wss01_prefetch/logs/w101.oracleGeneral.bin.zst__sieve__Mithril__538630062.log,ok
w103.oracleGeneral.bin.zst,oracleGeneral,sieve,none,81957002,8195700224,0.01,0.3315,0.4357,3442094,/users/varuncg/libCacheSim/results/cp_wss01_prefetch/logs/w103.oracleGeneral.bin.zst__sieve__noprefetch__81957002.log,ok
w102.oracleGeneral.bin.zst,oracleGeneral,sieve,PG,82209991,8220999168,0.01,0.2503,0.5312,3558215,/users/varuncg/libCacheSim/results/cp_wss01_prefetch/logs/w102.oracleGeneral.bin.zst__sieve__PG__82209991.log,ok
w102.oracleGeneral.bin.zst,oracleGeneral,sieve,Mithril,82209991,8220999168,0.01,0.2342,0.4898,3558215,/users/varuncg/libCacheSim/results/cp_wss01_prefetch/logs/w102.oracleGeneral.bin.zst__sieve__Mithril__82209991.log,ok
w103.oracleGeneral.bin.zst,oracleGeneral,lru,PG,81957002,8195700224,0.01,0.3387,0.4271,3442094,/users/varuncg/libCacheSim/results/cp_wss01_prefetch/logs/w103.oracleGeneral.bin.zst__lru__PG__81957002.log,ok
w104.oracleGeneral.bin.zst,oracleGeneral,lru,none,495889285,49588928512,0.01,0.8937,0.9605,3395553,/users/varuncg/libCacheSim/results/cp_wss01_prefetch/logs/w104.oracleGeneral.bin.zst__lru__noprefetch__495889285.log,ok
w104.oracleGeneral.bin.zst,oracleGeneral,lru,OBL,495889285,49588928512,0.01,0.8925,0.9605,3395553,/users/varuncg/libCacheSim/results/cp_wss01_prefetch/logs/w104.oracleGeneral.bin.zst__lru__OBL__495889285.log,ok
w103.oracleGeneral.bin.zst,oracleGeneral,sieve,PG,81957002,8195700224,0.01,0.3302,0.4241,3442094,/users/varuncg/libCacheSim/results/cp_wss01_prefetch/logs/w103.oracleGeneral.bin.zst__sieve__PG__81957002.log,ok
w103.oracleGeneral.bin.zst,oracleGeneral,lru,Mithril,81957002,8195700224,0.01,0.2597,0.3177,3442094,/users/varuncg/libCacheSim/results/cp_wss01_prefetch/logs/w103.oracleGeneral.bin.zst__lru__Mithril__81957002.log,ok
w103.oracleGeneral.bin.zst,oracleGeneral,sieve,Mithril,81957002,8195700224,0.01,0.2615,0.3246,3442094,/users/varuncg/libCacheSim/results/cp_wss01_prefetch/logs/w103.oracleGeneral.bin.zst__sieve__Mithril__81957002.log,ok
w104.oracleGeneral.bin.zst,oracleGeneral,sieve,none,495889285,49588928512,0.01,0.8911,0.9569,3395553,/users/varuncg/libCacheSim/results/cp_wss01_prefetch/logs/w104.oracleGeneral.bin.zst__sieve__noprefetch__495889285.log,ok
w104.oracleGeneral.bin.zst,oracleGeneral,sieve,OBL,495889285,49588928512,0.01,0.8900,0.9568,3395553,/users/varuncg/libCacheSim/results/cp_wss01_prefetch/logs/w104.oracleGeneral.bin.zst__sieve__OBL__495889285.log,ok
w105.oracleGeneral.bin.zst,oracleGeneral,lru,none,185571020,18557102080,0.01,0.7924,0.9505,3375344,/users/varuncg/libCacheSim/results/cp_wss01_prefetch/logs/w105.oracleGeneral.bin.zst__lru__noprefetch__185571020.log,ok
w105.oracleGeneral.bin.zst,oracleGeneral,lru,OBL,185571020,18557102080,0.01,0.7922,0.9505,3375344,/users/varuncg/libCacheSim/results/cp_wss01_prefetch/logs/w105.oracleGeneral.bin.zst__lru__OBL__185571020.log,ok
w105.oracleGeneral.bin.zst,oracleGeneral,lru,Mithril,185571020,18557102080,0.01,,,,/users/varuncg/libCacheSim/results/cp_wss01_prefetch/logs/w105.oracleGeneral.bin.zst__lru__Mithril__185571020.log,fail:134
w104.oracleGeneral.bin.zst,oracleGeneral,lru,PG,495889285,49588928512,0.01,0.8933,0.9603,3395553,/users/varuncg/libCacheSim/results/cp_wss01_prefetch/logs/w104.oracleGeneral.bin.zst__lru__PG__495889285.log,ok
w105.oracleGeneral.bin.zst,oracleGeneral,sieve,none,185571020,18557102080,0.01,0.7435,0.9422,3375344,/users/varuncg/libCacheSim/results/cp_wss01_prefetch/logs/w105.oracleGeneral.bin.zst__sieve__noprefetch__185571020.log,ok
w104.oracleGeneral.bin.zst,oracleGeneral,sieve,PG,495889285,49588928512,0.01,0.8909,0.9568,3395553,/users/varuncg/libCacheSim/results/cp_wss01_prefetch/logs/w104.oracleGeneral.bin.zst__sieve__PG__495889285.log,ok
w105.oracleGeneral.bin.zst,oracleGeneral,sieve,OBL,185571020,18557102080,0.01,0.7433,0.9422,3375344,/users/varuncg/libCacheSim/results/cp_wss01_prefetch/logs/w105.oracleGeneral.bin.zst__sieve__OBL__185571020.log,ok
w105.oracleGeneral.bin.zst,oracleGeneral,lru,PG,185571020,18557102080,0.01,0.7900,0.9498,3375344,/users/varuncg/libCacheSim/results/cp_wss01_prefetch/logs/w105.oracleGeneral.bin.zst__lru__PG__185571020.log,ok
w106.oracleGeneral.bin.zst,oracleGeneral,lru,none,47230131,4723013120,0.01,0.2907,0.4450,3275919,/users/varuncg/libCacheSim/results/cp_wss01_prefetch/logs/w106.oracleGeneral.bin.zst__lru__noprefetch__47230131.log,ok
w104.oracleGeneral.bin.zst,oracleGeneral,lru,Mithril,495889285,49588928512,0.01,0.8825,0.9520,3395553,/users/varuncg/libCacheSim/results/cp_wss01_prefetch/logs/w104.oracleGeneral.bin.zst__lru__Mithril__495889285.log,ok
w106.oracleGeneral.bin.zst,oracleGeneral,lru,OBL,47230131,4723013120,0.01,0.2907,0.4450,3275919,/users/varuncg/libCacheSim/results/cp_wss01_prefetch/logs/w106.oracleGeneral.bin.zst__lru__OBL__47230131.log,ok
w106.oracleGeneral.bin.zst,oracleGeneral,sieve,none,47230131,4723013120,0.01,0.2706,0.4189,3275919,/users/varuncg/libCacheSim/results/cp_wss01_prefetch/logs/w106.oracleGeneral.bin.zst__sieve__noprefetch__47230131.log,ok
w104.oracleGeneral.bin.zst,oracleGeneral,sieve,Mithril,495889285,49588928512,0.01,0.8776,0.9475,3395553,/users/varuncg/libCacheSim/results/cp_wss01_prefetch/logs/w104.oracleGeneral.bin.zst__sieve__Mithril__495889285.log,ok
w106.oracleGeneral.bin.zst,oracleGeneral,sieve,OBL,47230131,4723013120,0.01,0.2706,0.4189,3275919,/users/varuncg/libCacheSim/results/cp_wss01_prefetch/logs/w106.oracleGeneral.bin.zst__sieve__OBL__47230131.log,ok
w105.oracleGeneral.bin.zst,oracleGeneral,sieve,PG,185571020,18557102080,0.01,0.7376,0.9414,3375344,/users/varuncg/libCacheSim/results/cp_wss01_prefetch/logs/w105.oracleGeneral.bin.zst__sieve__PG__185571020.log,ok
w07.oracleGeneral.bin.zst,oracleGeneral,sieve,PG,1467303429,146730342912,0.01,0.5905,0.7717,67427405,/users/varuncg/libCacheSim/results/cp_wss01_prefetch/logs/w07.oracleGeneral.bin.zst__sieve__PG__1467303429.log,ok
w106.oracleGeneral.bin.zst,oracleGeneral,lru,PG,47230131,4723013120,0.01,0.2842,0.4362,3275919,/users/varuncg/libCacheSim/results/cp_wss01_prefetch/logs/w106.oracleGeneral.bin.zst__lru__PG__47230131.log,ok
w105.oracleGeneral.bin.zst,oracleGeneral,sieve,Mithril,185571020,18557102080,0.01,0.3664,0.3961,3375344,/users/varuncg/libCacheSim/results/cp_wss01_prefetch/logs/w105.oracleGeneral.bin.zst__sieve__Mithril__185571020.log,ok
w106.oracleGeneral.bin.zst,oracleGeneral,lru,Mithril,47230131,4723013120,0.01,0.2376,0.3110,3275919,/users/varuncg/libCacheSim/results/cp_wss01_prefetch/logs/w106.oracleGeneral.bin.zst__lru__Mithril__47230131.log,ok
w106.oracleGeneral.bin.zst,oracleGeneral,sieve,PG,47230131,4723013120,0.01,0.2674,0.4147,3275919,/users/varuncg/libCacheSim/results/cp_wss01_prefetch/logs/w106.oracleGeneral.bin.zst__sieve__PG__47230131.log,ok
w106.oracleGeneral.bin.zst,oracleGeneral,sieve,Mithril,47230131,4723013120,0.01,0.2378,0.3105,3275919,/users/varuncg/libCacheSim/results/cp_wss01_prefetch/logs/w106.oracleGeneral.bin.zst__sieve__Mithril__47230131.log,ok
w08.oracleGeneral.bin.zst,oracleGeneral,lru,PG,10882320288,1088232028864,0.01,0.8722,0.9271,44464937,/users/varuncg/libCacheSim/results/cp_wss01_prefetch/logs/w08.oracleGeneral.bin.zst__lru__PG__10882320288.log,ok
w10.oracleGeneral.bin.zst,oracleGeneral,lru,none,15674001459,1567400145920,0.01,0.6561,0.8931,48342350,/users/varuncg/libCacheSim/results/cp_wss01_prefetch/logs/w10.oracleGeneral.bin.zst__lru__noprefetch__15674001459.log,ok
w10.oracleGeneral.bin.zst,oracleGeneral,sieve,none,15674001459,1567400145920,0.01,0.6355,0.8849,48342350,/users/varuncg/libCacheSim/results/cp_wss01_prefetch/logs/w10.oracleGeneral.bin.zst__sieve__noprefetch__15674001459.log,ok
w10.oracleGeneral.bin.zst,oracleGeneral,sieve,OBL,15674001459,1567400145920,0.01,0.6355,0.8849,48342350,/users/varuncg/libCacheSim/results/cp_wss01_prefetch/logs/w10.oracleGeneral.bin.zst__sieve__OBL__15674001459.log,ok
w10.oracleGeneral.bin.zst,oracleGeneral,lru,OBL,15674001459,1567400145920,0.01,0.6561,0.8931,48342350,/users/varuncg/libCacheSim/results/cp_wss01_prefetch/logs/w10.oracleGeneral.bin.zst__lru__OBL__15674001459.log,ok
w02.oracleGeneral.bin.zst,oracleGeneral,lru,PG,209842984,20984298496,0.01,0.7622,0.8029,122181000,/users/varuncg/libCacheSim/results/cp_wss01_prefetch/logs/w02.oracleGeneral.bin.zst__lru__PG__209842984.log,ok
w08.oracleGeneral.bin.zst,oracleGeneral,sieve,PG,10882320288,1088232028864,0.01,0.8629,0.9256,44464937,/users/varuncg/libCacheSim/results/cp_wss01_prefetch/logs/w08.oracleGeneral.bin.zst__sieve__PG__10882320288.log,ok
w06.oracleGeneral.bin.zst,oracleGeneral,sieve,Mithril,234682583,23468258304,0.01,0.2474,0.1245,69392150,/users/varuncg/libCacheSim/results/cp_wss01_prefetch/logs/w06.oracleGeneral.bin.zst__sieve__Mithril__234682583.log,ok
w08.oracleGeneral.bin.zst,oracleGeneral,lru,Mithril,10882320288,1088232028864,0.01,0.5221,0.6034,44464937,/users/varuncg/libCacheSim/results/cp_wss01_prefetch/logs/w08.oracleGeneral.bin.zst__lru__Mithril__10882320288.log,ok
w05.oracleGeneral.bin.zst,oracleGeneral,lru,PG,15429059020,1542905902080,0.01,0.8207,0.9573,73034546,/users/varuncg/libCacheSim/results/cp_wss01_prefetch/logs/w05.oracleGeneral.bin.zst__lru__PG__15429059020.log,ok
w11.oracleGeneral.bin.zst,oracleGeneral,lru,none,812875520,81287552000,0.01,0.9217,0.8097,46173369,/users/varuncg/libCacheSim/results/cp_wss01_prefetch/logs/w11.oracleGeneral.bin.zst__lru__noprefetch__812875520.log,ok
w05.oracleGeneral.bin.zst,oracleGeneral,sieve,PG,15429059020,1542905902080,0.01,0.8134,0.9517,73034546,/users/varuncg/libCacheSim/results/cp_wss01_prefetch/logs/w05.oracleGeneral.bin.zst__sieve__PG__15429059020.log,ok
w12.oracleGeneral.bin.zst,oracleGeneral,lru,none,81788380,8178838016,0.01,0.0722,0.1676,45355529,/users/varuncg/libCacheSim/results/cp_wss01_prefetch/logs/w12.oracleGeneral.bin.zst__lru__noprefetch__81788380.log,ok
w06.oracleGeneral.bin.zst,oracleGeneral,lru,Mithril,234682583,23468258304,0.01,0.2651,0.1492,69392150,/users/varuncg/libCacheSim/results/cp_wss01_prefetch/logs/w06.oracleGeneral.bin.zst__lru__Mithril__234682583.log,ok
w09.oracleGeneral.bin.zst,oracleGeneral,lru,PG,11338699714,1133869971456,0.01,0.5407,0.7294,49622929,/users/varuncg/libCacheSim/results/cp_wss01_prefetch/logs/w09.oracleGeneral.bin.zst__lru__PG__11338699714.log,ok
w12.oracleGeneral.bin.zst,oracleGeneral,lru,OBL,81788380,8178838016,0.01,0.0722,0.1676,45355529,/users/varuncg/libCacheSim/results/cp_wss01_prefetch/logs/w12.oracleGeneral.bin.zst__lru__OBL__81788380.log,ok
w11.oracleGeneral.bin.zst,oracleGeneral,sieve,none,812875520,81287552000,0.01,0.9661,0.8764,46173369,/users/varuncg/libCacheSim/results/cp_wss01_prefetch/logs/w11.oracleGeneral.bin.zst__sieve__noprefetch__812875520.log,ok
w11.oracleGeneral.bin.zst,oracleGeneral,lru,OBL,812875520,81287552000,0.01,0.9217,0.8097,46173369,/users/varuncg/libCacheSim/results/cp_wss01_prefetch/logs/w11.oracleGeneral.bin.zst__lru__OBL__812875520.log,ok
w12.oracleGeneral.bin.zst,oracleGeneral,sieve,none,81788380,8178838016,0.01,0.0625,0.1525,45355529,/users/varuncg/libCacheSim/results/cp_wss01_prefetch/logs/w12.oracleGeneral.bin.zst__sieve__noprefetch__81788380.log,ok
w09.oracleGeneral.bin.zst,oracleGeneral,lru,Mithril,11338699714,1133869971456,0.01,0.4149,0.4124,49622929,/users/varuncg/libCacheSim/results/cp_wss01_prefetch/logs/w09.oracleGeneral.bin.zst__lru__Mithril__11338699714.log,ok
w02.oracleGeneral.bin.zst,oracleGeneral,sieve,PG,209842984,20984298496,0.01,0.7670,0.8105,122181000,/users/varuncg/libCacheSim/results/cp_wss01_prefetch/logs/w02.oracleGeneral.bin.zst__sieve__PG__209842984.log,ok
w12.oracleGeneral.bin.zst,oracleGeneral,sieve,OBL,81788380,8178838016,0.01,0.0625,0.1525,45355529,/users/varuncg/libCacheSim/results/cp_wss01_prefetch/logs/w12.oracleGeneral.bin.zst__sieve__OBL__81788380.log,ok
w11.oracleGeneral.bin.zst,oracleGeneral,sieve,OBL,812875520,81287552000,0.01,0.9661,0.8764,46173369,/users/varuncg/libCacheSim/results/cp_wss01_prefetch/logs/w11.oracleGeneral.bin.zst__sieve__OBL__812875520.log,ok
w09.oracleGeneral.bin.zst,oracleGeneral,sieve,Mithril,11338699714,1133869971456,0.01,0.4106,0.4114,49622929,/users/varuncg/libCacheSim/results/cp_wss01_prefetch/logs/w09.oracleGeneral.bin.zst__sieve__Mithril__11338699714.log,ok
w08.oracleGeneral.bin.zst,oracleGeneral,sieve,Mithril,10882320288,1088232028864,0.01,0.5263,0.6065,44464937,/users/varuncg/libCacheSim/results/cp_wss01_prefetch/logs/w08.oracleGeneral.bin.zst__sieve__Mithril__10882320288.log,ok
w09.oracleGeneral.bin.zst,oracleGeneral,sieve,PG,11338699714,1133869971456,0.01,0.5303,0.7230,49622929,/users/varuncg/libCacheSim/results/cp_wss01_prefetch/logs/w09.oracleGeneral.bin.zst__sieve__PG__11338699714.log,ok
w12.oracleGeneral.bin.zst,oracleGeneral,sieve,PG,81788380,8178838016,0.01,0.0628,0.1524,45355529,/users/varuncg/libCacheSim/results/cp_wss01_prefetch/logs/w12.oracleGeneral.bin.zst__sieve__PG__81788380.log,ok
w12.oracleGeneral.bin.zst,oracleGeneral,lru,PG,81788380,8178838016,0.01,0.0722,0.1674,45355529,/users/varuncg/libCacheSim/results/cp_wss01_prefetch/logs/w12.oracleGeneral.bin.zst__lru__PG__81788380.log,ok
w13.oracleGeneral.bin.zst,oracleGeneral,lru,none,2035458703,203545870336,0.01,0.3988,0.3800,39822877,/users/varuncg/libCacheSim/results/cp_wss01_prefetch/logs/w13.oracleGeneral.bin.zst__lru__noprefetch__2035458703.log,ok
w13.oracleGeneral.bin.zst,oracleGeneral,sieve,none,2035458703,203545870336,0.01,0.7969,0.7556,39822877,/users/varuncg/libCacheSim/results/cp_wss01_prefetch/logs/w13.oracleGeneral.bin.zst__sieve__noprefetch__2035458703.log,ok
w13.oracleGeneral.bin.zst,oracleGeneral,lru,OBL,2035458703,203545870336,0.01,0.3988,0.3800,39822877,/users/varuncg/libCacheSim/results/cp_wss01_prefetch/logs/w13.oracleGeneral.bin.zst__lru__OBL__2035458703.log,ok
w13.oracleGeneral.bin.zst,oracleGeneral,sieve,OBL,2035458703,203545870336,0.01,0.7969,0.7556,39822877,/users/varuncg/libCacheSim/results/cp_wss01_prefetch/logs/w13.oracleGeneral.bin.zst__sieve__OBL__2035458703.log,ok
w14.oracleGeneral.bin.zst,oracleGeneral,lru,none,7574074664,757407466496,0.01,0.5674,0.8513,34816425,/users/varuncg/libCacheSim/results/cp_wss01_prefetch/logs/w14.oracleGeneral.bin.zst__lru__noprefetch__7574074664.log,ok
w12.oracleGeneral.bin.zst,oracleGeneral,lru,Mithril,81788380,8178838016,0.01,,,,/users/varuncg/libCacheSim/results/cp_wss01_prefetch/logs/w12.oracleGeneral.bin.zst__lru__Mithril__81788380.log,fail:134
w14.oracleGeneral.bin.zst,oracleGeneral,lru,OBL,7574074664,757407466496,0.01,0.5674,0.8513,34816425,/users/varuncg/libCacheSim/results/cp_wss01_prefetch/logs/w14.oracleGeneral.bin.zst__lru__OBL__7574074664.log,ok
w12.oracleGeneral.bin.zst,oracleGeneral,sieve,Mithril,81788380,8178838016,0.01,,,,/users/varuncg/libCacheSim/results/cp_wss01_prefetch/logs/w12.oracleGeneral.bin.zst__sieve__Mithril__81788380.log,fail:134
w14.oracleGeneral.bin.zst,oracleGeneral,sieve,none,7574074664,757407466496,0.01,0.5519,0.8476,34816425,/users/varuncg/libCacheSim/results/cp_wss01_prefetch/logs/w14.oracleGeneral.bin.zst__sieve__noprefetch__7574074664.log,ok
w14.oracleGeneral.bin.zst,oracleGeneral,sieve,OBL,7574074664,757407466496,0.01,0.5517,0.8476,34816425,/users/varuncg/libCacheSim/results/cp_wss01_prefetch/logs/w14.oracleGeneral.bin.zst__sieve__OBL__7574074664.log,ok
w11.oracleGeneral.bin.zst,oracleGeneral,sieve,PG,812875520,81287552000,0.01,0.9639,0.8772,46173369,/users/varuncg/libCacheSim/results/cp_wss01_prefetch/logs/w11.oracleGeneral.bin.zst__sieve__PG__812875520.log,ok
w07.oracleGeneral.bin.zst,oracleGeneral,lru,Mithril,1467303429,146730342912,0.01,0.4461,0.5511,67427405,/users/varuncg/libCacheSim/results/cp_wss01_prefetch/logs/w07.oracleGeneral.bin.zst__lru__Mithril__1467303429.log,ok
w11.oracleGeneral.bin.zst,oracleGeneral,lru,PG,812875520,81287552000,0.01,0.9207,0.8092,46173369,/users/varuncg/libCacheSim/results/cp_wss01_prefetch/logs/w11.oracleGeneral.bin.zst__lru__PG__812875520.log,ok
w15.oracleGeneral.bin.zst,oracleGeneral,lru,none,670033495,67003349504,0.01,0.9777,0.9816,33628757,/users/varuncg/libCacheSim/results/cp_wss01_prefetch/logs/w15.oracleGeneral.bin.zst__lru__noprefetch__670033495.log,ok
w15.oracleGeneral.bin.zst,oracleGeneral,lru,OBL,670033495,67003349504,0.01,0.9777,0.9816,33628757,/users/varuncg/libCacheSim/results/cp_wss01_prefetch/logs/w15.oracleGeneral.bin.zst__lru__OBL__670033495.log,ok
w15.oracleGeneral.bin.zst,oracleGeneral,sieve,none,670033495,67003349504,0.01,0.9664,0.9691,33628757,/users/varuncg/libCacheSim/results/cp_wss01_prefetch/logs/w15.oracleGeneral.bin.zst__sieve__noprefetch__670033495.log,ok
w16.oracleGeneral.bin.zst,oracleGeneral,lru,none,930699735,93069973504,0.01,0.8231,0.7806,26702188,/users/varuncg/libCacheSim/results/cp_wss01_prefetch/logs/w16.oracleGeneral.bin.zst__lru__noprefetch__930699735.log,ok
w10.oracleGeneral.bin.zst,oracleGeneral,lru,PG,15674001459,1567400145920,0.01,0.6431,0.8846,48342350,/users/varuncg/libCacheSim/results/cp_wss01_prefetch/logs/w10.oracleGeneral.bin.zst__lru__PG__15674001459.log,ok
w15.oracleGeneral.bin.zst,oracleGeneral,sieve,OBL,670033495,67003349504,0.01,0.9664,0.9691,33628757,/users/varuncg/libCacheSim/results/cp_wss01_prefetch/logs/w15.oracleGeneral.bin.zst__sieve__OBL__670033495.log,ok
w13.oracleGeneral.bin.zst,oracleGeneral,lru,PG,2035458703,203545870336,0.01,0.3952,0.3773,39822877,/users/varuncg/libCacheSim/results/cp_wss01_prefetch/logs/w13.oracleGeneral.bin.zst__lru__PG__2035458703.log,ok
w16.oracleGeneral.bin.zst,oracleGeneral,lru,OBL,930699735,93069973504,0.01,0.8188,0.7804,26702188,/users/varuncg/libCacheSim/results/cp_wss01_prefetch/logs/w16.oracleGeneral.bin.zst__lru__OBL__930699735.log,ok
w10.oracleGeneral.bin.zst,oracleGeneral,sieve,PG,15674001459,1567400145920,0.01,0.6148,0.8746,48342350,/users/varuncg/libCacheSim/results/cp_wss01_prefetch/logs/w10.oracleGeneral.bin.zst__sieve__PG__15674001459.log,ok
w13.oracleGeneral.bin.zst,oracleGeneral,sieve,PG,2035458703,203545870336,0.01,0.6882,0.6763,39822877,/users/varuncg/libCacheSim/results/cp_wss01_prefetch/logs/w13.oracleGeneral.bin.zst__sieve__PG__2035458703.log,ok
w15.oracleGeneral.bin.zst,oracleGeneral,lru,Mithril,670033495,67003349504,0.01,,,,/users/varuncg/libCacheSim/results/cp_wss01_prefetch/logs/w15.oracleGeneral.bin.zst__lru__Mithril__670033495.log,fail:134
w07.oracleGeneral.bin.zst,oracleGeneral,sieve,Mithril,1467303429,146730342912,0.01,0.4202,0.5378,67427405,/users/varuncg/libCacheSim/results/cp_wss01_prefetch/logs/w07.oracleGeneral.bin.zst__sieve__Mithril__1467303429.log,ok
w16.oracleGeneral.bin.zst,oracleGeneral,sieve,none,930699735,93069973504,0.01,0.8031,0.7462,26702188,/users/varuncg/libCacheSim/results/cp_wss01_prefetch/logs/w16.oracleGeneral.bin.zst__sieve__noprefetch__930699735.log,ok
w16.oracleGeneral.bin.zst,oracleGeneral,sieve,OBL,930699735,93069973504,0.01,0.7987,0.7457,26702188,/users/varuncg/libCacheSim/results/cp_wss01_prefetch/logs/w16.oracleGeneral.bin.zst__sieve__OBL__930699735.log,ok
w15.oracleGeneral.bin.zst,oracleGeneral,lru,PG,670033495,67003349504,0.01,0.9625,0.9736,33628757,/users/varuncg/libCacheSim/results/cp_wss01_prefetch/logs/w15.oracleGeneral.bin.zst__lru__PG__670033495.log,ok
w17.oracleGeneral.bin.zst,oracleGeneral,lru,none,479192642,47919264256,0.01,0.3487,0.4055,31398089,/users/varuncg/libCacheSim/results/cp_wss01_prefetch/logs/w17.oracleGeneral.bin.zst__lru__noprefetch__479192642.log,ok
w10.oracleGeneral.bin.zst,oracleGeneral,sieve,Mithril,15674001459,1567400145920,0.01,0.5254,0.6260,48342350,/users/varuncg/libCacheSim/results/cp_wss01_prefetch/logs/w10.oracleGeneral.bin.zst__sieve__Mithril__15674001459.log,ok
w17.oracleGeneral.bin.zst,oracleGeneral,lru,OBL,479192642,47919264256,0.01,0.3477,0.4049,31398089,/users/varuncg/libCacheSim/results/cp_wss01_prefetch/logs/w17.oracleGeneral.bin.zst__lru__OBL__479192642.log,ok
w17.oracleGeneral.bin.zst,oracleGeneral,sieve,none,479192642,47919264256,0.01,0.3688,0.4529,31398089,/users/varuncg/libCacheSim/results/cp_wss01_prefetch/logs/w17.oracleGeneral.bin.zst__sieve__noprefetch__479192642.log,ok
w15.oracleGeneral.bin.zst,oracleGeneral,sieve,Mithril,670033495,67003349504,0.01,,,,/users/varuncg/libCacheSim/results/cp_wss01_prefetch/logs/w15.oracleGeneral.bin.zst__sieve__Mithril__670033495.log,fail:134
w01.oracleGeneral.bin.zst,oracleGeneral,lru,PG,6859525155,685952515584,0.01,0.8340,0.7697,215796257,/users/varuncg/libCacheSim/results/cp_wss01_prefetch/logs/w01.oracleGeneral.bin.zst__lru__PG__6859525155.log,ok
w10.oracleGeneral.bin.zst,oracleGeneral,lru,Mithril,15674001459,1567400145920,0.01,0.5262,0.6249,48342350,/users/varuncg/libCacheSim/results/cp_wss01_prefetch/logs/w10.oracleGeneral.bin.zst__lru__Mithril__15674001459.log,ok
w17.oracleGeneral.bin.zst,oracleGeneral,sieve,OBL,479192642,47919264256,0.01,0.3617,0.4469,31398089,/users/varuncg/libCacheSim/results/cp_wss01_prefetch/logs/w17.oracleGeneral.bin.zst__sieve__OBL__479192642.log,ok
w18.oracleGeneral.bin.zst,oracleGeneral,lru,none,743396669,74339666944,0.01,0.7309,0.7186,22466283,/users/varuncg/libCacheSim/results/cp_wss01_prefetch/logs/w18.oracleGeneral.bin.zst__lru__noprefetch__743396669.log,ok
w15.oracleGeneral.bin.zst,oracleGeneral,sieve,PG,670033495,67003349504,0.01,0.9596,0.9642,33628757,/users/varuncg/libCacheSim/results/cp_wss01_prefetch/logs/w15.oracleGeneral.bin.zst__sieve__PG__670033495.log,ok
w14.oracleGeneral.bin.zst,oracleGeneral,lru,PG,7574074664,757407466496,0.01,0.5641,0.8437,34816425,/users/varuncg/libCacheSim/results/cp_wss01_prefetch/logs/w14.oracleGeneral.bin.zst__lru__PG__7574074664.log,ok
w01.oracleGeneral.bin.zst,oracleGeneral,sieve,PG,6859525155,685952515584,0.01,0.8443,0.7739,215796257,/users/varuncg/libCacheSim/results/cp_wss01_prefetch/logs/w01.oracleGeneral.bin.zst__sieve__PG__6859525155.log,ok
w14.oracleGeneral.bin.zst,oracleGeneral,sieve,Mithril,7574074664,757407466496,0.01,0.4221,0.5033,34816425,/users/varuncg/libCacheSim/results/cp_wss01_prefetch/logs/w14.oracleGeneral.bin.zst__sieve__Mithril__7574074664.log,ok
w16.oracleGeneral.bin.zst,oracleGeneral,lru,PG,930699735,93069973504,0.01,0.8187,0.7736,26702188,/users/varuncg/libCacheSim/results/cp_wss01_prefetch/logs/w16.oracleGeneral.bin.zst__lru__PG__930699735.log,ok
w18.oracleGeneral.bin.zst,oracleGeneral,lru,OBL,743396669,74339666944,0.01,0.7269,0.7184,22466283,/users/varuncg/libCacheSim/results/cp_wss01_prefetch/logs/w18.oracleGeneral.bin.zst__lru__OBL__743396669.log,ok
w18.oracleGeneral.bin.zst,oracleGeneral,sieve,none,743396669,74339666944,0.01,0.6995,0.6744,22466283,/users/varuncg/libCacheSim/results/cp_wss01_prefetch/logs/w18.oracleGeneral.bin.zst__sieve__noprefetch__743396669.log,ok
w14.oracleGeneral.bin.zst,oracleGeneral,lru,Mithril,7574074664,757407466496,0.01,0.4254,0.5006,34816425,/users/varuncg/libCacheSim/results/cp_wss01_prefetch/logs/w14.oracleGeneral.bin.zst__lru__Mithril__7574074664.log,ok
w18.oracleGeneral.bin.zst,oracleGeneral,sieve,OBL,743396669,74339666944,0.01,0.6956,0.6742,22466283,/users/varuncg/libCacheSim/results/cp_wss01_prefetch/logs/w18.oracleGeneral.bin.zst__sieve__OBL__743396669.log,ok
w02.oracleGeneral.bin.zst,oracleGeneral,sieve,Mithril,209842984,20984298496,0.01,0.1784,0.1409,122181000,/users/varuncg/libCacheSim/results/cp_wss01_prefetch/logs/w02.oracleGeneral.bin.zst__sieve__Mithril__209842984.log,ok
w14.oracleGeneral.bin.zst,oracleGeneral,sieve,PG,7574074664,757407466496,0.01,0.5455,0.8400,34816425,/users/varuncg/libCacheSim/results/cp_wss01_prefetch/logs/w14.oracleGeneral.bin.zst__sieve__PG__7574074664.log,ok
w16.oracleGeneral.bin.zst,oracleGeneral,sieve,PG,930699735,93069973504,0.01,0.8027,0.7456,26702188,/users/varuncg/libCacheSim/results/cp_wss01_prefetch/logs/w16.oracleGeneral.bin.zst__sieve__PG__930699735.log,ok
w19.oracleGeneral.bin.zst,oracleGeneral,sieve,none,386807680,38680768000,0.01,0.8704,0.9149,31116216,/users/varuncg/libCacheSim/results/cp_wss01_prefetch/logs/w19.oracleGeneral.bin.zst__sieve__noprefetch__386807680.log,ok
w13.oracleGeneral.bin.zst,oracleGeneral,lru,Mithril,2035458703,203545870336,0.01,0.3385,0.3463,39822877,/users/varuncg/libCacheSim/results/cp_wss01_prefetch/logs/w13.oracleGeneral.bin.zst__lru__Mithril__2035458703.log,ok
w19.oracleGeneral.bin.zst,oracleGeneral,sieve,OBL,386807680,38680768000,0.01,0.8704,0.9149,31116216,/users/varuncg/libCacheSim/results/cp_wss01_prefetch/logs/w19.oracleGeneral.bin.zst__sieve__OBL__386807680.log,ok
w19.oracleGeneral.bin.zst,oracleGeneral,lru,none,386807680,38680768000,0.01,0.9744,0.9895,31116216,/users/varuncg/libCacheSim/results/cp_wss01_prefetch/logs/w19.oracleGeneral.bin.zst__lru__noprefetch__386807680.log,ok
w18.oracleGeneral.bin.zst,oracleGeneral,lru,PG,743396669,74339666944,0.01,0.7293,0.7176,22466283,/users/varuncg/libCacheSim/results/cp_wss01_prefetch/logs/w18.oracleGeneral.bin.zst__lru__PG__743396669.log,ok
w20.oracleGeneral.bin.zst,oracleGeneral,lru,none,11471229905,1147122990592,0.01,0.7260,0.9491,29842317,/users/varuncg/libCacheSim/results/cp_wss01_prefetch/logs/w20.oracleGeneral.bin.zst__lru__noprefetch__11471229905.log,ok
w19.oracleGeneral.bin.zst,oracleGeneral,lru,OBL,386807680,38680768000,0.01,0.9744,0.9895,31116216,/users/varuncg/libCacheSim/results/cp_wss01_prefetch/logs/w19.oracleGeneral.bin.zst__lru__OBL__386807680.log,ok
w17.oracleGeneral.bin.zst,oracleGeneral,lru,PG,479192642,47919264256,0.01,0.3273,0.3907,31398089,/users/varuncg/libCacheSim/results/cp_wss01_prefetch/logs/w17.oracleGeneral.bin.zst__lru__PG__479192642.log,ok
w20.oracleGeneral.bin.zst,oracleGeneral,lru,OBL,11471229905,1147122990592,0.01,0.7260,0.9491,29842317,/users/varuncg/libCacheSim/results/cp_wss01_prefetch/logs/w20.oracleGeneral.bin.zst__lru__OBL__11471229905.log,ok
w18.oracleGeneral.bin.zst,oracleGeneral,sieve,PG,743396669,74339666944,0.01,0.6997,0.6760,22466283,/users/varuncg/libCacheSim/results/cp_wss01_prefetch/logs/w18.oracleGeneral.bin.zst__sieve__PG__743396669.log,ok
w16.oracleGeneral.bin.zst,oracleGeneral,lru,Mithril,930699735,93069973504,0.01,0.7502,0.6738,26702188,/users/varuncg/libCacheSim/results/cp_wss01_prefetch/logs/w16.oracleGeneral.bin.zst__lru__Mithril__930699735.log,ok
w16.oracleGeneral.bin.zst,oracleGeneral,sieve,Mithril,930699735,93069973504,0.01,0.7481,0.6720,26702188,/users/varuncg/libCacheSim/results/cp_wss01_prefetch/logs/w16.oracleGeneral.bin.zst__sieve__Mithril__930699735.log,ok
w20.oracleGeneral.bin.zst,oracleGeneral,sieve,none,11471229905,1147122990592,0.01,0.6876,0.9350,29842317,/users/varuncg/libCacheSim/results/cp_wss01_prefetch/logs/w20.oracleGeneral.bin.zst__sieve__noprefetch__11471229905.log,ok
w17.oracleGeneral.bin.zst,oracleGeneral,sieve,PG,479192642,47919264256,0.01,0.3370,0.4173,31398089,/users/varuncg/libCacheSim/results/cp_wss01_prefetch/logs/w17.oracleGeneral.bin.zst__sieve__PG__479192642.log,ok
w13.oracleGeneral.bin.zst,oracleGeneral,sieve,Mithril,2035458703,203545870336,0.01,0.3601,0.3629,39822877,/users/varuncg/libCacheSim/results/cp_wss01_prefetch/logs/w13.oracleGeneral.bin.zst__sieve__Mithril__2035458703.log,ok
w20.oracleGeneral.bin.zst,oracleGeneral,sieve,OBL,11471229905,1147122990592,0.01,0.6876,0.9350,29842317,/users/varuncg/libCacheSim/results/cp_wss01_prefetch/logs/w20.oracleGeneral.bin.zst__sieve__OBL__11471229905.log,ok
w02.oracleGeneral.bin.zst,oracleGeneral,lru,Mithril,209842984,20984298496,0.01,0.1639,0.1255,122181000,/users/varuncg/libCacheSim/results/cp_wss01_prefetch/logs/w02.oracleGeneral.bin.zst__lru__Mithril__209842984.log,ok
w21.oracleGeneral.bin.zst,oracleGeneral,lru,none,4009965342,400996534272,0.01,0.9210,0.9883,29416348,/users/varuncg/libCacheSim/results/cp_wss01_prefetch/logs/w21.oracleGeneral.bin.zst__lru__noprefetch__4009965342.log,ok
w21.oracleGeneral.bin.zst,oracleGeneral,lru,OBL,4009965342,400996534272,0.01,0.9210,0.9883,29416348,/users/varuncg/libCacheSim/results/cp_wss01_prefetch/logs/w21.oracleGeneral.bin.zst__lru__OBL__4009965342.log,ok
w22.oracleGeneral.bin.zst,oracleGeneral,lru,none,713576386,71357638656,0.01,0.8926,0.7430,22248591,/users/varuncg/libCacheSim/results/cp_wss01_prefetch/logs/w22.oracleGeneral.bin.zst__lru__noprefetch__713576386.log,ok
w18.oracleGeneral.bin.zst,oracleGeneral,lru,Mithril,743396669,74339666944,0.01,0.5183,0.5322,22466283,/users/varuncg/libCacheSim/results/cp_wss01_prefetch/logs/w18.oracleGeneral.bin.zst__lru__Mithril__743396669.log,ok
w21.oracleGeneral.bin.zst,oracleGeneral,sieve,none,4009965342,400996534272,0.01,0.9081,0.9834,29416348,/users/varuncg/libCacheSim/results/cp_wss01_prefetch/logs/w21.oracleGeneral.bin.zst__sieve__noprefetch__4009965342.log,ok
w22.oracleGeneral.bin.zst,oracleGeneral,lru,OBL,713576386,71357638656,0.01,0.8919,0.7429,22248591,/users/varuncg/libCacheSim/results/cp_wss01_prefetch/logs/w22.oracleGeneral.bin.zst__lru__OBL__713576386.log,ok
w21.oracleGeneral.bin.zst,oracleGeneral,sieve,OBL,4009965342,400996534272,0.01,0.9081,0.9834,29416348,/users/varuncg/libCacheSim/results/cp_wss01_prefetch/logs/w21.oracleGeneral.bin.zst__sieve__OBL__4009965342.log,ok
w22.oracleGeneral.bin.zst,oracleGeneral,sieve,OBL,713576386,71357638656,0.01,0.8864,0.7362,22248591,/users/varuncg/libCacheSim/results/cp_wss01_prefetch/logs/w22.oracleGeneral.bin.zst__sieve__OBL__713576386.log,ok
w22.oracleGeneral.bin.zst,oracleGeneral,sieve,none,713576386,71357638656,0.01,0.8871,0.7363,22248591,/users/varuncg/libCacheSim/results/cp_wss01_prefetch/logs/w22.oracleGeneral.bin.zst__sieve__noprefetch__713576386.log,ok
w18.oracleGeneral.bin.zst,oracleGeneral,sieve,Mithril,743396669,74339666944,0.01,0.5146,0.5289,22466283,/users/varuncg/libCacheSim/results/cp_wss01_prefetch/logs/w18.oracleGeneral.bin.zst__sieve__Mithril__743396669.log,ok
w19.oracleGeneral.bin.zst,oracleGeneral,sieve,PG,386807680,38680768000,0.01,0.8885,0.8671,31116216,/users/varuncg/libCacheSim/results/cp_wss01_prefetch/logs/w19.oracleGeneral.bin.zst__sieve__PG__386807680.log,ok
w23.oracleGeneral.bin.zst,oracleGeneral,lru,none,782452787,78245278720,0.01,0.7340,0.8246,27914470,/users/varuncg/libCacheSim/results/cp_wss01_prefetch/logs/w23.oracleGeneral.bin.zst__lru__noprefetch__782452787.log,ok
w17.oracleGeneral.bin.zst,oracleGeneral,lru,Mithril,479192642,47919264256,0.01,0.2225,0.2934,31398089,/users/varuncg/libCacheSim/results/cp_wss01_prefetch/logs/w17.oracleGeneral.bin.zst__lru__Mithril__479192642.log,ok
w23.oracleGeneral.bin.zst,oracleGeneral,sieve,none,782452787,78245278720,0.01,0.6751,0.8128,27914470,/users/varuncg/libCacheSim/results/cp_wss01_prefetch/logs/w23.oracleGeneral.bin.zst__sieve__noprefetch__782452787.log,ok
w19.oracleGeneral.bin.zst,oracleGeneral,lru,PG,386807680,38680768000,0.01,0.9354,0.9230,31116216,/users/varuncg/libCacheSim/results/cp_wss01_prefetch/logs/w19.oracleGeneral.bin.zst__lru__PG__386807680.log,ok
w23.oracleGeneral.bin.zst,oracleGeneral,lru,OBL,782452787,78245278720,0.01,0.7157,0.8190,27914470,/users/varuncg/libCacheSim/results/cp_wss01_prefetch/logs/w23.oracleGeneral.bin.zst__lru__OBL__782452787.log,ok
w05.oracleGeneral.bin.zst,oracleGeneral,lru,Mithril,15429059020,1542905902080,0.01,0.7511,0.6405,73034546,/users/varuncg/libCacheSim/results/cp_wss01_prefetch/logs/w05.oracleGeneral.bin.zst__lru__Mithril__15429059020.log,ok
w22.oracleGeneral.bin.zst,oracleGeneral,lru,PG,713576386,71357638656,0.01,0.8911,0.7418,22248591,/users/varuncg/libCacheSim/results/cp_wss01_prefetch/logs/w22.oracleGeneral.bin.zst__lru__PG__713576386.log,ok
w23.oracleGeneral.bin.zst,oracleGeneral,sieve,OBL,782452787,78245278720,0.01,0.6424,0.7957,27914470,/users/varuncg/libCacheSim/results/cp_wss01_prefetch/logs/w23.oracleGeneral.bin.zst__sieve__OBL__782452787.log,ok
w24.oracleGeneral.bin.zst,oracleGeneral,lru,none,1007676544,100767654400,0.01,0.5996,0.7870,27165370,/users/varuncg/libCacheSim/results/cp_wss01_prefetch/logs/w24.oracleGeneral.bin.zst__lru__noprefetch__1007676544.log,ok
w17.oracleGeneral.bin.zst,oracleGeneral,sieve,Mithril,479192642,47919264256,0.01,0.2143,0.2863,31398089,/users/varuncg/libCacheSim/results/cp_wss01_prefetch/logs/w17.oracleGeneral.bin.zst__sieve__Mithril__479192642.log,ok
w24.oracleGeneral.bin.zst,oracleGeneral,lru,OBL,1007676544,100767654400,0.01,0.5996,0.7870,27165370,/users/varuncg/libCacheSim/results/cp_wss01_prefetch/logs/w24.oracleGeneral.bin.zst__lru__OBL__1007676544.log,ok
w22.oracleGeneral.bin.zst,oracleGeneral,sieve,PG,713576386,71357638656,0.01,0.8857,0.7354,22248591,/users/varuncg/libCacheSim/results/cp_wss01_prefetch/logs/w22.oracleGeneral.bin.zst__sieve__PG__713576386.log,ok
w24.oracleGeneral.bin.zst,oracleGeneral,sieve,none,1007676544,100767654400,0.01,0.5830,0.7915,27165370,/users/varuncg/libCacheSim/results/cp_wss01_prefetch/logs/w24.oracleGeneral.bin.zst__sieve__noprefetch__1007676544.log,ok
w24.oracleGeneral.bin.zst,oracleGeneral,sieve,OBL,1007676544,100767654400,0.01,0.5830,0.7915,27165370,/users/varuncg/libCacheSim/results/cp_wss01_prefetch/logs/w24.oracleGeneral.bin.zst__sieve__OBL__1007676544.log,ok
w21.oracleGeneral.bin.zst,oracleGeneral,lru,PG,4009965342,400996534272,0.01,0.8684,0.9552,29416348,/users/varuncg/libCacheSim/results/cp_wss01_prefetch/logs/w21.oracleGeneral.bin.zst__lru__PG__4009965342.log,ok
w22.oracleGeneral.bin.zst,oracleGeneral,lru,Mithril,713576386,71357638656,0.01,0.8826,0.7323,22248591,/users/varuncg/libCacheSim/results/cp_wss01_prefetch/logs/w22.oracleGeneral.bin.zst__lru__Mithril__713576386.log,ok
w05.oracleGeneral.bin.zst,oracleGeneral,sieve,Mithril,15429059020,1542905902080,0.01,0.7573,0.6430,73034546,/users/varuncg/libCacheSim/results/cp_wss01_prefetch/logs/w05.oracleGeneral.bin.zst__sieve__Mithril__15429059020.log,ok
w25.oracleGeneral.bin.zst,oracleGeneral,lru,none,1611478266,161147826688,0.01,0.9303,0.9575,26569398,/users/varuncg/libCacheSim/results/cp_wss01_prefetch/logs/w25.oracleGeneral.bin.zst__lru__noprefetch__1611478266.log,ok
w20.oracleGeneral.bin.zst,oracleGeneral,lru,Mithril,11471229905,1147122990592,0.01,0.5005,0.5458,29842317,/users/varuncg/libCacheSim/results/cp_wss01_prefetch/logs/w20.oracleGeneral.bin.zst__lru__Mithril__11471229905.log,ok
w20.oracleGeneral.bin.zst,oracleGeneral,sieve,Mithril,11471229905,1147122990592,0.01,0.4954,0.5444,29842317,/users/varuncg/libCacheSim/results/cp_wss01_prefetch/logs/w20.oracleGeneral.bin.zst__sieve__Mithril__11471229905.log,ok
w25.oracleGeneral.bin.zst,oracleGeneral,sieve,none,1611478266,161147826688,0.01,0.8642,0.9010,26569398,/users/varuncg/libCacheSim/results/cp_wss01_prefetch/logs/w25.oracleGeneral.bin.zst__sieve__noprefetch__1611478266.log,ok
w22.oracleGeneral.bin.zst,oracleGeneral,sieve,Mithril,713576386,71357638656,0.01,0.8794,0.7289,22248591,/users/varuncg/libCacheSim/results/cp_wss01_prefetch/logs/w22.oracleGeneral.bin.zst__sieve__Mithril__713576386.log,ok
w25.oracleGeneral.bin.zst,oracleGeneral,lru,OBL,1611478266,161147826688,0.01,0.9249,0.9574,26569398,/users/varuncg/libCacheSim/results/cp_wss01_prefetch/logs/w25.oracleGeneral.bin.zst__lru__OBL__1611478266.log,ok
w21.oracleGeneral.bin.zst,oracleGeneral,sieve,PG,4009965342,400996534272,0.01,0.8651,0.9538,29416348,/users/varuncg/libCacheSim/results/cp_wss01_prefetch/logs/w21.oracleGeneral.bin.zst__sieve__PG__4009965342.log,ok
w25.oracleGeneral.bin.zst,oracleGeneral,sieve,OBL,1611478266,161147826688,0.01,0.8623,0.9040,26569398,/users/varuncg/libCacheSim/results/cp_wss01_prefetch/logs/w25.oracleGeneral.bin.zst__sieve__OBL__1611478266.log,ok
w21.oracleGeneral.bin.zst,oracleGeneral,lru,Mithril,4009965342,400996534272,0.01,0.3368,0.2964,29416348,/users/varuncg/libCacheSim/results/cp_wss01_prefetch/logs/w21.oracleGeneral.bin.zst__lru__Mithril__4009965342.log,ok
w26.oracleGeneral.bin.zst,oracleGeneral,sieve,none,1520186869,152018686976,0.01,0.4992,0.7344,26532121,/users/varuncg/libCacheSim/results/cp_wss01_prefetch/logs/w26.oracleGeneral.bin.zst__sieve__noprefetch__1520186869.log,ok
w26.oracleGeneral.bin.zst,oracleGeneral,lru,none,1520186869,152018686976,0.01,0.5170,0.7481,26532121,/users/varuncg/libCacheSim/results/cp_wss01_prefetch/logs/w26.oracleGeneral.bin.zst__lru__noprefetch__1520186869.log,ok
w23.oracleGeneral.bin.zst,oracleGeneral,lru,PG,782452787,78245278720,0.01,0.7256,0.8213,27914470,/users/varuncg/libCacheSim/results/cp_wss01_prefetch/logs/w23.oracleGeneral.bin.zst__lru__PG__782452787.log,ok
w23.oracleGeneral.bin.zst,oracleGeneral,sieve,PG,782452787,78245278720,0.01,0.6580,0.7976,27914470,/users/varuncg/libCacheSim/results/cp_wss01_prefetch/logs/w23.oracleGeneral.bin.zst__sieve__PG__782452787.log,ok
w26.oracleGeneral.bin.zst,oracleGeneral,lru,OBL,1520186869,152018686976,0.01,0.5170,0.7481,26532121,/users/varuncg/libCacheSim/results/cp_wss01_prefetch/logs/w26.oracleGeneral.bin.zst__lru__OBL__1520186869.log,ok
w20.oracleGeneral.bin.zst,oracleGeneral,lru,PG,11471229905,1147122990592,0.01,0.7103,0.9202,29842317,/users/varuncg/libCacheSim/results/cp_wss01_prefetch/logs/w20.oracleGeneral.bin.zst__lru__PG__11471229905.log,ok
w21.oracleGeneral.bin.zst,oracleGeneral,sieve,Mithril,4009965342,400996534272,0.01,0.3402,0.2990,29416348,/users/varuncg/libCacheSim/results/cp_wss01_prefetch/logs/w21.oracleGeneral.bin.zst__sieve__Mithril__4009965342.log,ok
w24.oracleGeneral.bin.zst,oracleGeneral,lru,PG,1007676544,100767654400,0.01,0.5927,0.7791,27165370,/users/varuncg/libCacheSim/results/cp_wss01_prefetch/logs/w24.oracleGeneral.bin.zst__lru__PG__1007676544.log,ok
w27.oracleGeneral.bin.zst,oracleGeneral,lru,none,489817320,48981732032,0.01,0.7473,0.7048,19501541,/users/varuncg/libCacheSim/results/cp_wss01_prefetch/logs/w27.oracleGeneral.bin.zst__lru__noprefetch__489817320.log,ok
w26.oracleGeneral.bin.zst,oracleGeneral,sieve,OBL,1520186869,152018686976,0.01,0.4992,0.7344,26532121,/users/varuncg/libCacheSim/results/cp_wss01_prefetch/logs/w26.oracleGeneral.bin.zst__sieve__OBL__1520186869.log,ok
w20.oracleGeneral.bin.zst,oracleGeneral,sieve,PG,11471229905,1147122990592,0.01,0.6947,0.9142,29842317,/users/varuncg/libCacheSim/results/cp_wss01_prefetch/logs/w20.oracleGeneral.bin.zst__sieve__PG__11471229905.log,ok
w24.oracleGeneral.bin.zst,oracleGeneral,sieve,PG,1007676544,100767654400,0.01,0.5839,0.7815,27165370,/users/varuncg/libCacheSim/results/cp_wss01_prefetch/logs/w24.oracleGeneral.bin.zst__sieve__PG__1007676544.log,ok
w27.oracleGeneral.bin.zst,oracleGeneral,lru,OBL,489817320,48981732032,0.01,0.7473,0.7048,19501541,/users/varuncg/libCacheSim/results/cp_wss01_prefetch/logs/w27.oracleGeneral.bin.zst__lru__OBL__489817320.log,ok
w27.oracleGeneral.bin.zst,oracleGeneral,sieve,none,489817320,48981732032,0.01,0.7967,0.7796,19501541,/users/varuncg/libCacheSim/results/cp_wss01_prefetch/logs/w27.oracleGeneral.bin.zst__sieve__noprefetch__489817320.log,ok
w27.oracleGeneral.bin.zst,oracleGeneral,sieve,OBL,489817320,48981732032,0.01,0.7967,0.7796,19501541,/users/varuncg/libCacheSim/results/cp_wss01_prefetch/logs/w27.oracleGeneral.bin.zst__sieve__OBL__489817320.log,ok
w11.oracleGeneral.bin.zst,oracleGeneral,sieve,Mithril,812875520,81287552000,0.01,0.6804,0.6639,46173369,/users/varuncg/libCacheSim/results/cp_wss01_prefetch/logs/w11.oracleGeneral.bin.zst__sieve__Mithril__812875520.log,ok
w19.oracleGeneral.bin.zst,oracleGeneral,sieve,Mithril,386807680,38680768000,0.01,0.2149,0.1805,31116216,/users/varuncg/libCacheSim/results/cp_wss01_prefetch/logs/w19.oracleGeneral.bin.zst__sieve__Mithril__386807680.log,ok
w11.oracleGeneral.bin.zst,oracleGeneral,lru,Mithril,812875520,81287552000,0.01,0.6749,0.6685,46173369,/users/varuncg/libCacheSim/results/cp_wss01_prefetch/logs/w11.oracleGeneral.bin.zst__lru__Mithril__812875520.log,ok
w28.oracleGeneral.bin.zst,oracleGeneral,lru,none,2290012592,229001259200,0.01,0.7850,0.8603,19739621,/users/varuncg/libCacheSim/results/cp_wss01_prefetch/logs/w28.oracleGeneral.bin.zst__lru__noprefetch__2290012592.log,ok
w28.oracleGeneral.bin.zst,oracleGeneral,sieve,none,2290012592,229001259200,0.01,0.7486,0.8487,19739621,/users/varuncg/libCacheSim/results/cp_wss01_prefetch/logs/w28.oracleGeneral.bin.zst__sieve__noprefetch__2290012592.log,ok
w28.oracleGeneral.bin.zst,oracleGeneral,lru,OBL,2290012592,229001259200,0.01,0.7846,0.8602,19739621,/users/varuncg/libCacheSim/results/cp_wss01_prefetch/logs/w28.oracleGeneral.bin.zst__lru__OBL__2290012592.log,ok
w19.oracleGeneral.bin.zst,oracleGeneral,lru,Mithril,386807680,38680768000,0.01,0.2022,0.1665,31116216,/users/varuncg/libCacheSim/results/cp_wss01_prefetch/logs/w19.oracleGeneral.bin.zst__lru__Mithril__386807680.log,ok
w28.oracleGeneral.bin.zst,oracleGeneral,sieve,OBL,2290012592,229001259200,0.01,0.7482,0.8487,19739621,/users/varuncg/libCacheSim/results/cp_wss01_prefetch/logs/w28.oracleGeneral.bin.zst__sieve__OBL__2290012592.log,ok
w29.oracleGeneral.bin.zst,oracleGeneral,lru,none,504006248,50400624832,0.01,0.6666,0.6624,19087784,/users/varuncg/libCacheSim/results/cp_wss01_prefetch/logs/w29.oracleGeneral.bin.zst__lru__noprefetch__504006248.log,ok
w29.oracleGeneral.bin.zst,oracleGeneral,sieve,none,504006248,50400624832,0.01,0.7189,0.7556,19087784,/users/varuncg/libCacheSim/results/cp_wss01_prefetch/logs/w29.oracleGeneral.bin.zst__sieve__noprefetch__504006248.log,ok
w29.oracleGeneral.bin.zst,oracleGeneral,lru,OBL,504006248,50400624832,0.01,0.6666,0.6624,19087784,/users/varuncg/libCacheSim/results/cp_wss01_prefetch/logs/w29.oracleGeneral.bin.zst__lru__OBL__504006248.log,ok
w29.oracleGeneral.bin.zst,oracleGeneral,sieve,OBL,504006248,50400624832,0.01,0.7189,0.7556,19087784,/users/varuncg/libCacheSim/results/cp_wss01_prefetch/logs/w29.oracleGeneral.bin.zst__sieve__OBL__504006248.log,ok
w24.oracleGeneral.bin.zst,oracleGeneral,lru,Mithril,1007676544,100767654400,0.01,,,,/users/varuncg/libCacheSim/results/cp_wss01_prefetch/logs/w24.oracleGeneral.bin.zst__lru__Mithril__1007676544.log,fail:134
w27.oracleGeneral.bin.zst,oracleGeneral,lru,PG,489817320,48981732032,0.01,0.7460,0.7042,19501541,/users/varuncg/libCacheSim/results/cp_wss01_prefetch/logs/w27.oracleGeneral.bin.zst__lru__PG__489817320.log,ok
w27.oracleGeneral.bin.zst,oracleGeneral,sieve,PG,489817320,48981732032,0.01,0.7931,0.7731,19501541,/users/varuncg/libCacheSim/results/cp_wss01_prefetch/logs/w27.oracleGeneral.bin.zst__sieve__PG__489817320.log,ok
w30.oracleGeneral.bin.zst,oracleGeneral,lru,none,304823546,30482354688,0.01,0.6804,0.6471,21390010,/users/varuncg/libCacheSim/results/cp_wss01_prefetch/logs/w30.oracleGeneral.bin.zst__lru__noprefetch__304823546.log,ok
w26.oracleGeneral.bin.zst,oracleGeneral,lru,PG,1520186869,152018686976,0.01,0.4995,0.7302,26532121,/users/varuncg/libCacheSim/results/cp_wss01_prefetch/logs/w26.oracleGeneral.bin.zst__lru__PG__1520186869.log,ok
w01.oracleGeneral.bin.zst,oracleGeneral,sieve,Mithril,6859525155,685952515584,0.01,0.8375,0.7667,215796257,/users/varuncg/libCacheSim/results/cp_wss01_prefetch/logs/w01.oracleGeneral.bin.zst__sieve__Mithril__6859525155.log,ok
w30.oracleGeneral.bin.zst,oracleGeneral,lru,OBL,304823546,30482354688,0.01,0.6804,0.6471,21390010,/users/varuncg/libCacheSim/results/cp_wss01_prefetch/logs/w30.oracleGeneral.bin.zst__lru__OBL__304823546.log,ok
w30.oracleGeneral.bin.zst,oracleGeneral,sieve,none,304823546,30482354688,0.01,0.8841,0.9105,21390010,/users/varuncg/libCacheSim/results/cp_wss01_prefetch/logs/w30.oracleGeneral.bin.zst__sieve__noprefetch__304823546.log,ok
w27.oracleGeneral.bin.zst,oracleGeneral,sieve,Mithril,489817320,48981732032,0.01,,,,/users/varuncg/libCacheSim/results/cp_wss01_prefetch/logs/w27.oracleGeneral.bin.zst__sieve__Mithril__489817320.log,fail:1
w24.oracleGeneral.bin.zst,oracleGeneral,sieve,Mithril,1007676544,100767654400,0.01,0.4401,0.5757,27165370,/users/varuncg/libCacheSim/results/cp_wss01_prefetch/logs/w24.oracleGeneral.bin.zst__sieve__Mithril__1007676544.log,ok
w30.oracleGeneral.bin.zst,oracleGeneral,sieve,OBL,304823546,30482354688,0.01,0.8841,0.9105,21390010,/users/varuncg/libCacheSim/results/cp_wss01_prefetch/logs/w30.oracleGeneral.bin.zst__sieve__OBL__304823546.log,ok
w26.oracleGeneral.bin.zst,oracleGeneral,sieve,PG,1520186869,152018686976,0.01,0.4839,0.7185,26532121,/users/varuncg/libCacheSim/results/cp_wss01_prefetch/logs/w26.oracleGeneral.bin.zst__sieve__PG__1520186869.log,ok
w25.oracleGeneral.bin.zst,oracleGeneral,lru,Mithril,1611478266,161147826688,0.01,0.2697,0.2349,26569398,/users/varuncg/libCacheSim/results/cp_wss01_prefetch/logs/w25.oracleGeneral.bin.zst__lru__Mithril__1611478266.log,ok
w29.oracleGeneral.bin.zst,oracleGeneral,lru,PG,504006248,50400624832,0.01,0.6663,0.6622,19087784,/users/varuncg/libCacheSim/results/cp_wss01_prefetch/logs/w29.oracleGeneral.bin.zst__lru__PG__504006248.log,ok
w29.oracleGeneral.bin.zst,oracleGeneral,sieve,PG,504006248,50400624832,0.01,0.7238,0.7593,19087784,/users/varuncg/libCacheSim/results/cp_wss01_prefetch/logs/w29.oracleGeneral.bin.zst__sieve__PG__504006248.log,ok
w28.oracleGeneral.bin.zst,oracleGeneral,sieve,PG,2290012592,229001259200,0.01,0.7437,0.8408,19739621,/users/varuncg/libCacheSim/results/cp_wss01_prefetch/logs/w28.oracleGeneral.bin.zst__sieve__PG__2290012592.log,ok
w28.oracleGeneral.bin.zst,oracleGeneral,lru,PG,2290012592,229001259200,0.01,0.7788,0.8559,19739621,/users/varuncg/libCacheSim/results/cp_wss01_prefetch/logs/w28.oracleGeneral.bin.zst__lru__PG__2290012592.log,ok
w27.oracleGeneral.bin.zst,oracleGeneral,lru,Mithril,489817320,48981732032,0.01,,,,/users/varuncg/libCacheSim/results/cp_wss01_prefetch/logs/w27.oracleGeneral.bin.zst__lru__Mithril__489817320.log,fail:1
w31.oracleGeneral.bin.zst,oracleGeneral,lru,none,28071554698,2807155469824,0.01,0.9033,0.9882,21166982,/users/varuncg/libCacheSim/results/cp_wss01_prefetch/logs/w31.oracleGeneral.bin.zst__lru__noprefetch__28071554698.log,ok
w31.oracleGeneral.bin.zst,oracleGeneral,lru,OBL,28071554698,2807155469824,0.01,0.9033,0.9882,21166982,/users/varuncg/libCacheSim/results/cp_wss01_prefetch/logs/w31.oracleGeneral.bin.zst__lru__OBL__28071554698.log,ok
w31.oracleGeneral.bin.zst,oracleGeneral,sieve,none,28071554698,2807155469824,0.01,0.8749,0.9823,21166982,/users/varuncg/libCacheSim/results/cp_wss01_prefetch/logs/w31.oracleGeneral.bin.zst__sieve__noprefetch__28071554698.log,ok
w32.oracleGeneral.bin.zst,oracleGeneral,lru,none,478672706,47867270656,0.01,0.7303,0.6003,20776392,/users/varuncg/libCacheSim/results/cp_wss01_prefetch/logs/w32.oracleGeneral.bin.zst__lru__noprefetch__478672706.log,ok
w31.oracleGeneral.bin.zst,oracleGeneral,sieve,OBL,28071554698,2807155469824,0.01,0.8749,0.9823,21166982,/users/varuncg/libCacheSim/results/cp_wss01_prefetch/logs/w31.oracleGeneral.bin.zst__sieve__OBL__28071554698.log,ok
w33.oracleGeneral.bin.zst,oracleGeneral,lru,none,90925424,9092542464,0.01,0.1998,0.3619,19868346,/users/varuncg/libCacheSim/results/cp_wss01_prefetch/logs/w33.oracleGeneral.bin.zst__lru__noprefetch__90925424.log,ok
w32.oracleGeneral.bin.zst,oracleGeneral,lru,OBL,478672706,47867270656,0.01,0.7303,0.6003,20776392,/users/varuncg/libCacheSim/results/cp_wss01_prefetch/logs/w32.oracleGeneral.bin.zst__lru__OBL__478672706.log,ok
w25.oracleGeneral.bin.zst,oracleGeneral,sieve,Mithril,1611478266,161147826688,0.01,0.2806,0.2412,26569398,/users/varuncg/libCacheSim/results/cp_wss01_prefetch/logs/w25.oracleGeneral.bin.zst__sieve__Mithril__1611478266.log,ok
w25.oracleGeneral.bin.zst,oracleGeneral,lru,PG,1611478266,161147826688,0.01,0.7399,0.7390,26569398,/users/varuncg/libCacheSim/results/cp_wss01_prefetch/logs/w25.oracleGeneral.bin.zst__lru__PG__1611478266.log,ok
w30.oracleGeneral.bin.zst,oracleGeneral,sieve,PG,304823546,30482354688,0.01,0.8810,0.9196,21390010,/users/varuncg/libCacheSim/results/cp_wss01_prefetch/logs/w30.oracleGeneral.bin.zst__sieve__PG__304823546.log,ok
w33.oracleGeneral.bin.zst,oracleGeneral,lru,OBL,90925424,9092542464,0.01,0.1998,0.3619,19868346,/users/varuncg/libCacheSim/results/cp_wss01_prefetch/logs/w33.oracleGeneral.bin.zst__lru__OBL__90925424.log,ok
w26.oracleGeneral.bin.zst,oracleGeneral,sieve,Mithril,1520186869,152018686976,0.01,0.3509,0.5298,26532121,/users/varuncg/libCacheSim/results/cp_wss01_prefetch/logs/w26.oracleGeneral.bin.zst__sieve__Mithril__1520186869.log,ok
w26.oracleGeneral.bin.zst,oracleGeneral,lru,Mithril,1520186869,152018686976,0.01,0.3543,0.5310,26532121,/users/varuncg/libCacheSim/results/cp_wss01_prefetch/logs/w26.oracleGeneral.bin.zst__lru__Mithril__1520186869.log,ok
w32.oracleGeneral.bin.zst,oracleGeneral,sieve,none,478672706,47867270656,0.01,0.7200,0.6017,20776392,/users/varuncg/libCacheSim/results/cp_wss01_prefetch/logs/w32.oracleGeneral.bin.zst__sieve__noprefetch__478672706.log,ok
w33.oracleGeneral.bin.zst,oracleGeneral,sieve,none,90925424,9092542464,0.01,0.1993,0.3607,19868346,/users/varuncg/libCacheSim/results/cp_wss01_prefetch/logs/w33.oracleGeneral.bin.zst__sieve__noprefetch__90925424.log,ok
w32.oracleGeneral.bin.zst,oracleGeneral,sieve,OBL,478672706,47867270656,0.01,0.7200,0.6017,20776392,/users/varuncg/libCacheSim/results/cp_wss01_prefetch/logs/w32.oracleGeneral.bin.zst__sieve__OBL__478672706.log,ok
w33.oracleGeneral.bin.zst,oracleGeneral,sieve,OBL,90925424,9092542464,0.01,0.1993,0.3607,19868346,/users/varuncg/libCacheSim/results/cp_wss01_prefetch/logs/w33.oracleGeneral.bin.zst__sieve__OBL__90925424.log,ok
w30.oracleGeneral.bin.zst,oracleGeneral,lru,PG,304823546,30482354688,0.01,0.6662,0.6411,21390010,/users/varuncg/libCacheSim/results/cp_wss01_prefetch/logs/w30.oracleGeneral.bin.zst__lru__PG__304823546.log,ok
w23.oracleGeneral.bin.zst,oracleGeneral,sieve,Mithril,782452787,78245278720,0.01,,,,/users/varuncg/libCacheSim/results/cp_wss01_prefetch/logs/w23.oracleGeneral.bin.zst__sieve__Mithril__782452787.log,fail:134
w28.oracleGeneral.bin.zst,oracleGeneral,sieve,Mithril,2290012592,229001259200,0.01,0.5842,0.6912,19739621,/users/varuncg/libCacheSim/results/cp_wss01_prefetch/logs/w28.oracleGeneral.bin.zst__sieve__Mithril__2290012592.log,ok
w28.oracleGeneral.bin.zst,oracleGeneral,lru,Mithril,2290012592,229001259200,0.01,0.5793,0.6818,19739621,/users/varuncg/libCacheSim/results/cp_wss01_prefetch/logs/w28.oracleGeneral.bin.zst__lru__Mithril__2290012592.log,ok
w25.oracleGeneral.bin.zst,oracleGeneral,sieve,PG,1611478266,161147826688,0.01,0.7450,0.7434,26569398,/users/varuncg/libCacheSim/results/cp_wss01_prefetch/logs/w25.oracleGeneral.bin.zst__sieve__PG__1611478266.log,ok
w29.oracleGeneral.bin.zst,oracleGeneral,sieve,Mithril,504006248,50400624832,0.01,,,,/users/varuncg/libCacheSim/results/cp_wss01_prefetch/logs/w29.oracleGeneral.bin.zst__sieve__Mithril__504006248.log,fail:1
w35.oracleGeneral.bin.zst,oracleGeneral,lru,none,559016535,55901653504,0.01,0.1587,0.4911,15415663,/users/varuncg/libCacheSim/results/cp_wss01_prefetch/logs/w35.oracleGeneral.bin.zst__lru__noprefetch__559016535.log,ok
w29.oracleGeneral.bin.zst,oracleGeneral,lru,Mithril,504006248,50400624832,0.01,,,,/users/varuncg/libCacheSim/results/cp_wss01_prefetch/logs/w29.oracleGeneral.bin.zst__lru__Mithril__504006248.log,fail:1
w34.oracleGeneral.bin.zst,oracleGeneral,sieve,OBL,2203932963,220393296384,0.01,0.7317,0.9278,19553551,/users/varuncg/libCacheSim/results/cp_wss01_prefetch/logs/w34.oracleGeneral.bin.zst__sieve__OBL__2203932963.log,ok
w34.oracleGeneral.bin.zst,oracleGeneral,sieve,none,2203932963,220393296384,0.01,0.7317,0.9278,19553551,/users/varuncg/libCacheSim/results/cp_wss01_prefetch/logs/w34.oracleGeneral.bin.zst__sieve__noprefetch__2203932963.log,ok
w34.oracleGeneral.bin.zst,oracleGeneral,lru,none,2203932963,220393296384,0.01,0.7298,0.7610,19553551,/users/varuncg/libCacheSim/results/cp_wss01_prefetch/logs/w34.oracleGeneral.bin.zst__lru__noprefetch__2203932963.log,ok
w35.oracleGeneral.bin.zst,oracleGeneral,lru,OBL,559016535,55901653504,0.01,0.1587,0.4911,15415663,/users/varuncg/libCacheSim/results/cp_wss01_prefetch/logs/w35.oracleGeneral.bin.zst__lru__OBL__559016535.log,ok
w35.oracleGeneral.bin.zst,oracleGeneral,sieve,none,559016535,55901653504,0.01,0.1461,0.4677,15415663,/users/varuncg/libCacheSim/results/cp_wss01_prefetch/logs/w35.oracleGeneral.bin.zst__sieve__noprefetch__559016535.log,ok
w34.oracleGeneral.bin.zst,oracleGeneral,lru,OBL,2203932963,220393296384,0.01,0.7297,0.7609,19553551,/users/varuncg/libCacheSim/results/cp_wss01_prefetch/logs/w34.oracleGeneral.bin.zst__lru__OBL__2203932963.log,ok
w33.oracleGeneral.bin.zst,oracleGeneral,lru,PG,90925424,9092542464,0.01,0.1998,0.3618,19868346,/users/varuncg/libCacheSim/results/cp_wss01_prefetch/logs/w33.oracleGeneral.bin.zst__lru__PG__90925424.log,ok
w35.oracleGeneral.bin.zst,oracleGeneral,sieve,OBL,559016535,55901653504,0.01,0.1461,0.4677,15415663,/users/varuncg/libCacheSim/results/cp_wss01_prefetch/logs/w35.oracleGeneral.bin.zst__sieve__OBL__559016535.log,ok
w33.oracleGeneral.bin.zst,oracleGeneral,sieve,PG,90925424,9092542464,0.01,0.1993,0.3605,19868346,/users/varuncg/libCacheSim/results/cp_wss01_prefetch/logs/w33.oracleGeneral.bin.zst__sieve__PG__90925424.log,ok
w36.oracleGeneral.bin.zst,oracleGeneral,lru,OBL,83388620,8338862080,0.01,0.1883,0.3575,18915625,/users/varuncg/libCacheSim/results/cp_wss01_prefetch/logs/w36.oracleGeneral.bin.zst__lru__OBL__83388620.log,ok
w32.oracleGeneral.bin.zst,oracleGeneral,lru,PG,478672706,47867270656,0.01,0.7211,0.5851,20776392,/users/varuncg/libCacheSim/results/cp_wss01_prefetch/logs/w32.oracleGeneral.bin.zst__lru__PG__478672706.log,ok
w36.oracleGeneral.bin.zst,oracleGeneral,lru,none,83388620,8338862080,0.01,0.1883,0.3575,18915625,/users/varuncg/libCacheSim/results/cp_wss01_prefetch/logs/w36.oracleGeneral.bin.zst__lru__noprefetch__83388620.log,ok
w36.oracleGeneral.bin.zst,oracleGeneral,sieve,none,83388620,8338862080,0.01,0.1883,0.3568,18915625,/users/varuncg/libCacheSim/results/cp_wss01_prefetch/logs/w36.oracleGeneral.bin.zst__sieve__noprefetch__83388620.log,ok
w36.oracleGeneral.bin.zst,oracleGeneral,sieve,OBL,83388620,8338862080,0.01,0.1883,0.3568,18915625,/users/varuncg/libCacheSim/results/cp_wss01_prefetch/logs/w36.oracleGeneral.bin.zst__sieve__OBL__83388620.log,ok
w23.oracleGeneral.bin.zst,oracleGeneral,lru,Mithril,782452787,78245278720,0.01,0.5913,0.4308,27914470,/users/varuncg/libCacheSim/results/cp_wss01_prefetch/logs/w23.oracleGeneral.bin.zst__lru__Mithril__782452787.log,ok
w33.oracleGeneral.bin.zst,oracleGeneral,lru,Mithril,90925424,9092542464,0.01,0.1981,0.3334,19868346,/users/varuncg/libCacheSim/results/cp_wss01_prefetch/logs/w33.oracleGeneral.bin.zst__lru__Mithril__90925424.log,ok
w32.oracleGeneral.bin.zst,oracleGeneral,sieve,PG,478672706,47867270656,0.01,0.7190,0.5927,20776392,/users/varuncg/libCacheSim/results/cp_wss01_prefetch/logs/w32.oracleGeneral.bin.zst__sieve__PG__478672706.log,ok
w33.oracleGeneral.bin.zst,oracleGeneral,sieve,Mithril,90925424,9092542464,0.01,0.2030,0.3349,19868346,/users/varuncg/libCacheSim/results/cp_wss01_prefetch/logs/w33.oracleGeneral.bin.zst__sieve__Mithril__90925424.log,ok
w37.oracleGeneral.bin.zst,oracleGeneral,lru,none,499892674,49989267456,0.01,0.7870,0.8544,18840688,/users/varuncg/libCacheSim/results/cp_wss01_prefetch/logs/w37.oracleGeneral.bin.zst__lru__noprefetch__499892674.log,ok
w37.oracleGeneral.bin.zst,oracleGeneral,sieve,OBL,499892674,49989267456,0.01,0.7246,0.8140,18840688,/users/varuncg/libCacheSim/results/cp_wss01_prefetch/logs/w37.oracleGeneral.bin.zst__sieve__OBL__499892674.log,ok
w32.oracleGeneral.bin.zst,oracleGeneral,lru,Mithril,478672706,47867270656,0.01,0.3822,0.3931,20776392,/users/varuncg/libCacheSim/results/cp_wss01_prefetch/logs/w32.oracleGeneral.bin.zst__lru__Mithril__478672706.log,ok
w37.oracleGeneral.bin.zst,oracleGeneral,sieve,none,499892674,49989267456,0.01,0.7246,0.8140,18840688,/users/varuncg/libCacheSim/results/cp_wss01_prefetch/logs/w37.oracleGeneral.bin.zst__sieve__noprefetch__499892674.log,ok
w37.oracleGeneral.bin.zst,oracleGeneral,lru,OBL,499892674,49989267456,0.01,0.7870,0.8544,18840688,/users/varuncg/libCacheSim/results/cp_wss01_prefetch/logs/w37.oracleGeneral.bin.zst__lru__OBL__499892674.log,ok
w36.oracleGeneral.bin.zst,oracleGeneral,lru,PG,83388620,8338862080,0.01,0.1883,0.3574,18915625,/users/varuncg/libCacheSim/results/cp_wss01_prefetch/logs/w36.oracleGeneral.bin.zst__lru__PG__83388620.log,ok
w32.oracleGeneral.bin.zst,oracleGeneral,sieve,Mithril,478672706,47867270656,0.01,0.3860,0.3952,20776392,/users/varuncg/libCacheSim/results/cp_wss01_prefetch/logs/w32.oracleGeneral.bin.zst__sieve__Mithril__478672706.log,ok
w38.oracleGeneral.bin.zst,oracleGeneral,lru,OBL,294913397,29491339776,0.01,0.6983,0.6900,18535323,/users/varuncg/libCacheSim/results/cp_wss01_prefetch/logs/w38.oracleGeneral.bin.zst__lru__OBL__294913397.log,ok
w38.oracleGeneral.bin.zst,oracleGeneral,lru,none,294913397,29491339776,0.01,0.6983,0.6900,18535323,/users/varuncg/libCacheSim/results/cp_wss01_prefetch/logs/w38.oracleGeneral.bin.zst__lru__noprefetch__294913397.log,ok
w36.oracleGeneral.bin.zst,oracleGeneral,sieve,PG,83388620,8338862080,0.01,0.1882,0.3567,18915625,/users/varuncg/libCacheSim/results/cp_wss01_prefetch/logs/w36.oracleGeneral.bin.zst__sieve__PG__83388620.log,ok
w38.oracleGeneral.bin.zst,oracleGeneral,lru,Mithril,294913397,29491339776,0.01,,,,/users/varuncg/libCacheSim/results/cp_wss01_prefetch/logs/w38.oracleGeneral.bin.zst__lru__Mithril__294913397.log,fail:134
w39.oracleGeneral.bin.zst,oracleGeneral,lru,none,61387223,6138722304,0.01,0.1321,0.1704,17920022,/users/varuncg/libCacheSim/results/cp_wss01_prefetch/logs/w39.oracleGeneral.bin.zst__lru__noprefetch__61387223.log,ok
w38.oracleGeneral.bin.zst,oracleGeneral,sieve,Mithril,294913397,29491339776,0.01,,,,/users/varuncg/libCacheSim/results/cp_wss01_prefetch/logs/w38.oracleGeneral.bin.zst__sieve__Mithril__294913397.log,fail:134
w31.oracleGeneral.bin.zst,oracleGeneral,sieve,Mithril,28071554698,2807155469824,0.01,0.7560,0.6567,21166982,/users/varuncg/libCacheSim/results/cp_wss01_prefetch/logs/w31.oracleGeneral.bin.zst__sieve__Mithril__28071554698.log,ok
w36.oracleGeneral.bin.zst,oracleGeneral,sieve,Mithril,83388620,8338862080,0.01,0.1887,0.3332,18915625,/users/varuncg/libCacheSim/results/cp_wss01_prefetch/logs/w36.oracleGeneral.bin.zst__sieve__Mithril__83388620.log,ok
w36.oracleGeneral.bin.zst,oracleGeneral,lru,Mithril,83388620,8338862080,0.01,0.1854,0.3299,18915625,/users/varuncg/libCacheSim/results/cp_wss01_prefetch/logs/w36.oracleGeneral.bin.zst__lru__Mithril__83388620.log,ok
w35.oracleGeneral.bin.zst,oracleGeneral,sieve,Mithril,559016535,55901653504,0.01,0.1234,0.4582,15415663,/users/varuncg/libCacheSim/results/cp_wss01_prefetch/logs/w35.oracleGeneral.bin.zst__sieve__Mithril__559016535.log,ok
w39.oracleGeneral.bin.zst,oracleGeneral,lru,OBL,61387223,6138722304,0.01,0.1321,0.1704,17920022,/users/varuncg/libCacheSim/results/cp_wss01_prefetch/logs/w39.oracleGeneral.bin.zst__lru__OBL__61387223.log,ok
w31.oracleGeneral.bin.zst,oracleGeneral,lru,Mithril,28071554698,2807155469824,0.01,0.7677,0.6591,21166982,/users/varuncg/libCacheSim/results/cp_wss01_prefetch/logs/w31.oracleGeneral.bin.zst__lru__Mithril__28071554698.log,ok
w39.oracleGeneral.bin.zst,oracleGeneral,sieve,none,61387223,6138722304,0.01,0.1308,0.1692,17920022,/users/varuncg/libCacheSim/results/cp_wss01_prefetch/logs/w39.oracleGeneral.bin.zst__sieve__noprefetch__61387223.log,ok
w30.oracleGeneral.bin.zst,oracleGeneral,sieve,Mithril,304823546,30482354688,0.01,,,,/users/varuncg/libCacheSim/results/cp_wss01_prefetch/logs/w30.oracleGeneral.bin.zst__sieve__Mithril__304823546.log,fail:134
w30.oracleGeneral.bin.zst,oracleGeneral,lru,Mithril,304823546,30482354688,0.01,,,,/users/varuncg/libCacheSim/results/cp_wss01_prefetch/logs/w30.oracleGeneral.bin.zst__lru__Mithril__304823546.log,fail:134
w39.oracleGeneral.bin.zst,oracleGeneral,sieve,OBL,61387223,6138722304,0.01,0.1308,0.1692,17920022,/users/varuncg/libCacheSim/results/cp_wss01_prefetch/logs/w39.oracleGeneral.bin.zst__sieve__OBL__61387223.log,ok
w38.oracleGeneral.bin.zst,oracleGeneral,sieve,none,294913397,29491339776,0.01,0.6976,0.7059,18535323,/users/varuncg/libCacheSim/results/cp_wss01_prefetch/logs/w38.oracleGeneral.bin.zst__sieve__noprefetch__294913397.log,ok
w40.oracleGeneral.bin.zst,oracleGeneral,lru,none,70130365,7013036544,0.01,0.1604,0.2530,17657232,/users/varuncg/libCacheSim/results/cp_wss01_prefetch/logs/w40.oracleGeneral.bin.zst__lru__noprefetch__70130365.log,ok
w38.oracleGeneral.bin.zst,oracleGeneral,sieve,OBL,294913397,29491339776,0.01,0.6976,0.7059,18535323,/users/varuncg/libCacheSim/results/cp_wss01_prefetch/logs/w38.oracleGeneral.bin.zst__sieve__OBL__294913397.log,ok
w40.oracleGeneral.bin.zst,oracleGeneral,sieve,none,70130365,7013036544,0.01,0.1591,0.2514,17657232,/users/varuncg/libCacheSim/results/cp_wss01_prefetch/logs/w40.oracleGeneral.bin.zst__sieve__noprefetch__70130365.log,ok
w40.oracleGeneral.bin.zst,oracleGeneral,lru,OBL,70130365,7013036544,0.01,0.1604,0.2530,17657232,/users/varuncg/libCacheSim/results/cp_wss01_prefetch/logs/w40.oracleGeneral.bin.zst__lru__OBL__70130365.log,ok
w40.oracleGeneral.bin.zst,oracleGeneral,sieve,OBL,70130365,7013036544,0.01,0.1591,0.2514,17657232,/users/varuncg/libCacheSim/results/cp_wss01_prefetch/logs/w40.oracleGeneral.bin.zst__sieve__OBL__70130365.log,ok
w41.oracleGeneral.bin.zst,oracleGeneral,lru,none,100014366,10001436672,0.01,0.1398,0.2795,17004738,/users/varuncg/libCacheSim/results/cp_wss01_prefetch/logs/w41.oracleGeneral.bin.zst__lru__noprefetch__100014366.log,ok
w41.oracleGeneral.bin.zst,oracleGeneral,lru,OBL,100014366,10001436672,0.01,0.1398,0.2795,17004738,/users/varuncg/libCacheSim/results/cp_wss01_prefetch/logs/w41.oracleGeneral.bin.zst__lru__OBL__100014366.log,ok
w41.oracleGeneral.bin.zst,oracleGeneral,sieve,none,100014366,10001436672,0.01,0.1375,0.2770,17004738,/users/varuncg/libCacheSim/results/cp_wss01_prefetch/logs/w41.oracleGeneral.bin.zst__sieve__noprefetch__100014366.log,ok
w37.oracleGeneral.bin.zst,oracleGeneral,lru,PG,499892674,49989267456,0.01,0.7821,0.8508,18840688,/users/varuncg/libCacheSim/results/cp_wss01_prefetch/logs/w37.oracleGeneral.bin.zst__lru__PG__499892674.log,ok
w34.oracleGeneral.bin.zst,oracleGeneral,sieve,PG,2203932963,220393296384,0.01,0.7470,0.8898,19553551,/users/varuncg/libCacheSim/results/cp_wss01_prefetch/logs/w34.oracleGeneral.bin.zst__sieve__PG__2203932963.log,ok
w34.oracleGeneral.bin.zst,oracleGeneral,lru,PG,2203932963,220393296384,0.01,0.6839,0.7117,19553551,/users/varuncg/libCacheSim/results/cp_wss01_prefetch/logs/w34.oracleGeneral.bin.zst__lru__PG__2203932963.log,ok
w41.oracleGeneral.bin.zst,oracleGeneral,sieve,OBL,100014366,10001436672,0.01,0.1375,0.2770,17004738,/users/varuncg/libCacheSim/results/cp_wss01_prefetch/logs/w41.oracleGeneral.bin.zst__sieve__OBL__100014366.log,ok
w35.oracleGeneral.bin.zst,oracleGeneral,lru,PG,559016535,55901653504,0.01,0.1564,0.4889,15415663,/users/varuncg/libCacheSim/results/cp_wss01_prefetch/logs/w35.oracleGeneral.bin.zst__lru__PG__559016535.log,ok
w37.oracleGeneral.bin.zst,oracleGeneral,sieve,PG,499892674,49989267456,0.01,0.7208,0.8114,18840688,/users/varuncg/libCacheSim/results/cp_wss01_prefetch/logs/w37.oracleGeneral.bin.zst__sieve__PG__499892674.log,ok
w35.oracleGeneral.bin.zst,oracleGeneral,lru,Mithril,559016535,55901653504,0.01,0.1832,0.5330,15415663,/users/varuncg/libCacheSim/results/cp_wss01_prefetch/logs/w35.oracleGeneral.bin.zst__lru__Mithril__559016535.log,ok
w35.oracleGeneral.bin.zst,oracleGeneral,sieve,PG,559016535,55901653504,0.01,0.1433,0.4624,15415663,/users/varuncg/libCacheSim/results/cp_wss01_prefetch/logs/w35.oracleGeneral.bin.zst__sieve__PG__559016535.log,ok
w39.oracleGeneral.bin.zst,oracleGeneral,lru,Mithril,61387223,6138722304,0.01,0.1244,0.1588,17920022,/users/varuncg/libCacheSim/results/cp_wss01_prefetch/logs/w39.oracleGeneral.bin.zst__lru__Mithril__61387223.log,ok
w38.oracleGeneral.bin.zst,oracleGeneral,lru,PG,294913397,29491339776,0.01,0.6915,0.6867,18535323,/users/varuncg/libCacheSim/results/cp_wss01_prefetch/logs/w38.oracleGeneral.bin.zst__lru__PG__294913397.log,ok
w38.oracleGeneral.bin.zst,oracleGeneral,sieve,PG,294913397,29491339776,0.01,0.6949,0.7048,18535323,/users/varuncg/libCacheSim/results/cp_wss01_prefetch/logs/w38.oracleGeneral.bin.zst__sieve__PG__294913397.log,ok
w39.oracleGeneral.bin.zst,oracleGeneral,sieve,Mithril,61387223,6138722304,0.01,0.1248,0.1594,17920022,/users/varuncg/libCacheSim/results/cp_wss01_prefetch/logs/w39.oracleGeneral.bin.zst__sieve__Mithril__61387223.log,ok
w39.oracleGeneral.bin.zst,oracleGeneral,lru,PG,61387223,6138722304,0.01,0.1320,0.1703,17920022,/users/varuncg/libCacheSim/results/cp_wss01_prefetch/logs/w39.oracleGeneral.bin.zst__lru__PG__61387223.log,ok
w42.oracleGeneral.bin.zst,oracleGeneral,lru,none,619452001,61945200128,0.01,0.8081,0.7630,16894445,/users/varuncg/libCacheSim/results/cp_wss01_prefetch/logs/w42.oracleGeneral.bin.zst__lru__noprefetch__619452001.log,ok
w42.oracleGeneral.bin.zst,oracleGeneral,lru,OBL,619452001,61945200128,0.01,0.8080,0.7630,16894445,/users/varuncg/libCacheSim/results/cp_wss01_prefetch/logs/w42.oracleGeneral.bin.zst__lru__OBL__619452001.log,ok
w40.oracleGeneral.bin.zst,oracleGeneral,lru,PG,70130365,7013036544,0.01,0.1603,0.2530,17657232,/users/varuncg/libCacheSim/results/cp_wss01_prefetch/logs/w40.oracleGeneral.bin.zst__lru__PG__70130365.log,ok
w42.oracleGeneral.bin.zst,oracleGeneral,sieve,none,619452001,61945200128,0.01,0.7866,0.7329,16894445,/users/varuncg/libCacheSim/results/cp_wss01_prefetch/logs/w42.oracleGeneral.bin.zst__sieve__noprefetch__619452001.log,ok
w40.oracleGeneral.bin.zst,oracleGeneral,sieve,Mithril,70130365,7013036544,0.01,0.1573,0.2413,17657232,/users/varuncg/libCacheSim/results/cp_wss01_prefetch/logs/w40.oracleGeneral.bin.zst__sieve__Mithril__70130365.log,ok
w42.oracleGeneral.bin.zst,oracleGeneral,sieve,OBL,619452001,61945200128,0.01,0.7865,0.7329,16894445,/users/varuncg/libCacheSim/results/cp_wss01_prefetch/logs/w42.oracleGeneral.bin.zst__sieve__OBL__619452001.log,ok
w39.oracleGeneral.bin.zst,oracleGeneral,sieve,PG,61387223,6138722304,0.01,0.1308,0.1689,17920022,/users/varuncg/libCacheSim/results/cp_wss01_prefetch/logs/w39.oracleGeneral.bin.zst__sieve__PG__61387223.log,ok
w40.oracleGeneral.bin.zst,oracleGeneral,sieve,PG,70130365,7013036544,0.01,0.1591,0.2513,17657232,/users/varuncg/libCacheSim/results/cp_wss01_prefetch/logs/w40.oracleGeneral.bin.zst__sieve__PG__70130365.log,ok
w40.oracleGeneral.bin.zst,oracleGeneral,lru,Mithril,70130365,7013036544,0.01,0.1567,0.2413,17657232,/users/varuncg/libCacheSim/results/cp_wss01_prefetch/logs/w40.oracleGeneral.bin.zst__lru__Mithril__70130365.log,ok
w43.oracleGeneral.bin.zst,oracleGeneral,lru,none,1288446689,128844668928,0.01,0.8049,0.9069,15617420,/users/varuncg/libCacheSim/results/cp_wss01_prefetch/logs/w43.oracleGeneral.bin.zst__lru__noprefetch__1288446689.log,ok
w43.oracleGeneral.bin.zst,oracleGeneral,lru,OBL,1288446689,128844668928,0.01,0.8049,0.9069,15617420,/users/varuncg/libCacheSim/results/cp_wss01_prefetch/logs/w43.oracleGeneral.bin.zst__lru__OBL__1288446689.log,ok
w42.oracleGeneral.bin.zst,oracleGeneral,lru,Mithril,619452001,61945200128,0.01,,,,/users/varuncg/libCacheSim/results/cp_wss01_prefetch/logs/w42.oracleGeneral.bin.zst__lru__Mithril__619452001.log,fail:134
w44.oracleGeneral.bin.zst,oracleGeneral,lru,Mithril,190750018,19075001856,0.01,,,,/users/varuncg/libCacheSim/results/cp_wss01_prefetch/logs/w44.oracleGeneral.bin.zst__lru__Mithril__190750018.log,fail:134
w42.oracleGeneral.bin.zst,oracleGeneral,sieve,Mithril,619452001,61945200128,0.01,,,,/users/varuncg/libCacheSim/results/cp_wss01_prefetch/logs/w42.oracleGeneral.bin.zst__sieve__Mithril__619452001.log,fail:134
w34.oracleGeneral.bin.zst,oracleGeneral,lru,Mithril,2203932963,220393296384,0.01,0.4930,0.4497,19553551,/users/varuncg/libCacheSim/results/cp_wss01_prefetch/logs/w34.oracleGeneral.bin.zst__lru__Mithril__2203932963.log,ok
w41.oracleGeneral.bin.zst,oracleGeneral,sieve,Mithril,100014366,10001436672,0.01,0.1228,0.2245,17004738,/users/varuncg/libCacheSim/results/cp_wss01_prefetch/logs/w41.oracleGeneral.bin.zst__sieve__Mithril__100014366.log,ok
w41.oracleGeneral.bin.zst,oracleGeneral,lru,Mithril,100014366,10001436672,0.01,0.1210,0.2211,17004738,/users/varuncg/libCacheSim/results/cp_wss01_prefetch/logs/w41.oracleGeneral.bin.zst__lru__Mithril__100014366.log,ok
w44.oracleGeneral.bin.zst,oracleGeneral,sieve,Mithril,190750018,19075001856,0.01,,,,/users/varuncg/libCacheSim/results/cp_wss01_prefetch/logs/w44.oracleGeneral.bin.zst__sieve__Mithril__190750018.log,fail:134
w45.oracleGeneral.bin.zst,oracleGeneral,lru,none,28985139,2898513920,0.01,0.1672,0.2204,15064629,/users/varuncg/libCacheSim/results/cp_wss01_prefetch/logs/w45.oracleGeneral.bin.zst__lru__noprefetch__28985139.log,ok
w34.oracleGeneral.bin.zst,oracleGeneral,sieve,Mithril,2203932963,220393296384,0.01,0.5170,0.4866,19553551,/users/varuncg/libCacheSim/results/cp_wss01_prefetch/logs/w34.oracleGeneral.bin.zst__sieve__Mithril__2203932963.log,ok
w43.oracleGeneral.bin.zst,oracleGeneral,sieve,none,1288446689,128844668928,0.01,0.7683,0.8588,15617420,/users/varuncg/libCacheSim/results/cp_wss01_prefetch/logs/w43.oracleGeneral.bin.zst__sieve__noprefetch__1288446689.log,ok
w41.oracleGeneral.bin.zst,oracleGeneral,lru,PG,100014366,10001436672,0.01,0.1397,0.2794,17004738,/users/varuncg/libCacheSim/results/cp_wss01_prefetch/logs/w41.oracleGeneral.bin.zst__lru__PG__100014366.log,ok
w45.oracleGeneral.bin.zst,oracleGeneral,lru,OBL,28985139,2898513920,0.01,0.1672,0.2204,15064629,/users/varuncg/libCacheSim/results/cp_wss01_prefetch/logs/w45.oracleGeneral.bin.zst__lru__OBL__28985139.log,ok
w44.oracleGeneral.bin.zst,oracleGeneral,lru,none,190750018,19075001856,0.01,0.9203,0.8323,12116074,/users/varuncg/libCacheSim/results/cp_wss01_prefetch/logs/w44.oracleGeneral.bin.zst__lru__noprefetch__190750018.log,ok
w45.oracleGeneral.bin.zst,oracleGeneral,sieve,none,28985139,2898513920,0.01,0.1629,0.1959,15064629,/users/varuncg/libCacheSim/results/cp_wss01_prefetch/logs/w45.oracleGeneral.bin.zst__sieve__noprefetch__28985139.log,ok
w43.oracleGeneral.bin.zst,oracleGeneral,sieve,OBL,1288446689,128844668928,0.01,0.7683,0.8588,15617420,/users/varuncg/libCacheSim/results/cp_wss01_prefetch/logs/w43.oracleGeneral.bin.zst__sieve__OBL__1288446689.log,ok
w45.oracleGeneral.bin.zst,oracleGeneral,sieve,OBL,28985139,2898513920,0.01,0.1629,0.1959,15064629,/users/varuncg/libCacheSim/results/cp_wss01_prefetch/logs/w45.oracleGeneral.bin.zst__sieve__OBL__28985139.log,ok
w44.oracleGeneral.bin.zst,oracleGeneral,sieve,none,190750018,19075001856,0.01,0.9145,0.8269,12116074,/users/varuncg/libCacheSim/results/cp_wss01_prefetch/logs/w44.oracleGeneral.bin.zst__sieve__noprefetch__190750018.log,ok
w44.oracleGeneral.bin.zst,oracleGeneral,lru,OBL,190750018,19075001856,0.01,0.9199,0.8322,12116074,/users/varuncg/libCacheSim/results/cp_wss01_prefetch/logs/w44.oracleGeneral.bin.zst__lru__OBL__190750018.log,ok
w44.oracleGeneral.bin.zst,oracleGeneral,sieve,OBL,190750018,19075001856,0.01,0.9125,0.8252,12116074,/users/varuncg/libCacheSim/results/cp_wss01_prefetch/logs/w44.oracleGeneral.bin.zst__sieve__OBL__190750018.log,ok
w47.oracleGeneral.bin.zst,oracleGeneral,lru,none,31511347,3151134720,0.01,0.1523,0.2623,14314717,/users/varuncg/libCacheSim/results/cp_wss01_prefetch/logs/w47.oracleGeneral.bin.zst__lru__noprefetch__31511347.log,ok
w41.oracleGeneral.bin.zst,oracleGeneral,sieve,PG,100014366,10001436672,0.01,0.1374,0.2768,17004738,/users/varuncg/libCacheSim/results/cp_wss01_prefetch/logs/w41.oracleGeneral.bin.zst__sieve__PG__100014366.log,ok
w47.oracleGeneral.bin.zst,oracleGeneral,lru,OBL,31511347,3151134720,0.01,0.1523,0.2623,14314717,/users/varuncg/libCacheSim/results/cp_wss01_prefetch/logs/w47.oracleGeneral.bin.zst__lru__OBL__31511347.log,ok
w46.oracleGeneral.bin.zst,oracleGeneral,lru,none,13323540128,1332354012864,0.01,0.5827,0.8755,11550125,/users/varuncg/libCacheSim/results/cp_wss01_prefetch/logs/w46.oracleGeneral.bin.zst__lru__noprefetch__13323540128.log,ok
w46.oracleGeneral.bin.zst,oracleGeneral,sieve,none,13323540128,1332354012864,0.01,0.5742,0.8369,11550125,/users/varuncg/libCacheSim/results/cp_wss01_prefetch/logs/w46.oracleGeneral.bin.zst__sieve__noprefetch__13323540128.log,ok
w47.oracleGeneral.bin.zst,oracleGeneral,sieve,none,31511347,3151134720,0.01,0.1491,0.2418,14314717,/users/varuncg/libCacheSim/results/cp_wss01_prefetch/logs/w47.oracleGeneral.bin.zst__sieve__noprefetch__31511347.log,ok
w46.oracleGeneral.bin.zst,oracleGeneral,sieve,OBL,13323540128,1332354012864,0.01,0.5742,0.8369,11550125,/users/varuncg/libCacheSim/results/cp_wss01_prefetch/logs/w46.oracleGeneral.bin.zst__sieve__OBL__13323540128.log,ok
w46.oracleGeneral.bin.zst,oracleGeneral,lru,OBL,13323540128,1332354012864,0.01,0.5827,0.8755,11550125,/users/varuncg/libCacheSim/results/cp_wss01_prefetch/logs/w46.oracleGeneral.bin.zst__lru__OBL__13323540128.log,ok
w47.oracleGeneral.bin.zst,oracleGeneral,sieve,OBL,31511347,3151134720,0.01,0.1491,0.2418,14314717,/users/varuncg/libCacheSim/results/cp_wss01_prefetch/logs/w47.oracleGeneral.bin.zst__sieve__OBL__31511347.log,ok
w37.oracleGeneral.bin.zst,oracleGeneral,lru,Mithril,499892674,49989267456,0.01,0.5326,0.6756,18840688,/users/varuncg/libCacheSim/results/cp_wss01_prefetch/logs/w37.oracleGeneral.bin.zst__lru__Mithril__499892674.log,ok
w42.oracleGeneral.bin.zst,oracleGeneral,lru,PG,619452001,61945200128,0.01,0.7938,0.7484,16894445,/users/varuncg/libCacheSim/results/cp_wss01_prefetch/logs/w42.oracleGeneral.bin.zst__lru__PG__619452001.log,ok
w37.oracleGeneral.bin.zst,oracleGeneral,sieve,Mithril,499892674,49989267456,0.01,0.5152,0.6653,18840688,/users/varuncg/libCacheSim/results/cp_wss01_prefetch/logs/w37.oracleGeneral.bin.zst__sieve__Mithril__499892674.log,ok
w42.oracleGeneral.bin.zst,oracleGeneral,sieve,PG,619452001,61945200128,0.01,0.7776,0.7323,16894445,/users/varuncg/libCacheSim/results/cp_wss01_prefetch/logs/w42.oracleGeneral.bin.zst__sieve__PG__619452001.log,ok
w44.oracleGeneral.bin.zst,oracleGeneral,lru,PG,190750018,19075001856,0.01,0.9181,0.8295,12116074,/users/varuncg/libCacheSim/results/cp_wss01_prefetch/logs/w44.oracleGeneral.bin.zst__lru__PG__190750018.log,ok
w44.oracleGeneral.bin.zst,oracleGeneral,sieve,PG,190750018,19075001856,0.01,0.9108,0.8232,12116074,/users/varuncg/libCacheSim/results/cp_wss01_prefetch/logs/w44.oracleGeneral.bin.zst__sieve__PG__190750018.log,ok
w48.oracleGeneral.bin.zst,oracleGeneral,sieve,none,2206046684,220604668416,0.01,0.9195,0.9136,14097008,/users/varuncg/libCacheSim/results/cp_wss01_prefetch/logs/w48.oracleGeneral.bin.zst__sieve__noprefetch__2206046684.log,ok
w45.oracleGeneral.bin.zst,oracleGeneral,sieve,Mithril,28985139,2898513920,0.01,0.1415,0.1709,15064629,/users/varuncg/libCacheSim/results/cp_wss01_prefetch/logs/w45.oracleGeneral.bin.zst__sieve__Mithril__28985139.log,ok
w48.oracleGeneral.bin.zst,oracleGeneral,lru,none,2206046684,220604668416,0.01,0.8998,0.8747,14097008,/users/varuncg/libCacheSim/results/cp_wss01_prefetch/logs/w48.oracleGeneral.bin.zst__lru__noprefetch__2206046684.log,ok
w45.oracleGeneral.bin.zst,oracleGeneral,lru,PG,28985139,2898513920,0.01,0.1665,0.2165,15064629,/users/varuncg/libCacheSim/results/cp_wss01_prefetch/logs/w45.oracleGeneral.bin.zst__lru__PG__28985139.log,ok
w48.oracleGeneral.bin.zst,oracleGeneral,sieve,OBL,2206046684,220604668416,0.01,0.9139,0.9148,14097008,/users/varuncg/libCacheSim/results/cp_wss01_prefetch/logs/w48.oracleGeneral.bin.zst__sieve__OBL__2206046684.log,ok
w45.oracleGeneral.bin.zst,oracleGeneral,sieve,PG,28985139,2898513920,0.01,0.1627,0.1958,15064629,/users/varuncg/libCacheSim/results/cp_wss01_prefetch/logs/w45.oracleGeneral.bin.zst__sieve__PG__28985139.log,ok
w45.oracleGeneral.bin.zst,oracleGeneral,lru,Mithril,28985139,2898513920,0.01,0.1429,0.2196,15064629,/users/varuncg/libCacheSim/results/cp_wss01_prefetch/logs/w45.oracleGeneral.bin.zst__lru__Mithril__28985139.log,ok
w48.oracleGeneral.bin.zst,oracleGeneral,lru,OBL,2206046684,220604668416,0.01,0.8936,0.8746,14097008,/users/varuncg/libCacheSim/results/cp_wss01_prefetch/logs/w48.oracleGeneral.bin.zst__lru__OBL__2206046684.log,ok
w43.oracleGeneral.bin.zst,oracleGeneral,lru,PG,1288446689,128844668928,0.01,0.7878,0.8915,15617420,/users/varuncg/libCacheSim/results/cp_wss01_prefetch/logs/w43.oracleGeneral.bin.zst__lru__PG__1288446689.log,ok
w31.oracleGeneral.bin.zst,oracleGeneral,lru,PG,28071554698,2807155469824,0.01,0.9025,0.9864,21166982,/users/varuncg/libCacheSim/results/cp_wss01_prefetch/logs/w31.oracleGeneral.bin.zst__lru__PG__28071554698.log,ok
w49.oracleGeneral.bin.zst,oracleGeneral,lru,none,809102972,80910297280,0.01,0.6755,0.8222,11151558,/users/varuncg/libCacheSim/results/cp_wss01_prefetch/logs/w49.oracleGeneral.bin.zst__lru__noprefetch__809102972.log,ok
w49.oracleGeneral.bin.zst,oracleGeneral,lru,OBL,809102972,80910297280,0.01,0.6755,0.8222,11151558,/users/varuncg/libCacheSim/results/cp_wss01_prefetch/logs/w49.oracleGeneral.bin.zst__lru__OBL__809102972.log,ok
w47.oracleGeneral.bin.zst,oracleGeneral,sieve,Mithril,31511347,3151134720,0.01,0.1324,0.2119,14314717,/users/varuncg/libCacheSim/results/cp_wss01_prefetch/logs/w47.oracleGeneral.bin.zst__sieve__Mithril__31511347.log,ok
w47.oracleGeneral.bin.zst,oracleGeneral,lru,PG,31511347,3151134720,0.01,0.1520,0.2607,14314717,/users/varuncg/libCacheSim/results/cp_wss01_prefetch/logs/w47.oracleGeneral.bin.zst__lru__PG__31511347.log,ok
w47.oracleGeneral.bin.zst,oracleGeneral,lru,Mithril,31511347,3151134720,0.01,0.1345,0.2622,14314717,/users/varuncg/libCacheSim/results/cp_wss01_prefetch/logs/w47.oracleGeneral.bin.zst__lru__Mithril__31511347.log,ok
w49.oracleGeneral.bin.zst,oracleGeneral,sieve,none,809102972,80910297280,0.01,0.6715,0.8175,11151558,/users/varuncg/libCacheSim/results/cp_wss01_prefetch/logs/w49.oracleGeneral.bin.zst__sieve__noprefetch__809102972.log,ok
w49.oracleGeneral.bin.zst,oracleGeneral,sieve,OBL,809102972,80910297280,0.01,0.6716,0.8176,11151558,/users/varuncg/libCacheSim/results/cp_wss01_prefetch/logs/w49.oracleGeneral.bin.zst__sieve__OBL__809102972.log,ok
w47.oracleGeneral.bin.zst,oracleGeneral,sieve,PG,31511347,3151134720,0.01,0.1490,0.2418,14314717,/users/varuncg/libCacheSim/results/cp_wss01_prefetch/logs/w47.oracleGeneral.bin.zst__sieve__PG__31511347.log,ok
w43.oracleGeneral.bin.zst,oracleGeneral,sieve,PG,1288446689,128844668928,0.01,0.7517,0.8482,15617420,/users/varuncg/libCacheSim/results/cp_wss01_prefetch/logs/w43.oracleGeneral.bin.zst__sieve__PG__1288446689.log,ok
w51.oracleGeneral.bin.zst,oracleGeneral,lru,OBL,235319552,23531955212,0.01,0.4692,0.3425,9551283,/users/varuncg/libCacheSim/results/cp_wss01_prefetch/logs/w51.oracleGeneral.bin.zst__lru__OBL__235319552.log,ok
w51.oracleGeneral.bin.zst,oracleGeneral,lru,none,235319552,23531955212,0.01,0.4692,0.3425,9551283,/users/varuncg/libCacheSim/results/cp_wss01_prefetch/logs/w51.oracleGeneral.bin.zst__lru__noprefetch__235319552.log,ok
w46.oracleGeneral.bin.zst,oracleGeneral,sieve,Mithril,13323540128,1332354012864,0.01,0.5254,0.7772,11550125,/users/varuncg/libCacheSim/results/cp_wss01_prefetch/logs/w46.oracleGeneral.bin.zst__sieve__Mithril__13323540128.log,ok
w51.oracleGeneral.bin.zst,oracleGeneral,sieve,none,235319552,23531955212,0.01,0.4515,0.3372,9551283,/users/varuncg/libCacheSim/results/cp_wss01_prefetch/logs/w51.oracleGeneral.bin.zst__sieve__noprefetch__235319552.log,ok
w51.oracleGeneral.bin.zst,oracleGeneral,sieve,OBL,235319552,23531955212,0.01,0.4515,0.3372,9551283,/users/varuncg/libCacheSim/results/cp_wss01_prefetch/logs/w51.oracleGeneral.bin.zst__sieve__OBL__235319552.log,ok
w46.oracleGeneral.bin.zst,oracleGeneral,lru,Mithril,13323540128,1332354012864,0.01,0.5409,0.8047,11550125,/users/varuncg/libCacheSim/results/cp_wss01_prefetch/logs/w46.oracleGeneral.bin.zst__lru__Mithril__13323540128.log,ok
w31.oracleGeneral.bin.zst,oracleGeneral,sieve,PG,28071554698,2807155469824,0.01,0.8775,0.9813,21166982,/users/varuncg/libCacheSim/results/cp_wss01_prefetch/logs/w31.oracleGeneral.bin.zst__sieve__PG__28071554698.log,ok
w50.oracleGeneral.bin.zst,oracleGeneral,lru,none,496975738,49697573888,0.01,0.9838,0.9886,13448032,/users/varuncg/libCacheSim/results/cp_wss01_prefetch/logs/w50.oracleGeneral.bin.zst__lru__noprefetch__496975738.log,ok
w50.oracleGeneral.bin.zst,oracleGeneral,sieve,none,496975738,49697573888,0.01,0.9621,0.9467,13448032,/users/varuncg/libCacheSim/results/cp_wss01_prefetch/logs/w50.oracleGeneral.bin.zst__sieve__noprefetch__496975738.log,ok
w50.oracleGeneral.bin.zst,oracleGeneral,lru,OBL,496975738,49697573888,0.01,0.9711,0.9883,13448032,/users/varuncg/libCacheSim/results/cp_wss01_prefetch/logs/w50.oracleGeneral.bin.zst__lru__OBL__496975738.log,ok
w50.oracleGeneral.bin.zst,oracleGeneral,sieve,OBL,496975738,49697573888,0.01,0.9243,0.9458,13448032,/users/varuncg/libCacheSim/results/cp_wss01_prefetch/logs/w50.oracleGeneral.bin.zst__sieve__OBL__496975738.log,ok
w52.oracleGeneral.bin.zst,oracleGeneral,lru,none,78447370,7844737024,0.01,0.4862,0.6732,11451546,/users/varuncg/libCacheSim/results/cp_wss01_prefetch/logs/w52.oracleGeneral.bin.zst__lru__noprefetch__78447370.log,ok
w52.oracleGeneral.bin.zst,oracleGeneral,sieve,none,78447370,7844737024,0.01,0.4516,0.6510,11451546,/users/varuncg/libCacheSim/results/cp_wss01_prefetch/logs/w52.oracleGeneral.bin.zst__sieve__noprefetch__78447370.log,ok
w52.oracleGeneral.bin.zst,oracleGeneral,lru,OBL,78447370,7844737024,0.01,0.4862,0.6732,11451546,/users/varuncg/libCacheSim/results/cp_wss01_prefetch/logs/w52.oracleGeneral.bin.zst__lru__OBL__78447370.log,ok
w52.oracleGeneral.bin.zst,oracleGeneral,sieve,OBL,78447370,7844737024,0.01,0.4516,0.6510,11451546,/users/varuncg/libCacheSim/results/cp_wss01_prefetch/logs/w52.oracleGeneral.bin.zst__sieve__OBL__78447370.log,ok
w49.oracleGeneral.bin.zst,oracleGeneral,lru,PG,809102972,80910297280,0.01,0.6564,0.8020,11151558,/users/varuncg/libCacheSim/results/cp_wss01_prefetch/logs/w49.oracleGeneral.bin.zst__lru__PG__809102972.log,ok
w53.oracleGeneral.bin.zst,oracleGeneral,lru,none,5983383953,598338395328,0.01,0.7105,0.9288,8973978,/users/varuncg/libCacheSim/results/cp_wss01_prefetch/logs/w53.oracleGeneral.bin.zst__lru__noprefetch__5983383953.log,ok
w53.oracleGeneral.bin.zst,oracleGeneral,lru,OBL,5983383953,598338395328,0.01,0.7105,0.9288,8973978,/users/varuncg/libCacheSim/results/cp_wss01_prefetch/logs/w53.oracleGeneral.bin.zst__lru__OBL__5983383953.log,ok
w53.oracleGeneral.bin.zst,oracleGeneral,sieve,none,5983383953,598338395328,0.01,0.7016,0.9231,8973978,/users/varuncg/libCacheSim/results/cp_wss01_prefetch/logs/w53.oracleGeneral.bin.zst__sieve__noprefetch__5983383953.log,ok
w48.oracleGeneral.bin.zst,oracleGeneral,sieve,PG,2206046684,220604668416,0.01,0.9065,0.9070,14097008,/users/varuncg/libCacheSim/results/cp_wss01_prefetch/logs/w48.oracleGeneral.bin.zst__sieve__PG__2206046684.log,ok
w43.oracleGeneral.bin.zst,oracleGeneral,sieve,Mithril,1288446689,128844668928,0.01,0.4629,0.5277,15617420,/users/varuncg/libCacheSim/results/cp_wss01_prefetch/logs/w43.oracleGeneral.bin.zst__sieve__Mithril__1288446689.log,ok
w53.oracleGeneral.bin.zst,oracleGeneral,sieve,OBL,5983383953,598338395328,0.01,0.7016,0.9231,8973978,/users/varuncg/libCacheSim/results/cp_wss01_prefetch/logs/w53.oracleGeneral.bin.zst__sieve__OBL__5983383953.log,ok
w48.oracleGeneral.bin.zst,oracleGeneral,lru,PG,2206046684,220604668416,0.01,0.8815,0.8685,14097008,/users/varuncg/libCacheSim/results/cp_wss01_prefetch/logs/w48.oracleGeneral.bin.zst__lru__PG__2206046684.log,ok
w43.oracleGeneral.bin.zst,oracleGeneral,lru,Mithril,1288446689,128844668928,0.01,0.4650,0.5310,15617420,/users/varuncg/libCacheSim/results/cp_wss01_prefetch/logs/w43.oracleGeneral.bin.zst__lru__Mithril__1288446689.log,ok
w49.oracleGeneral.bin.zst,oracleGeneral,lru,Mithril,809102972,80910297280,0.01,0.2919,0.3726,11151558,/users/varuncg/libCacheSim/results/cp_wss01_prefetch/logs/w49.oracleGeneral.bin.zst__lru__Mithril__809102972.log,ok
w49.oracleGeneral.bin.zst,oracleGeneral,sieve,PG,809102972,80910297280,0.01,0.6550,0.7988,11151558,/users/varuncg/libCacheSim/results/cp_wss01_prefetch/logs/w49.oracleGeneral.bin.zst__sieve__PG__809102972.log,ok
w54.oracleGeneral.bin.zst,oracleGeneral,lru,none,27680301140,2768030114047,0.01,0.8832,0.9789,8832954,/users/varuncg/libCacheSim/results/cp_wss01_prefetch/logs/w54.oracleGeneral.bin.zst__lru__noprefetch__27680301140.log,ok
w51.oracleGeneral.bin.zst,oracleGeneral,lru,Mithril,235319552,23531955212,0.01,0.2892,0.1837,9551283,/users/varuncg/libCacheSim/results/cp_wss01_prefetch/logs/w51.oracleGeneral.bin.zst__lru__Mithril__235319552.log,ok
w54.oracleGeneral.bin.zst,oracleGeneral,lru,OBL,27680301140,2768030114047,0.01,0.8832,0.9789,8832954,/users/varuncg/libCacheSim/results/cp_wss01_prefetch/logs/w54.oracleGeneral.bin.zst__lru__OBL__27680301140.log,ok
w49.oracleGeneral.bin.zst,oracleGeneral,sieve,Mithril,809102972,80910297280,0.01,0.2953,0.3764,11151558,/users/varuncg/libCacheSim/results/cp_wss01_prefetch/logs/w49.oracleGeneral.bin.zst__sieve__Mithril__809102972.log,ok
w54.oracleGeneral.bin.zst,oracleGeneral,sieve,none,27680301140,2768030114047,0.01,0.8460,0.9754,8832954,/users/varuncg/libCacheSim/results/cp_wss01_prefetch/logs/w54.oracleGeneral.bin.zst__sieve__noprefetch__27680301140.log,ok
w51.oracleGeneral.bin.zst,oracleGeneral,sieve,Mithril,235319552,23531955212,0.01,0.2984,0.1876,9551283,/users/varuncg/libCacheSim/results/cp_wss01_prefetch/logs/w51.oracleGeneral.bin.zst__sieve__Mithril__235319552.log,ok
w54.oracleGeneral.bin.zst,oracleGeneral,sieve,OBL,27680301140,2768030114047,0.01,0.8460,0.9754,8832954,/users/varuncg/libCacheSim/results/cp_wss01_prefetch/logs/w54.oracleGeneral.bin.zst__sieve__OBL__27680301140.log,ok
w55.oracleGeneral.bin.zst,oracleGeneral,lru,none,412119799,41211979968,0.01,0.8725,0.7502,8855434,/users/varuncg/libCacheSim/results/cp_wss01_prefetch/logs/w55.oracleGeneral.bin.zst__lru__noprefetch__412119799.log,ok
w51.oracleGeneral.bin.zst,oracleGeneral,lru,PG,235319552,23531955212,0.01,0.4657,0.3405,9551283,/users/varuncg/libCacheSim/results/cp_wss01_prefetch/logs/w51.oracleGeneral.bin.zst__lru__PG__235319552.log,ok
w52.oracleGeneral.bin.zst,oracleGeneral,sieve,PG,78447370,7844737024,0.01,0.4257,0.6341,11451546,/users/varuncg/libCacheSim/results/cp_wss01_prefetch/logs/w52.oracleGeneral.bin.zst__sieve__PG__78447370.log,ok
w52.oracleGeneral.bin.zst,oracleGeneral,lru,PG,78447370,7844737024,0.01,0.4552,0.6500,11451546,/users/varuncg/libCacheSim/results/cp_wss01_prefetch/logs/w52.oracleGeneral.bin.zst__lru__PG__78447370.log,ok
w55.oracleGeneral.bin.zst,oracleGeneral,lru,OBL,412119799,41211979968,0.01,0.8725,0.7502,8855434,/users/varuncg/libCacheSim/results/cp_wss01_prefetch/logs/w55.oracleGeneral.bin.zst__lru__OBL__412119799.log,ok
w51.oracleGeneral.bin.zst,oracleGeneral,sieve,PG,235319552,23531955212,0.01,0.4511,0.3358,9551283,/users/varuncg/libCacheSim/results/cp_wss01_prefetch/logs/w51.oracleGeneral.bin.zst__sieve__PG__235319552.log,ok
w50.oracleGeneral.bin.zst,oracleGeneral,sieve,PG,496975738,49697573888,0.01,0.8255,0.8901,13448032,/users/varuncg/libCacheSim/results/cp_wss01_prefetch/logs/w50.oracleGeneral.bin.zst__sieve__PG__496975738.log,ok
w55.oracleGeneral.bin.zst,oracleGeneral,sieve,none,412119799,41211979968,0.01,0.8706,0.7536,8855434,/users/varuncg/libCacheSim/results/cp_wss01_prefetch/logs/w55.oracleGeneral.bin.zst__sieve__noprefetch__412119799.log,ok
w52.oracleGeneral.bin.zst,oracleGeneral,lru,Mithril,78447370,7844737024,0.01,0.1557,0.2544,11451546,/users/varuncg/libCacheSim/results/cp_wss01_prefetch/logs/w52.oracleGeneral.bin.zst__lru__Mithril__78447370.log,ok
w55.oracleGeneral.bin.zst,oracleGeneral,sieve,OBL,412119799,41211979968,0.01,0.8706,0.7536,8855434,/users/varuncg/libCacheSim/results/cp_wss01_prefetch/logs/w55.oracleGeneral.bin.zst__sieve__OBL__412119799.log,ok
w56.oracleGeneral.bin.zst,oracleGeneral,lru,none,149236408,14923640832,0.01,0.2702,0.5555,10899629,/users/varuncg/libCacheSim/results/cp_wss01_prefetch/logs/w56.oracleGeneral.bin.zst__lru__noprefetch__149236408.log,ok
w56.oracleGeneral.bin.zst,oracleGeneral,lru,OBL,149236408,14923640832,0.01,0.2702,0.5555,10899629,/users/varuncg/libCacheSim/results/cp_wss01_prefetch/logs/w56.oracleGeneral.bin.zst__lru__OBL__149236408.log,ok
w56.oracleGeneral.bin.zst,oracleGeneral,sieve,none,149236408,14923640832,0.01,0.2400,0.5335,10899629,/users/varuncg/libCacheSim/results/cp_wss01_prefetch/logs/w56.oracleGeneral.bin.zst__sieve__noprefetch__149236408.log,ok
w48.oracleGeneral.bin.zst,oracleGeneral,lru,Mithril,2206046684,220604668416,0.01,0.5629,0.3968,14097008,/users/varuncg/libCacheSim/results/cp_wss01_prefetch/logs/w48.oracleGeneral.bin.zst__lru__Mithril__2206046684.log,ok
w52.oracleGeneral.bin.zst,oracleGeneral,sieve,Mithril,78447370,7844737024,0.01,0.1584,0.2605,11451546,/users/varuncg/libCacheSim/results/cp_wss01_prefetch/logs/w52.oracleGeneral.bin.zst__sieve__Mithril__78447370.log,ok
w56.oracleGeneral.bin.zst,oracleGeneral,sieve,OBL,149236408,14923640832,0.01,0.2400,0.5335,10899629,/users/varuncg/libCacheSim/results/cp_wss01_prefetch/logs/w56.oracleGeneral.bin.zst__sieve__OBL__149236408.log,ok
w50.oracleGeneral.bin.zst,oracleGeneral,lru,PG,496975738,49697573888,0.01,0.8805,0.9248,13448032,/users/varuncg/libCacheSim/results/cp_wss01_prefetch/logs/w50.oracleGeneral.bin.zst__lru__PG__496975738.log,ok
w48.oracleGeneral.bin.zst,oracleGeneral,sieve,Mithril,2206046684,220604668416,0.01,0.5685,0.4014,14097008,/users/varuncg/libCacheSim/results/cp_wss01_prefetch/logs/w48.oracleGeneral.bin.zst__sieve__Mithril__2206046684.log,ok
w46.oracleGeneral.bin.zst,oracleGeneral,sieve,PG,13323540128,1332354012864,0.01,0.5691,0.8319,11550125,/users/varuncg/libCacheSim/results/cp_wss01_prefetch/logs/w46.oracleGeneral.bin.zst__sieve__PG__13323540128.log,ok
w53.oracleGeneral.bin.zst,oracleGeneral,lru,Mithril,5983383953,598338395328,0.01,0.6906,0.9137,8973978,/users/varuncg/libCacheSim/results/cp_wss01_prefetch/logs/w53.oracleGeneral.bin.zst__lru__Mithril__5983383953.log,ok
w53.oracleGeneral.bin.zst,oracleGeneral,sieve,Mithril,5983383953,598338395328,0.01,0.6852,0.9106,8973978,/users/varuncg/libCacheSim/results/cp_wss01_prefetch/logs/w53.oracleGeneral.bin.zst__sieve__Mithril__5983383953.log,ok
w57.oracleGeneral.bin.zst,oracleGeneral,lru,none,156024954,15602495488,0.01,0.3227,0.5932,10554725,/users/varuncg/libCacheSim/results/cp_wss01_prefetch/logs/w57.oracleGeneral.bin.zst__lru__noprefetch__156024954.log,ok
w55.oracleGeneral.bin.zst,oracleGeneral,sieve,Mithril,412119799,41211979968,0.01,,,,/users/varuncg/libCacheSim/results/cp_wss01_prefetch/logs/w55.oracleGeneral.bin.zst__sieve__Mithril__412119799.log,fail:134
w46.oracleGeneral.bin.zst,oracleGeneral,lru,PG,13323540128,1332354012864,0.01,0.5820,0.8747,11550125,/users/varuncg/libCacheSim/results/cp_wss01_prefetch/logs/w46.oracleGeneral.bin.zst__lru__PG__13323540128.log,ok
w57.oracleGeneral.bin.zst,oracleGeneral,lru,OBL,156024954,15602495488,0.01,0.3227,0.5932,10554725,/users/varuncg/libCacheSim/results/cp_wss01_prefetch/logs/w57.oracleGeneral.bin.zst__lru__OBL__156024954.log,ok
w57.oracleGeneral.bin.zst,oracleGeneral,sieve,none,156024954,15602495488,0.01,0.2937,0.5717,10554725,/users/varuncg/libCacheSim/results/cp_wss01_prefetch/logs/w57.oracleGeneral.bin.zst__sieve__noprefetch__156024954.log,ok
w57.oracleGeneral.bin.zst,oracleGeneral,sieve,OBL,156024954,15602495488,0.01,0.2937,0.5717,10554725,/users/varuncg/libCacheSim/results/cp_wss01_prefetch/logs/w57.oracleGeneral.bin.zst__sieve__OBL__156024954.log,ok
w58.oracleGeneral.bin.zst,oracleGeneral,lru,none,398153661,39815366144,0.01,0.5046,0.6209,10530695,/users/varuncg/libCacheSim/results/cp_wss01_prefetch/logs/w58.oracleGeneral.bin.zst__lru__noprefetch__398153661.log,ok
w55.oracleGeneral.bin.zst,oracleGeneral,lru,PG,412119799,41211979968,0.01,0.8713,0.7441,8855434,/users/varuncg/libCacheSim/results/cp_wss01_prefetch/logs/w55.oracleGeneral.bin.zst__lru__PG__412119799.log,ok
w58.oracleGeneral.bin.zst,oracleGeneral,sieve,none,398153661,39815366144,0.01,0.4588,0.5844,10530695,/users/varuncg/libCacheSim/results/cp_wss01_prefetch/logs/w58.oracleGeneral.bin.zst__sieve__noprefetch__398153661.log,ok
w58.oracleGeneral.bin.zst,oracleGeneral,lru,OBL,398153661,39815366144,0.01,0.5043,0.6209,10530695,/users/varuncg/libCacheSim/results/cp_wss01_prefetch/logs/w58.oracleGeneral.bin.zst__lru__OBL__398153661.log,ok
w58.oracleGeneral.bin.zst,oracleGeneral,sieve,OBL,398153661,39815366144,0.01,0.4583,0.5845,10530695,/users/varuncg/libCacheSim/results/cp_wss01_prefetch/logs/w58.oracleGeneral.bin.zst__sieve__OBL__398153661.log,ok
w55.oracleGeneral.bin.zst,oracleGeneral,sieve,PG,412119799,41211979968,0.01,0.8709,0.7486,8855434,/users/varuncg/libCacheSim/results/cp_wss01_prefetch/logs/w55.oracleGeneral.bin.zst__sieve__PG__412119799.log,ok
w54.oracleGeneral.bin.zst,oracleGeneral,sieve,Mithril,27680301140,2768030114047,0.01,0.8460,0.9754,8832954,/users/varuncg/libCacheSim/results/cp_wss01_prefetch/logs/w54.oracleGeneral.bin.zst__sieve__Mithril__27680301140.log,ok
w53.oracleGeneral.bin.zst,oracleGeneral,lru,PG,5983383953,598338395328,0.01,0.7091,0.9280,8973978,/users/varuncg/libCacheSim/results/cp_wss01_prefetch/logs/w53.oracleGeneral.bin.zst__lru__PG__5983383953.log,ok
w56.oracleGeneral.bin.zst,oracleGeneral,sieve,PG,149236408,14923640832,0.01,0.2334,0.5273,10899629,/users/varuncg/libCacheSim/results/cp_wss01_prefetch/logs/w56.oracleGeneral.bin.zst__sieve__PG__149236408.log,ok
w55.oracleGeneral.bin.zst,oracleGeneral,lru,Mithril,412119799,41211979968,0.01,,,,/users/varuncg/libCacheSim/results/cp_wss01_prefetch/logs/w55.oracleGeneral.bin.zst__lru__Mithril__412119799.log,fail:134
w56.oracleGeneral.bin.zst,oracleGeneral,lru,PG,149236408,14923640832,0.01,0.2606,0.5484,10899629,/users/varuncg/libCacheSim/results/cp_wss01_prefetch/logs/w56.oracleGeneral.bin.zst__lru__PG__149236408.log,ok
w54.oracleGeneral.bin.zst,oracleGeneral,lru,Mithril,27680301140,2768030114047,0.01,0.8806,0.9788,8832954,/users/varuncg/libCacheSim/results/cp_wss01_prefetch/logs/w54.oracleGeneral.bin.zst__lru__Mithril__27680301140.log,ok
w59.oracleGeneral.bin.zst,oracleGeneral,lru,none,110647720,11064772096,0.01,0.9325,0.8935,10223136,/users/varuncg/libCacheSim/results/cp_wss01_prefetch/logs/w59.oracleGeneral.bin.zst__lru__noprefetch__110647720.log,ok
w53.oracleGeneral.bin.zst,oracleGeneral,sieve,PG,5983383953,598338395328,0.01,0.7009,0.9225,8973978,/users/varuncg/libCacheSim/results/cp_wss01_prefetch/logs/w53.oracleGeneral.bin.zst__sieve__PG__5983383953.log,ok
w59.oracleGeneral.bin.zst,oracleGeneral,lru,OBL,110647720,11064772096,0.01,0.9325,0.8935,10223136,/users/varuncg/libCacheSim/results/cp_wss01_prefetch/logs/w59.oracleGeneral.bin.zst__lru__OBL__110647720.log,ok
w50.oracleGeneral.bin.zst,oracleGeneral,lru,Mithril,496975738,49697573888,0.01,0.2596,0.3986,13448032,/users/varuncg/libCacheSim/results/cp_wss01_prefetch/logs/w50.oracleGeneral.bin.zst__lru__Mithril__496975738.log,ok
w59.oracleGeneral.bin.zst,oracleGeneral,sieve,none,110647720,11064772096,0.01,0.9656,0.9417,10223136,/users/varuncg/libCacheSim/results/cp_wss01_prefetch/logs/w59.oracleGeneral.bin.zst__sieve__noprefetch__110647720.log,ok
w57.oracleGeneral.bin.zst,oracleGeneral,lru,PG,156024954,15602495488,0.01,0.3166,0.5883,10554725,/users/varuncg/libCacheSim/results/cp_wss01_prefetch/logs/w57.oracleGeneral.bin.zst__lru__PG__156024954.log,ok
w50.oracleGeneral.bin.zst,oracleGeneral,sieve,Mithril,496975738,49697573888,0.01,0.2883,0.4198,13448032,/users/varuncg/libCacheSim/results/cp_wss01_prefetch/logs/w50.oracleGeneral.bin.zst__sieve__Mithril__496975738.log,ok
w59.oracleGeneral.bin.zst,oracleGeneral,sieve,OBL,110647720,11064772096,0.01,0.9656,0.9417,10223136,/users/varuncg/libCacheSim/results/cp_wss01_prefetch/logs/w59.oracleGeneral.bin.zst__sieve__OBL__110647720.log,ok
w57.oracleGeneral.bin.zst,oracleGeneral,sieve,PG,156024954,15602495488,0.01,0.2890,0.5670,10554725,/users/varuncg/libCacheSim/results/cp_wss01_prefetch/logs/w57.oracleGeneral.bin.zst__sieve__PG__156024954.log,ok
w60.oracleGeneral.bin.zst,oracleGeneral,lru,none,352079114,35207911424,0.01,0.8512,0.7694,9898835,/users/varuncg/libCacheSim/results/cp_wss01_prefetch/logs/w60.oracleGeneral.bin.zst__lru__noprefetch__352079114.log,ok
w60.oracleGeneral.bin.zst,oracleGeneral,lru,OBL,352079114,35207911424,0.01,0.8510,0.7694,9898835,/users/varuncg/libCacheSim/results/cp_wss01_prefetch/logs/w60.oracleGeneral.bin.zst__lru__OBL__352079114.log,ok
w60.oracleGeneral.bin.zst,oracleGeneral,sieve,none,352079114,35207911424,0.01,0.8464,0.7568,9898835,/users/varuncg/libCacheSim/results/cp_wss01_prefetch/logs/w60.oracleGeneral.bin.zst__sieve__noprefetch__352079114.log,ok
w60.oracleGeneral.bin.zst,oracleGeneral,sieve,OBL,352079114,35207911424,0.01,0.8460,0.7558,9898835,/users/varuncg/libCacheSim/results/cp_wss01_prefetch/logs/w60.oracleGeneral.bin.zst__sieve__OBL__352079114.log,ok
w60.oracleGeneral.bin.zst,oracleGeneral,lru,Mithril,352079114,35207911424,0.01,,,,/users/varuncg/libCacheSim/results/cp_wss01_prefetch/logs/w60.oracleGeneral.bin.zst__lru__Mithril__352079114.log,fail:134
w61.oracleGeneral.bin.zst,oracleGeneral,sieve,none,311276277,31127627776,0.01,0.9036,0.9313,9884691,/users/varuncg/libCacheSim/results/cp_wss01_prefetch/logs/w61.oracleGeneral.bin.zst__sieve__noprefetch__311276277.log,ok
w61.oracleGeneral.bin.zst,oracleGeneral,sieve,OBL,311276277,31127627776,0.01,0.9036,0.9313,9884691,/users/varuncg/libCacheSim/results/cp_wss01_prefetch/logs/w61.oracleGeneral.bin.zst__sieve__OBL__311276277.log,ok
w58.oracleGeneral.bin.zst,oracleGeneral,sieve,PG,398153661,39815366144,0.01,0.4601,0.5850,10530695,/users/varuncg/libCacheSim/results/cp_wss01_prefetch/logs/w58.oracleGeneral.bin.zst__sieve__PG__398153661.log,ok
w60.oracleGeneral.bin.zst,oracleGeneral,sieve,Mithril,352079114,35207911424,0.01,,,,/users/varuncg/libCacheSim/results/cp_wss01_prefetch/logs/w60.oracleGeneral.bin.zst__sieve__Mithril__352079114.log,fail:134
w61.oracleGeneral.bin.zst,oracleGeneral,lru,OBL,311276277,31127627776,0.01,0.7984,0.8632,9884691,/users/varuncg/libCacheSim/results/cp_wss01_prefetch/logs/w61.oracleGeneral.bin.zst__lru__OBL__311276277.log,ok
w61.oracleGeneral.bin.zst,oracleGeneral,lru,none,311276277,31127627776,0.01,0.7984,0.8632,9884691,/users/varuncg/libCacheSim/results/cp_wss01_prefetch/logs/w61.oracleGeneral.bin.zst__lru__noprefetch__311276277.log,ok
w58.oracleGeneral.bin.zst,oracleGeneral,lru,PG,398153661,39815366144,0.01,0.4993,0.6115,10530695,/users/varuncg/libCacheSim/results/cp_wss01_prefetch/logs/w58.oracleGeneral.bin.zst__lru__PG__398153661.log,ok
w56.oracleGeneral.bin.zst,oracleGeneral,sieve,Mithril,149236408,14923640832,0.01,0.2172,0.4510,10899629,/users/varuncg/libCacheSim/results/cp_wss01_prefetch/logs/w56.oracleGeneral.bin.zst__sieve__Mithril__149236408.log,ok
w59.oracleGeneral.bin.zst,oracleGeneral,sieve,PG,110647720,11064772096,0.01,0.9494,0.9170,10223136,/users/varuncg/libCacheSim/results/cp_wss01_prefetch/logs/w59.oracleGeneral.bin.zst__sieve__PG__110647720.log,ok
w62.oracleGeneral.bin.zst,oracleGeneral,lru,none,396206090,39620609024,0.01,0.9288,0.8799,9497745,/users/varuncg/libCacheSim/results/cp_wss01_prefetch/logs/w62.oracleGeneral.bin.zst__lru__noprefetch__396206090.log,ok
w59.oracleGeneral.bin.zst,oracleGeneral,lru,PG,110647720,11064772096,0.01,0.9302,0.8917,10223136,/users/varuncg/libCacheSim/results/cp_wss01_prefetch/logs/w59.oracleGeneral.bin.zst__lru__PG__110647720.log,ok
w62.oracleGeneral.bin.zst,oracleGeneral,lru,OBL,396206090,39620609024,0.01,0.9288,0.8799,9497745,/users/varuncg/libCacheSim/results/cp_wss01_prefetch/logs/w62.oracleGeneral.bin.zst__lru__OBL__396206090.log,ok
w62.oracleGeneral.bin.zst,oracleGeneral,sieve,none,396206090,39620609024,0.01,0.9225,0.8708,9497745,/users/varuncg/libCacheSim/results/cp_wss01_prefetch/logs/w62.oracleGeneral.bin.zst__sieve__noprefetch__396206090.log,ok
w56.oracleGeneral.bin.zst,oracleGeneral,lru,Mithril,149236408,14923640832,0.01,0.2479,0.4652,10899629,/users/varuncg/libCacheSim/results/cp_wss01_prefetch/logs/w56.oracleGeneral.bin.zst__lru__Mithril__149236408.log,ok
w62.oracleGeneral.bin.zst,oracleGeneral,sieve,OBL,396206090,39620609024,0.01,0.9225,0.8708,9497745,/users/varuncg/libCacheSim/results/cp_wss01_prefetch/logs/w62.oracleGeneral.bin.zst__sieve__OBL__396206090.log,ok
w63.oracleGeneral.bin.zst,oracleGeneral,sieve,none,623740083,62374008320,0.01,0.8203,0.6271,9380316,/users/varuncg/libCacheSim/results/cp_wss01_prefetch/logs/w63.oracleGeneral.bin.zst__sieve__noprefetch__623740083.log,ok
w63.oracleGeneral.bin.zst,oracleGeneral,lru,none,623740083,62374008320,0.01,0.8180,0.6608,9380316,/users/varuncg/libCacheSim/results/cp_wss01_prefetch/logs/w63.oracleGeneral.bin.zst__lru__noprefetch__623740083.log,ok
w58.oracleGeneral.bin.zst,oracleGeneral,sieve,Mithril,398153661,39815366144,0.01,0.3121,0.3307,10530695,/users/varuncg/libCacheSim/results/cp_wss01_prefetch/logs/w58.oracleGeneral.bin.zst__sieve__Mithril__398153661.log,ok
w60.oracleGeneral.bin.zst,oracleGeneral,sieve,PG,352079114,35207911424,0.01,0.8455,0.7539,9898835,/users/varuncg/libCacheSim/results/cp_wss01_prefetch/logs/w60.oracleGeneral.bin.zst__sieve__PG__352079114.log,ok
w60.oracleGeneral.bin.zst,oracleGeneral,lru,PG,352079114,35207911424,0.01,0.8486,0.7624,9898835,/users/varuncg/libCacheSim/results/cp_wss01_prefetch/logs/w60.oracleGeneral.bin.zst__lru__PG__352079114.log,ok
w63.oracleGeneral.bin.zst,oracleGeneral,lru,OBL,623740083,62374008320,0.01,0.4772,0.6409,9380316,/users/varuncg/libCacheSim/results/cp_wss01_prefetch/logs/w63.oracleGeneral.bin.zst__lru__OBL__623740083.log,ok
w57.oracleGeneral.bin.zst,oracleGeneral,sieve,Mithril,156024954,15602495488,0.01,0.2568,0.4914,10554725,/users/varuncg/libCacheSim/results/cp_wss01_prefetch/logs/w57.oracleGeneral.bin.zst__sieve__Mithril__156024954.log,ok
w64.oracleGeneral.bin.zst,oracleGeneral,lru,none,4260163476,426016347656,0.01,0.9025,0.9454,7458266,/users/varuncg/libCacheSim/results/cp_wss01_prefetch/logs/w64.oracleGeneral.bin.zst__lru__noprefetch__4260163476.log,ok
w64.oracleGeneral.bin.zst,oracleGeneral,lru,OBL,4260163476,426016347656,0.01,0.9022,0.9454,7458266,/users/varuncg/libCacheSim/results/cp_wss01_prefetch/logs/w64.oracleGeneral.bin.zst__lru__OBL__4260163476.log,ok
w63.oracleGeneral.bin.zst,oracleGeneral,sieve,OBL,623740083,62374008320,0.01,0.4540,0.6093,9380316,/users/varuncg/libCacheSim/results/cp_wss01_prefetch/logs/w63.oracleGeneral.bin.zst__sieve__OBL__623740083.log,ok
w57.oracleGeneral.bin.zst,oracleGeneral,lru,Mithril,156024954,15602495488,0.01,0.2896,0.5063,10554725,/users/varuncg/libCacheSim/results/cp_wss01_prefetch/logs/w57.oracleGeneral.bin.zst__lru__Mithril__156024954.log,ok
w64.oracleGeneral.bin.zst,oracleGeneral,sieve,none,4260163476,426016347656,0.01,0.8953,0.9402,7458266,/users/varuncg/libCacheSim/results/cp_wss01_prefetch/logs/w64.oracleGeneral.bin.zst__sieve__noprefetch__4260163476.log,ok
w61.oracleGeneral.bin.zst,oracleGeneral,sieve,PG,311276277,31127627776,0.01,0.8892,0.9164,9884691,/users/varuncg/libCacheSim/results/cp_wss01_prefetch/logs/w61.oracleGeneral.bin.zst__sieve__PG__311276277.log,ok
w61.oracleGeneral.bin.zst,oracleGeneral,lru,PG,311276277,31127627776,0.01,0.7960,0.8566,9884691,/users/varuncg/libCacheSim/results/cp_wss01_prefetch/logs/w61.oracleGeneral.bin.zst__lru__PG__311276277.log,ok
w58.oracleGeneral.bin.zst,oracleGeneral,lru,Mithril,398153661,39815366144,0.01,0.3122,0.3345,10530695,/users/varuncg/libCacheSim/results/cp_wss01_prefetch/logs/w58.oracleGeneral.bin.zst__lru__Mithril__398153661.log,ok
w64.oracleGeneral.bin.zst,oracleGeneral,sieve,OBL,4260163476,426016347656,0.01,0.8951,0.9402,7458266,/users/varuncg/libCacheSim/results/cp_wss01_prefetch/logs/w64.oracleGeneral.bin.zst__sieve__OBL__4260163476.log,ok
w66.oracleGeneral.bin.zst,oracleGeneral,lru,none,29567011,2956701184,0.01,0.5251,0.7691,9169631,/users/varuncg/libCacheSim/results/cp_wss01_prefetch/logs/w66.oracleGeneral.bin.zst__lru__noprefetch__29567011.log,ok
w62.oracleGeneral.bin.zst,oracleGeneral,lru,PG,396206090,39620609024,0.01,0.9215,0.8733,9497745,/users/varuncg/libCacheSim/results/cp_wss01_prefetch/logs/w62.oracleGeneral.bin.zst__lru__PG__396206090.log,ok
w66.oracleGeneral.bin.zst,oracleGeneral,lru,OBL,29567011,2956701184,0.01,0.5150,0.7688,9169631,/users/varuncg/libCacheSim/results/cp_wss01_prefetch/logs/w66.oracleGeneral.bin.zst__lru__OBL__29567011.log,ok
w65.oracleGeneral.bin.zst,oracleGeneral,sieve,none,586067143,58606714368,0.01,0.9774,0.9884,9316229,/users/varuncg/libCacheSim/results/cp_wss01_prefetch/logs/w65.oracleGeneral.bin.zst__sieve__noprefetch__586067143.log,ok
w62.oracleGeneral.bin.zst,oracleGeneral,sieve,PG,396206090,39620609024,0.01,0.9158,0.8654,9497745,/users/varuncg/libCacheSim/results/cp_wss01_prefetch/logs/w62.oracleGeneral.bin.zst__sieve__PG__396206090.log,ok
w65.oracleGeneral.bin.zst,oracleGeneral,lru,none,586067143,58606714368,0.01,0.9843,0.9924,9316229,/users/varuncg/libCacheSim/results/cp_wss01_prefetch/logs/w65.oracleGeneral.bin.zst__lru__noprefetch__586067143.log,ok
w65.oracleGeneral.bin.zst,oracleGeneral,lru,OBL,586067143,58606714368,0.01,0.9668,0.9917,9316229,/users/varuncg/libCacheSim/results/cp_wss01_prefetch/logs/w65.oracleGeneral.bin.zst__lru__OBL__586067143.log,ok
w66.oracleGeneral.bin.zst,oracleGeneral,sieve,none,29567011,2956701184,0.01,0.4764,0.7571,9169631,/users/varuncg/libCacheSim/results/cp_wss01_prefetch/logs/w66.oracleGeneral.bin.zst__sieve__noprefetch__29567011.log,ok
w65.oracleGeneral.bin.zst,oracleGeneral,sieve,OBL,586067143,58606714368,0.01,0.9582,0.9878,9316229,/users/varuncg/libCacheSim/results/cp_wss01_prefetch/logs/w65.oracleGeneral.bin.zst__sieve__OBL__586067143.log,ok
w63.oracleGeneral.bin.zst,oracleGeneral,lru,Mithril,623740083,62374008320,0.01,,,,/users/varuncg/libCacheSim/results/cp_wss01_prefetch/logs/w63.oracleGeneral.bin.zst__lru__Mithril__623740083.log,fail:134
w66.oracleGeneral.bin.zst,oracleGeneral,sieve,OBL,29567011,2956701184,0.01,0.4665,0.7571,9169631,/users/varuncg/libCacheSim/results/cp_wss01_prefetch/logs/w66.oracleGeneral.bin.zst__sieve__OBL__29567011.log,ok
w67.oracleGeneral.bin.zst,oracleGeneral,lru,none,61999339,6199933952,0.01,0.2252,0.5436,9028144,/users/varuncg/libCacheSim/results/cp_wss01_prefetch/logs/w67.oracleGeneral.bin.zst__lru__noprefetch__61999339.log,ok
w67.oracleGeneral.bin.zst,oracleGeneral,sieve,none,61999339,6199933952,0.01,0.2103,0.5296,9028144,/users/varuncg/libCacheSim/results/cp_wss01_prefetch/logs/w67.oracleGeneral.bin.zst__sieve__noprefetch__61999339.log,ok
w67.oracleGeneral.bin.zst,oracleGeneral,lru,OBL,61999339,6199933952,0.01,0.2252,0.5436,9028144,/users/varuncg/libCacheSim/results/cp_wss01_prefetch/logs/w67.oracleGeneral.bin.zst__lru__OBL__61999339.log,ok
w67.oracleGeneral.bin.zst,oracleGeneral,sieve,OBL,61999339,6199933952,0.01,0.2103,0.5296,9028144,/users/varuncg/libCacheSim/results/cp_wss01_prefetch/logs/w67.oracleGeneral.bin.zst__sieve__OBL__61999339.log,ok
w63.oracleGeneral.bin.zst,oracleGeneral,sieve,PG,623740083,62374008320,0.01,0.8151,0.6280,9380316,/users/varuncg/libCacheSim/results/cp_wss01_prefetch/logs/w63.oracleGeneral.bin.zst__sieve__PG__623740083.log,ok
w63.oracleGeneral.bin.zst,oracleGeneral,lru,PG,623740083,62374008320,0.01,0.8111,0.6570,9380316,/users/varuncg/libCacheSim/results/cp_wss01_prefetch/logs/w63.oracleGeneral.bin.zst__lru__PG__623740083.log,ok
w62.oracleGeneral.bin.zst,oracleGeneral,lru,Mithril,396206090,39620609024,0.01,0.7080,0.6771,9497745,/users/varuncg/libCacheSim/results/cp_wss01_prefetch/logs/w62.oracleGeneral.bin.zst__lru__Mithril__396206090.log,ok
w64.oracleGeneral.bin.zst,oracleGeneral,lru,Mithril,4260163476,426016347656,0.01,0.8988,0.9426,7458266,/users/varuncg/libCacheSim/results/cp_wss01_prefetch/logs/w64.oracleGeneral.bin.zst__lru__Mithril__4260163476.log,ok
w64.oracleGeneral.bin.zst,oracleGeneral,sieve,Mithril,4260163476,426016347656,0.01,0.8937,0.9387,7458266,/users/varuncg/libCacheSim/results/cp_wss01_prefetch/logs/w64.oracleGeneral.bin.zst__sieve__Mithril__4260163476.log,ok
w66.oracleGeneral.bin.zst,oracleGeneral,lru,PG,29567011,2956701184,0.01,0.5233,0.7683,9169631,/users/varuncg/libCacheSim/results/cp_wss01_prefetch/logs/w66.oracleGeneral.bin.zst__lru__PG__29567011.log,ok
w62.oracleGeneral.bin.zst,oracleGeneral,sieve,Mithril,396206090,39620609024,0.01,0.7037,0.6746,9497745,/users/varuncg/libCacheSim/results/cp_wss01_prefetch/logs/w62.oracleGeneral.bin.zst__sieve__Mithril__396206090.log,ok
w63.oracleGeneral.bin.zst,oracleGeneral,sieve,Mithril,623740083,62374008320,0.01,,,,/users/varuncg/libCacheSim/results/cp_wss01_prefetch/logs/w63.oracleGeneral.bin.zst__sieve__Mithril__623740083.log,fail:134
w68.oracleGeneral.bin.zst,oracleGeneral,lru,OBL,221981148,22198114816,0.01,0.6505,0.7168,8875971,/users/varuncg/libCacheSim/results/cp_wss01_prefetch/logs/w68.oracleGeneral.bin.zst__lru__OBL__221981148.log,ok
w68.oracleGeneral.bin.zst,oracleGeneral,lru,none,221981148,22198114816,0.01,0.6505,0.7168,8875971,/users/varuncg/libCacheSim/results/cp_wss01_prefetch/logs/w68.oracleGeneral.bin.zst__lru__noprefetch__221981148.log,ok
w67.oracleGeneral.bin.zst,oracleGeneral,lru,Mithril,61999339,6199933952,0.01,,,,/users/varuncg/libCacheSim/results/cp_wss01_prefetch/logs/w67.oracleGeneral.bin.zst__lru__Mithril__61999339.log,fail:134
w68.oracleGeneral.bin.zst,oracleGeneral,sieve,none,221981148,22198114816,0.01,0.6040,0.6707,8875971,/users/varuncg/libCacheSim/results/cp_wss01_prefetch/logs/w68.oracleGeneral.bin.zst__sieve__noprefetch__221981148.log,ok
w64.oracleGeneral.bin.zst,oracleGeneral,lru,PG,4260163476,426016347656,0.01,0.9022,0.9453,7458266,/users/varuncg/libCacheSim/results/cp_wss01_prefetch/logs/w64.oracleGeneral.bin.zst__lru__PG__4260163476.log,ok
w68.oracleGeneral.bin.zst,oracleGeneral,sieve,OBL,221981148,22198114816,0.01,0.6037,0.6706,8875971,/users/varuncg/libCacheSim/results/cp_wss01_prefetch/logs/w68.oracleGeneral.bin.zst__sieve__OBL__221981148.log,ok
w66.oracleGeneral.bin.zst,oracleGeneral,sieve,PG,29567011,2956701184,0.01,0.4768,0.7575,9169631,/users/varuncg/libCacheSim/results/cp_wss01_prefetch/logs/w66.oracleGeneral.bin.zst__sieve__PG__29567011.log,ok
w65.oracleGeneral.bin.zst,oracleGeneral,lru,PG,586067143,58606714368,0.01,0.9745,0.9803,9316229,/users/varuncg/libCacheSim/results/cp_wss01_prefetch/logs/w65.oracleGeneral.bin.zst__lru__PG__586067143.log,ok
w67.oracleGeneral.bin.zst,oracleGeneral,lru,PG,61999339,6199933952,0.01,0.2237,0.5429,9028144,/users/varuncg/libCacheSim/results/cp_wss01_prefetch/logs/w67.oracleGeneral.bin.zst__lru__PG__61999339.log,ok
w65.oracleGeneral.bin.zst,oracleGeneral,sieve,PG,586067143,58606714368,0.01,0.9727,0.9789,9316229,/users/varuncg/libCacheSim/results/cp_wss01_prefetch/logs/w65.oracleGeneral.bin.zst__sieve__PG__586067143.log,ok
w67.oracleGeneral.bin.zst,oracleGeneral,sieve,Mithril,61999339,6199933952,0.01,,,,/users/varuncg/libCacheSim/results/cp_wss01_prefetch/logs/w67.oracleGeneral.bin.zst__sieve__Mithril__61999339.log,fail:134
w67.oracleGeneral.bin.zst,oracleGeneral,sieve,PG,61999339,6199933952,0.01,0.2090,0.5270,9028144,/users/varuncg/libCacheSim/results/cp_wss01_prefetch/logs/w67.oracleGeneral.bin.zst__sieve__PG__61999339.log,ok
w69.oracleGeneral.bin.zst,oracleGeneral,lru,none,338126909,33812690944,0.01,0.7021,0.8243,7874006,/users/varuncg/libCacheSim/results/cp_wss01_prefetch/logs/w69.oracleGeneral.bin.zst__lru__noprefetch__338126909.log,ok
w69.oracleGeneral.bin.zst,oracleGeneral,lru,OBL,338126909,33812690944,0.01,0.7021,0.8243,7874006,/users/varuncg/libCacheSim/results/cp_wss01_prefetch/logs/w69.oracleGeneral.bin.zst__lru__OBL__338126909.log,ok
w59.oracleGeneral.bin.zst,oracleGeneral,sieve,Mithril,110647720,11064772096,0.01,0.7454,0.7532,10223136,/users/varuncg/libCacheSim/results/cp_wss01_prefetch/logs/w59.oracleGeneral.bin.zst__sieve__Mithril__110647720.log,ok
w64.oracleGeneral.bin.zst,oracleGeneral,sieve,PG,4260163476,426016347656,0.01,0.8953,0.9402,7458266,/users/varuncg/libCacheSim/results/cp_wss01_prefetch/logs/w64.oracleGeneral.bin.zst__sieve__PG__4260163476.log,ok
w69.oracleGeneral.bin.zst,oracleGeneral,sieve,none,338126909,33812690944,0.01,0.6236,0.7708,7874006,/users/varuncg/libCacheSim/results/cp_wss01_prefetch/logs/w69.oracleGeneral.bin.zst__sieve__noprefetch__338126909.log,ok
w69.oracleGeneral.bin.zst,oracleGeneral,sieve,OBL,338126909,33812690944,0.01,0.6236,0.7708,7874006,/users/varuncg/libCacheSim/results/cp_wss01_prefetch/logs/w69.oracleGeneral.bin.zst__sieve__OBL__338126909.log,ok
w70.oracleGeneral.bin.zst,oracleGeneral,sieve,none,345246924,34524692480,0.01,0.3065,0.5592,6928385,/users/varuncg/libCacheSim/results/cp_wss01_prefetch/logs/w70.oracleGeneral.bin.zst__sieve__noprefetch__345246924.log,ok
w70.oracleGeneral.bin.zst,oracleGeneral,lru,none,345246924,34524692480,0.01,0.3186,0.5425,6928385,/users/varuncg/libCacheSim/results/cp_wss01_prefetch/logs/w70.oracleGeneral.bin.zst__lru__noprefetch__345246924.log,ok
w59.oracleGeneral.bin.zst,oracleGeneral,lru,Mithril,110647720,11064772096,0.01,0.7509,0.7631,10223136,/users/varuncg/libCacheSim/results/cp_wss01_prefetch/logs/w59.oracleGeneral.bin.zst__lru__Mithril__110647720.log,ok
w70.oracleGeneral.bin.zst,oracleGeneral,sieve,OBL,345246924,34524692480,0.01,0.3065,0.5592,6928385,/users/varuncg/libCacheSim/results/cp_wss01_prefetch/logs/w70.oracleGeneral.bin.zst__sieve__OBL__345246924.log,ok
w70.oracleGeneral.bin.zst,oracleGeneral,lru,OBL,345246924,34524692480,0.01,0.3186,0.5425,6928385,/users/varuncg/libCacheSim/results/cp_wss01_prefetch/logs/w70.oracleGeneral.bin.zst__lru__OBL__345246924.log,ok
w71.oracleGeneral.bin.zst,oracleGeneral,lru,none,73800663,7380066304,0.01,0.5582,0.7240,6840776,/users/varuncg/libCacheSim/results/cp_wss01_prefetch/logs/w71.oracleGeneral.bin.zst__lru__noprefetch__73800663.log,ok
w71.oracleGeneral.bin.zst,oracleGeneral,sieve,none,73800663,7380066304,0.01,0.5258,0.7013,6840776,/users/varuncg/libCacheSim/results/cp_wss01_prefetch/logs/w71.oracleGeneral.bin.zst__sieve__noprefetch__73800663.log,ok
w66.oracleGeneral.bin.zst,oracleGeneral,lru,Mithril,29567011,2956701184,0.01,0.1935,0.1781,9169631,/users/varuncg/libCacheSim/results/cp_wss01_prefetch/logs/w66.oracleGeneral.bin.zst__lru__Mithril__29567011.log,ok
w71.oracleGeneral.bin.zst,oracleGeneral,lru,OBL,73800663,7380066304,0.01,0.5582,0.7240,6840776,/users/varuncg/libCacheSim/results/cp_wss01_prefetch/logs/w71.oracleGeneral.bin.zst__lru__OBL__73800663.log,ok
w71.oracleGeneral.bin.zst,oracleGeneral,sieve,OBL,73800663,7380066304,0.01,0.5258,0.7013,6840776,/users/varuncg/libCacheSim/results/cp_wss01_prefetch/logs/w71.oracleGeneral.bin.zst__sieve__OBL__73800663.log,ok
w72.oracleGeneral.bin.zst,oracleGeneral,lru,none,74601006,7460100608,0.01,0.4232,0.6653,6407185,/users/varuncg/libCacheSim/results/cp_wss01_prefetch/logs/w72.oracleGeneral.bin.zst__lru__noprefetch__74601006.log,ok
w65.oracleGeneral.bin.zst,oracleGeneral,lru,Mithril,586067143,58606714368,0.01,0.9627,0.9751,9316229,/users/varuncg/libCacheSim/results/cp_wss01_prefetch/logs/w65.oracleGeneral.bin.zst__lru__Mithril__586067143.log,ok
w72.oracleGeneral.bin.zst,oracleGeneral,lru,OBL,74601006,7460100608,0.01,0.4232,0.6653,6407185,/users/varuncg/libCacheSim/results/cp_wss01_prefetch/logs/w72.oracleGeneral.bin.zst__lru__OBL__74601006.log,ok
w66.oracleGeneral.bin.zst,oracleGeneral,sieve,Mithril,29567011,2956701184,0.01,0.1902,0.1933,9169631,/users/varuncg/libCacheSim/results/cp_wss01_prefetch/logs/w66.oracleGeneral.bin.zst__sieve__Mithril__29567011.log,ok
w72.oracleGeneral.bin.zst,oracleGeneral,sieve,none,74601006,7460100608,0.01,0.4063,0.6644,6407185,/users/varuncg/libCacheSim/results/cp_wss01_prefetch/logs/w72.oracleGeneral.bin.zst__sieve__noprefetch__74601006.log,ok
w65.oracleGeneral.bin.zst,oracleGeneral,sieve,Mithril,586067143,58606714368,0.01,0.9621,0.9749,9316229,/users/varuncg/libCacheSim/results/cp_wss01_prefetch/logs/w65.oracleGeneral.bin.zst__sieve__Mithril__586067143.log,ok
w72.oracleGeneral.bin.zst,oracleGeneral,sieve,OBL,74601006,7460100608,0.01,0.4063,0.6644,6407185,/users/varuncg/libCacheSim/results/cp_wss01_prefetch/logs/w72.oracleGeneral.bin.zst__sieve__OBL__74601006.log,ok
w73.oracleGeneral.bin.zst,oracleGeneral,lru,OBL,72396477,7239647744,0.01,0.6902,0.7490,6368815,/users/varuncg/libCacheSim/results/cp_wss01_prefetch/logs/w73.oracleGeneral.bin.zst__lru__OBL__72396477.log,ok
w68.oracleGeneral.bin.zst,oracleGeneral,lru,PG,221981148,22198114816,0.01,0.6401,0.7096,8875971,/users/varuncg/libCacheSim/results/cp_wss01_prefetch/logs/w68.oracleGeneral.bin.zst__lru__PG__221981148.log,ok
w73.oracleGeneral.bin.zst,oracleGeneral,lru,none,72396477,7239647744,0.01,0.6902,0.7490,6368815,/users/varuncg/libCacheSim/results/cp_wss01_prefetch/logs/w73.oracleGeneral.bin.zst__lru__noprefetch__72396477.log,ok
w68.oracleGeneral.bin.zst,oracleGeneral,sieve,PG,221981148,22198114816,0.01,0.5819,0.6582,8875971,/users/varuncg/libCacheSim/results/cp_wss01_prefetch/logs/w68.oracleGeneral.bin.zst__sieve__PG__221981148.log,ok
w54.oracleGeneral.bin.zst,oracleGeneral,lru,PG,27680301140,2768030114047,0.01,0.8832,0.9789,8832954,/users/varuncg/libCacheSim/results/cp_wss01_prefetch/logs/w54.oracleGeneral.bin.zst__lru__PG__27680301140.log,ok
w54.oracleGeneral.bin.zst,oracleGeneral,sieve,PG,27680301140,2768030114047,0.01,0.8460,0.9754,8832954,/users/varuncg/libCacheSim/results/cp_wss01_prefetch/logs/w54.oracleGeneral.bin.zst__sieve__PG__27680301140.log,ok
w73.oracleGeneral.bin.zst,oracleGeneral,sieve,none,72396477,7239647744,0.01,0.6572,0.7037,6368815,/users/varuncg/libCacheSim/results/cp_wss01_prefetch/logs/w73.oracleGeneral.bin.zst__sieve__noprefetch__72396477.log,ok
w73.oracleGeneral.bin.zst,oracleGeneral,sieve,OBL,72396477,7239647744,0.01,0.6572,0.7037,6368815,/users/varuncg/libCacheSim/results/cp_wss01_prefetch/logs/w73.oracleGeneral.bin.zst__sieve__OBL__72396477.log,ok
w70.oracleGeneral.bin.zst,oracleGeneral,lru,PG,345246924,34524692480,0.01,0.3043,0.5272,6928385,/users/varuncg/libCacheSim/results/cp_wss01_prefetch/logs/w70.oracleGeneral.bin.zst__lru__PG__345246924.log,ok
w70.oracleGeneral.bin.zst,oracleGeneral,sieve,PG,345246924,34524692480,0.01,0.2891,0.5405,6928385,/users/varuncg/libCacheSim/results/cp_wss01_prefetch/logs/w70.oracleGeneral.bin.zst__sieve__PG__345246924.log,ok
w74.oracleGeneral.bin.zst,oracleGeneral,lru,none,47421542,4742154240,0.01,0.2234,0.6086,6343762,/users/varuncg/libCacheSim/results/cp_wss01_prefetch/logs/w74.oracleGeneral.bin.zst__lru__noprefetch__47421542.log,ok
w74.oracleGeneral.bin.zst,oracleGeneral,lru,OBL,47421542,4742154240,0.01,0.2234,0.6086,6343762,/users/varuncg/libCacheSim/results/cp_wss01_prefetch/logs/w74.oracleGeneral.bin.zst__lru__OBL__47421542.log,ok
w72.oracleGeneral.bin.zst,oracleGeneral,lru,PG,74601006,7460100608,0.01,0.4167,0.6599,6407185,/users/varuncg/libCacheSim/results/cp_wss01_prefetch/logs/w72.oracleGeneral.bin.zst__lru__PG__74601006.log,ok
w71.oracleGeneral.bin.zst,oracleGeneral,lru,PG,73800663,7380066304,0.01,0.5373,0.7125,6840776,/users/varuncg/libCacheSim/results/cp_wss01_prefetch/logs/w71.oracleGeneral.bin.zst__lru__PG__73800663.log,ok
w74.oracleGeneral.bin.zst,oracleGeneral,sieve,none,47421542,4742154240,0.01,0.2089,0.5936,6343762,/users/varuncg/libCacheSim/results/cp_wss01_prefetch/logs/w74.oracleGeneral.bin.zst__sieve__noprefetch__47421542.log,ok
w72.oracleGeneral.bin.zst,oracleGeneral,sieve,PG,74601006,7460100608,0.01,0.3967,0.6552,6407185,/users/varuncg/libCacheSim/results/cp_wss01_prefetch/logs/w72.oracleGeneral.bin.zst__sieve__PG__74601006.log,ok
w61.oracleGeneral.bin.zst,oracleGeneral,lru,Mithril,311276277,31127627776,0.01,0.6835,0.5877,9884691,/users/varuncg/libCacheSim/results/cp_wss01_prefetch/logs/w61.oracleGeneral.bin.zst__lru__Mithril__311276277.log,ok
w74.oracleGeneral.bin.zst,oracleGeneral,sieve,OBL,47421542,4742154240,0.01,0.2089,0.5936,6343762,/users/varuncg/libCacheSim/results/cp_wss01_prefetch/logs/w74.oracleGeneral.bin.zst__sieve__OBL__47421542.log,ok
w61.oracleGeneral.bin.zst,oracleGeneral,sieve,Mithril,311276277,31127627776,0.01,0.7017,0.5997,9884691,/users/varuncg/libCacheSim/results/cp_wss01_prefetch/logs/w61.oracleGeneral.bin.zst__sieve__Mithril__311276277.log,ok
w71.oracleGeneral.bin.zst,oracleGeneral,sieve,PG,73800663,7380066304,0.01,0.5090,0.6970,6840776,/users/varuncg/libCacheSim/results/cp_wss01_prefetch/logs/w71.oracleGeneral.bin.zst__sieve__PG__73800663.log,ok
w75.oracleGeneral.bin.zst,oracleGeneral,lru,none,201410744,20141074432,0.01,0.2828,0.4460,6152624,/users/varuncg/libCacheSim/results/cp_wss01_prefetch/logs/w75.oracleGeneral.bin.zst__lru__noprefetch__201410744.log,ok
w75.oracleGeneral.bin.zst,oracleGeneral,sieve,none,201410744,20141074432,0.01,0.2587,0.3734,6152624,/users/varuncg/libCacheSim/results/cp_wss01_prefetch/logs/w75.oracleGeneral.bin.zst__sieve__noprefetch__201410744.log,ok
w75.oracleGeneral.bin.zst,oracleGeneral,lru,OBL,201410744,20141074432,0.01,0.2828,0.4460,6152624,/users/varuncg/libCacheSim/results/cp_wss01_prefetch/logs/w75.oracleGeneral.bin.zst__lru__OBL__201410744.log,ok
w75.oracleGeneral.bin.zst,oracleGeneral,sieve,OBL,201410744,20141074432,0.01,0.2587,0.3734,6152624,/users/varuncg/libCacheSim/results/cp_wss01_prefetch/logs/w75.oracleGeneral.bin.zst__sieve__OBL__201410744.log,ok
w71.oracleGeneral.bin.zst,oracleGeneral,lru,Mithril,73800663,7380066304,0.01,0.2192,0.3151,6840776,/users/varuncg/libCacheSim/results/cp_wss01_prefetch/logs/w71.oracleGeneral.bin.zst__lru__Mithril__73800663.log,ok
w76.oracleGeneral.bin.zst,oracleGeneral,lru,none,88240885,8824088576,0.01,0.3800,0.6077,6076272,/users/varuncg/libCacheSim/results/cp_wss01_prefetch/logs/w76.oracleGeneral.bin.zst__lru__noprefetch__88240885.log,ok
w69.oracleGeneral.bin.zst,oracleGeneral,sieve,PG,338126909,33812690944,0.01,0.6090,0.7484,7874006,/users/varuncg/libCacheSim/results/cp_wss01_prefetch/logs/w69.oracleGeneral.bin.zst__sieve__PG__338126909.log,ok
w69.oracleGeneral.bin.zst,oracleGeneral,lru,PG,338126909,33812690944,0.01,0.6528,0.7748,7874006,/users/varuncg/libCacheSim/results/cp_wss01_prefetch/logs/w69.oracleGeneral.bin.zst__lru__PG__338126909.log,ok
w70.oracleGeneral.bin.zst,oracleGeneral,sieve,Mithril,345246924,34524692480,0.01,0.2547,0.4485,6928385,/users/varuncg/libCacheSim/results/cp_wss01_prefetch/logs/w70.oracleGeneral.bin.zst__sieve__Mithril__345246924.log,ok
w71.oracleGeneral.bin.zst,oracleGeneral,sieve,Mithril,73800663,7380066304,0.01,0.2233,0.3202,6840776,/users/varuncg/libCacheSim/results/cp_wss01_prefetch/logs/w71.oracleGeneral.bin.zst__sieve__Mithril__73800663.log,ok
w76.oracleGeneral.bin.zst,oracleGeneral,lru,OBL,88240885,8824088576,0.01,0.3799,0.6076,6076272,/users/varuncg/libCacheSim/results/cp_wss01_prefetch/logs/w76.oracleGeneral.bin.zst__lru__OBL__88240885.log,ok
w70.oracleGeneral.bin.zst,oracleGeneral,lru,Mithril,345246924,34524692480,0.01,0.2786,0.5017,6928385,/users/varuncg/libCacheSim/results/cp_wss01_prefetch/logs/w70.oracleGeneral.bin.zst__lru__Mithril__345246924.log,ok
w74.oracleGeneral.bin.zst,oracleGeneral,lru,Mithril,47421542,4742154240,0.01,,,,/users/varuncg/libCacheSim/results/cp_wss01_prefetch/logs/w74.oracleGeneral.bin.zst__lru__Mithril__47421542.log,fail:134
w76.oracleGeneral.bin.zst,oracleGeneral,sieve,none,88240885,8824088576,0.01,0.3637,0.5898,6076272,/users/varuncg/libCacheSim/results/cp_wss01_prefetch/logs/w76.oracleGeneral.bin.zst__sieve__noprefetch__88240885.log,ok
w74.oracleGeneral.bin.zst,oracleGeneral,lru,PG,47421542,4742154240,0.01,0.2223,0.6077,6343762,/users/varuncg/libCacheSim/results/cp_wss01_prefetch/logs/w74.oracleGeneral.bin.zst__lru__PG__47421542.log,ok
w74.oracleGeneral.bin.zst,oracleGeneral,sieve,PG,47421542,4742154240,0.01,0.2070,0.5845,6343762,/users/varuncg/libCacheSim/results/cp_wss01_prefetch/logs/w74.oracleGeneral.bin.zst__sieve__PG__47421542.log,ok
w73.oracleGeneral.bin.zst,oracleGeneral,sieve,PG,72396477,7239647744,0.01,0.6434,0.6946,6368815,/users/varuncg/libCacheSim/results/cp_wss01_prefetch/logs/w73.oracleGeneral.bin.zst__sieve__PG__72396477.log,ok
w74.oracleGeneral.bin.zst,oracleGeneral,sieve,Mithril,47421542,4742154240,0.01,,,,/users/varuncg/libCacheSim/results/cp_wss01_prefetch/logs/w74.oracleGeneral.bin.zst__sieve__Mithril__47421542.log,fail:134
w73.oracleGeneral.bin.zst,oracleGeneral,lru,PG,72396477,7239647744,0.01,0.6751,0.7329,6368815,/users/varuncg/libCacheSim/results/cp_wss01_prefetch/logs/w73.oracleGeneral.bin.zst__lru__PG__72396477.log,ok
w76.oracleGeneral.bin.zst,oracleGeneral,sieve,OBL,88240885,8824088576,0.01,0.3636,0.5898,6076272,/users/varuncg/libCacheSim/results/cp_wss01_prefetch/logs/w76.oracleGeneral.bin.zst__sieve__OBL__88240885.log,ok
w72.oracleGeneral.bin.zst,oracleGeneral,sieve,Mithril,74601006,7460100608,0.01,,,,/users/varuncg/libCacheSim/results/cp_wss01_prefetch/logs/w72.oracleGeneral.bin.zst__sieve__Mithril__74601006.log,fail:134
w77.oracleGeneral.bin.zst,oracleGeneral,lru,none,189116375,18911637504,0.01,0.5813,0.7404,5616402,/users/varuncg/libCacheSim/results/cp_wss01_prefetch/logs/w77.oracleGeneral.bin.zst__lru__noprefetch__189116375.log,ok
w77.oracleGeneral.bin.zst,oracleGeneral,lru,OBL,189116375,18911637504,0.01,0.5811,0.7404,5616402,/users/varuncg/libCacheSim/results/cp_wss01_prefetch/logs/w77.oracleGeneral.bin.zst__lru__OBL__189116375.log,ok
w77.oracleGeneral.bin.zst,oracleGeneral,sieve,none,189116375,18911637504,0.01,0.5789,0.7409,5616402,/users/varuncg/libCacheSim/results/cp_wss01_prefetch/logs/w77.oracleGeneral.bin.zst__sieve__noprefetch__189116375.log,ok
w72.oracleGeneral.bin.zst,oracleGeneral,lru,Mithril,74601006,7460100608,0.01,0.2906,0.4083,6407185,/users/varuncg/libCacheSim/results/cp_wss01_prefetch/logs/w72.oracleGeneral.bin.zst__lru__Mithril__74601006.log,ok
w77.oracleGeneral.bin.zst,oracleGeneral,sieve,OBL,189116375,18911637504,0.01,0.5792,0.7416,5616402,/users/varuncg/libCacheSim/results/cp_wss01_prefetch/logs/w77.oracleGeneral.bin.zst__sieve__OBL__189116375.log,ok
w78.oracleGeneral.bin.zst,oracleGeneral,sieve,none,369610373,36961037312,0.01,0.4542,0.7216,5493106,/users/varuncg/libCacheSim/results/cp_wss01_prefetch/logs/w78.oracleGeneral.bin.zst__sieve__noprefetch__369610373.log,ok
w78.oracleGeneral.bin.zst,oracleGeneral,lru,none,369610373,36961037312,0.01,0.4955,0.6264,5493106,/users/varuncg/libCacheSim/results/cp_wss01_prefetch/logs/w78.oracleGeneral.bin.zst__lru__noprefetch__369610373.log,ok
w78.oracleGeneral.bin.zst,oracleGeneral,lru,OBL,369610373,36961037312,0.01,0.4954,0.6264,5493106,/users/varuncg/libCacheSim/results/cp_wss01_prefetch/logs/w78.oracleGeneral.bin.zst__lru__OBL__369610373.log,ok
w78.oracleGeneral.bin.zst,oracleGeneral,sieve,OBL,369610373,36961037312,0.01,0.4542,0.7216,5493106,/users/varuncg/libCacheSim/results/cp_wss01_prefetch/logs/w78.oracleGeneral.bin.zst__sieve__OBL__369610373.log,ok
w76.oracleGeneral.bin.zst,oracleGeneral,lru,PG,88240885,8824088576,0.01,0.3782,0.6066,6076272,/users/varuncg/libCacheSim/results/cp_wss01_prefetch/logs/w76.oracleGeneral.bin.zst__lru__PG__88240885.log,ok
w75.oracleGeneral.bin.zst,oracleGeneral,sieve,Mithril,201410744,20141074432,0.01,0.1905,0.3340,6152624,/users/varuncg/libCacheSim/results/cp_wss01_prefetch/logs/w75.oracleGeneral.bin.zst__sieve__Mithril__201410744.log,ok
w69.oracleGeneral.bin.zst,oracleGeneral,sieve,Mithril,338126909,33812690944,0.01,0.4305,0.5136,7874006,/users/varuncg/libCacheSim/results/cp_wss01_prefetch/logs/w69.oracleGeneral.bin.zst__sieve__Mithril__338126909.log,ok
w79.oracleGeneral.bin.zst,oracleGeneral,lru,none,657529134,65752913408,0.01,0.9722,0.9587,5411394,/users/varuncg/libCacheSim/results/cp_wss01_prefetch/logs/w79.oracleGeneral.bin.zst__lru__noprefetch__657529134.log,ok
w69.oracleGeneral.bin.zst,oracleGeneral,lru,Mithril,338126909,33812690944,0.01,0.4363,0.5154,7874006,/users/varuncg/libCacheSim/results/cp_wss01_prefetch/logs/w69.oracleGeneral.bin.zst__lru__Mithril__338126909.log,ok
w75.oracleGeneral.bin.zst,oracleGeneral,lru,Mithril,201410744,20141074432,0.01,0.2030,0.3838,6152624,/users/varuncg/libCacheSim/results/cp_wss01_prefetch/logs/w75.oracleGeneral.bin.zst__lru__Mithril__201410744.log,ok
w79.oracleGeneral.bin.zst,oracleGeneral,lru,OBL,657529134,65752913408,0.01,0.9576,0.9576,5411394,/users/varuncg/libCacheSim/results/cp_wss01_prefetch/logs/w79.oracleGeneral.bin.zst__lru__OBL__657529134.log,ok
w76.oracleGeneral.bin.zst,oracleGeneral,sieve,PG,88240885,8824088576,0.01,0.3621,0.5902,6076272,/users/varuncg/libCacheSim/results/cp_wss01_prefetch/logs/w76.oracleGeneral.bin.zst__sieve__PG__88240885.log,ok
w80.oracleGeneral.bin.zst,oracleGeneral,lru,none,49122165,4912216576,0.01,0.8187,0.9040,5256246,/users/varuncg/libCacheSim/results/cp_wss01_prefetch/logs/w80.oracleGeneral.bin.zst__lru__noprefetch__49122165.log,ok
w75.oracleGeneral.bin.zst,oracleGeneral,sieve,PG,201410744,20141074432,0.01,0.2542,0.3732,6152624,/users/varuncg/libCacheSim/results/cp_wss01_prefetch/logs/w75.oracleGeneral.bin.zst__sieve__PG__201410744.log,ok
w79.oracleGeneral.bin.zst,oracleGeneral,sieve,none,657529134,65752913408,0.01,0.9223,0.9464,5411394,/users/varuncg/libCacheSim/results/cp_wss01_prefetch/logs/w79.oracleGeneral.bin.zst__sieve__noprefetch__657529134.log,ok
w75.oracleGeneral.bin.zst,oracleGeneral,lru,PG,201410744,20141074432,0.01,0.2769,0.4421,6152624,/users/varuncg/libCacheSim/results/cp_wss01_prefetch/logs/w75.oracleGeneral.bin.zst__lru__PG__201410744.log,ok
w68.oracleGeneral.bin.zst,oracleGeneral,lru,Mithril,221981148,22198114816,0.01,0.4000,0.4735,8875971,/users/varuncg/libCacheSim/results/cp_wss01_prefetch/logs/w68.oracleGeneral.bin.zst__lru__Mithril__221981148.log,ok
w79.oracleGeneral.bin.zst,oracleGeneral,sieve,OBL,657529134,65752913408,0.01,0.9072,0.9456,5411394,/users/varuncg/libCacheSim/results/cp_wss01_prefetch/logs/w79.oracleGeneral.bin.zst__sieve__OBL__657529134.log,ok
w77.oracleGeneral.bin.zst,oracleGeneral,sieve,PG,189116375,18911637504,0.01,0.5771,0.7385,5616402,/users/varuncg/libCacheSim/results/cp_wss01_prefetch/logs/w77.oracleGeneral.bin.zst__sieve__PG__189116375.log,ok
w68.oracleGeneral.bin.zst,oracleGeneral,sieve,Mithril,221981148,22198114816,0.01,0.3652,0.4490,8875971,/users/varuncg/libCacheSim/results/cp_wss01_prefetch/logs/w68.oracleGeneral.bin.zst__sieve__Mithril__221981148.log,ok
w77.oracleGeneral.bin.zst,oracleGeneral,lru,PG,189116375,18911637504,0.01,0.5777,0.7342,5616402,/users/varuncg/libCacheSim/results/cp_wss01_prefetch/logs/w77.oracleGeneral.bin.zst__lru__PG__189116375.log,ok
w80.oracleGeneral.bin.zst,oracleGeneral,lru,OBL,49122165,4912216576,0.01,0.8187,0.9040,5256246,/users/varuncg/libCacheSim/results/cp_wss01_prefetch/logs/w80.oracleGeneral.bin.zst__lru__OBL__49122165.log,ok
w81.oracleGeneral.bin.zst,oracleGeneral,lru,Mithril,205789936,20578993664,0.01,,,,/users/varuncg/libCacheSim/results/cp_wss01_prefetch/logs/w81.oracleGeneral.bin.zst__lru__Mithril__205789936.log,fail:134
w80.oracleGeneral.bin.zst,oracleGeneral,sieve,none,49122165,4912216576,0.01,0.7962,0.8957,5256246,/users/varuncg/libCacheSim/results/cp_wss01_prefetch/logs/w80.oracleGeneral.bin.zst__sieve__noprefetch__49122165.log,ok
w73.oracleGeneral.bin.zst,oracleGeneral,lru,Mithril,72396477,7239647744,0.01,0.4429,0.4977,6368815,/users/varuncg/libCacheSim/results/cp_wss01_prefetch/logs/w73.oracleGeneral.bin.zst__lru__Mithril__72396477.log,ok
w76.oracleGeneral.bin.zst,oracleGeneral,sieve,Mithril,88240885,8824088576,0.01,,,,/users/varuncg/libCacheSim/results/cp_wss01_prefetch/logs/w76.oracleGeneral.bin.zst__sieve__Mithril__88240885.log,fail:134
w80.oracleGeneral.bin.zst,oracleGeneral,sieve,OBL,49122165,4912216576,0.01,0.7962,0.8957,5256246,/users/varuncg/libCacheSim/results/cp_wss01_prefetch/logs/w80.oracleGeneral.bin.zst__sieve__OBL__49122165.log,ok
w81.oracleGeneral.bin.zst,oracleGeneral,lru,OBL,205789936,20578993664,0.01,0.7407,0.9083,5026619,/users/varuncg/libCacheSim/results/cp_wss01_prefetch/logs/w81.oracleGeneral.bin.zst__lru__OBL__205789936.log,ok
w76.oracleGeneral.bin.zst,oracleGeneral,lru,Mithril,88240885,8824088576,0.01,,,,/users/varuncg/libCacheSim/results/cp_wss01_prefetch/logs/w76.oracleGeneral.bin.zst__lru__Mithril__88240885.log,fail:134
w81.oracleGeneral.bin.zst,oracleGeneral,sieve,none,205789936,20578993664,0.01,0.7192,0.9035,5026619,/users/varuncg/libCacheSim/results/cp_wss01_prefetch/logs/w81.oracleGeneral.bin.zst__sieve__noprefetch__205789936.log,ok
w82.oracleGeneral.bin.zst,oracleGeneral,lru,none,26526013,2652601344,0.01,0.4999,0.7453,4926610,/users/varuncg/libCacheSim/results/cp_wss01_prefetch/logs/w82.oracleGeneral.bin.zst__lru__noprefetch__26526013.log,ok
w81.oracleGeneral.bin.zst,oracleGeneral,sieve,OBL,205789936,20578993664,0.01,0.7192,0.9035,5026619,/users/varuncg/libCacheSim/results/cp_wss01_prefetch/logs/w81.oracleGeneral.bin.zst__sieve__OBL__205789936.log,ok
w82.oracleGeneral.bin.zst,oracleGeneral,lru,OBL,26526013,2652601344,0.01,0.4923,0.7451,4926610,/users/varuncg/libCacheSim/results/cp_wss01_prefetch/logs/w82.oracleGeneral.bin.zst__lru__OBL__26526013.log,ok
w81.oracleGeneral.bin.zst,oracleGeneral,lru,none,205789936,20578993664,0.01,0.7407,0.9083,5026619,/users/varuncg/libCacheSim/results/cp_wss01_prefetch/logs/w81.oracleGeneral.bin.zst__lru__noprefetch__205789936.log,ok
w78.oracleGeneral.bin.zst,oracleGeneral,sieve,PG,369610373,36961037312,0.01,0.4537,0.7293,5493106,/users/varuncg/libCacheSim/results/cp_wss01_prefetch/logs/w78.oracleGeneral.bin.zst__sieve__PG__369610373.log,ok
w73.oracleGeneral.bin.zst,oracleGeneral,sieve,Mithril,72396477,7239647744,0.01,0.4415,0.4953,6368815,/users/varuncg/libCacheSim/results/cp_wss01_prefetch/logs/w73.oracleGeneral.bin.zst__sieve__Mithril__72396477.log,ok
w78.oracleGeneral.bin.zst,oracleGeneral,lru,PG,369610373,36961037312,0.01,0.4891,0.6225,5493106,/users/varuncg/libCacheSim/results/cp_wss01_prefetch/logs/w78.oracleGeneral.bin.zst__lru__PG__369610373.log,ok
w82.oracleGeneral.bin.zst,oracleGeneral,sieve,none,26526013,2652601344,0.01,0.4632,0.7402,4926610,/users/varuncg/libCacheSim/results/cp_wss01_prefetch/logs/w82.oracleGeneral.bin.zst__sieve__noprefetch__26526013.log,ok
w82.oracleGeneral.bin.zst,oracleGeneral,sieve,OBL,26526013,2652601344,0.01,0.4543,0.7360,4926610,/users/varuncg/libCacheSim/results/cp_wss01_prefetch/logs/w82.oracleGeneral.bin.zst__sieve__OBL__26526013.log,ok
w83.oracleGeneral.bin.zst,oracleGeneral,lru,none,212506513,21250651328,0.01,0.4921,0.8241,3880481,/users/varuncg/libCacheSim/results/cp_wss01_prefetch/logs/w83.oracleGeneral.bin.zst__lru__noprefetch__212506513.log,ok
w83.oracleGeneral.bin.zst,oracleGeneral,lru,OBL,212506513,21250651328,0.01,0.4920,0.8241,3880481,/users/varuncg/libCacheSim/results/cp_wss01_prefetch/logs/w83.oracleGeneral.bin.zst__lru__OBL__212506513.log,ok
w83.oracleGeneral.bin.zst,oracleGeneral,sieve,none,212506513,21250651328,0.01,0.4806,0.8147,3880481,/users/varuncg/libCacheSim/results/cp_wss01_prefetch/logs/w83.oracleGeneral.bin.zst__sieve__noprefetch__212506513.log,ok
w83.oracleGeneral.bin.zst,oracleGeneral,lru,Mithril,212506513,21250651328,0.01,,,,/users/varuncg/libCacheSim/results/cp_wss01_prefetch/logs/w83.oracleGeneral.bin.zst__lru__Mithril__212506513.log,fail:134
w83.oracleGeneral.bin.zst,oracleGeneral,sieve,OBL,212506513,21250651328,0.01,0.4805,0.8147,3880481,/users/varuncg/libCacheSim/results/cp_wss01_prefetch/logs/w83.oracleGeneral.bin.zst__sieve__OBL__212506513.log,ok
w83.oracleGeneral.bin.zst,oracleGeneral,sieve,Mithril,212506513,21250651328,0.01,,,,/users/varuncg/libCacheSim/results/cp_wss01_prefetch/logs/w83.oracleGeneral.bin.zst__sieve__Mithril__212506513.log,fail:134
w78.oracleGeneral.bin.zst,oracleGeneral,lru,Mithril,369610373,36961037312,0.01,0.3330,0.5124,5493106,/users/varuncg/libCacheSim/results/cp_wss01_prefetch/logs/w78.oracleGeneral.bin.zst__lru__Mithril__369610373.log,ok
w78.oracleGeneral.bin.zst,oracleGeneral,sieve,Mithril,369610373,36961037312,0.01,0.3304,0.4938,5493106,/users/varuncg/libCacheSim/results/cp_wss01_prefetch/logs/w78.oracleGeneral.bin.zst__sieve__Mithril__369610373.log,ok
w77.oracleGeneral.bin.zst,oracleGeneral,lru,Mithril,189116375,18911637504,0.01,0.4292,0.4853,5616402,/users/varuncg/libCacheSim/results/cp_wss01_prefetch/logs/w77.oracleGeneral.bin.zst__lru__Mithril__189116375.log,ok
w81.oracleGeneral.bin.zst,oracleGeneral,sieve,Mithril,205789936,20578993664,0.01,,,,/users/varuncg/libCacheSim/results/cp_wss01_prefetch/logs/w81.oracleGeneral.bin.zst__sieve__Mithril__205789936.log,fail:134
w84.oracleGeneral.bin.zst,oracleGeneral,lru,none,216742246,21674224640,0.01,0.4818,0.5688,4814234,/users/varuncg/libCacheSim/results/cp_wss01_prefetch/logs/w84.oracleGeneral.bin.zst__lru__noprefetch__216742246.log,ok
w77.oracleGeneral.bin.zst,oracleGeneral,sieve,Mithril,189116375,18911637504,0.01,0.4326,0.4947,5616402,/users/varuncg/libCacheSim/results/cp_wss01_prefetch/logs/w77.oracleGeneral.bin.zst__sieve__Mithril__189116375.log,ok
w79.oracleGeneral.bin.zst,oracleGeneral,lru,PG,657529134,65752913408,0.01,0.9623,0.9566,5411394,/users/varuncg/libCacheSim/results/cp_wss01_prefetch/logs/w79.oracleGeneral.bin.zst__lru__PG__657529134.log,ok
w84.oracleGeneral.bin.zst,oracleGeneral,lru,OBL,216742246,21674224640,0.01,0.4818,0.5688,4814234,/users/varuncg/libCacheSim/results/cp_wss01_prefetch/logs/w84.oracleGeneral.bin.zst__lru__OBL__216742246.log,ok
w84.oracleGeneral.bin.zst,oracleGeneral,sieve,none,216742246,21674224640,0.01,0.4707,0.5081,4814234,/users/varuncg/libCacheSim/results/cp_wss01_prefetch/logs/w84.oracleGeneral.bin.zst__sieve__noprefetch__216742246.log,ok
w79.oracleGeneral.bin.zst,oracleGeneral,sieve,PG,657529134,65752913408,0.01,0.9188,0.9459,5411394,/users/varuncg/libCacheSim/results/cp_wss01_prefetch/logs/w79.oracleGeneral.bin.zst__sieve__PG__657529134.log,ok
w80.oracleGeneral.bin.zst,oracleGeneral,sieve,PG,49122165,4912216576,0.01,0.7917,0.8548,5256246,/users/varuncg/libCacheSim/results/cp_wss01_prefetch/logs/w80.oracleGeneral.bin.zst__sieve__PG__49122165.log,ok
w82.oracleGeneral.bin.zst,oracleGeneral,lru,PG,26526013,2652601344,0.01,0.4989,0.7447,4926610,/users/varuncg/libCacheSim/results/cp_wss01_prefetch/logs/w82.oracleGeneral.bin.zst__lru__PG__26526013.log,ok
w84.oracleGeneral.bin.zst,oracleGeneral,sieve,OBL,216742246,21674224640,0.01,0.4707,0.5081,4814234,/users/varuncg/libCacheSim/results/cp_wss01_prefetch/logs/w84.oracleGeneral.bin.zst__sieve__OBL__216742246.log,ok
w79.oracleGeneral.bin.zst,oracleGeneral,lru,Mithril,657529134,65752913408,0.01,,,,/users/varuncg/libCacheSim/results/cp_wss01_prefetch/logs/w79.oracleGeneral.bin.zst__lru__Mithril__657529134.log,fail:134
w82.oracleGeneral.bin.zst,oracleGeneral,sieve,PG,26526013,2652601344,0.01,0.4608,0.7332,4926610,/users/varuncg/libCacheSim/results/cp_wss01_prefetch/logs/w82.oracleGeneral.bin.zst__sieve__PG__26526013.log,ok
w80.oracleGeneral.bin.zst,oracleGeneral,lru,PG,49122165,4912216576,0.01,0.7961,0.8576,5256246,/users/varuncg/libCacheSim/results/cp_wss01_prefetch/logs/w80.oracleGeneral.bin.zst__lru__PG__49122165.log,ok
w81.oracleGeneral.bin.zst,oracleGeneral,lru,PG,205789936,20578993664,0.01,0.7383,0.9078,5026619,/users/varuncg/libCacheSim/results/cp_wss01_prefetch/logs/w81.oracleGeneral.bin.zst__lru__PG__205789936.log,ok
w85.oracleGeneral.bin.zst,oracleGeneral,sieve,none,239353927,23935392768,0.01,0.8017,0.9630,4790048,/users/varuncg/libCacheSim/results/cp_wss01_prefetch/logs/w85.oracleGeneral.bin.zst__sieve__noprefetch__239353927.log,ok
w85.oracleGeneral.bin.zst,oracleGeneral,lru,none,239353927,23935392768,0.01,0.8446,0.9730,4790048,/users/varuncg/libCacheSim/results/cp_wss01_prefetch/logs/w85.oracleGeneral.bin.zst__lru__noprefetch__239353927.log,ok
w85.oracleGeneral.bin.zst,oracleGeneral,sieve,OBL,239353927,23935392768,0.01,0.8017,0.9630,4790048,/users/varuncg/libCacheSim/results/cp_wss01_prefetch/logs/w85.oracleGeneral.bin.zst__sieve__OBL__239353927.log,ok
w85.oracleGeneral.bin.zst,oracleGeneral,lru,OBL,239353927,23935392768,0.01,0.8446,0.9730,4790048,/users/varuncg/libCacheSim/results/cp_wss01_prefetch/logs/w85.oracleGeneral.bin.zst__lru__OBL__239353927.log,ok
w81.oracleGeneral.bin.zst,oracleGeneral,sieve,PG,205789936,20578993664,0.01,0.7174,0.9035,5026619,/users/varuncg/libCacheSim/results/cp_wss01_prefetch/logs/w81.oracleGeneral.bin.zst__sieve__PG__205789936.log,ok
w79.oracleGeneral.bin.zst,oracleGeneral,sieve,Mithril,657529134,65752913408,0.01,0.8971,0.9405,5411394,/users/varuncg/libCacheSim/results/cp_wss01_prefetch/logs/w79.oracleGeneral.bin.zst__sieve__Mithril__657529134.log,ok
w83.oracleGeneral.bin.zst,oracleGeneral,sieve,PG,212506513,21250651328,0.01,0.4716,0.8139,3880481,/users/varuncg/libCacheSim/results/cp_wss01_prefetch/logs/w83.oracleGeneral.bin.zst__sieve__PG__212506513.log,ok
w83.oracleGeneral.bin.zst,oracleGeneral,lru,PG,212506513,21250651328,0.01,0.4829,0.8240,3880481,/users/varuncg/libCacheSim/results/cp_wss01_prefetch/logs/w83.oracleGeneral.bin.zst__lru__PG__212506513.log,ok
w86.oracleGeneral.bin.zst,oracleGeneral,lru,none,881879598,88187959808,0.01,0.9557,0.9813,4749563,/users/varuncg/libCacheSim/results/cp_wss01_prefetch/logs/w86.oracleGeneral.bin.zst__lru__noprefetch__881879598.log,ok
w86.oracleGeneral.bin.zst,oracleGeneral,lru,OBL,881879598,88187959808,0.01,0.9557,0.9813,4749563,/users/varuncg/libCacheSim/results/cp_wss01_prefetch/logs/w86.oracleGeneral.bin.zst__lru__OBL__881879598.log,ok
w86.oracleGeneral.bin.zst,oracleGeneral,sieve,none,881879598,88187959808,0.01,0.9478,0.9789,4749563,/users/varuncg/libCacheSim/results/cp_wss01_prefetch/logs/w86.oracleGeneral.bin.zst__sieve__noprefetch__881879598.log,ok
w87.oracleGeneral.bin.zst,oracleGeneral,lru,none,353836161,35383616192,0.01,0.8368,0.7006,3788806,/users/varuncg/libCacheSim/results/cp_wss01_prefetch/logs/w87.oracleGeneral.bin.zst__lru__noprefetch__353836161.log,ok
w86.oracleGeneral.bin.zst,oracleGeneral,sieve,OBL,881879598,88187959808,0.01,0.9478,0.9789,4749563,/users/varuncg/libCacheSim/results/cp_wss01_prefetch/logs/w86.oracleGeneral.bin.zst__sieve__OBL__881879598.log,ok
w88.oracleGeneral.bin.zst,oracleGeneral,lru,none,81331210,8133121024,0.01,0.3647,0.5837,4711053,/users/varuncg/libCacheSim/results/cp_wss01_prefetch/logs/w88.oracleGeneral.bin.zst__lru__noprefetch__81331210.log,ok
w87.oracleGeneral.bin.zst,oracleGeneral,lru,OBL,353836161,35383616192,0.01,0.7943,0.6997,3788806,/users/varuncg/libCacheSim/results/cp_wss01_prefetch/logs/w87.oracleGeneral.bin.zst__lru__OBL__353836161.log,ok
w87.oracleGeneral.bin.zst,oracleGeneral,sieve,none,353836161,35383616192,0.01,0.8668,0.7786,3788806,/users/varuncg/libCacheSim/results/cp_wss01_prefetch/logs/w87.oracleGeneral.bin.zst__sieve__noprefetch__353836161.log,ok
w82.oracleGeneral.bin.zst,oracleGeneral,lru,Mithril,26526013,2652601344,0.01,0.2193,0.2121,4926610,/users/varuncg/libCacheSim/results/cp_wss01_prefetch/logs/w82.oracleGeneral.bin.zst__lru__Mithril__26526013.log,ok
w88.oracleGeneral.bin.zst,oracleGeneral,lru,OBL,81331210,8133121024,0.01,0.3646,0.5837,4711053,/users/varuncg/libCacheSim/results/cp_wss01_prefetch/logs/w88.oracleGeneral.bin.zst__lru__OBL__81331210.log,ok
w87.oracleGeneral.bin.zst,oracleGeneral,sieve,OBL,353836161,35383616192,0.01,0.8235,0.7823,3788806,/users/varuncg/libCacheSim/results/cp_wss01_prefetch/logs/w87.oracleGeneral.bin.zst__sieve__OBL__353836161.log,ok
w88.oracleGeneral.bin.zst,oracleGeneral,lru,Mithril,81331210,8133121024,0.01,,,,/users/varuncg/libCacheSim/results/cp_wss01_prefetch/logs/w88.oracleGeneral.bin.zst__lru__Mithril__81331210.log,fail:134
w88.oracleGeneral.bin.zst,oracleGeneral,sieve,none,81331210,8133121024,0.01,0.3388,0.5703,4711053,/users/varuncg/libCacheSim/results/cp_wss01_prefetch/logs/w88.oracleGeneral.bin.zst__sieve__noprefetch__81331210.log,ok
w88.oracleGeneral.bin.zst,oracleGeneral,sieve,OBL,81331210,8133121024,0.01,0.3387,0.5704,4711053,/users/varuncg/libCacheSim/results/cp_wss01_prefetch/logs/w88.oracleGeneral.bin.zst__sieve__OBL__81331210.log,ok
w84.oracleGeneral.bin.zst,oracleGeneral,lru,PG,216742246,21674224640,0.01,0.4784,0.5573,4814234,/users/varuncg/libCacheSim/results/cp_wss01_prefetch/logs/w84.oracleGeneral.bin.zst__lru__PG__216742246.log,ok
w82.oracleGeneral.bin.zst,oracleGeneral,sieve,Mithril,26526013,2652601344,0.01,0.2020,0.2160,4926610,/users/varuncg/libCacheSim/results/cp_wss01_prefetch/logs/w82.oracleGeneral.bin.zst__sieve__Mithril__26526013.log,ok
w84.oracleGeneral.bin.zst,oracleGeneral,sieve,PG,216742246,21674224640,0.01,0.4701,0.5265,4814234,/users/varuncg/libCacheSim/results/cp_wss01_prefetch/logs/w84.oracleGeneral.bin.zst__sieve__PG__216742246.log,ok
w89.oracleGeneral.bin.zst,oracleGeneral,lru,none,234208133,23420813312,0.01,0.4346,0.5636,3625918,/users/varuncg/libCacheSim/results/cp_wss01_prefetch/logs/w89.oracleGeneral.bin.zst__lru__noprefetch__234208133.log,ok
w88.oracleGeneral.bin.zst,oracleGeneral,sieve,Mithril,81331210,8133121024,0.01,,,,/users/varuncg/libCacheSim/results/cp_wss01_prefetch/logs/w88.oracleGeneral.bin.zst__sieve__Mithril__81331210.log,fail:134
w89.oracleGeneral.bin.zst,oracleGeneral,lru,OBL,234208133,23420813312,0.01,0.4343,0.5636,3625918,/users/varuncg/libCacheSim/results/cp_wss01_prefetch/logs/w89.oracleGeneral.bin.zst__lru__OBL__234208133.log,ok
w85.oracleGeneral.bin.zst,oracleGeneral,sieve,Mithril,239353927,23935392768,0.01,,,,/users/varuncg/libCacheSim/results/cp_wss01_prefetch/logs/w85.oracleGeneral.bin.zst__sieve__Mithril__239353927.log,fail:134
w89.oracleGeneral.bin.zst,oracleGeneral,sieve,none,234208133,23420813312,0.01,0.4078,0.5518,3625918,/users/varuncg/libCacheSim/results/cp_wss01_prefetch/logs/w89.oracleGeneral.bin.zst__sieve__noprefetch__234208133.log,ok
w89.oracleGeneral.bin.zst,oracleGeneral,sieve,OBL,234208133,23420813312,0.01,0.4074,0.5517,3625918,/users/varuncg/libCacheSim/results/cp_wss01_prefetch/logs/w89.oracleGeneral.bin.zst__sieve__OBL__234208133.log,ok
w85.oracleGeneral.bin.zst,oracleGeneral,lru,PG,239353927,23935392768,0.01,0.8363,0.9717,4790048,/users/varuncg/libCacheSim/results/cp_wss01_prefetch/logs/w85.oracleGeneral.bin.zst__lru__PG__239353927.log,ok
w80.oracleGeneral.bin.zst,oracleGeneral,lru,Mithril,49122165,4912216576,0.01,0.5082,0.4471,5256246,/users/varuncg/libCacheSim/results/cp_wss01_prefetch/logs/w80.oracleGeneral.bin.zst__lru__Mithril__49122165.log,ok
w80.oracleGeneral.bin.zst,oracleGeneral,sieve,Mithril,49122165,4912216576,0.01,0.5168,0.4572,5256246,/users/varuncg/libCacheSim/results/cp_wss01_prefetch/logs/w80.oracleGeneral.bin.zst__sieve__Mithril__49122165.log,ok
w85.oracleGeneral.bin.zst,oracleGeneral,sieve,PG,239353927,23935392768,0.01,0.8016,0.9630,4790048,/users/varuncg/libCacheSim/results/cp_wss01_prefetch/logs/w85.oracleGeneral.bin.zst__sieve__PG__239353927.log,ok
w85.oracleGeneral.bin.zst,oracleGeneral,lru,Mithril,239353927,23935392768,0.01,,,,/users/varuncg/libCacheSim/results/cp_wss01_prefetch/logs/w85.oracleGeneral.bin.zst__lru__Mithril__239353927.log,fail:134
w90.oracleGeneral.bin.zst,oracleGeneral,lru,none,174719646,17471964672,0.01,0.7829,0.9376,4493515,/users/varuncg/libCacheSim/results/cp_wss01_prefetch/logs/w90.oracleGeneral.bin.zst__lru__noprefetch__174719646.log,ok
w90.oracleGeneral.bin.zst,oracleGeneral,sieve,none,174719646,17471964672,0.01,0.7823,0.9336,4493515,/users/varuncg/libCacheSim/results/cp_wss01_prefetch/logs/w90.oracleGeneral.bin.zst__sieve__noprefetch__174719646.log,ok
w87.oracleGeneral.bin.zst,oracleGeneral,lru,Mithril,353836161,35383616192,0.01,,,,/users/varuncg/libCacheSim/results/cp_wss01_prefetch/logs/w87.oracleGeneral.bin.zst__lru__Mithril__353836161.log,fail:134
w90.oracleGeneral.bin.zst,oracleGeneral,lru,OBL,174719646,17471964672,0.01,0.7828,0.9376,4493515,/users/varuncg/libCacheSim/results/cp_wss01_prefetch/logs/w90.oracleGeneral.bin.zst__lru__OBL__174719646.log,ok
w88.oracleGeneral.bin.zst,oracleGeneral,lru,PG,81331210,8133121024,0.01,0.3490,0.5392,4711053,/users/varuncg/libCacheSim/results/cp_wss01_prefetch/logs/w88.oracleGeneral.bin.zst__lru__PG__81331210.log,ok
w90.oracleGeneral.bin.zst,oracleGeneral,sieve,OBL,174719646,17471964672,0.01,0.7823,0.9335,4493515,/users/varuncg/libCacheSim/results/cp_wss01_prefetch/logs/w90.oracleGeneral.bin.zst__sieve__OBL__174719646.log,ok
w86.oracleGeneral.bin.zst,oracleGeneral,lru,PG,881879598,88187959808,0.01,0.9557,0.9812,4749563,/users/varuncg/libCacheSim/results/cp_wss01_prefetch/logs/w86.oracleGeneral.bin.zst__lru__PG__881879598.log,ok
w87.oracleGeneral.bin.zst,oracleGeneral,lru,PG,353836161,35383616192,0.01,0.8308,0.6997,3788806,/users/varuncg/libCacheSim/results/cp_wss01_prefetch/logs/w87.oracleGeneral.bin.zst__lru__PG__353836161.log,ok
w87.oracleGeneral.bin.zst,oracleGeneral,sieve,PG,353836161,35383616192,0.01,0.8628,0.7814,3788806,/users/varuncg/libCacheSim/results/cp_wss01_prefetch/logs/w87.oracleGeneral.bin.zst__sieve__PG__353836161.log,ok
w91.oracleGeneral.bin.zst,oracleGeneral,sieve,none,168709893,16870989312,0.01,0.6113,0.7217,4316605,/users/varuncg/libCacheSim/results/cp_wss01_prefetch/logs/w91.oracleGeneral.bin.zst__sieve__noprefetch__168709893.log,ok
w91.oracleGeneral.bin.zst,oracleGeneral,lru,none,168709893,16870989312,0.01,0.6699,0.8038,4316605,/users/varuncg/libCacheSim/results/cp_wss01_prefetch/logs/w91.oracleGeneral.bin.zst__lru__noprefetch__168709893.log,ok
w91.oracleGeneral.bin.zst,oracleGeneral,sieve,OBL,168709893,16870989312,0.01,0.6113,0.7217,4316605,/users/varuncg/libCacheSim/results/cp_wss01_prefetch/logs/w91.oracleGeneral.bin.zst__sieve__OBL__168709893.log,ok
w91.oracleGeneral.bin.zst,oracleGeneral,lru,OBL,168709893,16870989312,0.01,0.6699,0.8038,4316605,/users/varuncg/libCacheSim/results/cp_wss01_prefetch/logs/w91.oracleGeneral.bin.zst__lru__OBL__168709893.log,ok
w89.oracleGeneral.bin.zst,oracleGeneral,lru,PG,234208133,23420813312,0.01,0.4334,0.5624,3625918,/users/varuncg/libCacheSim/results/cp_wss01_prefetch/logs/w89.oracleGeneral.bin.zst__lru__PG__234208133.log,ok
w84.oracleGeneral.bin.zst,oracleGeneral,sieve,Mithril,216742246,21674224640,0.01,0.3933,0.3966,4814234,/users/varuncg/libCacheSim/results/cp_wss01_prefetch/logs/w84.oracleGeneral.bin.zst__sieve__Mithril__216742246.log,ok
w89.oracleGeneral.bin.zst,oracleGeneral,sieve,PG,234208133,23420813312,0.01,0.4071,0.5505,3625918,/users/varuncg/libCacheSim/results/cp_wss01_prefetch/logs/w89.oracleGeneral.bin.zst__sieve__PG__234208133.log,ok
w84.oracleGeneral.bin.zst,oracleGeneral,lru,Mithril,216742246,21674224640,0.01,0.4036,0.4225,4814234,/users/varuncg/libCacheSim/results/cp_wss01_prefetch/logs/w84.oracleGeneral.bin.zst__lru__Mithril__216742246.log,ok
w86.oracleGeneral.bin.zst,oracleGeneral,sieve,PG,881879598,88187959808,0.01,0.9478,0.9789,4749563,/users/varuncg/libCacheSim/results/cp_wss01_prefetch/logs/w86.oracleGeneral.bin.zst__sieve__PG__881879598.log,ok
w88.oracleGeneral.bin.zst,oracleGeneral,sieve,PG,81331210,8133121024,0.01,0.3407,0.5322,4711053,/users/varuncg/libCacheSim/results/cp_wss01_prefetch/logs/w88.oracleGeneral.bin.zst__sieve__PG__81331210.log,ok
w89.oracleGeneral.bin.zst,oracleGeneral,lru,Mithril,234208133,23420813312,0.01,0.3431,0.4815,3625918,/users/varuncg/libCacheSim/results/cp_wss01_prefetch/logs/w89.oracleGeneral.bin.zst__lru__Mithril__234208133.log,ok
w92.oracleGeneral.bin.zst,oracleGeneral,sieve,none,233237263,23323726336,0.01,0.8110,0.9561,4284658,/users/varuncg/libCacheSim/results/cp_wss01_prefetch/logs/w92.oracleGeneral.bin.zst__sieve__noprefetch__233237263.log,ok
w89.oracleGeneral.bin.zst,oracleGeneral,sieve,Mithril,234208133,23420813312,0.01,0.3436,0.4846,3625918,/users/varuncg/libCacheSim/results/cp_wss01_prefetch/logs/w89.oracleGeneral.bin.zst__sieve__Mithril__234208133.log,ok
w92.oracleGeneral.bin.zst,oracleGeneral,sieve,OBL,233237263,23323726336,0.01,0.8110,0.9561,4284658,/users/varuncg/libCacheSim/results/cp_wss01_prefetch/logs/w92.oracleGeneral.bin.zst__sieve__OBL__233237263.log,ok
w92.oracleGeneral.bin.zst,oracleGeneral,lru,none,233237263,23323726336,0.01,0.8306,0.9581,4284658,/users/varuncg/libCacheSim/results/cp_wss01_prefetch/logs/w92.oracleGeneral.bin.zst__lru__noprefetch__233237263.log,ok
w92.oracleGeneral.bin.zst,oracleGeneral,lru,OBL,233237263,23323726336,0.01,0.8306,0.9581,4284658,/users/varuncg/libCacheSim/results/cp_wss01_prefetch/logs/w92.oracleGeneral.bin.zst__lru__OBL__233237263.log,ok
w93.oracleGeneral.bin.zst,oracleGeneral,lru,none,335168636,33516863680,0.01,0.8643,0.9456,3351357,/users/varuncg/libCacheSim/results/cp_wss01_prefetch/logs/w93.oracleGeneral.bin.zst__lru__noprefetch__335168636.log,ok
w93.oracleGeneral.bin.zst,oracleGeneral,sieve,none,335168636,33516863680,0.01,0.8442,0.9335,3351357,/users/varuncg/libCacheSim/results/cp_wss01_prefetch/logs/w93.oracleGeneral.bin.zst__sieve__noprefetch__335168636.log,ok
w93.oracleGeneral.bin.zst,oracleGeneral,lru,OBL,335168636,33516863680,0.01,0.8643,0.9456,3351357,/users/varuncg/libCacheSim/results/cp_wss01_prefetch/logs/w93.oracleGeneral.bin.zst__lru__OBL__335168636.log,ok
w87.oracleGeneral.bin.zst,oracleGeneral,sieve,Mithril,353836161,35383616192,0.01,0.8029,0.6809,3788806,/users/varuncg/libCacheSim/results/cp_wss01_prefetch/logs/w87.oracleGeneral.bin.zst__sieve__Mithril__353836161.log,ok
w93.oracleGeneral.bin.zst,oracleGeneral,sieve,OBL,335168636,33516863680,0.01,0.8442,0.9335,3351357,/users/varuncg/libCacheSim/results/cp_wss01_prefetch/logs/w93.oracleGeneral.bin.zst__sieve__OBL__335168636.log,ok
w86.oracleGeneral.bin.zst,oracleGeneral,lru,Mithril,881879598,88187959808,0.01,0.9416,0.9428,4749563,/users/varuncg/libCacheSim/results/cp_wss01_prefetch/logs/w86.oracleGeneral.bin.zst__lru__Mithril__881879598.log,ok
w86.oracleGeneral.bin.zst,oracleGeneral,sieve,Mithril,881879598,88187959808,0.01,0.9364,0.9419,4749563,/users/varuncg/libCacheSim/results/cp_wss01_prefetch/logs/w86.oracleGeneral.bin.zst__sieve__Mithril__881879598.log,ok
w95.oracleGeneral.bin.zst,oracleGeneral,sieve,OBL,88527257,8852725760,0.01,0.3719,0.5710,3937240,/users/varuncg/libCacheSim/results/cp_wss01_prefetch/logs/w95.oracleGeneral.bin.zst__sieve__OBL__88527257.log,ok
w94.oracleGeneral.bin.zst,oracleGeneral,lru,none,559487221,55948722176,0.01,0.9541,0.9627,4118188,/users/varuncg/libCacheSim/results/cp_wss01_prefetch/logs/w94.oracleGeneral.bin.zst__lru__noprefetch__559487221.log,ok
w93.oracleGeneral.bin.zst,oracleGeneral,lru,Mithril,335168636,33516863680,0.01,,,,/users/varuncg/libCacheSim/results/cp_wss01_prefetch/logs/w93.oracleGeneral.bin.zst__lru__Mithril__335168636.log,fail:134
w95.oracleGeneral.bin.zst,oracleGeneral,lru,none,88527257,8852725760,0.01,0.3979,0.5945,3937240,/users/varuncg/libCacheSim/results/cp_wss01_prefetch/logs/w95.oracleGeneral.bin.zst__lru__noprefetch__88527257.log,ok
w94.oracleGeneral.bin.zst,oracleGeneral,lru,OBL,559487221,55948722176,0.01,0.9541,0.9627,4118188,/users/varuncg/libCacheSim/results/cp_wss01_prefetch/logs/w94.oracleGeneral.bin.zst__lru__OBL__559487221.log,ok
w90.oracleGeneral.bin.zst,oracleGeneral,sieve,PG,174719646,17471964672,0.01,0.7781,0.9281,4493515,/users/varuncg/libCacheSim/results/cp_wss01_prefetch/logs/w90.oracleGeneral.bin.zst__sieve__PG__174719646.log,ok
w95.oracleGeneral.bin.zst,oracleGeneral,sieve,none,88527257,8852725760,0.01,0.3722,0.5712,3937240,/users/varuncg/libCacheSim/results/cp_wss01_prefetch/logs/w95.oracleGeneral.bin.zst__sieve__noprefetch__88527257.log,ok
w95.oracleGeneral.bin.zst,oracleGeneral,lru,OBL,88527257,8852725760,0.01,0.3977,0.5945,3937240,/users/varuncg/libCacheSim/results/cp_wss01_prefetch/logs/w95.oracleGeneral.bin.zst__lru__OBL__88527257.log,ok
w90.oracleGeneral.bin.zst,oracleGeneral,lru,PG,174719646,17471964672,0.01,0.7746,0.9277,4493515,/users/varuncg/libCacheSim/results/cp_wss01_prefetch/logs/w90.oracleGeneral.bin.zst__lru__PG__174719646.log,ok
w94.oracleGeneral.bin.zst,oracleGeneral,sieve,none,559487221,55948722176,0.01,0.9593,0.9855,4118188,/users/varuncg/libCacheSim/results/cp_wss01_prefetch/logs/w94.oracleGeneral.bin.zst__sieve__noprefetch__559487221.log,ok
w94.oracleGeneral.bin.zst,oracleGeneral,sieve,OBL,559487221,55948722176,0.01,0.9593,0.9855,4118188,/users/varuncg/libCacheSim/results/cp_wss01_prefetch/logs/w94.oracleGeneral.bin.zst__sieve__OBL__559487221.log,ok
w96.oracleGeneral.bin.zst,oracleGeneral,sieve,none,174718622,17471862272,0.01,0.8490,0.8623,3787344,/users/varuncg/libCacheSim/results/cp_wss01_prefetch/logs/w96.oracleGeneral.bin.zst__sieve__noprefetch__174718622.log,ok
w96.oracleGeneral.bin.zst,oracleGeneral,sieve,OBL,174718622,17471862272,0.01,0.8490,0.8623,3787344,/users/varuncg/libCacheSim/results/cp_wss01_prefetch/logs/w96.oracleGeneral.bin.zst__sieve__OBL__174718622.log,ok
w96.oracleGeneral.bin.zst,oracleGeneral,lru,none,174718622,17471862272,0.01,0.7700,0.8001,3787344,/users/varuncg/libCacheSim/results/cp_wss01_prefetch/logs/w96.oracleGeneral.bin.zst__lru__noprefetch__174718622.log,ok
w92.oracleGeneral.bin.zst,oracleGeneral,sieve,PG,233237263,23323726336,0.01,0.8105,0.9559,4284658,/users/varuncg/libCacheSim/results/cp_wss01_prefetch/logs/w92.oracleGeneral.bin.zst__sieve__PG__233237263.log,ok
w93.oracleGeneral.bin.zst,oracleGeneral,sieve,PG,335168636,33516863680,0.01,0.8516,0.9309,3351357,/users/varuncg/libCacheSim/results/cp_wss01_prefetch/logs/w93.oracleGeneral.bin.zst__sieve__PG__335168636.log,ok
w96.oracleGeneral.bin.zst,oracleGeneral,lru,OBL,174718622,17471862272,0.01,0.7700,0.8001,3787344,/users/varuncg/libCacheSim/results/cp_wss01_prefetch/logs/w96.oracleGeneral.bin.zst__lru__OBL__174718622.log,ok
w90.oracleGeneral.bin.zst,oracleGeneral,lru,Mithril,174719646,17471964672,0.01,0.2471,0.1753,4493515,/users/varuncg/libCacheSim/results/cp_wss01_prefetch/logs/w90.oracleGeneral.bin.zst__lru__Mithril__174719646.log,ok
w93.oracleGeneral.bin.zst,oracleGeneral,lru,PG,335168636,33516863680,0.01,0.8554,0.9372,3351357,/users/varuncg/libCacheSim/results/cp_wss01_prefetch/logs/w93.oracleGeneral.bin.zst__lru__PG__335168636.log,ok
w90.oracleGeneral.bin.zst,oracleGeneral,sieve,Mithril,174719646,17471964672,0.01,0.2540,0.1827,4493515,/users/varuncg/libCacheSim/results/cp_wss01_prefetch/logs/w90.oracleGeneral.bin.zst__sieve__Mithril__174719646.log,ok
w95.oracleGeneral.bin.zst,oracleGeneral,lru,Mithril,88527257,8852725760,0.01,,,,/users/varuncg/libCacheSim/results/cp_wss01_prefetch/logs/w95.oracleGeneral.bin.zst__lru__Mithril__88527257.log,fail:134
w92.oracleGeneral.bin.zst,oracleGeneral,lru,PG,233237263,23323726336,0.01,0.8273,0.9569,4284658,/users/varuncg/libCacheSim/results/cp_wss01_prefetch/logs/w92.oracleGeneral.bin.zst__lru__PG__233237263.log,ok
w97.oracleGeneral.bin.zst,oracleGeneral,lru,none,545638686,54563868672,0.01,0.7418,0.9310,3768450,/users/varuncg/libCacheSim/results/cp_wss01_prefetch/logs/w97.oracleGeneral.bin.zst__lru__noprefetch__545638686.log,ok
w92.oracleGeneral.bin.zst,oracleGeneral,lru,Mithril,233237263,23323726336,0.01,0.8249,0.9563,4284658,/users/varuncg/libCacheSim/results/cp_wss01_prefetch/logs/w92.oracleGeneral.bin.zst__lru__Mithril__233237263.log,ok
w91.oracleGeneral.bin.zst,oracleGeneral,lru,PG,168709893,16870989312,0.01,0.6258,0.7390,4316605,/users/varuncg/libCacheSim/results/cp_wss01_prefetch/logs/w91.oracleGeneral.bin.zst__lru__PG__168709893.log,ok
w97.oracleGeneral.bin.zst,oracleGeneral,lru,OBL,545638686,54563868672,0.01,0.7418,0.9310,3768450,/users/varuncg/libCacheSim/results/cp_wss01_prefetch/logs/w97.oracleGeneral.bin.zst__lru__OBL__545638686.log,ok
w95.oracleGeneral.bin.zst,oracleGeneral,lru,PG,88527257,8852725760,0.01,0.3794,0.5500,3937240,/users/varuncg/libCacheSim/results/cp_wss01_prefetch/logs/w95.oracleGeneral.bin.zst__lru__PG__88527257.log,ok
w91.oracleGeneral.bin.zst,oracleGeneral,lru,Mithril,168709893,16870989312,0.01,0.3654,0.4011,4316605,/users/varuncg/libCacheSim/results/cp_wss01_prefetch/logs/w91.oracleGeneral.bin.zst__lru__Mithril__168709893.log,ok
w91.oracleGeneral.bin.zst,oracleGeneral,sieve,PG,168709893,16870989312,0.01,0.6121,0.7315,4316605,/users/varuncg/libCacheSim/results/cp_wss01_prefetch/logs/w91.oracleGeneral.bin.zst__sieve__PG__168709893.log,ok
w95.oracleGeneral.bin.zst,oracleGeneral,sieve,Mithril,88527257,8852725760,0.01,,,,/users/varuncg/libCacheSim/results/cp_wss01_prefetch/logs/w95.oracleGeneral.bin.zst__sieve__Mithril__88527257.log,fail:134
w95.oracleGeneral.bin.zst,oracleGeneral,sieve,PG,88527257,8852725760,0.01,0.3757,0.5419,3937240,/users/varuncg/libCacheSim/results/cp_wss01_prefetch/logs/w95.oracleGeneral.bin.zst__sieve__PG__88527257.log,ok
w92.oracleGeneral.bin.zst,oracleGeneral,sieve,Mithril,233237263,23323726336,0.01,0.8151,0.9509,4284658,/users/varuncg/libCacheSim/results/cp_wss01_prefetch/logs/w92.oracleGeneral.bin.zst__sieve__Mithril__233237263.log,ok
w94.oracleGeneral.bin.zst,oracleGeneral,lru,PG,559487221,55948722176,0.01,0.9175,0.9596,4118188,/users/varuncg/libCacheSim/results/cp_wss01_prefetch/logs/w94.oracleGeneral.bin.zst__lru__PG__559487221.log,ok
w97.oracleGeneral.bin.zst,oracleGeneral,sieve,none,545638686,54563868672,0.01,0.7017,0.9188,3768450,/users/varuncg/libCacheSim/results/cp_wss01_prefetch/logs/w97.oracleGeneral.bin.zst__sieve__noprefetch__545638686.log,ok
w93.oracleGeneral.bin.zst,oracleGeneral,sieve,Mithril,335168636,33516863680,0.01,0.5163,0.4339,3351357,/users/varuncg/libCacheSim/results/cp_wss01_prefetch/logs/w93.oracleGeneral.bin.zst__sieve__Mithril__335168636.log,ok
w98.oracleGeneral.bin.zst,oracleGeneral,lru,none,535995719,53599571968,0.01,0.7405,0.9299,3664418,/users/varuncg/libCacheSim/results/cp_wss01_prefetch/logs/w98.oracleGeneral.bin.zst__lru__noprefetch__535995719.log,ok
w97.oracleGeneral.bin.zst,oracleGeneral,sieve,OBL,545638686,54563868672,0.01,0.7017,0.9188,3768450,/users/varuncg/libCacheSim/results/cp_wss01_prefetch/logs/w97.oracleGeneral.bin.zst__sieve__OBL__545638686.log,ok
w91.oracleGeneral.bin.zst,oracleGeneral,sieve,Mithril,168709893,16870989312,0.01,0.3741,0.4066,4316605,/users/varuncg/libCacheSim/results/cp_wss01_prefetch/logs/w91.oracleGeneral.bin.zst__sieve__Mithril__168709893.log,ok
w99.oracleGeneral.bin.zst,oracleGeneral,lru,OBL,202314746,20231474688,0.01,0.6708,0.9431,3660840,/users/varuncg/libCacheSim/results/cp_wss01_prefetch/logs/w99.oracleGeneral.bin.zst__lru__OBL__202314746.log,ok
w98.oracleGeneral.bin.zst,oracleGeneral,lru,OBL,535995719,53599571968,0.01,0.7405,0.9299,3664418,/users/varuncg/libCacheSim/results/cp_wss01_prefetch/logs/w98.oracleGeneral.bin.zst__lru__OBL__535995719.log,ok
w96.oracleGeneral.bin.zst,oracleGeneral,sieve,PG,174718622,17471862272,0.01,0.8410,0.8554,3787344,/users/varuncg/libCacheSim/results/cp_wss01_prefetch/logs/w96.oracleGeneral.bin.zst__sieve__PG__174718622.log,ok
w99.oracleGeneral.bin.zst,oracleGeneral,sieve,none,202314746,20231474688,0.01,0.6472,0.9384,3660840,/users/varuncg/libCacheSim/results/cp_wss01_prefetch/logs/w99.oracleGeneral.bin.zst__sieve__noprefetch__202314746.log,ok
w98.oracleGeneral.bin.zst,oracleGeneral,sieve,none,535995719,53599571968,0.01,0.6985,0.9163,3664418,/users/varuncg/libCacheSim/results/cp_wss01_prefetch/logs/w98.oracleGeneral.bin.zst__sieve__noprefetch__535995719.log,ok
w99.oracleGeneral.bin.zst,oracleGeneral,sieve,OBL,202314746,20231474688,0.01,0.6472,0.9384,3660840,/users/varuncg/libCacheSim/results/cp_wss01_prefetch/logs/w99.oracleGeneral.bin.zst__sieve__OBL__202314746.log,ok
w99.oracleGeneral.bin.zst,oracleGeneral,lru,none,202314746,20231474688,0.01,0.6708,0.9431,3660840,/users/varuncg/libCacheSim/results/cp_wss01_prefetch/logs/w99.oracleGeneral.bin.zst__lru__noprefetch__202314746.log,ok
w98.oracleGeneral.bin.zst,oracleGeneral,sieve,OBL,535995719,53599571968,0.01,0.6985,0.9163,3664418,/users/varuncg/libCacheSim/results/cp_wss01_prefetch/logs/w98.oracleGeneral.bin.zst__sieve__OBL__535995719.log,ok
w99.oracleGeneral.bin.zst,oracleGeneral,lru,Mithril,202314746,20231474688,0.01,,,,/users/varuncg/libCacheSim/results/cp_wss01_prefetch/logs/w99.oracleGeneral.bin.zst__lru__Mithril__202314746.log,fail:134
w96.oracleGeneral.bin.zst,oracleGeneral,lru,PG,174718622,17471862272,0.01,0.7688,0.7995,3787344,/users/varuncg/libCacheSim/results/cp_wss01_prefetch/logs/w96.oracleGeneral.bin.zst__lru__PG__174718622.log,ok
w94.oracleGeneral.bin.zst,oracleGeneral,sieve,PG,559487221,55948722176,0.01,0.9174,0.9829,4118188,/users/varuncg/libCacheSim/results/cp_wss01_prefetch/logs/w94.oracleGeneral.bin.zst__sieve__PG__559487221.log,ok
w94.oracleGeneral.bin.zst,oracleGeneral,lru,Mithril,559487221,55948722176,0.01,0.3948,0.2884,4118188,/users/varuncg/libCacheSim/results/cp_wss01_prefetch/logs/w94.oracleGeneral.bin.zst__lru__Mithril__559487221.log,ok
w94.oracleGeneral.bin.zst,oracleGeneral,sieve,Mithril,559487221,55948722176,0.01,0.4088,0.3043,4118188,/users/varuncg/libCacheSim/results/cp_wss01_prefetch/logs/w94.oracleGeneral.bin.zst__sieve__Mithril__559487221.log,ok
w97.oracleGeneral.bin.zst,oracleGeneral,lru,PG,545638686,54563868672,0.01,0.7414,0.9308,3768450,/users/varuncg/libCacheSim/results/cp_wss01_prefetch/logs/w97.oracleGeneral.bin.zst__lru__PG__545638686.log,ok
w97.oracleGeneral.bin.zst,oracleGeneral,sieve,PG,545638686,54563868672,0.01,0.7014,0.9184,3768450,/users/varuncg/libCacheSim/results/cp_wss01_prefetch/logs/w97.oracleGeneral.bin.zst__sieve__PG__545638686.log,ok
w99.oracleGeneral.bin.zst,oracleGeneral,lru,PG,202314746,20231474688,0.01,0.6453,0.9157,3660840,/users/varuncg/libCacheSim/results/cp_wss01_prefetch/logs/w99.oracleGeneral.bin.zst__lru__PG__202314746.log,ok
w98.oracleGeneral.bin.zst,oracleGeneral,sieve,PG,535995719,53599571968,0.01,0.6979,0.9160,3664418,/users/varuncg/libCacheSim/results/cp_wss01_prefetch/logs/w98.oracleGeneral.bin.zst__sieve__PG__535995719.log,ok
w99.oracleGeneral.bin.zst,oracleGeneral,sieve,Mithril,202314746,20231474688,0.01,,,,/users/varuncg/libCacheSim/results/cp_wss01_prefetch/logs/w99.oracleGeneral.bin.zst__sieve__Mithril__202314746.log,fail:134
w98.oracleGeneral.bin.zst,oracleGeneral,lru,PG,535995719,53599571968,0.01,0.7398,0.9296,3664418,/users/varuncg/libCacheSim/results/cp_wss01_prefetch/logs/w98.oracleGeneral.bin.zst__lru__PG__535995719.log,ok
w97.oracleGeneral.bin.zst,oracleGeneral,sieve,Mithril,545638686,54563868672,0.01,0.6805,0.8977,3768450,/users/varuncg/libCacheSim/results/cp_wss01_prefetch/logs/w97.oracleGeneral.bin.zst__sieve__Mithril__545638686.log,ok
w99.oracleGeneral.bin.zst,oracleGeneral,sieve,PG,202314746,20231474688,0.01,0.6422,0.9171,3660840,/users/varuncg/libCacheSim/results/cp_wss01_prefetch/logs/w99.oracleGeneral.bin.zst__sieve__PG__202314746.log,ok
w98.oracleGeneral.bin.zst,oracleGeneral,sieve,Mithril,535995719,53599571968,0.01,0.6775,0.8951,3664418,/users/varuncg/libCacheSim/results/cp_wss01_prefetch/logs/w98.oracleGeneral.bin.zst__sieve__Mithril__535995719.log,ok
w98.oracleGeneral.bin.zst,oracleGeneral,lru,Mithril,535995719,53599571968,0.01,0.7105,0.9061,3664418,/users/varuncg/libCacheSim/results/cp_wss01_prefetch/logs/w98.oracleGeneral.bin.zst__lru__Mithril__535995719.log,ok
w97.oracleGeneral.bin.zst,oracleGeneral,lru,Mithril,545638686,54563868672,0.01,0.7118,0.9083,3768450,/users/varuncg/libCacheSim/results/cp_wss01_prefetch/logs/w97.oracleGeneral.bin.zst__lru__Mithril__545638686.log,ok
w96.oracleGeneral.bin.zst,oracleGeneral,lru,Mithril,174718622,17471862272,0.01,0.7198,0.7576,3787344,/users/varuncg/libCacheSim/results/cp_wss01_prefetch/logs/w96.oracleGeneral.bin.zst__lru__Mithril__174718622.log,ok
w96.oracleGeneral.bin.zst,oracleGeneral,sieve,Mithril,174718622,17471862272,0.01,0.7380,0.7665,3787344,/users/varuncg/libCacheSim/results/cp_wss01_prefetch/logs/w96.oracleGeneral.bin.zst__sieve__Mithril__174718622.log,ok
w01.oracleGeneral.bin.zst,oracleGeneral,GLCache,none,6859525155,685952515584,0.01,,,,./results/cp_wss01_prefetch_ext/logs/w01.oracleGeneral.bin.zst__GLCache__noprefetch__6859525155.log,fail:134
w01.oracleGeneral.bin.zst,oracleGeneral,GLCache,Mithril,6859525155,685952515584,0.01,,,,./results/cp_wss01_prefetch_ext/logs/w01.oracleGeneral.bin.zst__GLCache__Mithril__6859525155.log,fail:134
w01.oracleGeneral.bin.zst,oracleGeneral,GLCache,OBL,6859525155,685952515584,0.01,,,,./results/cp_wss01_prefetch_ext/logs/w01.oracleGeneral.bin.zst__GLCache__OBL__6859525155.log,fail:134
w01.oracleGeneral.bin.zst,oracleGeneral,GLCache,PG,6859525155,685952515584,0.01,,,,./results/cp_wss01_prefetch_ext/logs/w01.oracleGeneral.bin.zst__GLCache__PG__6859525155.log,fail:134
w02.oracleGeneral.bin.zst,oracleGeneral,arc,Mithril,209842984,20984298496,0.01,,,,./results/cp_wss01_prefetch_ext/logs/w02.oracleGeneral.bin.zst__arc__Mithril__209842984.log,fail:134
w02.oracleGeneral.bin.zst,oracleGeneral,arc,Mithril,209842984,20984298496,0.01,,,,./results/cp_wss01_prefetch_ext/logs/w02.oracleGeneral.bin.zst__arc__Mithril__209842984.log,fail:134
w01.oracleGeneral.bin.zst,oracleGeneral,arc,PG,6859525155,685952515584,0.01,,,,./results/cp_wss01_prefetch_ext/logs/w01.oracleGeneral.bin.zst__arc__PG__6859525155.log,fail:134
w02.oracleGeneral.bin.zst,oracleGeneral,arc,none,209842984,20984298496,0.01,0.9368,0.9851,122181000,./results/cp_wss01_prefetch_ext/logs/w02.oracleGeneral.bin.zst__arc__noprefetch__209842984.log,ok
w02.oracleGeneral.bin.zst,oracleGeneral,arc,OBL,209842984,20984298496,0.01,0.9368,0.9851,122181000,./results/cp_wss01_prefetch_ext/logs/w02.oracleGeneral.bin.zst__arc__OBL__209842984.log,ok
w03.oracleGeneral.bin.zst,oracleGeneral,s3fifo,none,19190377932,1919037793280,0.01,0.6091,0.8325,84712978,./results/cp_wss01_prefetch_ext/logs/w03.oracleGeneral.bin.zst__s3fifo__noprefetch__19190377932.log,ok
w02.oracleGeneral.bin.zst,oracleGeneral,s3fifo,none,209842984,20984298496,0.01,0.8815,0.9499,122181000,./results/cp_wss01_prefetch_ext/logs/w02.oracleGeneral.bin.zst__s3fifo__noprefetch__209842984.log,ok
w02.oracleGeneral.bin.zst,oracleGeneral,s3fifo,OBL,209842984,20984298496,0.01,0.8815,0.9499,122181000,./results/cp_wss01_prefetch_ext/logs/w02.oracleGeneral.bin.zst__s3fifo__OBL__209842984.log,ok
w02.oracleGeneral.bin.zst,oracleGeneral,s3fifo,Mithril,209842984,20984298496,0.01,0.8815,0.9499,122181000,./results/cp_wss01_prefetch_ext/logs/w02.oracleGeneral.bin.zst__s3fifo__Mithril__209842984.log,ok
w02.oracleGeneral.bin.zst,oracleGeneral,s3fifo,PG,209842984,20984298496,0.01,0.8815,0.9499,122181000,./results/cp_wss01_prefetch_ext/logs/w02.oracleGeneral.bin.zst__s3fifo__PG__209842984.log,ok
w01.oracleGeneral.bin.zst,oracleGeneral,arc,none,6859525155,685952515584,0.01,0.8770,0.7976,215796257,./results/cp_wss01_prefetch_ext/logs/w01.oracleGeneral.bin.zst__arc__noprefetch__6859525155.log,ok
w03.oracleGeneral.bin.zst,oracleGeneral,s3fifo,PG,19190377932,1919037793280,0.01,0.6091,0.8325,84712978,./results/cp_wss01_prefetch_ext/logs/w03.oracleGeneral.bin.zst__s3fifo__PG__19190377932.log,ok
w03.oracleGeneral.bin.zst,oracleGeneral,s3fifo,Mithril,19190377932,1919037793280,0.01,0.6091,0.8325,84712978,./results/cp_wss01_prefetch_ext/logs/w03.oracleGeneral.bin.zst__s3fifo__Mithril__19190377932.log,ok
w01.oracleGeneral.bin.zst,oracleGeneral,arc,OBL,6859525155,685952515584,0.01,0.8770,0.7976,215796257,./results/cp_wss01_prefetch_ext/logs/w01.oracleGeneral.bin.zst__arc__OBL__6859525155.log,ok
w02.oracleGeneral.bin.zst,oracleGeneral,gdsf,none,209842984,20984298496,0.01,0.7798,0.9802,122181000,./results/cp_wss01_prefetch_ext/logs/w02.oracleGeneral.bin.zst__gdsf__noprefetch__209842984.log,ok
w02.oracleGeneral.bin.zst,oracleGeneral,gdsf,OBL,209842984,20984298496,0.01,0.7798,0.9802,122181000,./results/cp_wss01_prefetch_ext/logs/w02.oracleGeneral.bin.zst__gdsf__OBL__209842984.log,ok
w03.oracleGeneral.bin.zst,oracleGeneral,arc,Mithril,19190377932,1919037793280,0.01,,,,./results/cp_wss01_prefetch_ext/logs/w03.oracleGeneral.bin.zst__arc__Mithril__19190377932.log,fail:134
w03.oracleGeneral.bin.zst,oracleGeneral,arc,none,19190377932,1919037793280,0.01,0.6423,0.8604,84712978,./results/cp_wss01_prefetch_ext/logs/w03.oracleGeneral.bin.zst__arc__noprefetch__19190377932.log,ok
w03.oracleGeneral.bin.zst,oracleGeneral,s3fifo,OBL,19190377932,1919037793280,0.01,0.6091,0.8325,84712978,./results/cp_wss01_prefetch_ext/logs/w03.oracleGeneral.bin.zst__s3fifo__OBL__19190377932.log,ok
w03.oracleGeneral.bin.zst,oracleGeneral,arc,OBL,19190377932,1919037793280,0.01,0.6423,0.8604,84712978,./results/cp_wss01_prefetch_ext/logs/w03.oracleGeneral.bin.zst__arc__OBL__19190377932.log,ok
w02.oracleGeneral.bin.zst,oracleGeneral,lhd,none,209842984,20984298496,0.01,0.6291,0.9505,122181000,./results/cp_wss01_prefetch_ext/logs/w02.oracleGeneral.bin.zst__lhd__noprefetch__209842984.log,ok
w02.oracleGeneral.bin.zst,oracleGeneral,lhd,PG,209842984,20984298496,0.01,0.6291,0.9505,122181000,./results/cp_wss01_prefetch_ext/logs/w02.oracleGeneral.bin.zst__lhd__PG__209842984.log,ok
w02.oracleGeneral.bin.zst,oracleGeneral,lhd,Mithril,209842984,20984298496,0.01,0.6291,0.9505,122181000,./results/cp_wss01_prefetch_ext/logs/w02.oracleGeneral.bin.zst__lhd__Mithril__209842984.log,ok
w02.oracleGeneral.bin.zst,oracleGeneral,lhd,OBL,209842984,20984298496,0.01,0.6294,0.9505,122181000,./results/cp_wss01_prefetch_ext/logs/w02.oracleGeneral.bin.zst__lhd__OBL__209842984.log,ok
w04.oracleGeneral.bin.zst,oracleGeneral,s3fifo,none,17851412730,1785141273088,0.01,0.4526,0.6936,77764582,./results/cp_wss01_prefetch_ext/logs/w04.oracleGeneral.bin.zst__s3fifo__noprefetch__17851412730.log,ok
w02.oracleGeneral.bin.zst,oracleGeneral,arc,PG,209842984,20984298496,0.01,0.7706,0.8188,122181000,./results/cp_wss01_prefetch_ext/logs/w02.oracleGeneral.bin.zst__arc__PG__209842984.log,ok
w04.oracleGeneral.bin.zst,oracleGeneral,s3fifo,Mithril,17851412730,1785141273088,0.01,0.4526,0.6936,77764582,./results/cp_wss01_prefetch_ext/logs/w04.oracleGeneral.bin.zst__s3fifo__Mithril__17851412730.log,ok
w04.oracleGeneral.bin.zst,oracleGeneral,s3fifo,PG,17851412730,1785141273088,0.01,0.4526,0.6936,77764582,./results/cp_wss01_prefetch_ext/logs/w04.oracleGeneral.bin.zst__s3fifo__PG__17851412730.log,ok
w01.oracleGeneral.bin.zst,oracleGeneral,s3fifo,OBL,6859525155,685952515584,0.01,0.8375,0.7643,215796257,./results/cp_wss01_prefetch_ext/logs/w01.oracleGeneral.bin.zst__s3fifo__OBL__6859525155.log,ok
w03.oracleGeneral.bin.zst,oracleGeneral,gdsf,none,19190377932,1919037793280,0.01,0.5887,0.8273,84712978,./results/cp_wss01_prefetch_ext/logs/w03.oracleGeneral.bin.zst__gdsf__noprefetch__19190377932.log,ok
w01.oracleGeneral.bin.zst,oracleGeneral,arc,Mithril,6859525155,685952515584,0.01,,,,./results/cp_wss01_prefetch_ext/logs/w01.oracleGeneral.bin.zst__arc__Mithril__6859525155.log,fail:134
w04.oracleGeneral.bin.zst,oracleGeneral,arc,Mithril,17851412730,1785141273088,0.01,,,,./results/cp_wss01_prefetch_ext/logs/w04.oracleGeneral.bin.zst__arc__Mithril__17851412730.log,fail:134
w01.oracleGeneral.bin.zst,oracleGeneral,s3fifo,none,6859525155,685952515584,0.01,0.8375,0.7643,215796257,./results/cp_wss01_prefetch_ext/logs/w01.oracleGeneral.bin.zst__s3fifo__noprefetch__6859525155.log,ok
w01.oracleGeneral.bin.zst,oracleGeneral,s3fifo,PG,6859525155,685952515584,0.01,0.8375,0.7643,215796257,./results/cp_wss01_prefetch_ext/logs/w01.oracleGeneral.bin.zst__s3fifo__PG__6859525155.log,ok
w02.oracleGeneral.bin.zst,oracleGeneral,gdsf,PG,209842984,20984298496,0.01,0.7798,0.9802,122181000,./results/cp_wss01_prefetch_ext/logs/w02.oracleGeneral.bin.zst__gdsf__PG__209842984.log,ok
w04.oracleGeneral.bin.zst,oracleGeneral,s3fifo,OBL,17851412730,1785141273088,0.01,0.4526,0.6936,77764582,./results/cp_wss01_prefetch_ext/logs/w04.oracleGeneral.bin.zst__s3fifo__OBL__17851412730.log,ok
w04.oracleGeneral.bin.zst,oracleGeneral,arc,none,17851412730,1785141273088,0.01,0.5116,0.7421,77764582,./results/cp_wss01_prefetch_ext/logs/w04.oracleGeneral.bin.zst__arc__noprefetch__17851412730.log,ok
w01.oracleGeneral.bin.zst,oracleGeneral,s3fifo,Mithril,6859525155,685952515584,0.01,0.8375,0.7643,215796257,./results/cp_wss01_prefetch_ext/logs/w01.oracleGeneral.bin.zst__s3fifo__Mithril__6859525155.log,ok
w03.oracleGeneral.bin.zst,oracleGeneral,arc,PG,19190377932,1919037793280,0.01,0.6394,0.8531,84712978,./results/cp_wss01_prefetch_ext/logs/w03.oracleGeneral.bin.zst__arc__PG__19190377932.log,ok
w04.oracleGeneral.bin.zst,oracleGeneral,arc,OBL,17851412730,1785141273088,0.01,0.5116,0.7421,77764582,./results/cp_wss01_prefetch_ext/logs/w04.oracleGeneral.bin.zst__arc__OBL__17851412730.log,ok
w03.oracleGeneral.bin.zst,oracleGeneral,gdsf,OBL,19190377932,1919037793280,0.01,0.5887,0.8273,84712978,./results/cp_wss01_prefetch_ext/logs/w03.oracleGeneral.bin.zst__gdsf__OBL__19190377932.log,ok
w03.oracleGeneral.bin.zst,oracleGeneral,lhd,none,19190377932,1919037793280,0.01,0.6012,0.8467,84712978,./results/cp_wss01_prefetch_ext/logs/w03.oracleGeneral.bin.zst__lhd__noprefetch__19190377932.log,ok
w03.oracleGeneral.bin.zst,oracleGeneral,lhd,Mithril,19190377932,1919037793280,0.01,0.5998,0.8438,84712978,./results/cp_wss01_prefetch_ext/logs/w03.oracleGeneral.bin.zst__lhd__Mithril__19190377932.log,ok
w05.oracleGeneral.bin.zst,oracleGeneral,s3fifo,none,15429059020,1542905902080,0.01,0.8181,0.9488,73034546,./results/cp_wss01_prefetch_ext/logs/w05.oracleGeneral.bin.zst__s3fifo__noprefetch__15429059020.log,ok
w05.oracleGeneral.bin.zst,oracleGeneral,s3fifo,PG,15429059020,1542905902080,0.01,0.8181,0.9488,73034546,./results/cp_wss01_prefetch_ext/logs/w05.oracleGeneral.bin.zst__s3fifo__PG__15429059020.log,ok
w03.oracleGeneral.bin.zst,oracleGeneral,lhd,PG,19190377932,1919037793280,0.01,0.5994,0.8436,84712978,./results/cp_wss01_prefetch_ext/logs/w03.oracleGeneral.bin.zst__lhd__PG__19190377932.log,ok
w03.oracleGeneral.bin.zst,oracleGeneral,gdsf,PG,19190377932,1919037793280,0.01,0.5887,0.8273,84712978,./results/cp_wss01_prefetch_ext/logs/w03.oracleGeneral.bin.zst__gdsf__PG__19190377932.log,ok
w03.oracleGeneral.bin.zst,oracleGeneral,lhd,OBL,19190377932,1919037793280,0.01,0.5993,0.8431,84712978,./results/cp_wss01_prefetch_ext/logs/w03.oracleGeneral.bin.zst__lhd__OBL__19190377932.log,ok
w05.oracleGeneral.bin.zst,oracleGeneral,s3fifo,Mithril,15429059020,1542905902080,0.01,0.8181,0.9488,73034546,./results/cp_wss01_prefetch_ext/logs/w05.oracleGeneral.bin.zst__s3fifo__Mithril__15429059020.log,ok
w05.oracleGeneral.bin.zst,oracleGeneral,s3fifo,OBL,15429059020,1542905902080,0.01,0.8181,0.9488,73034546,./results/cp_wss01_prefetch_ext/logs/w05.oracleGeneral.bin.zst__s3fifo__OBL__15429059020.log,ok
w04.oracleGeneral.bin.zst,oracleGeneral,gdsf,none,17851412730,1785141273088,0.01,0.4327,0.6891,77764582,./results/cp_wss01_prefetch_ext/logs/w04.oracleGeneral.bin.zst__gdsf__noprefetch__17851412730.log,ok
w04.oracleGeneral.bin.zst,oracleGeneral,arc,PG,17851412730,1785141273088,0.01,0.5112,0.7393,77764582,./results/cp_wss01_prefetch_ext/logs/w04.oracleGeneral.bin.zst__arc__PG__17851412730.log,ok
w04.oracleGeneral.bin.zst,oracleGeneral,lhd,OBL,17851412730,1785141273088,0.01,0.4565,0.7175,77764582,./results/cp_wss01_prefetch_ext/logs/w04.oracleGeneral.bin.zst__lhd__OBL__17851412730.log,ok
w04.oracleGeneral.bin.zst,oracleGeneral,gdsf,OBL,17851412730,1785141273088,0.01,0.4327,0.6891,77764582,./results/cp_wss01_prefetch_ext/logs/w04.oracleGeneral.bin.zst__gdsf__OBL__17851412730.log,ok
w05.oracleGeneral.bin.zst,oracleGeneral,arc,none,15429059020,1542905902080,0.01,0.8659,0.9583,73034546,./results/cp_wss01_prefetch_ext/logs/w05.oracleGeneral.bin.zst__arc__noprefetch__15429059020.log,ok
w04.oracleGeneral.bin.zst,oracleGeneral,lhd,PG,17851412730,1785141273088,0.01,0.4563,0.7188,77764582,./results/cp_wss01_prefetch_ext/logs/w04.oracleGeneral.bin.zst__lhd__PG__17851412730.log,ok
w04.oracleGeneral.bin.zst,oracleGeneral,lhd,Mithril,17851412730,1785141273088,0.01,0.4596,0.7285,77764582,./results/cp_wss01_prefetch_ext/logs/w04.oracleGeneral.bin.zst__lhd__Mithril__17851412730.log,ok
w05.oracleGeneral.bin.zst,oracleGeneral,arc,OBL,15429059020,1542905902080,0.01,0.8566,0.9582,73034546,./results/cp_wss01_prefetch_ext/logs/w05.oracleGeneral.bin.zst__arc__OBL__15429059020.log,ok
w06.oracleGeneral.bin.zst,oracleGeneral,s3fifo,none,234682583,23468258304,0.01,0.3008,0.1520,69392150,./results/cp_wss01_prefetch_ext/logs/w06.oracleGeneral.bin.zst__s3fifo__noprefetch__234682583.log,ok
w04.oracleGeneral.bin.zst,oracleGeneral,lhd,none,17851412730,1785141273088,0.01,0.4639,0.7419,77764582,./results/cp_wss01_prefetch_ext/logs/w04.oracleGeneral.bin.zst__lhd__noprefetch__17851412730.log,ok
w06.oracleGeneral.bin.zst,oracleGeneral,arc,Mithril,234682583,23468258304,0.01,,,,./results/cp_wss01_prefetch_ext/logs/w06.oracleGeneral.bin.zst__arc__Mithril__234682583.log,fail:134
w06.oracleGeneral.bin.zst,oracleGeneral,arc,PG,234682583,23468258304,0.01,,,,./results/cp_wss01_prefetch_ext/logs/w06.oracleGeneral.bin.zst__arc__PG__234682583.log,fail:134
w06.oracleGeneral.bin.zst,oracleGeneral,s3fifo,Mithril,234682583,23468258304,0.01,0.3008,0.1520,69392150,./results/cp_wss01_prefetch_ext/logs/w06.oracleGeneral.bin.zst__s3fifo__Mithril__234682583.log,ok
w06.oracleGeneral.bin.zst,oracleGeneral,arc,none,234682583,23468258304,0.01,0.2963,0.1570,69392150,./results/cp_wss01_prefetch_ext/logs/w06.oracleGeneral.bin.zst__arc__noprefetch__234682583.log,ok
w05.oracleGeneral.bin.zst,oracleGeneral,gdsf,none,15429059020,1542905902080,0.01,0.7932,0.9559,73034546,./results/cp_wss01_prefetch_ext/logs/w05.oracleGeneral.bin.zst__gdsf__noprefetch__15429059020.log,ok
w06.oracleGeneral.bin.zst,oracleGeneral,s3fifo,PG,234682583,23468258304,0.01,0.3008,0.1520,69392150,./results/cp_wss01_prefetch_ext/logs/w06.oracleGeneral.bin.zst__s3fifo__PG__234682583.log,ok
w06.oracleGeneral.bin.zst,oracleGeneral,s3fifo,OBL,234682583,23468258304,0.01,0.3008,0.1520,69392150,./results/cp_wss01_prefetch_ext/logs/w06.oracleGeneral.bin.zst__s3fifo__OBL__234682583.log,ok
w06.oracleGeneral.bin.zst,oracleGeneral,arc,OBL,234682583,23468258304,0.01,0.2961,0.1570,69392150,./results/cp_wss01_prefetch_ext/logs/w06.oracleGeneral.bin.zst__arc__OBL__234682583.log,ok
w01.oracleGeneral.bin.zst,oracleGeneral,gdsf,none,6859525155,685952515584,0.01,0.8350,0.8123,215796257,./results/cp_wss01_prefetch_ext/logs/w01.oracleGeneral.bin.zst__gdsf__noprefetch__6859525155.log,ok
w04.oracleGeneral.bin.zst,oracleGeneral,gdsf,PG,17851412730,1785141273088,0.01,0.4327,0.6891,77764582,./results/cp_wss01_prefetch_ext/logs/w04.oracleGeneral.bin.zst__gdsf__PG__17851412730.log,ok
w06.oracleGeneral.bin.zst,oracleGeneral,lhd,none,234682583,23468258304,0.01,0.1464,0.3787,69392150,./results/cp_wss01_prefetch_ext/logs/w06.oracleGeneral.bin.zst__lhd__noprefetch__234682583.log,ok
w06.oracleGeneral.bin.zst,oracleGeneral,lhd,Mithril,234682583,23468258304,0.01,0.1465,0.3805,69392150,./results/cp_wss01_prefetch_ext/logs/w06.oracleGeneral.bin.zst__lhd__Mithril__234682583.log,ok
w06.oracleGeneral.bin.zst,oracleGeneral,lhd,PG,234682583,23468258304,0.01,0.1463,0.3789,69392150,./results/cp_wss01_prefetch_ext/logs/w06.oracleGeneral.bin.zst__lhd__PG__234682583.log,ok
w06.oracleGeneral.bin.zst,oracleGeneral,gdsf,none,234682583,23468258304,0.01,0.1295,0.3782,69392150,./results/cp_wss01_prefetch_ext/logs/w06.oracleGeneral.bin.zst__gdsf__noprefetch__234682583.log,ok
w01.oracleGeneral.bin.zst,oracleGeneral,gdsf,OBL,6859525155,685952515584,0.01,0.8350,0.8123,215796257,./results/cp_wss01_prefetch_ext/logs/w01.oracleGeneral.bin.zst__gdsf__OBL__6859525155.log,ok
w06.oracleGeneral.bin.zst,oracleGeneral,lhd,OBL,234682583,23468258304,0.01,0.1465,0.3796,69392150,./results/cp_wss01_prefetch_ext/logs/w06.oracleGeneral.bin.zst__lhd__OBL__234682583.log,ok
w05.oracleGeneral.bin.zst,oracleGeneral,gdsf,OBL,15429059020,1542905902080,0.01,0.7932,0.9559,73034546,./results/cp_wss01_prefetch_ext/logs/w05.oracleGeneral.bin.zst__gdsf__OBL__15429059020.log,ok
w05.oracleGeneral.bin.zst,oracleGeneral,arc,PG,15429059020,1542905902080,0.01,,,,./results/cp_wss01_prefetch_ext/logs/w05.oracleGeneral.bin.zst__arc__PG__15429059020.log,fail:134
w06.oracleGeneral.bin.zst,oracleGeneral,gdsf,OBL,234682583,23468258304,0.01,0.1295,0.3782,69392150,./results/cp_wss01_prefetch_ext/logs/w06.oracleGeneral.bin.zst__gdsf__OBL__234682583.log,ok
w07.oracleGeneral.bin.zst,oracleGeneral,s3fifo,none,1467303429,146730342912,0.01,0.5998,0.7597,67427405,./results/cp_wss01_prefetch_ext/logs/w07.oracleGeneral.bin.zst__s3fifo__noprefetch__1467303429.log,ok
w07.oracleGeneral.bin.zst,oracleGeneral,s3fifo,Mithril,1467303429,146730342912,0.01,0.5998,0.7597,67427405,./results/cp_wss01_prefetch_ext/logs/w07.oracleGeneral.bin.zst__s3fifo__Mithril__1467303429.log,ok
w07.oracleGeneral.bin.zst,oracleGeneral,arc,Mithril,1467303429,146730342912,0.01,,,,./results/cp_wss01_prefetch_ext/logs/w07.oracleGeneral.bin.zst__arc__Mithril__1467303429.log,fail:134
w05.oracleGeneral.bin.zst,oracleGeneral,arc,Mithril,15429059020,1542905902080,0.01,,,,./results/cp_wss01_prefetch_ext/logs/w05.oracleGeneral.bin.zst__arc__Mithril__15429059020.log,fail:134
w07.oracleGeneral.bin.zst,oracleGeneral,arc,none,1467303429,146730342912,0.01,0.6193,0.7750,67427405,./results/cp_wss01_prefetch_ext/logs/w07.oracleGeneral.bin.zst__arc__noprefetch__1467303429.log,ok
w06.oracleGeneral.bin.zst,oracleGeneral,gdsf,PG,234682583,23468258304,0.01,0.1295,0.3782,69392150,./results/cp_wss01_prefetch_ext/logs/w06.oracleGeneral.bin.zst__gdsf__PG__234682583.log,ok
w07.oracleGeneral.bin.zst,oracleGeneral,s3fifo,OBL,1467303429,146730342912,0.01,0.5998,0.7597,67427405,./results/cp_wss01_prefetch_ext/logs/w07.oracleGeneral.bin.zst__s3fifo__OBL__1467303429.log,ok
w07.oracleGeneral.bin.zst,oracleGeneral,arc,OBL,1467303429,146730342912,0.01,0.6193,0.7750,67427405,./results/cp_wss01_prefetch_ext/logs/w07.oracleGeneral.bin.zst__arc__OBL__1467303429.log,ok
w07.oracleGeneral.bin.zst,oracleGeneral,s3fifo,PG,1467303429,146730342912,0.01,0.5998,0.7597,67427405,./results/cp_wss01_prefetch_ext/logs/w07.oracleGeneral.bin.zst__s3fifo__PG__1467303429.log,ok
w05.oracleGeneral.bin.zst,oracleGeneral,gdsf,PG,15429059020,1542905902080,0.01,0.7932,0.9559,73034546,./results/cp_wss01_prefetch_ext/logs/w05.oracleGeneral.bin.zst__gdsf__PG__15429059020.log,ok
w06.oracleGeneral.bin.zst,oracleGeneral,gdsf,Mithril,234682583,23468258304,0.01,0.1295,0.3782,69392150,./results/cp_wss01_prefetch_ext/logs/w06.oracleGeneral.bin.zst__gdsf__Mithril__234682583.log,ok
w08.oracleGeneral.bin.zst,oracleGeneral,s3fifo,none,10882320288,1088232028864,0.01,0.8732,0.9562,44464937,./results/cp_wss01_prefetch_ext/logs/w08.oracleGeneral.bin.zst__s3fifo__noprefetch__10882320288.log,ok
w07.oracleGeneral.bin.zst,oracleGeneral,arc,PG,1467303429,146730342912,0.01,0.6203,0.7745,67427405,./results/cp_wss01_prefetch_ext/logs/w07.oracleGeneral.bin.zst__arc__PG__1467303429.log,ok
w03.oracleGeneral.bin.zst,oracleGeneral,gdsf,Mithril,19190377932,1919037793280,0.01,0.5887,0.8273,84712978,./results/cp_wss01_prefetch_ext/logs/w03.oracleGeneral.bin.zst__gdsf__Mithril__19190377932.log,ok
w08.oracleGeneral.bin.zst,oracleGeneral,s3fifo,Mithril,10882320288,1088232028864,0.01,0.8732,0.9562,44464937,./results/cp_wss01_prefetch_ext/logs/w08.oracleGeneral.bin.zst__s3fifo__Mithril__10882320288.log,ok
w08.oracleGeneral.bin.zst,oracleGeneral,s3fifo,PG,10882320288,1088232028864,0.01,0.8732,0.9562,44464937,./results/cp_wss01_prefetch_ext/logs/w08.oracleGeneral.bin.zst__s3fifo__PG__10882320288.log,ok
w05.oracleGeneral.bin.zst,oracleGeneral,lhd,OBL,15429059020,1542905902080,0.01,0.7997,0.9636,73034546,./results/cp_wss01_prefetch_ext/logs/w05.oracleGeneral.bin.zst__lhd__OBL__15429059020.log,ok
w05.oracleGeneral.bin.zst,oracleGeneral,lhd,none,15429059020,1542905902080,0.01,0.8044,0.9640,73034546,./results/cp_wss01_prefetch_ext/logs/w05.oracleGeneral.bin.zst__lhd__noprefetch__15429059020.log,ok
w08.oracleGeneral.bin.zst,oracleGeneral,s3fifo,OBL,10882320288,1088232028864,0.01,0.8732,0.9562,44464937,./results/cp_wss01_prefetch_ext/logs/w08.oracleGeneral.bin.zst__s3fifo__OBL__10882320288.log,ok
w01.oracleGeneral.bin.zst,oracleGeneral,gdsf,PG,6859525155,685952515584,0.01,0.8350,0.8123,215796257,./results/cp_wss01_prefetch_ext/logs/w01.oracleGeneral.bin.zst__gdsf__PG__6859525155.log,ok
w05.oracleGeneral.bin.zst,oracleGeneral,lhd,Mithril,15429059020,1542905902080,0.01,0.7992,0.9635,73034546,./results/cp_wss01_prefetch_ext/logs/w05.oracleGeneral.bin.zst__lhd__Mithril__15429059020.log,ok
w05.oracleGeneral.bin.zst,oracleGeneral,lhd,PG,15429059020,1542905902080,0.01,0.7992,0.9635,73034546,./results/cp_wss01_prefetch_ext/logs/w05.oracleGeneral.bin.zst__lhd__PG__15429059020.log,ok
w08.oracleGeneral.bin.zst,oracleGeneral,arc,none,10882320288,1088232028864,0.01,0.8968,0.9661,44464937,./results/cp_wss01_prefetch_ext/logs/w08.oracleGeneral.bin.zst__arc__noprefetch__10882320288.log,ok
w04.oracleGeneral.bin.zst,oracleGeneral,gdsf,Mithril,17851412730,1785141273088,0.01,0.4327,0.6891,77764582,./results/cp_wss01_prefetch_ext/logs/w04.oracleGeneral.bin.zst__gdsf__Mithril__17851412730.log,ok
w07.oracleGeneral.bin.zst,oracleGeneral,gdsf,none,1467303429,146730342912,0.01,0.5778,0.7856,67427405,./results/cp_wss01_prefetch_ext/logs/w07.oracleGeneral.bin.zst__gdsf__noprefetch__1467303429.log,ok
w08.oracleGeneral.bin.zst,oracleGeneral,arc,OBL,10882320288,1088232028864,0.01,0.8968,0.9661,44464937,./results/cp_wss01_prefetch_ext/logs/w08.oracleGeneral.bin.zst__arc__OBL__10882320288.log,ok
w08.oracleGeneral.bin.zst,oracleGeneral,arc,PG,10882320288,1088232028864,0.01,,,,./results/cp_wss01_prefetch_ext/logs/w08.oracleGeneral.bin.zst__arc__PG__10882320288.log,fail:134
w07.oracleGeneral.bin.zst,oracleGeneral,gdsf,OBL,1467303429,146730342912,0.01,0.5778,0.7856,67427405,./results/cp_wss01_prefetch_ext/logs/w07.oracleGeneral.bin.zst__gdsf__OBL__1467303429.log,ok
w08.oracleGeneral.bin.zst,oracleGeneral,arc,Mithril,10882320288,1088232028864,0.01,,,,./results/cp_wss01_prefetch_ext/logs/w08.oracleGeneral.bin.zst__arc__Mithril__10882320288.log,fail:134
w09.oracleGeneral.bin.zst,oracleGeneral,arc,Mithril,11338699714,1133869971456,0.01,,,,./results/cp_wss01_prefetch_ext/logs/w09.oracleGeneral.bin.zst__arc__Mithril__11338699714.log,fail:134
w08.oracleGeneral.bin.zst,oracleGeneral,gdsf,none,10882320288,1088232028864,0.01,0.8608,0.9733,44464937,./results/cp_wss01_prefetch_ext/logs/w08.oracleGeneral.bin.zst__gdsf__noprefetch__10882320288.log,ok
w09.oracleGeneral.bin.zst,oracleGeneral,s3fifo,PG,11338699714,1133869971456,0.01,0.5221,0.7502,49622929,./results/cp_wss01_prefetch_ext/logs/w09.oracleGeneral.bin.zst__s3fifo__PG__11338699714.log,ok
w09.oracleGeneral.bin.zst,oracleGeneral,s3fifo,none,11338699714,1133869971456,0.01,0.5221,0.7502,49622929,./results/cp_wss01_prefetch_ext/logs/w09.oracleGeneral.bin.zst__s3fifo__noprefetch__11338699714.log,ok
w09.oracleGeneral.bin.zst,oracleGeneral,arc,none,11338699714,1133869971456,0.01,0.5665,0.7852,49622929,./results/cp_wss01_prefetch_ext/logs/w09.oracleGeneral.bin.zst__arc__noprefetch__11338699714.log,ok
w09.oracleGeneral.bin.zst,oracleGeneral,s3fifo,Mithril,11338699714,1133869971456,0.01,0.5221,0.7502,49622929,./results/cp_wss01_prefetch_ext/logs/w09.oracleGeneral.bin.zst__s3fifo__Mithril__11338699714.log,ok
w09.oracleGeneral.bin.zst,oracleGeneral,s3fifo,OBL,11338699714,1133869971456,0.01,0.5221,0.7502,49622929,./results/cp_wss01_prefetch_ext/logs/w09.oracleGeneral.bin.zst__s3fifo__OBL__11338699714.log,ok
w100.oracleGeneral.bin.zst,oracleGeneral,s3fifo,none,539354275,53935427584,0.01,0.6897,0.9029,3645877,./results/cp_wss01_prefetch_ext/logs/w100.oracleGeneral.bin.zst__s3fifo__noprefetch__539354275.log,ok
w09.oracleGeneral.bin.zst,oracleGeneral,arc,OBL,11338699714,1133869971456,0.01,0.5665,0.7853,49622929,./results/cp_wss01_prefetch_ext/logs/w09.oracleGeneral.bin.zst__arc__OBL__11338699714.log,ok
w100.oracleGeneral.bin.zst,oracleGeneral,s3fifo,Mithril,539354275,53935427584,0.01,0.6897,0.9029,3645877,./results/cp_wss01_prefetch_ext/logs/w100.oracleGeneral.bin.zst__s3fifo__Mithril__539354275.log,ok
w07.oracleGeneral.bin.zst,oracleGeneral,lhd,none,1467303429,146730342912,0.01,0.5870,0.8036,67427405,./results/cp_wss01_prefetch_ext/logs/w07.oracleGeneral.bin.zst__lhd__noprefetch__1467303429.log,ok
w100.oracleGeneral.bin.zst,oracleGeneral,s3fifo,PG,539354275,53935427584,0.01,0.6897,0.9029,3645877,./results/cp_wss01_prefetch_ext/logs/w100.oracleGeneral.bin.zst__s3fifo__PG__539354275.log,ok
w08.oracleGeneral.bin.zst,oracleGeneral,gdsf,OBL,10882320288,1088232028864,0.01,0.8608,0.9733,44464937,./results/cp_wss01_prefetch_ext/logs/w08.oracleGeneral.bin.zst__gdsf__OBL__10882320288.log,ok
w100.oracleGeneral.bin.zst,oracleGeneral,s3fifo,OBL,539354275,53935427584,0.01,0.6897,0.9029,3645877,./results/cp_wss01_prefetch_ext/logs/w100.oracleGeneral.bin.zst__s3fifo__OBL__539354275.log,ok
w01.oracleGeneral.bin.zst,oracleGeneral,gdsf,Mithril,6859525155,685952515584,0.01,0.8350,0.8123,215796257,./results/cp_wss01_prefetch_ext/logs/w01.oracleGeneral.bin.zst__gdsf__Mithril__6859525155.log,ok
w100.oracleGeneral.bin.zst,oracleGeneral,arc,none,539354275,53935427584,0.01,0.7222,0.9208,3645877,./results/cp_wss01_prefetch_ext/logs/w100.oracleGeneral.bin.zst__arc__noprefetch__539354275.log,ok
w100.oracleGeneral.bin.zst,oracleGeneral,gdsf,none,539354275,53935427584,0.01,0.6850,0.9239,3645877,./results/cp_wss01_prefetch_ext/logs/w100.oracleGeneral.bin.zst__gdsf__noprefetch__539354275.log,ok
w07.oracleGeneral.bin.zst,oracleGeneral,lhd,Mithril,1467303429,146730342912,0.01,0.5848,0.8026,67427405,./results/cp_wss01_prefetch_ext/logs/w07.oracleGeneral.bin.zst__lhd__Mithril__1467303429.log,ok
w100.oracleGeneral.bin.zst,oracleGeneral,gdsf,OBL,539354275,53935427584,0.01,0.6850,0.9239,3645877,./results/cp_wss01_prefetch_ext/logs/w100.oracleGeneral.bin.zst__gdsf__OBL__539354275.log,ok
w100.oracleGeneral.bin.zst,oracleGeneral,arc,Mithril,539354275,53935427584,0.01,,,,./results/cp_wss01_prefetch_ext/logs/w100.oracleGeneral.bin.zst__arc__Mithril__539354275.log,fail:134
w100.oracleGeneral.bin.zst,oracleGeneral,arc,OBL,539354275,53935427584,0.01,0.7222,0.9208,3645877,./results/cp_wss01_prefetch_ext/logs/w100.oracleGeneral.bin.zst__arc__OBL__539354275.log,ok
w07.oracleGeneral.bin.zst,oracleGeneral,lhd,PG,1467303429,146730342912,0.01,0.5851,0.8026,67427405,./results/cp_wss01_prefetch_ext/logs/w07.oracleGeneral.bin.zst__lhd__PG__1467303429.log,ok
w100.oracleGeneral.bin.zst,oracleGeneral,gdsf,PG,539354275,53935427584,0.01,0.6850,0.9239,3645877,./results/cp_wss01_prefetch_ext/logs/w100.oracleGeneral.bin.zst__gdsf__PG__539354275.log,ok
w100.oracleGeneral.bin.zst,oracleGeneral,arc,PG,539354275,53935427584,0.01,0.7219,0.9207,3645877,./results/cp_wss01_prefetch_ext/logs/w100.oracleGeneral.bin.zst__arc__PG__539354275.log,ok
w100.oracleGeneral.bin.zst,oracleGeneral,lhd,Mithril,539354275,53935427584,0.01,0.6805,0.9303,3645877,./results/cp_wss01_prefetch_ext/logs/w100.oracleGeneral.bin.zst__lhd__Mithril__539354275.log,ok
w100.oracleGeneral.bin.zst,oracleGeneral,lhd,none,539354275,53935427584,0.01,0.6805,0.9303,3645877,./results/cp_wss01_prefetch_ext/logs/w100.oracleGeneral.bin.zst__lhd__noprefetch__539354275.log,ok
w07.oracleGeneral.bin.zst,oracleGeneral,lhd,OBL,1467303429,146730342912,0.01,0.5877,0.8041,67427405,./results/cp_wss01_prefetch_ext/logs/w07.oracleGeneral.bin.zst__lhd__OBL__1467303429.log,ok
w101.oracleGeneral.bin.zst,oracleGeneral,s3fifo,none,538630062,53863006208,0.01,0.6888,0.9030,3587707,./results/cp_wss01_prefetch_ext/logs/w101.oracleGeneral.bin.zst__s3fifo__noprefetch__538630062.log,ok
w101.oracleGeneral.bin.zst,oracleGeneral,s3fifo,Mithril,538630062,53863006208,0.01,0.6888,0.9030,3587707,./results/cp_wss01_prefetch_ext/logs/w101.oracleGeneral.bin.zst__s3fifo__Mithril__538630062.log,ok
w07.oracleGeneral.bin.zst,oracleGeneral,gdsf,PG,1467303429,146730342912,0.01,0.5778,0.7856,67427405,./results/cp_wss01_prefetch_ext/logs/w07.oracleGeneral.bin.zst__gdsf__PG__1467303429.log,ok
w100.oracleGeneral.bin.zst,oracleGeneral,lhd,PG,539354275,53935427584,0.01,0.6852,0.9314,3645877,./results/cp_wss01_prefetch_ext/logs/w100.oracleGeneral.bin.zst__lhd__PG__539354275.log,ok
w100.oracleGeneral.bin.zst,oracleGeneral,lhd,OBL,539354275,53935427584,0.01,0.6852,0.9314,3645877,./results/cp_wss01_prefetch_ext/logs/w100.oracleGeneral.bin.zst__lhd__OBL__539354275.log,ok
w101.oracleGeneral.bin.zst,oracleGeneral,s3fifo,PG,538630062,53863006208,0.01,0.6888,0.9030,3587707,./results/cp_wss01_prefetch_ext/logs/w101.oracleGeneral.bin.zst__s3fifo__PG__538630062.log,ok
w101.oracleGeneral.bin.zst,oracleGeneral,s3fifo,OBL,538630062,53863006208,0.01,0.6888,0.9030,3587707,./results/cp_wss01_prefetch_ext/logs/w101.oracleGeneral.bin.zst__s3fifo__OBL__538630062.log,ok
w100.oracleGeneral.bin.zst,oracleGeneral,gdsf,Mithril,539354275,53935427584,0.01,0.6850,0.9239,3645877,./results/cp_wss01_prefetch_ext/logs/w100.oracleGeneral.bin.zst__gdsf__Mithril__539354275.log,ok
w101.oracleGeneral.bin.zst,oracleGeneral,arc,Mithril,538630062,53863006208,0.01,,,,./results/cp_wss01_prefetch_ext/logs/w101.oracleGeneral.bin.zst__arc__Mithril__538630062.log,fail:134
w101.oracleGeneral.bin.zst,oracleGeneral,arc,none,538630062,53863006208,0.01,0.7197,0.9212,3587707,./results/cp_wss01_prefetch_ext/logs/w101.oracleGeneral.bin.zst__arc__noprefetch__538630062.log,ok
w101.oracleGeneral.bin.zst,oracleGeneral,gdsf,none,538630062,53863006208,0.01,0.6842,0.9244,3587707,./results/cp_wss01_prefetch_ext/logs/w101.oracleGeneral.bin.zst__gdsf__noprefetch__538630062.log,ok
w101.oracleGeneral.bin.zst,oracleGeneral,arc,OBL,538630062,53863006208,0.01,0.7197,0.9212,3587707,./results/cp_wss01_prefetch_ext/logs/w101.oracleGeneral.bin.zst__arc__OBL__538630062.log,ok
w102.oracleGeneral.bin.zst,oracleGeneral,s3fifo,none,82209991,8220999168,0.01,0.2332,0.4489,3558215,./results/cp_wss01_prefetch_ext/logs/w102.oracleGeneral.bin.zst__s3fifo__noprefetch__82209991.log,ok
w101.oracleGeneral.bin.zst,oracleGeneral,gdsf,OBL,538630062,53863006208,0.01,0.6842,0.9244,3587707,./results/cp_wss01_prefetch_ext/logs/w101.oracleGeneral.bin.zst__gdsf__OBL__538630062.log,ok
w101.oracleGeneral.bin.zst,oracleGeneral,arc,PG,538630062,53863006208,0.01,0.7201,0.9213,3587707,./results/cp_wss01_prefetch_ext/logs/w101.oracleGeneral.bin.zst__arc__PG__538630062.log,ok
w102.oracleGeneral.bin.zst,oracleGeneral,s3fifo,PG,82209991,8220999168,0.01,0.2332,0.4489,3558215,./results/cp_wss01_prefetch_ext/logs/w102.oracleGeneral.bin.zst__s3fifo__PG__82209991.log,ok
w08.oracleGeneral.bin.zst,oracleGeneral,gdsf,PG,10882320288,1088232028864,0.01,0.8608,0.9733,44464937,./results/cp_wss01_prefetch_ext/logs/w08.oracleGeneral.bin.zst__gdsf__PG__10882320288.log,ok
w101.oracleGeneral.bin.zst,oracleGeneral,gdsf,PG,538630062,53863006208,0.01,0.6842,0.9244,3587707,./results/cp_wss01_prefetch_ext/logs/w101.oracleGeneral.bin.zst__gdsf__PG__538630062.log,ok
w101.oracleGeneral.bin.zst,oracleGeneral,lhd,none,538630062,53863006208,0.01,0.6832,0.9311,3587707,./results/cp_wss01_prefetch_ext/logs/w101.oracleGeneral.bin.zst__lhd__noprefetch__538630062.log,ok
w101.oracleGeneral.bin.zst,oracleGeneral,lhd,Mithril,538630062,53863006208,0.01,0.6832,0.9311,3587707,./results/cp_wss01_prefetch_ext/logs/w101.oracleGeneral.bin.zst__lhd__Mithril__538630062.log,ok
w102.oracleGeneral.bin.zst,oracleGeneral,s3fifo,OBL,82209991,8220999168,0.01,0.2332,0.4489,3558215,./results/cp_wss01_prefetch_ext/logs/w102.oracleGeneral.bin.zst__s3fifo__OBL__82209991.log,ok
w102.oracleGeneral.bin.zst,oracleGeneral,arc,Mithril,82209991,8220999168,0.01,,,,./results/cp_wss01_prefetch_ext/logs/w102.oracleGeneral.bin.zst__arc__Mithril__82209991.log,fail:134
w101.oracleGeneral.bin.zst,oracleGeneral,lhd,PG,538630062,53863006208,0.01,0.6832,0.9311,3587707,./results/cp_wss01_prefetch_ext/logs/w101.oracleGeneral.bin.zst__lhd__PG__538630062.log,ok
w102.oracleGeneral.bin.zst,oracleGeneral,s3fifo,Mithril,82209991,8220999168,0.01,0.2332,0.4489,3558215,./results/cp_wss01_prefetch_ext/logs/w102.oracleGeneral.bin.zst__s3fifo__Mithril__82209991.log,ok
w102.oracleGeneral.bin.zst,oracleGeneral,arc,PG,82209991,8220999168,0.01,,,,./results/cp_wss01_prefetch_ext/logs/w102.oracleGeneral.bin.zst__arc__PG__82209991.log,fail:134
w101.oracleGeneral.bin.zst,oracleGeneral,lhd,OBL,538630062,53863006208,0.01,0.6831,0.9311,3587707,./results/cp_wss01_prefetch_ext/logs/w101.oracleGeneral.bin.zst__lhd__OBL__538630062.log,ok
w102.oracleGeneral.bin.zst,oracleGeneral,arc,none,82209991,8220999168,0.01,0.2496,0.4591,3558215,./results/cp_wss01_prefetch_ext/logs/w102.oracleGeneral.bin.zst__arc__noprefetch__82209991.log,ok
w102.oracleGeneral.bin.zst,oracleGeneral,arc,OBL,82209991,8220999168,0.01,0.2496,0.4591,3558215,./results/cp_wss01_prefetch_ext/logs/w102.oracleGeneral.bin.zst__arc__OBL__82209991.log,ok
w102.oracleGeneral.bin.zst,oracleGeneral,gdsf,none,82209991,8220999168,0.01,0.2382,0.6424,3558215,./results/cp_wss01_prefetch_ext/logs/w102.oracleGeneral.bin.zst__gdsf__noprefetch__82209991.log,ok
w102.oracleGeneral.bin.zst,oracleGeneral,lhd,none,82209991,8220999168,0.01,0.2280,0.6026,3558215,./results/cp_wss01_prefetch_ext/logs/w102.oracleGeneral.bin.zst__lhd__noprefetch__82209991.log,ok
w102.oracleGeneral.bin.zst,oracleGeneral,lhd,Mithril,82209991,8220999168,0.01,0.2280,0.6026,3558215,./results/cp_wss01_prefetch_ext/logs/w102.oracleGeneral.bin.zst__lhd__Mithril__82209991.log,ok
w102.oracleGeneral.bin.zst,oracleGeneral,lhd,OBL,82209991,8220999168,0.01,0.2280,0.6026,3558215,./results/cp_wss01_prefetch_ext/logs/w102.oracleGeneral.bin.zst__lhd__OBL__82209991.log,ok
w102.oracleGeneral.bin.zst,oracleGeneral,lhd,PG,82209991,8220999168,0.01,0.2280,0.6026,3558215,./results/cp_wss01_prefetch_ext/logs/w102.oracleGeneral.bin.zst__lhd__PG__82209991.log,ok
w102.oracleGeneral.bin.zst,oracleGeneral,gdsf,OBL,82209991,8220999168,0.01,0.2382,0.6424,3558215,./results/cp_wss01_prefetch_ext/logs/w102.oracleGeneral.bin.zst__gdsf__OBL__82209991.log,ok
w103.oracleGeneral.bin.zst,oracleGeneral,s3fifo,none,81957002,8195700224,0.01,0.3289,0.4334,3442094,./results/cp_wss01_prefetch_ext/logs/w103.oracleGeneral.bin.zst__s3fifo__noprefetch__81957002.log,ok
w102.oracleGeneral.bin.zst,oracleGeneral,gdsf,PG,82209991,8220999168,0.01,0.2382,0.6424,3558215,./results/cp_wss01_prefetch_ext/logs/w102.oracleGeneral.bin.zst__gdsf__PG__82209991.log,ok
w103.oracleGeneral.bin.zst,oracleGeneral,s3fifo,OBL,81957002,8195700224,0.01,0.3289,0.4334,3442094,./results/cp_wss01_prefetch_ext/logs/w103.oracleGeneral.bin.zst__s3fifo__OBL__81957002.log,ok
w103.oracleGeneral.bin.zst,oracleGeneral,s3fifo,PG,81957002,8195700224,0.01,0.3289,0.4334,3442094,./results/cp_wss01_prefetch_ext/logs/w103.oracleGeneral.bin.zst__s3fifo__PG__81957002.log,ok
w103.oracleGeneral.bin.zst,oracleGeneral,s3fifo,Mithril,81957002,8195700224,0.01,0.3289,0.4334,3442094,./results/cp_wss01_prefetch_ext/logs/w103.oracleGeneral.bin.zst__s3fifo__Mithril__81957002.log,ok
w103.oracleGeneral.bin.zst,oracleGeneral,arc,Mithril,81957002,8195700224,0.01,,,,./results/cp_wss01_prefetch_ext/logs/w103.oracleGeneral.bin.zst__arc__Mithril__81957002.log,fail:134
w103.oracleGeneral.bin.zst,oracleGeneral,arc,none,81957002,8195700224,0.01,0.3372,0.4433,3442094,./results/cp_wss01_prefetch_ext/logs/w103.oracleGeneral.bin.zst__arc__noprefetch__81957002.log,ok
w103.oracleGeneral.bin.zst,oracleGeneral,arc,PG,81957002,8195700224,0.01,,,,./results/cp_wss01_prefetch_ext/logs/w103.oracleGeneral.bin.zst__arc__PG__81957002.log,fail:134
w103.oracleGeneral.bin.zst,oracleGeneral,arc,OBL,81957002,8195700224,0.01,0.3372,0.4433,3442094,./results/cp_wss01_prefetch_ext/logs/w103.oracleGeneral.bin.zst__arc__OBL__81957002.log,ok
w103.oracleGeneral.bin.zst,oracleGeneral,gdsf,none,81957002,8195700224,0.01,0.2982,0.4847,3442094,./results/cp_wss01_prefetch_ext/logs/w103.oracleGeneral.bin.zst__gdsf__noprefetch__81957002.log,ok
w101.oracleGeneral.bin.zst,oracleGeneral,gdsf,Mithril,538630062,53863006208,0.01,0.6842,0.9244,3587707,./results/cp_wss01_prefetch_ext/logs/w101.oracleGeneral.bin.zst__gdsf__Mithril__538630062.log,ok
w103.oracleGeneral.bin.zst,oracleGeneral,gdsf,OBL,81957002,8195700224,0.01,0.2982,0.4847,3442094,./results/cp_wss01_prefetch_ext/logs/w103.oracleGeneral.bin.zst__gdsf__OBL__81957002.log,ok
w103.oracleGeneral.bin.zst,oracleGeneral,gdsf,PG,81957002,8195700224,0.01,0.2982,0.4847,3442094,./results/cp_wss01_prefetch_ext/logs/w103.oracleGeneral.bin.zst__gdsf__PG__81957002.log,ok
w103.oracleGeneral.bin.zst,oracleGeneral,lhd,none,81957002,8195700224,0.01,0.3013,0.5878,3442094,./results/cp_wss01_prefetch_ext/logs/w103.oracleGeneral.bin.zst__lhd__noprefetch__81957002.log,ok
w103.oracleGeneral.bin.zst,oracleGeneral,lhd,PG,81957002,8195700224,0.01,0.3013,0.5878,3442094,./results/cp_wss01_prefetch_ext/logs/w103.oracleGeneral.bin.zst__lhd__PG__81957002.log,ok
w103.oracleGeneral.bin.zst,oracleGeneral,lhd,Mithril,81957002,8195700224,0.01,0.3013,0.5878,3442094,./results/cp_wss01_prefetch_ext/logs/w103.oracleGeneral.bin.zst__lhd__Mithril__81957002.log,ok
w102.oracleGeneral.bin.zst,oracleGeneral,gdsf,Mithril,82209991,8220999168,0.01,0.2382,0.6424,3558215,./results/cp_wss01_prefetch_ext/logs/w102.oracleGeneral.bin.zst__gdsf__Mithril__82209991.log,ok
w103.oracleGeneral.bin.zst,oracleGeneral,lhd,OBL,81957002,8195700224,0.01,0.3022,0.5915,3442094,./results/cp_wss01_prefetch_ext/logs/w103.oracleGeneral.bin.zst__lhd__OBL__81957002.log,ok
w104.oracleGeneral.bin.zst,oracleGeneral,s3fifo,none,495889285,49588928512,0.01,0.8702,0.9482,3395553,./results/cp_wss01_prefetch_ext/logs/w104.oracleGeneral.bin.zst__s3fifo__noprefetch__495889285.log,ok
w08.oracleGeneral.bin.zst,oracleGeneral,lhd,none,10882320288,1088232028864,0.01,0.8174,0.9802,44464937,./results/cp_wss01_prefetch_ext/logs/w08.oracleGeneral.bin.zst__lhd__noprefetch__10882320288.log,ok
w104.oracleGeneral.bin.zst,oracleGeneral,s3fifo,PG,495889285,49588928512,0.01,0.8702,0.9482,3395553,./results/cp_wss01_prefetch_ext/logs/w104.oracleGeneral.bin.zst__s3fifo__PG__495889285.log,ok
w104.oracleGeneral.bin.zst,oracleGeneral,arc,none,495889285,49588928512,0.01,0.8953,0.9580,3395553,./results/cp_wss01_prefetch_ext/logs/w104.oracleGeneral.bin.zst__arc__noprefetch__495889285.log,ok
w104.oracleGeneral.bin.zst,oracleGeneral,s3fifo,Mithril,495889285,49588928512,0.01,0.8702,0.9482,3395553,./results/cp_wss01_prefetch_ext/logs/w104.oracleGeneral.bin.zst__s3fifo__Mithril__495889285.log,ok
w104.oracleGeneral.bin.zst,oracleGeneral,arc,Mithril,495889285,49588928512,0.01,,,,./results/cp_wss01_prefetch_ext/logs/w104.oracleGeneral.bin.zst__arc__Mithril__495889285.log,fail:134
w104.oracleGeneral.bin.zst,oracleGeneral,s3fifo,OBL,495889285,49588928512,0.01,0.8702,0.9482,3395553,./results/cp_wss01_prefetch_ext/logs/w104.oracleGeneral.bin.zst__s3fifo__OBL__495889285.log,ok
w104.oracleGeneral.bin.zst,oracleGeneral,arc,OBL,495889285,49588928512,0.01,0.8942,0.9579,3395553,./results/cp_wss01_prefetch_ext/logs/w104.oracleGeneral.bin.zst__arc__OBL__495889285.log,ok
w104.oracleGeneral.bin.zst,oracleGeneral,gdsf,none,495889285,49588928512,0.01,0.8792,0.9587,3395553,./results/cp_wss01_prefetch_ext/logs/w104.oracleGeneral.bin.zst__gdsf__noprefetch__495889285.log,ok
w09.oracleGeneral.bin.zst,oracleGeneral,gdsf,none,11338699714,1133869971456,0.01,0.5128,0.7498,49622929,./results/cp_wss01_prefetch_ext/logs/w09.oracleGeneral.bin.zst__gdsf__noprefetch__11338699714.log,ok
w104.oracleGeneral.bin.zst,oracleGeneral,gdsf,OBL,495889285,49588928512,0.01,0.8792,0.9587,3395553,./results/cp_wss01_prefetch_ext/logs/w104.oracleGeneral.bin.zst__gdsf__OBL__495889285.log,ok
w103.oracleGeneral.bin.zst,oracleGeneral,gdsf,Mithril,81957002,8195700224,0.01,0.2982,0.4847,3442094,./results/cp_wss01_prefetch_ext/logs/w103.oracleGeneral.bin.zst__gdsf__Mithril__81957002.log,ok
w08.oracleGeneral.bin.zst,oracleGeneral,lhd,Mithril,10882320288,1088232028864,0.01,0.8163,0.9801,44464937,./results/cp_wss01_prefetch_ext/logs/w08.oracleGeneral.bin.zst__lhd__Mithril__10882320288.log,ok
w104.oracleGeneral.bin.zst,oracleGeneral,arc,PG,495889285,49588928512,0.01,0.8951,0.9579,3395553,./results/cp_wss01_prefetch_ext/logs/w104.oracleGeneral.bin.zst__arc__PG__495889285.log,ok
w104.oracleGeneral.bin.zst,oracleGeneral,gdsf,PG,495889285,49588928512,0.01,0.8792,0.9587,3395553,./results/cp_wss01_prefetch_ext/logs/w104.oracleGeneral.bin.zst__gdsf__PG__495889285.log,ok
w08.oracleGeneral.bin.zst,oracleGeneral,lhd,PG,10882320288,1088232028864,0.01,0.8185,0.9804,44464937,./results/cp_wss01_prefetch_ext/logs/w08.oracleGeneral.bin.zst__lhd__PG__10882320288.log,ok
w105.oracleGeneral.bin.zst,oracleGeneral,s3fifo,none,185571020,18557102080,0.01,0.7438,0.9393,3375344,./results/cp_wss01_prefetch_ext/logs/w105.oracleGeneral.bin.zst__s3fifo__noprefetch__185571020.log,ok
w08.oracleGeneral.bin.zst,oracleGeneral,lhd,OBL,10882320288,1088232028864,0.01,0.8197,0.9802,44464937,./results/cp_wss01_prefetch_ext/logs/w08.oracleGeneral.bin.zst__lhd__OBL__10882320288.log,ok
w105.oracleGeneral.bin.zst,oracleGeneral,s3fifo,PG,185571020,18557102080,0.01,0.7438,0.9393,3375344,./results/cp_wss01_prefetch_ext/logs/w105.oracleGeneral.bin.zst__s3fifo__PG__185571020.log,ok
w105.oracleGeneral.bin.zst,oracleGeneral,s3fifo,Mithril,185571020,18557102080,0.01,0.7438,0.9393,3375344,./results/cp_wss01_prefetch_ext/logs/w105.oracleGeneral.bin.zst__s3fifo__Mithril__185571020.log,ok
w105.oracleGeneral.bin.zst,oracleGeneral,arc,Mithril,185571020,18557102080,0.01,,,,./results/cp_wss01_prefetch_ext/logs/w105.oracleGeneral.bin.zst__arc__Mithril__185571020.log,fail:134
w105.oracleGeneral.bin.zst,oracleGeneral,s3fifo,OBL,185571020,18557102080,0.01,0.7438,0.9393,3375344,./results/cp_wss01_prefetch_ext/logs/w105.oracleGeneral.bin.zst__s3fifo__OBL__185571020.log,ok
w105.oracleGeneral.bin.zst,oracleGeneral,arc,none,185571020,18557102080,0.01,0.7632,0.9421,3375344,./results/cp_wss01_prefetch_ext/logs/w105.oracleGeneral.bin.zst__arc__noprefetch__185571020.log,ok
w104.oracleGeneral.bin.zst,oracleGeneral,lhd,none,495889285,49588928512,0.01,0.8826,0.9608,3395553,./results/cp_wss01_prefetch_ext/logs/w104.oracleGeneral.bin.zst__lhd__noprefetch__495889285.log,ok
w105.oracleGeneral.bin.zst,oracleGeneral,gdsf,none,185571020,18557102080,0.01,0.7770,0.9534,3375344,./results/cp_wss01_prefetch_ext/logs/w105.oracleGeneral.bin.zst__gdsf__noprefetch__185571020.log,ok
w104.oracleGeneral.bin.zst,oracleGeneral,lhd,Mithril,495889285,49588928512,0.01,0.8826,0.9608,3395553,./results/cp_wss01_prefetch_ext/logs/w104.oracleGeneral.bin.zst__lhd__Mithril__495889285.log,ok
w105.oracleGeneral.bin.zst,oracleGeneral,arc,OBL,185571020,18557102080,0.01,0.7630,0.9421,3375344,./results/cp_wss01_prefetch_ext/logs/w105.oracleGeneral.bin.zst__arc__OBL__185571020.log,ok
w104.oracleGeneral.bin.zst,oracleGeneral,lhd,PG,495889285,49588928512,0.01,0.8821,0.9606,3395553,./results/cp_wss01_prefetch_ext/logs/w104.oracleGeneral.bin.zst__lhd__PG__495889285.log,ok
w105.oracleGeneral.bin.zst,oracleGeneral,gdsf,OBL,185571020,18557102080,0.01,0.7770,0.9534,3375344,./results/cp_wss01_prefetch_ext/logs/w105.oracleGeneral.bin.zst__gdsf__OBL__185571020.log,ok
w106.oracleGeneral.bin.zst,oracleGeneral,s3fifo,none,47230131,4723013120,0.01,0.2636,0.3916,3275919,./results/cp_wss01_prefetch_ext/logs/w106.oracleGeneral.bin.zst__s3fifo__noprefetch__47230131.log,ok
w105.oracleGeneral.bin.zst,oracleGeneral,arc,PG,185571020,18557102080,0.01,0.7625,0.9422,3375344,./results/cp_wss01_prefetch_ext/logs/w105.oracleGeneral.bin.zst__arc__PG__185571020.log,ok
w106.oracleGeneral.bin.zst,oracleGeneral,s3fifo,Mithril,47230131,4723013120,0.01,0.2636,0.3916,3275919,./results/cp_wss01_prefetch_ext/logs/w106.oracleGeneral.bin.zst__s3fifo__Mithril__47230131.log,ok
w104.oracleGeneral.bin.zst,oracleGeneral,lhd,OBL,495889285,49588928512,0.01,0.8821,0.9606,3395553,./results/cp_wss01_prefetch_ext/logs/w104.oracleGeneral.bin.zst__lhd__OBL__495889285.log,ok
w106.oracleGeneral.bin.zst,oracleGeneral,s3fifo,PG,47230131,4723013120,0.01,0.2636,0.3916,3275919,./results/cp_wss01_prefetch_ext/logs/w106.oracleGeneral.bin.zst__s3fifo__PG__47230131.log,ok
w105.oracleGeneral.bin.zst,oracleGeneral,gdsf,PG,185571020,18557102080,0.01,0.7770,0.9534,3375344,./results/cp_wss01_prefetch_ext/logs/w105.oracleGeneral.bin.zst__gdsf__PG__185571020.log,ok
w106.oracleGeneral.bin.zst,oracleGeneral,arc,Mithril,47230131,4723013120,0.01,,,,./results/cp_wss01_prefetch_ext/logs/w106.oracleGeneral.bin.zst__arc__Mithril__47230131.log,fail:134
w106.oracleGeneral.bin.zst,oracleGeneral,s3fifo,OBL,47230131,4723013120,0.01,0.2636,0.3916,3275919,./results/cp_wss01_prefetch_ext/logs/w106.oracleGeneral.bin.zst__s3fifo__OBL__47230131.log,ok
w106.oracleGeneral.bin.zst,oracleGeneral,arc,OBL,47230131,4723013120,0.01,0.2706,0.3957,3275919,./results/cp_wss01_prefetch_ext/logs/w106.oracleGeneral.bin.zst__arc__OBL__47230131.log,ok
w106.oracleGeneral.bin.zst,oracleGeneral,arc,PG,47230131,4723013120,0.01,,,,./results/cp_wss01_prefetch_ext/logs/w106.oracleGeneral.bin.zst__arc__PG__47230131.log,fail:134
w106.oracleGeneral.bin.zst,oracleGeneral,arc,none,47230131,4723013120,0.01,0.2706,0.3957,3275919,./results/cp_wss01_prefetch_ext/logs/w106.oracleGeneral.bin.zst__arc__noprefetch__47230131.log,ok
w105.oracleGeneral.bin.zst,oracleGeneral,lhd,Mithril,185571020,18557102080,0.01,0.7667,0.9548,3375344,./results/cp_wss01_prefetch_ext/logs/w105.oracleGeneral.bin.zst__lhd__Mithril__185571020.log,ok
w106.oracleGeneral.bin.zst,oracleGeneral,gdsf,none,47230131,4723013120,0.01,0.2413,0.4301,3275919,./results/cp_wss01_prefetch_ext/logs/w106.oracleGeneral.bin.zst__gdsf__noprefetch__47230131.log,ok
w104.oracleGeneral.bin.zst,oracleGeneral,gdsf,Mithril,495889285,49588928512,0.01,0.8792,0.9587,3395553,./results/cp_wss01_prefetch_ext/logs/w104.oracleGeneral.bin.zst__gdsf__Mithril__495889285.log,ok
w105.oracleGeneral.bin.zst,oracleGeneral,lhd,none,185571020,18557102080,0.01,0.7667,0.9548,3375344,./results/cp_wss01_prefetch_ext/logs/w105.oracleGeneral.bin.zst__lhd__noprefetch__185571020.log,ok
w106.oracleGeneral.bin.zst,oracleGeneral,lhd,none,47230131,4723013120,0.01,0.2643,0.4532,3275919,./results/cp_wss01_prefetch_ext/logs/w106.oracleGeneral.bin.zst__lhd__noprefetch__47230131.log,ok
w106.oracleGeneral.bin.zst,oracleGeneral,gdsf,OBL,47230131,4723013120,0.01,0.2413,0.4301,3275919,./results/cp_wss01_prefetch_ext/logs/w106.oracleGeneral.bin.zst__gdsf__OBL__47230131.log,ok
w106.oracleGeneral.bin.zst,oracleGeneral,lhd,Mithril,47230131,4723013120,0.01,0.2643,0.4532,3275919,./results/cp_wss01_prefetch_ext/logs/w106.oracleGeneral.bin.zst__lhd__Mithril__47230131.log,ok
w105.oracleGeneral.bin.zst,oracleGeneral,lhd,OBL,185571020,18557102080,0.01,0.7662,0.9548,3375344,./results/cp_wss01_prefetch_ext/logs/w105.oracleGeneral.bin.zst__lhd__OBL__185571020.log,ok
w105.oracleGeneral.bin.zst,oracleGeneral,lhd,PG,185571020,18557102080,0.01,0.7667,0.9548,3375344,./results/cp_wss01_prefetch_ext/logs/w105.oracleGeneral.bin.zst__lhd__PG__185571020.log,ok
w106.oracleGeneral.bin.zst,oracleGeneral,lhd,PG,47230131,4723013120,0.01,0.2643,0.4532,3275919,./results/cp_wss01_prefetch_ext/logs/w106.oracleGeneral.bin.zst__lhd__PG__47230131.log,ok
w106.oracleGeneral.bin.zst,oracleGeneral,lhd,OBL,47230131,4723013120,0.01,0.2643,0.4532,3275919,./results/cp_wss01_prefetch_ext/logs/w106.oracleGeneral.bin.zst__lhd__OBL__47230131.log,ok
w09.oracleGeneral.bin.zst,oracleGeneral,gdsf,OBL,11338699714,1133869971456,0.01,0.5128,0.7498,49622929,./results/cp_wss01_prefetch_ext/logs/w09.oracleGeneral.bin.zst__gdsf__OBL__11338699714.log,ok
w106.oracleGeneral.bin.zst,oracleGeneral,gdsf,PG,47230131,4723013120,0.01,0.2413,0.4301,3275919,./results/cp_wss01_prefetch_ext/logs/w106.oracleGeneral.bin.zst__gdsf__PG__47230131.log,ok
w106.oracleGeneral.bin.zst,oracleGeneral,gdsf,Mithril,47230131,4723013120,0.01,0.2413,0.4301,3275919,./results/cp_wss01_prefetch_ext/logs/w106.oracleGeneral.bin.zst__gdsf__Mithril__47230131.log,ok
w09.oracleGeneral.bin.zst,oracleGeneral,arc,PG,11338699714,1133869971456,0.01,0.5640,0.7727,49622929,./results/cp_wss01_prefetch_ext/logs/w09.oracleGeneral.bin.zst__arc__PG__11338699714.log,ok
w10.oracleGeneral.bin.zst,oracleGeneral,arc,Mithril,15674001459,1567400145920,0.01,,,,./results/cp_wss01_prefetch_ext/logs/w10.oracleGeneral.bin.zst__arc__Mithril__15674001459.log,fail:134
w105.oracleGeneral.bin.zst,oracleGeneral,gdsf,Mithril,185571020,18557102080,0.01,0.7770,0.9534,3375344,./results/cp_wss01_prefetch_ext/logs/w105.oracleGeneral.bin.zst__gdsf__Mithril__185571020.log,ok
w09.oracleGeneral.bin.zst,oracleGeneral,lhd,none,11338699714,1133869971456,0.01,0.5304,0.7709,49622929,./results/cp_wss01_prefetch_ext/logs/w09.oracleGeneral.bin.zst__lhd__noprefetch__11338699714.log,ok
w09.oracleGeneral.bin.zst,oracleGeneral,lhd,PG,11338699714,1133869971456,0.01,0.5258,0.7584,49622929,./results/cp_wss01_prefetch_ext/logs/w09.oracleGeneral.bin.zst__lhd__PG__11338699714.log,ok
w09.oracleGeneral.bin.zst,oracleGeneral,lhd,Mithril,11338699714,1133869971456,0.01,0.5258,0.7584,49622929,./results/cp_wss01_prefetch_ext/logs/w09.oracleGeneral.bin.zst__lhd__Mithril__11338699714.log,ok
w09.oracleGeneral.bin.zst,oracleGeneral,lhd,OBL,11338699714,1133869971456,0.01,0.5238,0.7557,49622929,./results/cp_wss01_prefetch_ext/logs/w09.oracleGeneral.bin.zst__lhd__OBL__11338699714.log,ok
w10.oracleGeneral.bin.zst,oracleGeneral,arc,none,15674001459,1567400145920,0.01,0.6750,0.8854,48342350,./results/cp_wss01_prefetch_ext/logs/w10.oracleGeneral.bin.zst__arc__noprefetch__15674001459.log,ok
w10.oracleGeneral.bin.zst,oracleGeneral,arc,OBL,15674001459,1567400145920,0.01,0.6750,0.8854,48342350,./results/cp_wss01_prefetch_ext/logs/w10.oracleGeneral.bin.zst__arc__OBL__15674001459.log,ok
w10.oracleGeneral.bin.zst,oracleGeneral,s3fifo,none,15674001459,1567400145920,0.01,0.6076,0.8774,48342350,./results/cp_wss01_prefetch_ext/logs/w10.oracleGeneral.bin.zst__s3fifo__noprefetch__15674001459.log,ok
w10.oracleGeneral.bin.zst,oracleGeneral,s3fifo,OBL,15674001459,1567400145920,0.01,0.6076,0.8774,48342350,./results/cp_wss01_prefetch_ext/logs/w10.oracleGeneral.bin.zst__s3fifo__OBL__15674001459.log,ok
w09.oracleGeneral.bin.zst,oracleGeneral,gdsf,PG,11338699714,1133869971456,0.01,0.5128,0.7498,49622929,./results/cp_wss01_prefetch_ext/logs/w09.oracleGeneral.bin.zst__gdsf__PG__11338699714.log,ok
w11.oracleGeneral.bin.zst,oracleGeneral,arc,Mithril,812875520,81287552000,0.01,,,,./results/cp_wss01_prefetch_ext/logs/w11.oracleGeneral.bin.zst__arc__Mithril__812875520.log,fail:134
w10.oracleGeneral.bin.zst,oracleGeneral,s3fifo,PG,15674001459,1567400145920,0.01,0.6076,0.8774,48342350,./results/cp_wss01_prefetch_ext/logs/w10.oracleGeneral.bin.zst__s3fifo__PG__15674001459.log,ok
w10.oracleGeneral.bin.zst,oracleGeneral,s3fifo,Mithril,15674001459,1567400145920,0.01,0.6076,0.8774,48342350,./results/cp_wss01_prefetch_ext/logs/w10.oracleGeneral.bin.zst__s3fifo__Mithril__15674001459.log,ok
w11.oracleGeneral.bin.zst,oracleGeneral,s3fifo,PG,812875520,81287552000,0.01,0.9287,0.8050,46173369,./results/cp_wss01_prefetch_ext/logs/w11.oracleGeneral.bin.zst__s3fifo__PG__812875520.log,ok
w11.oracleGeneral.bin.zst,oracleGeneral,s3fifo,none,812875520,81287552000,0.01,0.9287,0.8050,46173369,./results/cp_wss01_prefetch_ext/logs/w11.oracleGeneral.bin.zst__s3fifo__noprefetch__812875520.log,ok
w11.oracleGeneral.bin.zst,oracleGeneral,s3fifo,Mithril,812875520,81287552000,0.01,0.9287,0.8050,46173369,./results/cp_wss01_prefetch_ext/logs/w11.oracleGeneral.bin.zst__s3fifo__Mithril__812875520.log,ok
w11.oracleGeneral.bin.zst,oracleGeneral,s3fifo,OBL,812875520,81287552000,0.01,0.9287,0.8050,46173369,./results/cp_wss01_prefetch_ext/logs/w11.oracleGeneral.bin.zst__s3fifo__OBL__812875520.log,ok
w11.oracleGeneral.bin.zst,oracleGeneral,arc,none,812875520,81287552000,0.01,0.9183,0.8019,46173369,./results/cp_wss01_prefetch_ext/logs/w11.oracleGeneral.bin.zst__arc__noprefetch__812875520.log,ok
w11.oracleGeneral.bin.zst,oracleGeneral,arc,PG,812875520,81287552000,0.01,,,,./results/cp_wss01_prefetch_ext/logs/w11.oracleGeneral.bin.zst__arc__PG__812875520.log,fail:134
w12.oracleGeneral.bin.zst,oracleGeneral,s3fifo,none,81788380,8178838016,0.01,0.0619,0.1468,45355529,./results/cp_wss01_prefetch_ext/logs/w12.oracleGeneral.bin.zst__s3fifo__noprefetch__81788380.log,ok
w11.oracleGeneral.bin.zst,oracleGeneral,arc,OBL,812875520,81287552000,0.01,0.9183,0.8019,46173369,./results/cp_wss01_prefetch_ext/logs/w11.oracleGeneral.bin.zst__arc__OBL__812875520.log,ok
w12.oracleGeneral.bin.zst,oracleGeneral,s3fifo,Mithril,81788380,8178838016,0.01,0.0619,0.1468,45355529,./results/cp_wss01_prefetch_ext/logs/w12.oracleGeneral.bin.zst__s3fifo__Mithril__81788380.log,ok
w12.oracleGeneral.bin.zst,oracleGeneral,s3fifo,OBL,81788380,8178838016,0.01,0.0619,0.1468,45355529,./results/cp_wss01_prefetch_ext/logs/w12.oracleGeneral.bin.zst__s3fifo__OBL__81788380.log,ok
w12.oracleGeneral.bin.zst,oracleGeneral,s3fifo,PG,81788380,8178838016,0.01,0.0619,0.1468,45355529,./results/cp_wss01_prefetch_ext/logs/w12.oracleGeneral.bin.zst__s3fifo__PG__81788380.log,ok
w10.oracleGeneral.bin.zst,oracleGeneral,arc,PG,15674001459,1567400145920,0.01,0.6816,0.8857,48342350,./results/cp_wss01_prefetch_ext/logs/w10.oracleGeneral.bin.zst__arc__PG__15674001459.log,ok
w12.oracleGeneral.bin.zst,oracleGeneral,arc,Mithril,81788380,8178838016,0.01,,,,./results/cp_wss01_prefetch_ext/logs/w12.oracleGeneral.bin.zst__arc__Mithril__81788380.log,fail:134
w12.oracleGeneral.bin.zst,oracleGeneral,arc,PG,81788380,8178838016,0.01,,,,./results/cp_wss01_prefetch_ext/logs/w12.oracleGeneral.bin.zst__arc__PG__81788380.log,fail:134
w11.oracleGeneral.bin.zst,oracleGeneral,gdsf,none,812875520,81287552000,0.01,0.8474,0.8997,46173369,./results/cp_wss01_prefetch_ext/logs/w11.oracleGeneral.bin.zst__gdsf__noprefetch__812875520.log,ok
w10.oracleGeneral.bin.zst,oracleGeneral,gdsf,OBL,15674001459,1567400145920,0.01,0.5820,0.8838,48342350,./results/cp_wss01_prefetch_ext/logs/w10.oracleGeneral.bin.zst__gdsf__OBL__15674001459.log,ok
w12.oracleGeneral.bin.zst,oracleGeneral,arc,none,81788380,8178838016,0.01,0.0695,0.1598,45355529,./results/cp_wss01_prefetch_ext/logs/w12.oracleGeneral.bin.zst__arc__noprefetch__81788380.log,ok
w10.oracleGeneral.bin.zst,oracleGeneral,lhd,Mithril,15674001459,1567400145920,0.01,0.6129,0.9165,48342350,./results/cp_wss01_prefetch_ext/logs/w10.oracleGeneral.bin.zst__lhd__Mithril__15674001459.log,ok
w10.oracleGeneral.bin.zst,oracleGeneral,gdsf,none,15674001459,1567400145920,0.01,0.5820,0.8838,48342350,./results/cp_wss01_prefetch_ext/logs/w10.oracleGeneral.bin.zst__gdsf__noprefetch__15674001459.log,ok
w12.oracleGeneral.bin.zst,oracleGeneral,arc,OBL,81788380,8178838016,0.01,0.0694,0.1596,45355529,./results/cp_wss01_prefetch_ext/logs/w12.oracleGeneral.bin.zst__arc__OBL__81788380.log,ok
w10.oracleGeneral.bin.zst,oracleGeneral,lhd,none,15674001459,1567400145920,0.01,0.6129,0.9165,48342350,./results/cp_wss01_prefetch_ext/logs/w10.oracleGeneral.bin.zst__lhd__noprefetch__15674001459.log,ok
w11.oracleGeneral.bin.zst,oracleGeneral,gdsf,OBL,812875520,81287552000,0.01,0.8474,0.8997,46173369,./results/cp_wss01_prefetch_ext/logs/w11.oracleGeneral.bin.zst__gdsf__OBL__812875520.log,ok
w10.oracleGeneral.bin.zst,oracleGeneral,lhd,PG,15674001459,1567400145920,0.01,0.6131,0.9162,48342350,./results/cp_wss01_prefetch_ext/logs/w10.oracleGeneral.bin.zst__lhd__PG__15674001459.log,ok
w12.oracleGeneral.bin.zst,oracleGeneral,lhd,none,81788380,8178838016,0.01,0.0480,0.1706,45355529,./results/cp_wss01_prefetch_ext/logs/w12.oracleGeneral.bin.zst__lhd__noprefetch__81788380.log,ok
w10.oracleGeneral.bin.zst,oracleGeneral,lhd,OBL,15674001459,1567400145920,0.01,0.6118,0.9169,48342350,./results/cp_wss01_prefetch_ext/logs/w10.oracleGeneral.bin.zst__lhd__OBL__15674001459.log,ok
w12.oracleGeneral.bin.zst,oracleGeneral,gdsf,none,81788380,8178838016,0.01,0.0605,0.1831,45355529,./results/cp_wss01_prefetch_ext/logs/w12.oracleGeneral.bin.zst__gdsf__noprefetch__81788380.log,ok
w12.oracleGeneral.bin.zst,oracleGeneral,lhd,PG,81788380,8178838016,0.01,0.0487,0.1690,45355529,./results/cp_wss01_prefetch_ext/logs/w12.oracleGeneral.bin.zst__lhd__PG__81788380.log,ok
w12.oracleGeneral.bin.zst,oracleGeneral,lhd,Mithril,81788380,8178838016,0.01,0.0483,0.1700,45355529,./results/cp_wss01_prefetch_ext/logs/w12.oracleGeneral.bin.zst__lhd__Mithril__81788380.log,ok
w12.oracleGeneral.bin.zst,oracleGeneral,lhd,OBL,81788380,8178838016,0.01,0.0488,0.1687,45355529,./results/cp_wss01_prefetch_ext/logs/w12.oracleGeneral.bin.zst__lhd__OBL__81788380.log,ok
w13.oracleGeneral.bin.zst,oracleGeneral,arc,Mithril,2035458703,203545870336,0.01,,,,./results/cp_wss01_prefetch_ext/logs/w13.oracleGeneral.bin.zst__arc__Mithril__2035458703.log,fail:134
w05.oracleGeneral.bin.zst,oracleGeneral,gdsf,Mithril,15429059020,1542905902080,0.01,0.7932,0.9559,73034546,./results/cp_wss01_prefetch_ext/logs/w05.oracleGeneral.bin.zst__gdsf__Mithril__15429059020.log,ok
w12.oracleGeneral.bin.zst,oracleGeneral,gdsf,OBL,81788380,8178838016,0.01,0.0605,0.1831,45355529,./results/cp_wss01_prefetch_ext/logs/w12.oracleGeneral.bin.zst__gdsf__OBL__81788380.log,ok
w12.oracleGeneral.bin.zst,oracleGeneral,gdsf,PG,81788380,8178838016,0.01,0.0605,0.1831,45355529,./results/cp_wss01_prefetch_ext/logs/w12.oracleGeneral.bin.zst__gdsf__PG__81788380.log,ok
w11.oracleGeneral.bin.zst,oracleGeneral,gdsf,PG,812875520,81287552000,0.01,0.8474,0.8997,46173369,./results/cp_wss01_prefetch_ext/logs/w11.oracleGeneral.bin.zst__gdsf__PG__812875520.log,ok
w13.oracleGeneral.bin.zst,oracleGeneral,arc,PG,2035458703,203545870336,0.01,,,,./results/cp_wss01_prefetch_ext/logs/w13.oracleGeneral.bin.zst__arc__PG__2035458703.log,fail:134
w13.oracleGeneral.bin.zst,oracleGeneral,arc,none,2035458703,203545870336,0.01,0.4338,0.4063,39822877,./results/cp_wss01_prefetch_ext/logs/w13.oracleGeneral.bin.zst__arc__noprefetch__2035458703.log,ok
w13.oracleGeneral.bin.zst,oracleGeneral,s3fifo,none,2035458703,203545870336,0.01,0.4325,0.4064,39822877,./results/cp_wss01_prefetch_ext/logs/w13.oracleGeneral.bin.zst__s3fifo__noprefetch__2035458703.log,ok
w13.oracleGeneral.bin.zst,oracleGeneral,s3fifo,PG,2035458703,203545870336,0.01,0.4325,0.4064,39822877,./results/cp_wss01_prefetch_ext/logs/w13.oracleGeneral.bin.zst__s3fifo__PG__2035458703.log,ok
w13.oracleGeneral.bin.zst,oracleGeneral,s3fifo,Mithril,2035458703,203545870336,0.01,0.4325,0.4064,39822877,./results/cp_wss01_prefetch_ext/logs/w13.oracleGeneral.bin.zst__s3fifo__Mithril__2035458703.log,ok
w13.oracleGeneral.bin.zst,oracleGeneral,s3fifo,OBL,2035458703,203545870336,0.01,0.4325,0.4064,39822877,./results/cp_wss01_prefetch_ext/logs/w13.oracleGeneral.bin.zst__s3fifo__OBL__2035458703.log,ok
w13.oracleGeneral.bin.zst,oracleGeneral,arc,OBL,2035458703,203545870336,0.01,0.4338,0.4063,39822877,./results/cp_wss01_prefetch_ext/logs/w13.oracleGeneral.bin.zst__arc__OBL__2035458703.log,ok
w12.oracleGeneral.bin.zst,oracleGeneral,gdsf,Mithril,81788380,8178838016,0.01,,,,./results/cp_wss01_prefetch_ext/logs/w12.oracleGeneral.bin.zst__gdsf__Mithril__81788380.log,fail:134
w09.oracleGeneral.bin.zst,oracleGeneral,gdsf,Mithril,11338699714,1133869971456,0.01,0.5128,0.7498,49622929,./results/cp_wss01_prefetch_ext/logs/w09.oracleGeneral.bin.zst__gdsf__Mithril__11338699714.log,ok
w11.oracleGeneral.bin.zst,oracleGeneral,lhd,none,812875520,81287552000,0.01,0.7948,0.9346,46173369,./results/cp_wss01_prefetch_ext/logs/w11.oracleGeneral.bin.zst__lhd__noprefetch__812875520.log,ok
w11.oracleGeneral.bin.zst,oracleGeneral,lhd,Mithril,812875520,81287552000,0.01,0.7943,0.9343,46173369,./results/cp_wss01_prefetch_ext/logs/w11.oracleGeneral.bin.zst__lhd__Mithril__812875520.log,ok
w14.oracleGeneral.bin.zst,oracleGeneral,s3fifo,none,7574074664,757407466496,0.01,0.5324,0.8459,34816425,./results/cp_wss01_prefetch_ext/logs/w14.oracleGeneral.bin.zst__s3fifo__noprefetch__7574074664.log,ok
w14.oracleGeneral.bin.zst,oracleGeneral,s3fifo,Mithril,7574074664,757407466496,0.01,0.5324,0.8459,34816425,./results/cp_wss01_prefetch_ext/logs/w14.oracleGeneral.bin.zst__s3fifo__Mithril__7574074664.log,ok
w14.oracleGeneral.bin.zst,oracleGeneral,arc,Mithril,7574074664,757407466496,0.01,,,,./results/cp_wss01_prefetch_ext/logs/w14.oracleGeneral.bin.zst__arc__Mithril__7574074664.log,fail:134
w14.oracleGeneral.bin.zst,oracleGeneral,arc,none,7574074664,757407466496,0.01,0.5635,0.8768,34816425,./results/cp_wss01_prefetch_ext/logs/w14.oracleGeneral.bin.zst__arc__noprefetch__7574074664.log,ok
w14.oracleGeneral.bin.zst,oracleGeneral,s3fifo,OBL,7574074664,757407466496,0.01,0.5324,0.8459,34816425,./results/cp_wss01_prefetch_ext/logs/w14.oracleGeneral.bin.zst__s3fifo__OBL__7574074664.log,ok
w14.oracleGeneral.bin.zst,oracleGeneral,s3fifo,PG,7574074664,757407466496,0.01,0.5324,0.8459,34816425,./results/cp_wss01_prefetch_ext/logs/w14.oracleGeneral.bin.zst__s3fifo__PG__7574074664.log,ok
w11.oracleGeneral.bin.zst,oracleGeneral,lhd,PG,812875520,81287552000,0.01,0.7945,0.9343,46173369,./results/cp_wss01_prefetch_ext/logs/w11.oracleGeneral.bin.zst__lhd__PG__812875520.log,ok
w13.oracleGeneral.bin.zst,oracleGeneral,gdsf,none,2035458703,203545870336,0.01,0.4344,0.4514,39822877,./results/cp_wss01_prefetch_ext/logs/w13.oracleGeneral.bin.zst__gdsf__noprefetch__2035458703.log,ok
w10.oracleGeneral.bin.zst,oracleGeneral,gdsf,PG,15674001459,1567400145920,0.01,0.5820,0.8838,48342350,./results/cp_wss01_prefetch_ext/logs/w10.oracleGeneral.bin.zst__gdsf__PG__15674001459.log,ok
w14.oracleGeneral.bin.zst,oracleGeneral,arc,OBL,7574074664,757407466496,0.01,0.5635,0.8769,34816425,./results/cp_wss01_prefetch_ext/logs/w14.oracleGeneral.bin.zst__arc__OBL__7574074664.log,ok
w11.oracleGeneral.bin.zst,oracleGeneral,lhd,OBL,812875520,81287552000,0.01,0.7938,0.9346,46173369,./results/cp_wss01_prefetch_ext/logs/w11.oracleGeneral.bin.zst__lhd__OBL__812875520.log,ok
w13.oracleGeneral.bin.zst,oracleGeneral,gdsf,OBL,2035458703,203545870336,0.01,0.4344,0.4514,39822877,./results/cp_wss01_prefetch_ext/logs/w13.oracleGeneral.bin.zst__gdsf__OBL__2035458703.log,ok
w13.oracleGeneral.bin.zst,oracleGeneral,lhd,none,2035458703,203545870336,0.01,0.3968,0.4037,39822877,./results/cp_wss01_prefetch_ext/logs/w13.oracleGeneral.bin.zst__lhd__noprefetch__2035458703.log,ok
w13.oracleGeneral.bin.zst,oracleGeneral,lhd,Mithril,2035458703,203545870336,0.01,0.3973,0.4045,39822877,./results/cp_wss01_prefetch_ext/logs/w13.oracleGeneral.bin.zst__lhd__Mithril__2035458703.log,ok
w13.oracleGeneral.bin.zst,oracleGeneral,lhd,OBL,2035458703,203545870336,0.01,0.3969,0.4035,39822877,./results/cp_wss01_prefetch_ext/logs/w13.oracleGeneral.bin.zst__lhd__OBL__2035458703.log,ok
w13.oracleGeneral.bin.zst,oracleGeneral,lhd,PG,2035458703,203545870336,0.01,0.3969,0.4035,39822877,./results/cp_wss01_prefetch_ext/logs/w13.oracleGeneral.bin.zst__lhd__PG__2035458703.log,ok
w14.oracleGeneral.bin.zst,oracleGeneral,gdsf,none,7574074664,757407466496,0.01,0.5127,0.8411,34816425,./results/cp_wss01_prefetch_ext/logs/w14.oracleGeneral.bin.zst__gdsf__noprefetch__7574074664.log,ok
w13.oracleGeneral.bin.zst,oracleGeneral,gdsf,PG,2035458703,203545870336,0.01,0.4344,0.4514,39822877,./results/cp_wss01_prefetch_ext/logs/w13.oracleGeneral.bin.zst__gdsf__PG__2035458703.log,ok
w15.oracleGeneral.bin.zst,oracleGeneral,arc,none,670033495,67003349504,0.01,0.9685,0.9655,33628757,./results/cp_wss01_prefetch_ext/logs/w15.oracleGeneral.bin.zst__arc__noprefetch__670033495.log,ok
w14.oracleGeneral.bin.zst,oracleGeneral,gdsf,OBL,7574074664,757407466496,0.01,0.5127,0.8411,34816425,./results/cp_wss01_prefetch_ext/logs/w14.oracleGeneral.bin.zst__gdsf__OBL__7574074664.log,ok
w15.oracleGeneral.bin.zst,oracleGeneral,s3fifo,none,670033495,67003349504,0.01,0.9559,0.9614,33628757,./results/cp_wss01_prefetch_ext/logs/w15.oracleGeneral.bin.zst__s3fifo__noprefetch__670033495.log,ok
w15.oracleGeneral.bin.zst,oracleGeneral,s3fifo,PG,670033495,67003349504,0.01,0.9559,0.9614,33628757,./results/cp_wss01_prefetch_ext/logs/w15.oracleGeneral.bin.zst__s3fifo__PG__670033495.log,ok
w07.oracleGeneral.bin.zst,oracleGeneral,gdsf,Mithril,1467303429,146730342912,0.01,0.5778,0.7856,67427405,./results/cp_wss01_prefetch_ext/logs/w07.oracleGeneral.bin.zst__gdsf__Mithril__1467303429.log,ok
w15.oracleGeneral.bin.zst,oracleGeneral,arc,OBL,670033495,67003349504,0.01,0.9685,0.9655,33628757,./results/cp_wss01_prefetch_ext/logs/w15.oracleGeneral.bin.zst__arc__OBL__670033495.log,ok
w15.oracleGeneral.bin.zst,oracleGeneral,arc,Mithril,670033495,67003349504,0.01,,,,./results/cp_wss01_prefetch_ext/logs/w15.oracleGeneral.bin.zst__arc__Mithril__670033495.log,fail:134
w15.oracleGeneral.bin.zst,oracleGeneral,s3fifo,Mithril,670033495,67003349504,0.01,0.9559,0.9614,33628757,./results/cp_wss01_prefetch_ext/logs/w15.oracleGeneral.bin.zst__s3fifo__Mithril__670033495.log,ok
w15.oracleGeneral.bin.zst,oracleGeneral,s3fifo,OBL,670033495,67003349504,0.01,0.9559,0.9614,33628757,./results/cp_wss01_prefetch_ext/logs/w15.oracleGeneral.bin.zst__s3fifo__OBL__670033495.log,ok
w14.oracleGeneral.bin.zst,oracleGeneral,lhd,none,7574074664,757407466496,0.01,0.5265,0.8569,34816425,./results/cp_wss01_prefetch_ext/logs/w14.oracleGeneral.bin.zst__lhd__noprefetch__7574074664.log,ok
w14.oracleGeneral.bin.zst,oracleGeneral,lhd,OBL,7574074664,757407466496,0.01,0.5274,0.8586,34816425,./results/cp_wss01_prefetch_ext/logs/w14.oracleGeneral.bin.zst__lhd__OBL__7574074664.log,ok
w14.oracleGeneral.bin.zst,oracleGeneral,lhd,PG,7574074664,757407466496,0.01,0.5274,0.8586,34816425,./results/cp_wss01_prefetch_ext/logs/w14.oracleGeneral.bin.zst__lhd__PG__7574074664.log,ok
w14.oracleGeneral.bin.zst,oracleGeneral,arc,PG,7574074664,757407466496,0.01,0.5631,0.8733,34816425,./results/cp_wss01_prefetch_ext/logs/w14.oracleGeneral.bin.zst__arc__PG__7574074664.log,ok
w14.oracleGeneral.bin.zst,oracleGeneral,lhd,Mithril,7574074664,757407466496,0.01,0.5233,0.8472,34816425,./results/cp_wss01_prefetch_ext/logs/w14.oracleGeneral.bin.zst__lhd__Mithril__7574074664.log,ok
w15.oracleGeneral.bin.zst,oracleGeneral,gdsf,none,670033495,67003349504,0.01,0.9742,0.9807,33628757,./results/cp_wss01_prefetch_ext/logs/w15.oracleGeneral.bin.zst__gdsf__noprefetch__670033495.log,ok
w16.oracleGeneral.bin.zst,oracleGeneral,arc,Mithril,930699735,93069973504,0.01,,,,./results/cp_wss01_prefetch_ext/logs/w16.oracleGeneral.bin.zst__arc__Mithril__930699735.log,fail:134
w15.oracleGeneral.bin.zst,oracleGeneral,arc,PG,670033495,67003349504,0.01,0.9586,0.9606,33628757,./results/cp_wss01_prefetch_ext/logs/w15.oracleGeneral.bin.zst__arc__PG__670033495.log,ok
w15.oracleGeneral.bin.zst,oracleGeneral,gdsf,OBL,670033495,67003349504,0.01,0.9742,0.9807,33628757,./results/cp_wss01_prefetch_ext/logs/w15.oracleGeneral.bin.zst__gdsf__OBL__670033495.log,ok
w16.oracleGeneral.bin.zst,oracleGeneral,arc,none,930699735,93069973504,0.01,0.8065,0.7522,26702188,./results/cp_wss01_prefetch_ext/logs/w16.oracleGeneral.bin.zst__arc__noprefetch__930699735.log,ok
w16.oracleGeneral.bin.zst,oracleGeneral,arc,OBL,930699735,93069973504,0.01,0.8027,0.7527,26702188,./results/cp_wss01_prefetch_ext/logs/w16.oracleGeneral.bin.zst__arc__OBL__930699735.log,ok
w14.oracleGeneral.bin.zst,oracleGeneral,gdsf,PG,7574074664,757407466496,0.01,0.5127,0.8411,34816425,./results/cp_wss01_prefetch_ext/logs/w14.oracleGeneral.bin.zst__gdsf__PG__7574074664.log,ok
w15.oracleGeneral.bin.zst,oracleGeneral,gdsf,PG,670033495,67003349504,0.01,0.9742,0.9807,33628757,./results/cp_wss01_prefetch_ext/logs/w15.oracleGeneral.bin.zst__gdsf__PG__670033495.log,ok
w16.oracleGeneral.bin.zst,oracleGeneral,s3fifo,none,930699735,93069973504,0.01,0.7988,0.7390,26702188,./results/cp_wss01_prefetch_ext/logs/w16.oracleGeneral.bin.zst__s3fifo__noprefetch__930699735.log,ok
w16.oracleGeneral.bin.zst,oracleGeneral,s3fifo,Mithril,930699735,93069973504,0.01,0.7988,0.7390,26702188,./results/cp_wss01_prefetch_ext/logs/w16.oracleGeneral.bin.zst__s3fifo__Mithril__930699735.log,ok
w16.oracleGeneral.bin.zst,oracleGeneral,s3fifo,PG,930699735,93069973504,0.01,0.7988,0.7390,26702188,./results/cp_wss01_prefetch_ext/logs/w16.oracleGeneral.bin.zst__s3fifo__PG__930699735.log,ok
w16.oracleGeneral.bin.zst,oracleGeneral,s3fifo,OBL,930699735,93069973504,0.01,0.7988,0.7390,26702188,./results/cp_wss01_prefetch_ext/logs/w16.oracleGeneral.bin.zst__s3fifo__OBL__930699735.log,ok
w16.oracleGeneral.bin.zst,oracleGeneral,arc,PG,930699735,93069973504,0.01,0.8061,0.7520,26702188,./results/cp_wss01_prefetch_ext/logs/w16.oracleGeneral.bin.zst__arc__PG__930699735.log,ok
w16.oracleGeneral.bin.zst,oracleGeneral,gdsf,none,930699735,93069973504,0.01,0.7911,0.8242,26702188,./results/cp_wss01_prefetch_ext/logs/w16.oracleGeneral.bin.zst__gdsf__noprefetch__930699735.log,ok
w16.oracleGeneral.bin.zst,oracleGeneral,gdsf,OBL,930699735,93069973504,0.01,0.7911,0.8242,26702188,./results/cp_wss01_prefetch_ext/logs/w16.oracleGeneral.bin.zst__gdsf__OBL__930699735.log,ok
w17.oracleGeneral.bin.zst,oracleGeneral,s3fifo,none,479192642,47919264256,0.01,0.3109,0.3780,31398089,./results/cp_wss01_prefetch_ext/logs/w17.oracleGeneral.bin.zst__s3fifo__noprefetch__479192642.log,ok
w17.oracleGeneral.bin.zst,oracleGeneral,arc,Mithril,479192642,47919264256,0.01,,,,./results/cp_wss01_prefetch_ext/logs/w17.oracleGeneral.bin.zst__arc__Mithril__479192642.log,fail:134
w17.oracleGeneral.bin.zst,oracleGeneral,arc,PG,479192642,47919264256,0.01,,,,./results/cp_wss01_prefetch_ext/logs/w17.oracleGeneral.bin.zst__arc__PG__479192642.log,fail:134
w17.oracleGeneral.bin.zst,oracleGeneral,s3fifo,Mithril,479192642,47919264256,0.01,0.3109,0.3780,31398089,./results/cp_wss01_prefetch_ext/logs/w17.oracleGeneral.bin.zst__s3fifo__Mithril__479192642.log,ok
w17.oracleGeneral.bin.zst,oracleGeneral,s3fifo,PG,479192642,47919264256,0.01,0.3109,0.3780,31398089,./results/cp_wss01_prefetch_ext/logs/w17.oracleGeneral.bin.zst__s3fifo__PG__479192642.log,ok
w17.oracleGeneral.bin.zst,oracleGeneral,s3fifo,OBL,479192642,47919264256,0.01,0.3109,0.3780,31398089,./results/cp_wss01_prefetch_ext/logs/w17.oracleGeneral.bin.zst__s3fifo__OBL__479192642.log,ok
w17.oracleGeneral.bin.zst,oracleGeneral,arc,none,479192642,47919264256,0.01,0.3291,0.3930,31398089,./results/cp_wss01_prefetch_ext/logs/w17.oracleGeneral.bin.zst__arc__noprefetch__479192642.log,ok
w15.oracleGeneral.bin.zst,oracleGeneral,lhd,none,670033495,67003349504,0.01,0.9718,0.9848,33628757,./results/cp_wss01_prefetch_ext/logs/w15.oracleGeneral.bin.zst__lhd__noprefetch__670033495.log,ok
w16.oracleGeneral.bin.zst,oracleGeneral,gdsf,PG,930699735,93069973504,0.01,0.7911,0.8242,26702188,./results/cp_wss01_prefetch_ext/logs/w16.oracleGeneral.bin.zst__gdsf__PG__930699735.log,ok
w16.oracleGeneral.bin.zst,oracleGeneral,lhd,none,930699735,93069973504,0.01,0.7915,0.8463,26702188,./results/cp_wss01_prefetch_ext/logs/w16.oracleGeneral.bin.zst__lhd__noprefetch__930699735.log,ok
w15.oracleGeneral.bin.zst,oracleGeneral,lhd,Mithril,670033495,67003349504,0.01,0.9677,0.9828,33628757,./results/cp_wss01_prefetch_ext/logs/w15.oracleGeneral.bin.zst__lhd__Mithril__670033495.log,ok
w17.oracleGeneral.bin.zst,oracleGeneral,arc,OBL,479192642,47919264256,0.01,0.3283,0.3925,31398089,./results/cp_wss01_prefetch_ext/logs/w17.oracleGeneral.bin.zst__arc__OBL__479192642.log,ok
w16.oracleGeneral.bin.zst,oracleGeneral,lhd,PG,930699735,93069973504,0.01,0.7947,0.8413,26702188,./results/cp_wss01_prefetch_ext/logs/w16.oracleGeneral.bin.zst__lhd__PG__930699735.log,ok
w16.oracleGeneral.bin.zst,oracleGeneral,lhd,Mithril,930699735,93069973504,0.01,0.7921,0.8467,26702188,./results/cp_wss01_prefetch_ext/logs/w16.oracleGeneral.bin.zst__lhd__Mithril__930699735.log,ok
w15.oracleGeneral.bin.zst,oracleGeneral,lhd,PG,670033495,67003349504,0.01,0.9679,0.9830,33628757,./results/cp_wss01_prefetch_ext/logs/w15.oracleGeneral.bin.zst__lhd__PG__670033495.log,ok
w15.oracleGeneral.bin.zst,oracleGeneral,lhd,OBL,670033495,67003349504,0.01,0.9679,0.9830,33628757,./results/cp_wss01_prefetch_ext/logs/w15.oracleGeneral.bin.zst__lhd__OBL__670033495.log,ok
w16.oracleGeneral.bin.zst,oracleGeneral,lhd,OBL,930699735,93069973504,0.01,0.7932,0.8440,26702188,./results/cp_wss01_prefetch_ext/logs/w16.oracleGeneral.bin.zst__lhd__OBL__930699735.log,ok
w17.oracleGeneral.bin.zst,oracleGeneral,gdsf,none,479192642,47919264256,0.01,0.3163,0.4706,31398089,./results/cp_wss01_prefetch_ext/logs/w17.oracleGeneral.bin.zst__gdsf__noprefetch__479192642.log,ok
w18.oracleGeneral.bin.zst,oracleGeneral,arc,Mithril,743396669,74339666944,0.01,,,,./results/cp_wss01_prefetch_ext/logs/w18.oracleGeneral.bin.zst__arc__Mithril__743396669.log,fail:134
w18.oracleGeneral.bin.zst,oracleGeneral,s3fifo,Mithril,743396669,74339666944,0.01,0.6957,0.6685,22466283,./results/cp_wss01_prefetch_ext/logs/w18.oracleGeneral.bin.zst__s3fifo__Mithril__743396669.log,ok
w18.oracleGeneral.bin.zst,oracleGeneral,s3fifo,none,743396669,74339666944,0.01,0.6957,0.6685,22466283,./results/cp_wss01_prefetch_ext/logs/w18.oracleGeneral.bin.zst__s3fifo__noprefetch__743396669.log,ok
w18.oracleGeneral.bin.zst,oracleGeneral,arc,PG,743396669,74339666944,0.01,,,,./results/cp_wss01_prefetch_ext/logs/w18.oracleGeneral.bin.zst__arc__PG__743396669.log,fail:134
w18.oracleGeneral.bin.zst,oracleGeneral,arc,none,743396669,74339666944,0.01,0.7164,0.6970,22466283,./results/cp_wss01_prefetch_ext/logs/w18.oracleGeneral.bin.zst__arc__noprefetch__743396669.log,ok
w18.oracleGeneral.bin.zst,oracleGeneral,s3fifo,PG,743396669,74339666944,0.01,0.6957,0.6685,22466283,./results/cp_wss01_prefetch_ext/logs/w18.oracleGeneral.bin.zst__s3fifo__PG__743396669.log,ok
w18.oracleGeneral.bin.zst,oracleGeneral,arc,OBL,743396669,74339666944,0.01,0.7126,0.6966,22466283,./results/cp_wss01_prefetch_ext/logs/w18.oracleGeneral.bin.zst__arc__OBL__743396669.log,ok
w18.oracleGeneral.bin.zst,oracleGeneral,s3fifo,OBL,743396669,74339666944,0.01,0.6957,0.6685,22466283,./results/cp_wss01_prefetch_ext/logs/w18.oracleGeneral.bin.zst__s3fifo__OBL__743396669.log,ok
w16.oracleGeneral.bin.zst,oracleGeneral,gdsf,Mithril,930699735,93069973504,0.01,0.7911,0.8242,26702188,./results/cp_wss01_prefetch_ext/logs/w16.oracleGeneral.bin.zst__gdsf__Mithril__930699735.log,ok
w01.oracleGeneral.bin.zst,oracleGeneral,lhd,none,6859525155,685952515584,0.01,0.8345,0.8398,215796257,./results/cp_wss01_prefetch_ext/logs/w01.oracleGeneral.bin.zst__lhd__noprefetch__6859525155.log,ok
w17.oracleGeneral.bin.zst,oracleGeneral,gdsf,OBL,479192642,47919264256,0.01,0.3163,0.4706,31398089,./results/cp_wss01_prefetch_ext/logs/w17.oracleGeneral.bin.zst__gdsf__OBL__479192642.log,ok
w17.oracleGeneral.bin.zst,oracleGeneral,lhd,none,479192642,47919264256,0.01,0.2838,0.4369,31398089,./results/cp_wss01_prefetch_ext/logs/w17.oracleGeneral.bin.zst__lhd__noprefetch__479192642.log,ok
w17.oracleGeneral.bin.zst,oracleGeneral,lhd,OBL,479192642,47919264256,0.01,0.2835,0.4392,31398089,./results/cp_wss01_prefetch_ext/logs/w17.oracleGeneral.bin.zst__lhd__OBL__479192642.log,ok
w17.oracleGeneral.bin.zst,oracleGeneral,lhd,Mithril,479192642,47919264256,0.01,0.2831,0.4413,31398089,./results/cp_wss01_prefetch_ext/logs/w17.oracleGeneral.bin.zst__lhd__Mithril__479192642.log,ok
w01.oracleGeneral.bin.zst,oracleGeneral,lhd,Mithril,6859525155,685952515584,0.01,0.8345,0.8398,215796257,./results/cp_wss01_prefetch_ext/logs/w01.oracleGeneral.bin.zst__lhd__Mithril__6859525155.log,ok
w17.oracleGeneral.bin.zst,oracleGeneral,lhd,PG,479192642,47919264256,0.01,0.2838,0.4383,31398089,./results/cp_wss01_prefetch_ext/logs/w17.oracleGeneral.bin.zst__lhd__PG__479192642.log,ok
w08.oracleGeneral.bin.zst,oracleGeneral,gdsf,Mithril,10882320288,1088232028864,0.01,0.8608,0.9733,44464937,./results/cp_wss01_prefetch_ext/logs/w08.oracleGeneral.bin.zst__gdsf__Mithril__10882320288.log,ok
w18.oracleGeneral.bin.zst,oracleGeneral,gdsf,none,743396669,74339666944,0.01,0.6784,0.7755,22466283,./results/cp_wss01_prefetch_ext/logs/w18.oracleGeneral.bin.zst__gdsf__noprefetch__743396669.log,ok
w15.oracleGeneral.bin.zst,oracleGeneral,gdsf,Mithril,670033495,67003349504,0.01,0.9742,0.9807,33628757,./results/cp_wss01_prefetch_ext/logs/w15.oracleGeneral.bin.zst__gdsf__Mithril__670033495.log,ok
w19.oracleGeneral.bin.zst,oracleGeneral,arc,PG,386807680,38680768000,0.01,,,,./results/cp_wss01_prefetch_ext/logs/w19.oracleGeneral.bin.zst__arc__PG__386807680.log,fail:134
w01.oracleGeneral.bin.zst,oracleGeneral,lhd,PG,6859525155,685952515584,0.01,0.8345,0.8398,215796257,./results/cp_wss01_prefetch_ext/logs/w01.oracleGeneral.bin.zst__lhd__PG__6859525155.log,ok
w17.oracleGeneral.bin.zst,oracleGeneral,gdsf,PG,479192642,47919264256,0.01,0.3163,0.4706,31398089,./results/cp_wss01_prefetch_ext/logs/w17.oracleGeneral.bin.zst__gdsf__PG__479192642.log,ok
w18.oracleGeneral.bin.zst,oracleGeneral,gdsf,OBL,743396669,74339666944,0.01,0.6784,0.7755,22466283,./results/cp_wss01_prefetch_ext/logs/w18.oracleGeneral.bin.zst__gdsf__OBL__743396669.log,ok
w01.oracleGeneral.bin.zst,oracleGeneral,lhd,OBL,6859525155,685952515584,0.01,0.8345,0.8398,215796257,./results/cp_wss01_prefetch_ext/logs/w01.oracleGeneral.bin.zst__lhd__OBL__6859525155.log,ok
w13.oracleGeneral.bin.zst,oracleGeneral,gdsf,Mithril,2035458703,203545870336,0.01,0.4344,0.4514,39822877,./results/cp_wss01_prefetch_ext/logs/w13.oracleGeneral.bin.zst__gdsf__Mithril__2035458703.log,ok
w18.oracleGeneral.bin.zst,oracleGeneral,gdsf,PG,743396669,74339666944,0.01,0.6784,0.7755,22466283,./results/cp_wss01_prefetch_ext/logs/w18.oracleGeneral.bin.zst__gdsf__PG__743396669.log,ok
w19.oracleGeneral.bin.zst,oracleGeneral,arc,none,386807680,38680768000,0.01,0.9618,0.9821,31116216,./results/cp_wss01_prefetch_ext/logs/w19.oracleGeneral.bin.zst__arc__noprefetch__386807680.log,ok
w19.oracleGeneral.bin.zst,oracleGeneral,arc,OBL,386807680,38680768000,0.01,0.9618,0.9821,31116216,./results/cp_wss01_prefetch_ext/logs/w19.oracleGeneral.bin.zst__arc__OBL__386807680.log,ok
w18.oracleGeneral.bin.zst,oracleGeneral,lhd,none,743396669,74339666944,0.01,0.6766,0.8113,22466283,./results/cp_wss01_prefetch_ext/logs/w18.oracleGeneral.bin.zst__lhd__noprefetch__743396669.log,ok
w19.oracleGeneral.bin.zst,oracleGeneral,s3fifo,none,386807680,38680768000,0.01,0.8325,0.8486,31116216,./results/cp_wss01_prefetch_ext/logs/w19.oracleGeneral.bin.zst__s3fifo__noprefetch__386807680.log,ok
w19.oracleGeneral.bin.zst,oracleGeneral,s3fifo,PG,386807680,38680768000,0.01,0.8325,0.8486,31116216,./results/cp_wss01_prefetch_ext/logs/w19.oracleGeneral.bin.zst__s3fifo__PG__386807680.log,ok
w18.oracleGeneral.bin.zst,oracleGeneral,lhd,Mithril,743396669,74339666944,0.01,0.6758,0.8146,22466283,./results/cp_wss01_prefetch_ext/logs/w18.oracleGeneral.bin.zst__lhd__Mithril__743396669.log,ok
w19.oracleGeneral.bin.zst,oracleGeneral,s3fifo,OBL,386807680,38680768000,0.01,0.8325,0.8486,31116216,./results/cp_wss01_prefetch_ext/logs/w19.oracleGeneral.bin.zst__s3fifo__OBL__386807680.log,ok
w19.oracleGeneral.bin.zst,oracleGeneral,s3fifo,Mithril,386807680,38680768000,0.01,0.8325,0.8486,31116216,./results/cp_wss01_prefetch_ext/logs/w19.oracleGeneral.bin.zst__s3fifo__Mithril__386807680.log,ok
w18.oracleGeneral.bin.zst,oracleGeneral,lhd,PG,743396669,74339666944,0.01,0.6750,0.8104,22466283,./results/cp_wss01_prefetch_ext/logs/w18.oracleGeneral.bin.zst__lhd__PG__743396669.log,ok
w18.oracleGeneral.bin.zst,oracleGeneral,lhd,OBL,743396669,74339666944,0.01,0.6766,0.8127,22466283,./results/cp_wss01_prefetch_ext/logs/w18.oracleGeneral.bin.zst__lhd__OBL__743396669.log,ok
w14.oracleGeneral.bin.zst,oracleGeneral,gdsf,Mithril,7574074664,757407466496,0.01,0.5127,0.8411,34816425,./results/cp_wss01_prefetch_ext/logs/w14.oracleGeneral.bin.zst__gdsf__Mithril__7574074664.log,ok
w19.oracleGeneral.bin.zst,oracleGeneral,gdsf,none,386807680,38680768000,0.01,0.6191,0.9286,31116216,./results/cp_wss01_prefetch_ext/logs/w19.oracleGeneral.bin.zst__gdsf__noprefetch__386807680.log,ok
w19.oracleGeneral.bin.zst,oracleGeneral,gdsf,OBL,386807680,38680768000,0.01,0.6191,0.9286,31116216,./results/cp_wss01_prefetch_ext/logs/w19.oracleGeneral.bin.zst__gdsf__OBL__386807680.log,ok
w20.oracleGeneral.bin.zst,oracleGeneral,s3fifo,none,11471229905,1147122990592,0.01,0.6669,0.9265,29842317,./results/cp_wss01_prefetch_ext/logs/w20.oracleGeneral.bin.zst__s3fifo__noprefetch__11471229905.log,ok
w20.oracleGeneral.bin.zst,oracleGeneral,arc,none,11471229905,1147122990592,0.01,0.6827,0.9412,29842317,./results/cp_wss01_prefetch_ext/logs/w20.oracleGeneral.bin.zst__arc__noprefetch__11471229905.log,ok
w20.oracleGeneral.bin.zst,oracleGeneral,arc,OBL,11471229905,1147122990592,0.01,0.6827,0.9412,29842317,./results/cp_wss01_prefetch_ext/logs/w20.oracleGeneral.bin.zst__arc__OBL__11471229905.log,ok
w20.oracleGeneral.bin.zst,oracleGeneral,s3fifo,Mithril,11471229905,1147122990592,0.01,0.6669,0.9265,29842317,./results/cp_wss01_prefetch_ext/logs/w20.oracleGeneral.bin.zst__s3fifo__Mithril__11471229905.log,ok
w20.oracleGeneral.bin.zst,oracleGeneral,s3fifo,PG,11471229905,1147122990592,0.01,0.6669,0.9265,29842317,./results/cp_wss01_prefetch_ext/logs/w20.oracleGeneral.bin.zst__s3fifo__PG__11471229905.log,ok
w20.oracleGeneral.bin.zst,oracleGeneral,s3fifo,OBL,11471229905,1147122990592,0.01,0.6669,0.9265,29842317,./results/cp_wss01_prefetch_ext/logs/w20.oracleGeneral.bin.zst__s3fifo__OBL__11471229905.log,ok
w10.oracleGeneral.bin.zst,oracleGeneral,gdsf,Mithril,15674001459,1567400145920,0.01,0.5820,0.8838,48342350,./results/cp_wss01_prefetch_ext/logs/w10.oracleGeneral.bin.zst__gdsf__Mithril__15674001459.log,ok
w19.oracleGeneral.bin.zst,oracleGeneral,lhd,none,386807680,38680768000,0.01,0.5449,0.8663,31116216,./results/cp_wss01_prefetch_ext/logs/w19.oracleGeneral.bin.zst__lhd__noprefetch__386807680.log,ok
w19.oracleGeneral.bin.zst,oracleGeneral,lhd,Mithril,386807680,38680768000,0.01,0.5456,0.8658,31116216,./results/cp_wss01_prefetch_ext/logs/w19.oracleGeneral.bin.zst__lhd__Mithril__386807680.log,ok
w21.oracleGeneral.bin.zst,oracleGeneral,arc,Mithril,4009965342,400996534272,0.01,,,,./results/cp_wss01_prefetch_ext/logs/w21.oracleGeneral.bin.zst__arc__Mithril__4009965342.log,fail:134
w19.oracleGeneral.bin.zst,oracleGeneral,lhd,OBL,386807680,38680768000,0.01,0.5455,0.8660,31116216,./results/cp_wss01_prefetch_ext/logs/w19.oracleGeneral.bin.zst__lhd__OBL__386807680.log,ok
w19.oracleGeneral.bin.zst,oracleGeneral,lhd,PG,386807680,38680768000,0.01,0.5468,0.8660,31116216,./results/cp_wss01_prefetch_ext/logs/w19.oracleGeneral.bin.zst__lhd__PG__386807680.log,ok
w19.oracleGeneral.bin.zst,oracleGeneral,gdsf,PG,386807680,38680768000,0.01,0.6191,0.9286,31116216,./results/cp_wss01_prefetch_ext/logs/w19.oracleGeneral.bin.zst__gdsf__PG__386807680.log,ok
w20.oracleGeneral.bin.zst,oracleGeneral,arc,Mithril,11471229905,1147122990592,0.01,,,,./results/cp_wss01_prefetch_ext/logs/w20.oracleGeneral.bin.zst__arc__Mithril__11471229905.log,fail:134
w21.oracleGeneral.bin.zst,oracleGeneral,arc,none,4009965342,400996534272,0.01,0.9039,0.9815,29416348,./results/cp_wss01_prefetch_ext/logs/w21.oracleGeneral.bin.zst__arc__noprefetch__4009965342.log,ok
w21.oracleGeneral.bin.zst,oracleGeneral,arc,OBL,4009965342,400996534272,0.01,0.9039,0.9815,29416348,./results/cp_wss01_prefetch_ext/logs/w21.oracleGeneral.bin.zst__arc__OBL__4009965342.log,ok
w21.oracleGeneral.bin.zst,oracleGeneral,s3fifo,none,4009965342,400996534272,0.01,0.9016,0.9798,29416348,./results/cp_wss01_prefetch_ext/logs/w21.oracleGeneral.bin.zst__s3fifo__noprefetch__4009965342.log,ok
w21.oracleGeneral.bin.zst,oracleGeneral,s3fifo,OBL,4009965342,400996534272,0.01,0.9016,0.9798,29416348,./results/cp_wss01_prefetch_ext/logs/w21.oracleGeneral.bin.zst__s3fifo__OBL__4009965342.log,ok
w20.oracleGeneral.bin.zst,oracleGeneral,gdsf,none,11471229905,1147122990592,0.01,0.6672,0.9366,29842317,./results/cp_wss01_prefetch_ext/logs/w20.oracleGeneral.bin.zst__gdsf__noprefetch__11471229905.log,ok
w20.oracleGeneral.bin.zst,oracleGeneral,gdsf,OBL,11471229905,1147122990592,0.01,0.6672,0.9366,29842317,./results/cp_wss01_prefetch_ext/logs/w20.oracleGeneral.bin.zst__gdsf__OBL__11471229905.log,ok
w21.oracleGeneral.bin.zst,oracleGeneral,s3fifo,PG,4009965342,400996534272,0.01,0.9016,0.9798,29416348,./results/cp_wss01_prefetch_ext/logs/w21.oracleGeneral.bin.zst__s3fifo__PG__4009965342.log,ok
w21.oracleGeneral.bin.zst,oracleGeneral,s3fifo,Mithril,4009965342,400996534272,0.01,0.9016,0.9798,29416348,./results/cp_wss01_prefetch_ext/logs/w21.oracleGeneral.bin.zst__s3fifo__Mithril__4009965342.log,ok
w17.oracleGeneral.bin.zst,oracleGeneral,gdsf,Mithril,479192642,47919264256,0.01,0.3163,0.4706,31398089,./results/cp_wss01_prefetch_ext/logs/w17.oracleGeneral.bin.zst__gdsf__Mithril__479192642.log,ok
w21.oracleGeneral.bin.zst,oracleGeneral,gdsf,none,4009965342,400996534272,0.01,0.9087,0.9872,29416348,./results/cp_wss01_prefetch_ext/logs/w21.oracleGeneral.bin.zst__gdsf__noprefetch__4009965342.log,ok
w22.oracleGeneral.bin.zst,oracleGeneral,arc,Mithril,713576386,71357638656,0.01,,,,./results/cp_wss01_prefetch_ext/logs/w22.oracleGeneral.bin.zst__arc__Mithril__713576386.log,fail:134
w21.oracleGeneral.bin.zst,oracleGeneral,gdsf,OBL,4009965342,400996534272,0.01,0.9087,0.9872,29416348,./results/cp_wss01_prefetch_ext/logs/w21.oracleGeneral.bin.zst__gdsf__OBL__4009965342.log,ok
w20.oracleGeneral.bin.zst,oracleGeneral,lhd,none,11471229905,1147122990592,0.01,0.6724,0.9424,29842317,./results/cp_wss01_prefetch_ext/logs/w20.oracleGeneral.bin.zst__lhd__noprefetch__11471229905.log,ok
w22.oracleGeneral.bin.zst,oracleGeneral,s3fifo,none,713576386,71357638656,0.01,0.8872,0.7383,22248591,./results/cp_wss01_prefetch_ext/logs/w22.oracleGeneral.bin.zst__s3fifo__noprefetch__713576386.log,ok
w22.oracleGeneral.bin.zst,oracleGeneral,arc,none,713576386,71357638656,0.01,0.8868,0.7372,22248591,./results/cp_wss01_prefetch_ext/logs/w22.oracleGeneral.bin.zst__arc__noprefetch__713576386.log,ok
w20.oracleGeneral.bin.zst,oracleGeneral,lhd,OBL,11471229905,1147122990592,0.01,0.6729,0.9432,29842317,./results/cp_wss01_prefetch_ext/logs/w20.oracleGeneral.bin.zst__lhd__OBL__11471229905.log,ok
w22.oracleGeneral.bin.zst,oracleGeneral,s3fifo,Mithril,713576386,71357638656,0.01,0.8872,0.7383,22248591,./results/cp_wss01_prefetch_ext/logs/w22.oracleGeneral.bin.zst__s3fifo__Mithril__713576386.log,ok
w20.oracleGeneral.bin.zst,oracleGeneral,lhd,PG,11471229905,1147122990592,0.01,0.6733,0.9430,29842317,./results/cp_wss01_prefetch_ext/logs/w20.oracleGeneral.bin.zst__lhd__PG__11471229905.log,ok
w21.oracleGeneral.bin.zst,oracleGeneral,arc,PG,4009965342,400996534272,0.01,0.8947,0.9729,29416348,./results/cp_wss01_prefetch_ext/logs/w21.oracleGeneral.bin.zst__arc__PG__4009965342.log,ok
w20.oracleGeneral.bin.zst,oracleGeneral,lhd,Mithril,11471229905,1147122990592,0.01,0.6733,0.9430,29842317,./results/cp_wss01_prefetch_ext/logs/w20.oracleGeneral.bin.zst__lhd__Mithril__11471229905.log,ok
w22.oracleGeneral.bin.zst,oracleGeneral,arc,OBL,713576386,71357638656,0.01,0.8861,0.7371,22248591,./results/cp_wss01_prefetch_ext/logs/w22.oracleGeneral.bin.zst__arc__OBL__713576386.log,ok
w20.oracleGeneral.bin.zst,oracleGeneral,arc,PG,11471229905,1147122990592,0.01,0.6845,0.9352,29842317,./results/cp_wss01_prefetch_ext/logs/w20.oracleGeneral.bin.zst__arc__PG__11471229905.log,ok
w22.oracleGeneral.bin.zst,oracleGeneral,s3fifo,PG,713576386,71357638656,0.01,0.8872,0.7383,22248591,./results/cp_wss01_prefetch_ext/logs/w22.oracleGeneral.bin.zst__s3fifo__PG__713576386.log,ok
w19.oracleGeneral.bin.zst,oracleGeneral,arc,Mithril,386807680,38680768000,0.01,0.2914,0.2551,31116216,./results/cp_wss01_prefetch_ext/logs/w19.oracleGeneral.bin.zst__arc__Mithril__386807680.log,ok
w22.oracleGeneral.bin.zst,oracleGeneral,s3fifo,OBL,713576386,71357638656,0.01,0.8872,0.7383,22248591,./results/cp_wss01_prefetch_ext/logs/w22.oracleGeneral.bin.zst__s3fifo__OBL__713576386.log,ok
w22.oracleGeneral.bin.zst,oracleGeneral,gdsf,none,713576386,71357638656,0.01,0.8861,0.7616,22248591,./results/cp_wss01_prefetch_ext/logs/w22.oracleGeneral.bin.zst__gdsf__noprefetch__713576386.log,ok
w22.oracleGeneral.bin.zst,oracleGeneral,gdsf,OBL,713576386,71357638656,0.01,0.8861,0.7616,22248591,./results/cp_wss01_prefetch_ext/logs/w22.oracleGeneral.bin.zst__gdsf__OBL__713576386.log,ok
w22.oracleGeneral.bin.zst,oracleGeneral,arc,PG,713576386,71357638656,0.01,0.8867,0.7373,22248591,./results/cp_wss01_prefetch_ext/logs/w22.oracleGeneral.bin.zst__arc__PG__713576386.log,ok
w21.oracleGeneral.bin.zst,oracleGeneral,gdsf,PG,4009965342,400996534272,0.01,0.9087,0.9872,29416348,./results/cp_wss01_prefetch_ext/logs/w21.oracleGeneral.bin.zst__gdsf__PG__4009965342.log,ok
w18.oracleGeneral.bin.zst,oracleGeneral,gdsf,Mithril,743396669,74339666944,0.01,0.6784,0.7755,22466283,./results/cp_wss01_prefetch_ext/logs/w18.oracleGeneral.bin.zst__gdsf__Mithril__743396669.log,ok
w23.oracleGeneral.bin.zst,oracleGeneral,arc,none,782452787,78245278720,0.01,0.6359,0.7738,27914470,./results/cp_wss01_prefetch_ext/logs/w23.oracleGeneral.bin.zst__arc__noprefetch__782452787.log,ok
w21.oracleGeneral.bin.zst,oracleGeneral,lhd,none,4009965342,400996534272,0.01,0.9083,0.9877,29416348,./results/cp_wss01_prefetch_ext/logs/w21.oracleGeneral.bin.zst__lhd__noprefetch__4009965342.log,ok
w20.oracleGeneral.bin.zst,oracleGeneral,gdsf,PG,11471229905,1147122990592,0.01,0.6672,0.9366,29842317,./results/cp_wss01_prefetch_ext/logs/w20.oracleGeneral.bin.zst__gdsf__PG__11471229905.log,ok
w21.oracleGeneral.bin.zst,oracleGeneral,lhd,Mithril,4009965342,400996534272,0.01,0.9088,0.9878,29416348,./results/cp_wss01_prefetch_ext/logs/w21.oracleGeneral.bin.zst__lhd__Mithril__4009965342.log,ok
w23.oracleGeneral.bin.zst,oracleGeneral,arc,OBL,782452787,78245278720,0.01,0.6164,0.7696,27914470,./results/cp_wss01_prefetch_ext/logs/w23.oracleGeneral.bin.zst__arc__OBL__782452787.log,ok
w22.oracleGeneral.bin.zst,oracleGeneral,gdsf,PG,713576386,71357638656,0.01,0.8861,0.7616,22248591,./results/cp_wss01_prefetch_ext/logs/w22.oracleGeneral.bin.zst__gdsf__PG__713576386.log,ok
w21.oracleGeneral.bin.zst,oracleGeneral,lhd,PG,4009965342,400996534272,0.01,0.9063,0.9871,29416348,./results/cp_wss01_prefetch_ext/logs/w21.oracleGeneral.bin.zst__lhd__PG__4009965342.log,ok
w23.oracleGeneral.bin.zst,oracleGeneral,s3fifo,none,782452787,78245278720,0.01,0.6386,0.7734,27914470,./results/cp_wss01_prefetch_ext/logs/w23.oracleGeneral.bin.zst__s3fifo__noprefetch__782452787.log,ok
w22.oracleGeneral.bin.zst,oracleGeneral,gdsf,Mithril,713576386,71357638656,0.01,0.8861,0.7616,22248591,./results/cp_wss01_prefetch_ext/logs/w22.oracleGeneral.bin.zst__gdsf__Mithril__713576386.log,ok
w23.oracleGeneral.bin.zst,oracleGeneral,s3fifo,PG,782452787,78245278720,0.01,0.6386,0.7734,27914470,./results/cp_wss01_prefetch_ext/logs/w23.oracleGeneral.bin.zst__s3fifo__PG__782452787.log,ok
w23.oracleGeneral.bin.zst,oracleGeneral,s3fifo,Mithril,782452787,78245278720,0.01,0.6386,0.7734,27914470,./results/cp_wss01_prefetch_ext/logs/w23.oracleGeneral.bin.zst__s3fifo__Mithril__782452787.log,ok
w21.oracleGeneral.bin.zst,oracleGeneral,lhd,OBL,4009965342,400996534272,0.01,0.9081,0.9877,29416348,./results/cp_wss01_prefetch_ext/logs/w21.oracleGeneral.bin.zst__lhd__OBL__4009965342.log,ok
w23.oracleGeneral.bin.zst,oracleGeneral,s3fifo,OBL,782452787,78245278720,0.01,0.6386,0.7734,27914470,./results/cp_wss01_prefetch_ext/logs/w23.oracleGeneral.bin.zst__s3fifo__OBL__782452787.log,ok
w22.oracleGeneral.bin.zst,oracleGeneral,lhd,none,713576386,71357638656,0.01,0.8885,0.7840,22248591,./results/cp_wss01_prefetch_ext/logs/w22.oracleGeneral.bin.zst__lhd__noprefetch__713576386.log,ok
w24.oracleGeneral.bin.zst,oracleGeneral,arc,none,1007676544,100767654400,0.01,0.5795,0.7805,27165370,./results/cp_wss01_prefetch_ext/logs/w24.oracleGeneral.bin.zst__arc__noprefetch__1007676544.log,ok
w22.oracleGeneral.bin.zst,oracleGeneral,lhd,Mithril,713576386,71357638656,0.01,0.8886,0.7859,22248591,./results/cp_wss01_prefetch_ext/logs/w22.oracleGeneral.bin.zst__lhd__Mithril__713576386.log,ok
w24.oracleGeneral.bin.zst,oracleGeneral,arc,Mithril,1007676544,100767654400,0.01,,,,./results/cp_wss01_prefetch_ext/logs/w24.oracleGeneral.bin.zst__arc__Mithril__1007676544.log,fail:134
w22.oracleGeneral.bin.zst,oracleGeneral,lhd,OBL,713576386,71357638656,0.01,0.8890,0.7888,22248591,./results/cp_wss01_prefetch_ext/logs/w22.oracleGeneral.bin.zst__lhd__OBL__713576386.log,ok
w22.oracleGeneral.bin.zst,oracleGeneral,lhd,PG,713576386,71357638656,0.01,0.8887,0.7860,22248591,./results/cp_wss01_prefetch_ext/logs/w22.oracleGeneral.bin.zst__lhd__PG__713576386.log,ok
w24.oracleGeneral.bin.zst,oracleGeneral,arc,OBL,1007676544,100767654400,0.01,0.5795,0.7805,27165370,./results/cp_wss01_prefetch_ext/logs/w24.oracleGeneral.bin.zst__arc__OBL__1007676544.log,ok
w24.oracleGeneral.bin.zst,oracleGeneral,s3fifo,none,1007676544,100767654400,0.01,0.5714,0.7730,27165370,./results/cp_wss01_prefetch_ext/logs/w24.oracleGeneral.bin.zst__s3fifo__noprefetch__1007676544.log,ok
w23.oracleGeneral.bin.zst,oracleGeneral,arc,PG,782452787,78245278720,0.01,0.6330,0.7728,27914470,./results/cp_wss01_prefetch_ext/logs/w23.oracleGeneral.bin.zst__arc__PG__782452787.log,ok
w24.oracleGeneral.bin.zst,oracleGeneral,s3fifo,OBL,1007676544,100767654400,0.01,0.5714,0.7730,27165370,./results/cp_wss01_prefetch_ext/logs/w24.oracleGeneral.bin.zst__s3fifo__OBL__1007676544.log,ok
w24.oracleGeneral.bin.zst,oracleGeneral,s3fifo,PG,1007676544,100767654400,0.01,0.5714,0.7730,27165370,./results/cp_wss01_prefetch_ext/logs/w24.oracleGeneral.bin.zst__s3fifo__PG__1007676544.log,ok
w02.oracleGeneral.bin.zst,oracleGeneral,gdsf,Mithril,209842984,20984298496,0.01,0.7798,0.9802,122181000,./results/cp_wss01_prefetch_ext/logs/w02.oracleGeneral.bin.zst__gdsf__Mithril__209842984.log,ok
w23.oracleGeneral.bin.zst,oracleGeneral,gdsf,none,782452787,78245278720,0.01,0.5935,0.8180,27914470,./results/cp_wss01_prefetch_ext/logs/w23.oracleGeneral.bin.zst__gdsf__noprefetch__782452787.log,ok
w24.oracleGeneral.bin.zst,oracleGeneral,s3fifo,Mithril,1007676544,100767654400,0.01,0.5714,0.7730,27165370,./results/cp_wss01_prefetch_ext/logs/w24.oracleGeneral.bin.zst__s3fifo__Mithril__1007676544.log,ok
w23.oracleGeneral.bin.zst,oracleGeneral,gdsf,OBL,782452787,78245278720,0.01,0.5935,0.8180,27914470,./results/cp_wss01_prefetch_ext/logs/w23.oracleGeneral.bin.zst__gdsf__OBL__782452787.log,ok
w25.oracleGeneral.bin.zst,oracleGeneral,arc,Mithril,1611478266,161147826688,0.01,,,,./results/cp_wss01_prefetch_ext/logs/w25.oracleGeneral.bin.zst__arc__Mithril__1611478266.log,fail:134
w24.oracleGeneral.bin.zst,oracleGeneral,arc,PG,1007676544,100767654400,0.01,0.5783,0.7795,27165370,./results/cp_wss01_prefetch_ext/logs/w24.oracleGeneral.bin.zst__arc__PG__1007676544.log,ok
w23.oracleGeneral.bin.zst,oracleGeneral,lhd,none,782452787,78245278720,0.01,0.6248,0.8548,27914470,./results/cp_wss01_prefetch_ext/logs/w23.oracleGeneral.bin.zst__lhd__noprefetch__782452787.log,ok
w23.oracleGeneral.bin.zst,oracleGeneral,lhd,Mithril,782452787,78245278720,0.01,0.6207,0.8529,27914470,./results/cp_wss01_prefetch_ext/logs/w23.oracleGeneral.bin.zst__lhd__Mithril__782452787.log,ok
w25.oracleGeneral.bin.zst,oracleGeneral,arc,none,1611478266,161147826688,0.01,0.8924,0.9195,26569398,./results/cp_wss01_prefetch_ext/logs/w25.oracleGeneral.bin.zst__arc__noprefetch__1611478266.log,ok
w24.oracleGeneral.bin.zst,oracleGeneral,gdsf,none,1007676544,100767654400,0.01,0.5379,0.7900,27165370,./results/cp_wss01_prefetch_ext/logs/w24.oracleGeneral.bin.zst__gdsf__noprefetch__1007676544.log,ok
w23.oracleGeneral.bin.zst,oracleGeneral,lhd,PG,782452787,78245278720,0.01,0.6183,0.8520,27914470,./results/cp_wss01_prefetch_ext/logs/w23.oracleGeneral.bin.zst__lhd__PG__782452787.log,ok
w24.oracleGeneral.bin.zst,oracleGeneral,gdsf,OBL,1007676544,100767654400,0.01,0.5379,0.7900,27165370,./results/cp_wss01_prefetch_ext/logs/w24.oracleGeneral.bin.zst__gdsf__OBL__1007676544.log,ok
w25.oracleGeneral.bin.zst,oracleGeneral,arc,OBL,1611478266,161147826688,0.01,0.8900,0.9233,26569398,./results/cp_wss01_prefetch_ext/logs/w25.oracleGeneral.bin.zst__arc__OBL__1611478266.log,ok
w23.oracleGeneral.bin.zst,oracleGeneral,lhd,OBL,782452787,78245278720,0.01,0.6211,0.8538,27914470,./results/cp_wss01_prefetch_ext/logs/w23.oracleGeneral.bin.zst__lhd__OBL__782452787.log,ok
w23.oracleGeneral.bin.zst,oracleGeneral,arc,Mithril,782452787,78245278720,0.01,,,,./results/cp_wss01_prefetch_ext/logs/w23.oracleGeneral.bin.zst__arc__Mithril__782452787.log,fail:134
w25.oracleGeneral.bin.zst,oracleGeneral,s3fifo,none,1611478266,161147826688,0.01,0.8386,0.8629,26569398,./results/cp_wss01_prefetch_ext/logs/w25.oracleGeneral.bin.zst__s3fifo__noprefetch__1611478266.log,ok
w25.oracleGeneral.bin.zst,oracleGeneral,s3fifo,Mithril,1611478266,161147826688,0.01,0.8386,0.8629,26569398,./results/cp_wss01_prefetch_ext/logs/w25.oracleGeneral.bin.zst__s3fifo__Mithril__1611478266.log,ok
w23.oracleGeneral.bin.zst,oracleGeneral,gdsf,PG,782452787,78245278720,0.01,0.5935,0.8180,27914470,./results/cp_wss01_prefetch_ext/logs/w23.oracleGeneral.bin.zst__gdsf__PG__782452787.log,ok
w25.oracleGeneral.bin.zst,oracleGeneral,s3fifo,PG,1611478266,161147826688,0.01,0.8386,0.8629,26569398,./results/cp_wss01_prefetch_ext/logs/w25.oracleGeneral.bin.zst__s3fifo__PG__1611478266.log,ok
w25.oracleGeneral.bin.zst,oracleGeneral,s3fifo,OBL,1611478266,161147826688,0.01,0.8386,0.8629,26569398,./results/cp_wss01_prefetch_ext/logs/w25.oracleGeneral.bin.zst__s3fifo__OBL__1611478266.log,ok
w24.oracleGeneral.bin.zst,oracleGeneral,lhd,none,1007676544,100767654400,0.01,0.5264,0.7957,27165370,./results/cp_wss01_prefetch_ext/logs/w24.oracleGeneral.bin.zst__lhd__noprefetch__1007676544.log,ok
w26.oracleGeneral.bin.zst,oracleGeneral,arc,Mithril,1520186869,152018686976,0.01,,,,./results/cp_wss01_prefetch_ext/logs/w26.oracleGeneral.bin.zst__arc__Mithril__1520186869.log,fail:134
w25.oracleGeneral.bin.zst,oracleGeneral,gdsf,none,1611478266,161147826688,0.01,0.8644,0.9552,26569398,./results/cp_wss01_prefetch_ext/logs/w25.oracleGeneral.bin.zst__gdsf__noprefetch__1611478266.log,ok
w24.oracleGeneral.bin.zst,oracleGeneral,lhd,Mithril,1007676544,100767654400,0.01,0.5262,0.7958,27165370,./results/cp_wss01_prefetch_ext/logs/w24.oracleGeneral.bin.zst__lhd__Mithril__1007676544.log,ok
w24.oracleGeneral.bin.zst,oracleGeneral,gdsf,PG,1007676544,100767654400,0.01,0.5379,0.7900,27165370,./results/cp_wss01_prefetch_ext/logs/w24.oracleGeneral.bin.zst__gdsf__PG__1007676544.log,ok
w26.oracleGeneral.bin.zst,oracleGeneral,s3fifo,none,1520186869,152018686976,0.01,0.4790,0.6968,26532121,./results/cp_wss01_prefetch_ext/logs/w26.oracleGeneral.bin.zst__s3fifo__noprefetch__1520186869.log,ok
w24.oracleGeneral.bin.zst,oracleGeneral,lhd,PG,1007676544,100767654400,0.01,0.5289,0.7967,27165370,./results/cp_wss01_prefetch_ext/logs/w24.oracleGeneral.bin.zst__lhd__PG__1007676544.log,ok
w26.oracleGeneral.bin.zst,oracleGeneral,arc,none,1520186869,152018686976,0.01,0.5091,0.7329,26532121,./results/cp_wss01_prefetch_ext/logs/w26.oracleGeneral.bin.zst__arc__noprefetch__1520186869.log,ok
w24.oracleGeneral.bin.zst,oracleGeneral,lhd,OBL,1007676544,100767654400,0.01,0.5252,0.7952,27165370,./results/cp_wss01_prefetch_ext/logs/w24.oracleGeneral.bin.zst__lhd__OBL__1007676544.log,ok
w25.oracleGeneral.bin.zst,oracleGeneral,gdsf,OBL,1611478266,161147826688,0.01,0.8644,0.9552,26569398,./results/cp_wss01_prefetch_ext/logs/w25.oracleGeneral.bin.zst__gdsf__OBL__1611478266.log,ok
w26.oracleGeneral.bin.zst,oracleGeneral,s3fifo,Mithril,1520186869,152018686976,0.01,0.4790,0.6968,26532121,./results/cp_wss01_prefetch_ext/logs/w26.oracleGeneral.bin.zst__s3fifo__Mithril__1520186869.log,ok
w26.oracleGeneral.bin.zst,oracleGeneral,s3fifo,PG,1520186869,152018686976,0.01,0.4790,0.6968,26532121,./results/cp_wss01_prefetch_ext/logs/w26.oracleGeneral.bin.zst__s3fifo__PG__1520186869.log,ok
w26.oracleGeneral.bin.zst,oracleGeneral,arc,OBL,1520186869,152018686976,0.01,0.5091,0.7329,26532121,./results/cp_wss01_prefetch_ext/logs/w26.oracleGeneral.bin.zst__arc__OBL__1520186869.log,ok
w26.oracleGeneral.bin.zst,oracleGeneral,s3fifo,OBL,1520186869,152018686976,0.01,0.4790,0.6968,26532121,./results/cp_wss01_prefetch_ext/logs/w26.oracleGeneral.bin.zst__s3fifo__OBL__1520186869.log,ok
w27.oracleGeneral.bin.zst,oracleGeneral,s3fifo,none,489817320,48981732032,0.01,0.7161,0.6560,19501541,./results/cp_wss01_prefetch_ext/logs/w27.oracleGeneral.bin.zst__s3fifo__noprefetch__489817320.log,ok
w27.oracleGeneral.bin.zst,oracleGeneral,arc,none,489817320,48981732032,0.01,0.7577,0.7196,19501541,./results/cp_wss01_prefetch_ext/logs/w27.oracleGeneral.bin.zst__arc__noprefetch__489817320.log,ok
w27.oracleGeneral.bin.zst,oracleGeneral,arc,Mithril,489817320,48981732032,0.01,,,,./results/cp_wss01_prefetch_ext/logs/w27.oracleGeneral.bin.zst__arc__Mithril__489817320.log,fail:134
w26.oracleGeneral.bin.zst,oracleGeneral,gdsf,none,1520186869,152018686976,0.01,0.4603,0.7550,26532121,./results/cp_wss01_prefetch_ext/logs/w26.oracleGeneral.bin.zst__gdsf__noprefetch__1520186869.log,ok
w27.oracleGeneral.bin.zst,oracleGeneral,s3fifo,PG,489817320,48981732032,0.01,0.7161,0.6560,19501541,./results/cp_wss01_prefetch_ext/logs/w27.oracleGeneral.bin.zst__s3fifo__PG__489817320.log,ok
w27.oracleGeneral.bin.zst,oracleGeneral,s3fifo,Mithril,489817320,48981732032,0.01,0.7161,0.6560,19501541,./results/cp_wss01_prefetch_ext/logs/w27.oracleGeneral.bin.zst__s3fifo__Mithril__489817320.log,ok
w27.oracleGeneral.bin.zst,oracleGeneral,s3fifo,OBL,489817320,48981732032,0.01,0.7161,0.6560,19501541,./results/cp_wss01_prefetch_ext/logs/w27.oracleGeneral.bin.zst__s3fifo__OBL__489817320.log,ok
w20.oracleGeneral.bin.zst,oracleGeneral,gdsf,Mithril,11471229905,1147122990592,0.01,0.6672,0.9366,29842317,./results/cp_wss01_prefetch_ext/logs/w20.oracleGeneral.bin.zst__gdsf__Mithril__11471229905.log,ok
w25.oracleGeneral.bin.zst,oracleGeneral,lhd,none,1611478266,161147826688,0.01,0.8029,0.9343,26569398,./results/cp_wss01_prefetch_ext/logs/w25.oracleGeneral.bin.zst__lhd__noprefetch__1611478266.log,ok
w26.oracleGeneral.bin.zst,oracleGeneral,arc,PG,1520186869,152018686976,0.01,0.4924,0.7262,26532121,./results/cp_wss01_prefetch_ext/logs/w26.oracleGeneral.bin.zst__arc__PG__1520186869.log,ok
w25.oracleGeneral.bin.zst,oracleGeneral,arc,PG,1611478266,161147826688,0.01,0.7813,0.7846,26569398,./results/cp_wss01_prefetch_ext/logs/w25.oracleGeneral.bin.zst__arc__PG__1611478266.log,ok
w26.oracleGeneral.bin.zst,oracleGeneral,gdsf,OBL,1520186869,152018686976,0.01,0.4603,0.7550,26532121,./results/cp_wss01_prefetch_ext/logs/w26.oracleGeneral.bin.zst__gdsf__OBL__1520186869.log,ok
w25.oracleGeneral.bin.zst,oracleGeneral,lhd,PG,1611478266,161147826688,0.01,0.8043,0.9352,26569398,./results/cp_wss01_prefetch_ext/logs/w25.oracleGeneral.bin.zst__lhd__PG__1611478266.log,ok
w11.oracleGeneral.bin.zst,oracleGeneral,gdsf,Mithril,812875520,81287552000,0.01,0.8474,0.8997,46173369,./results/cp_wss01_prefetch_ext/logs/w11.oracleGeneral.bin.zst__gdsf__Mithril__812875520.log,ok
w25.oracleGeneral.bin.zst,oracleGeneral,lhd,Mithril,1611478266,161147826688,0.01,0.8015,0.9337,26569398,./results/cp_wss01_prefetch_ext/logs/w25.oracleGeneral.bin.zst__lhd__Mithril__1611478266.log,ok
w26.oracleGeneral.bin.zst,oracleGeneral,lhd,none,1520186869,152018686976,0.01,0.4379,0.7807,26532121,./results/cp_wss01_prefetch_ext/logs/w26.oracleGeneral.bin.zst__lhd__noprefetch__1520186869.log,ok
w27.oracleGeneral.bin.zst,oracleGeneral,arc,OBL,489817320,48981732032,0.01,0.7577,0.7196,19501541,./results/cp_wss01_prefetch_ext/logs/w27.oracleGeneral.bin.zst__arc__OBL__489817320.log,ok
w25.oracleGeneral.bin.zst,oracleGeneral,gdsf,PG,1611478266,161147826688,0.01,0.8644,0.9552,26569398,./results/cp_wss01_prefetch_ext/logs/w25.oracleGeneral.bin.zst__gdsf__PG__1611478266.log,ok
w25.oracleGeneral.bin.zst,oracleGeneral,lhd,OBL,1611478266,161147826688,0.01,0.8044,0.9347,26569398,./results/cp_wss01_prefetch_ext/logs/w25.oracleGeneral.bin.zst__lhd__OBL__1611478266.log,ok
w27.oracleGeneral.bin.zst,oracleGeneral,gdsf,none,489817320,48981732032,0.01,0.7198,0.7387,19501541,./results/cp_wss01_prefetch_ext/logs/w27.oracleGeneral.bin.zst__gdsf__noprefetch__489817320.log,ok
w27.oracleGeneral.bin.zst,oracleGeneral,gdsf,OBL,489817320,48981732032,0.01,0.7198,0.7387,19501541,./results/cp_wss01_prefetch_ext/logs/w27.oracleGeneral.bin.zst__gdsf__OBL__489817320.log,ok
w28.oracleGeneral.bin.zst,oracleGeneral,arc,Mithril,2290012592,229001259200,0.01,,,,./results/cp_wss01_prefetch_ext/logs/w28.oracleGeneral.bin.zst__arc__Mithril__2290012592.log,fail:134
w26.oracleGeneral.bin.zst,oracleGeneral,lhd,Mithril,1520186869,152018686976,0.01,0.4359,0.7811,26532121,./results/cp_wss01_prefetch_ext/logs/w26.oracleGeneral.bin.zst__lhd__Mithril__1520186869.log,ok
w26.oracleGeneral.bin.zst,oracleGeneral,lhd,OBL,1520186869,152018686976,0.01,0.4354,0.7785,26532121,./results/cp_wss01_prefetch_ext/logs/w26.oracleGeneral.bin.zst__lhd__OBL__1520186869.log,ok
w26.oracleGeneral.bin.zst,oracleGeneral,lhd,PG,1520186869,152018686976,0.01,0.4354,0.7785,26532121,./results/cp_wss01_prefetch_ext/logs/w26.oracleGeneral.bin.zst__lhd__PG__1520186869.log,ok
w28.oracleGeneral.bin.zst,oracleGeneral,arc,PG,2290012592,229001259200,0.01,,,,./results/cp_wss01_prefetch_ext/logs/w28.oracleGeneral.bin.zst__arc__PG__2290012592.log,fail:134
w27.oracleGeneral.bin.zst,oracleGeneral,arc,PG,489817320,48981732032,0.01,0.7569,0.7191,19501541,./results/cp_wss01_prefetch_ext/logs/w27.oracleGeneral.bin.zst__arc__PG__489817320.log,ok
w28.oracleGeneral.bin.zst,oracleGeneral,arc,none,2290012592,229001259200,0.01,0.7454,0.8259,19739621,./results/cp_wss01_prefetch_ext/logs/w28.oracleGeneral.bin.zst__arc__noprefetch__2290012592.log,ok
w28.oracleGeneral.bin.zst,oracleGeneral,arc,OBL,2290012592,229001259200,0.01,0.7454,0.8260,19739621,./results/cp_wss01_prefetch_ext/logs/w28.oracleGeneral.bin.zst__arc__OBL__2290012592.log,ok
w27.oracleGeneral.bin.zst,oracleGeneral,gdsf,PG,489817320,48981732032,0.01,0.7198,0.7387,19501541,./results/cp_wss01_prefetch_ext/logs/w27.oracleGeneral.bin.zst__gdsf__PG__489817320.log,ok
w26.oracleGeneral.bin.zst,oracleGeneral,gdsf,PG,1520186869,152018686976,0.01,0.4603,0.7550,26532121,./results/cp_wss01_prefetch_ext/logs/w26.oracleGeneral.bin.zst__gdsf__PG__1520186869.log,ok
w28.oracleGeneral.bin.zst,oracleGeneral,s3fifo,none,2290012592,229001259200,0.01,0.7405,0.8215,19739621,./results/cp_wss01_prefetch_ext/logs/w28.oracleGeneral.bin.zst__s3fifo__noprefetch__2290012592.log,ok
w28.oracleGeneral.bin.zst,oracleGeneral,s3fifo,PG,2290012592,229001259200,0.01,0.7405,0.8215,19739621,./results/cp_wss01_prefetch_ext/logs/w28.oracleGeneral.bin.zst__s3fifo__PG__2290012592.log,ok
w28.oracleGeneral.bin.zst,oracleGeneral,s3fifo,Mithril,2290012592,229001259200,0.01,0.7405,0.8215,19739621,./results/cp_wss01_prefetch_ext/logs/w28.oracleGeneral.bin.zst__s3fifo__Mithril__2290012592.log,ok
w28.oracleGeneral.bin.zst,oracleGeneral,s3fifo,OBL,2290012592,229001259200,0.01,0.7405,0.8215,19739621,./results/cp_wss01_prefetch_ext/logs/w28.oracleGeneral.bin.zst__s3fifo__OBL__2290012592.log,ok
w29.oracleGeneral.bin.zst,oracleGeneral,arc,Mithril,504006248,50400624832,0.01,,,,./results/cp_wss01_prefetch_ext/logs/w29.oracleGeneral.bin.zst__arc__Mithril__504006248.log,fail:134
w29.oracleGeneral.bin.zst,oracleGeneral,s3fifo,none,504006248,50400624832,0.01,0.6372,0.6261,19087784,./results/cp_wss01_prefetch_ext/logs/w29.oracleGeneral.bin.zst__s3fifo__noprefetch__504006248.log,ok
w29.oracleGeneral.bin.zst,oracleGeneral,arc,none,504006248,50400624832,0.01,0.6566,0.6654,19087784,./results/cp_wss01_prefetch_ext/logs/w29.oracleGeneral.bin.zst__arc__noprefetch__504006248.log,ok
w29.oracleGeneral.bin.zst,oracleGeneral,s3fifo,Mithril,504006248,50400624832,0.01,0.6372,0.6261,19087784,./results/cp_wss01_prefetch_ext/logs/w29.oracleGeneral.bin.zst__s3fifo__Mithril__504006248.log,ok
w29.oracleGeneral.bin.zst,oracleGeneral,s3fifo,PG,504006248,50400624832,0.01,0.6372,0.6261,19087784,./results/cp_wss01_prefetch_ext/logs/w29.oracleGeneral.bin.zst__s3fifo__PG__504006248.log,ok
w29.oracleGeneral.bin.zst,oracleGeneral,s3fifo,OBL,504006248,50400624832,0.01,0.6372,0.6261,19087784,./results/cp_wss01_prefetch_ext/logs/w29.oracleGeneral.bin.zst__s3fifo__OBL__504006248.log,ok
w29.oracleGeneral.bin.zst,oracleGeneral,arc,OBL,504006248,50400624832,0.01,0.6566,0.6654,19087784,./results/cp_wss01_prefetch_ext/logs/w29.oracleGeneral.bin.zst__arc__OBL__504006248.log,ok
w28.oracleGeneral.bin.zst,oracleGeneral,gdsf,none,2290012592,229001259200,0.01,0.5569,0.8657,19739621,./results/cp_wss01_prefetch_ext/logs/w28.oracleGeneral.bin.zst__gdsf__noprefetch__2290012592.log,ok
w27.oracleGeneral.bin.zst,oracleGeneral,lhd,PG,489817320,48981732032,0.01,0.7461,0.8388,19501541,./results/cp_wss01_prefetch_ext/logs/w27.oracleGeneral.bin.zst__lhd__PG__489817320.log,ok
w27.oracleGeneral.bin.zst,oracleGeneral,lhd,none,489817320,48981732032,0.01,0.7461,0.8388,19501541,./results/cp_wss01_prefetch_ext/logs/w27.oracleGeneral.bin.zst__lhd__noprefetch__489817320.log,ok
w27.oracleGeneral.bin.zst,oracleGeneral,lhd,OBL,489817320,48981732032,0.01,0.7398,0.8220,19501541,./results/cp_wss01_prefetch_ext/logs/w27.oracleGeneral.bin.zst__lhd__OBL__489817320.log,ok
w27.oracleGeneral.bin.zst,oracleGeneral,lhd,Mithril,489817320,48981732032,0.01,0.7461,0.8388,19501541,./results/cp_wss01_prefetch_ext/logs/w27.oracleGeneral.bin.zst__lhd__Mithril__489817320.log,ok
w28.oracleGeneral.bin.zst,oracleGeneral,gdsf,OBL,2290012592,229001259200,0.01,0.5569,0.8657,19739621,./results/cp_wss01_prefetch_ext/logs/w28.oracleGeneral.bin.zst__gdsf__OBL__2290012592.log,ok
w29.oracleGeneral.bin.zst,oracleGeneral,arc,PG,504006248,50400624832,0.01,,,,./results/cp_wss01_prefetch_ext/logs/w29.oracleGeneral.bin.zst__arc__PG__504006248.log,fail:134
w28.oracleGeneral.bin.zst,oracleGeneral,lhd,none,2290012592,229001259200,0.01,0.5919,0.8832,19739621,./results/cp_wss01_prefetch_ext/logs/w28.oracleGeneral.bin.zst__lhd__noprefetch__2290012592.log,ok
w28.oracleGeneral.bin.zst,oracleGeneral,lhd,PG,2290012592,229001259200,0.01,0.5813,0.8816,19739621,./results/cp_wss01_prefetch_ext/logs/w28.oracleGeneral.bin.zst__lhd__PG__2290012592.log,ok
w29.oracleGeneral.bin.zst,oracleGeneral,gdsf,none,504006248,50400624832,0.01,0.6346,0.6748,19087784,./results/cp_wss01_prefetch_ext/logs/w29.oracleGeneral.bin.zst__gdsf__noprefetch__504006248.log,ok
w28.oracleGeneral.bin.zst,oracleGeneral,lhd,Mithril,2290012592,229001259200,0.01,0.5822,0.8818,19739621,./results/cp_wss01_prefetch_ext/logs/w28.oracleGeneral.bin.zst__lhd__Mithril__2290012592.log,ok
w28.oracleGeneral.bin.zst,oracleGeneral,lhd,OBL,2290012592,229001259200,0.01,0.5813,0.8816,19739621,./results/cp_wss01_prefetch_ext/logs/w28.oracleGeneral.bin.zst__lhd__OBL__2290012592.log,ok
w27.oracleGeneral.bin.zst,oracleGeneral,gdsf,Mithril,489817320,48981732032,0.01,,,,./results/cp_wss01_prefetch_ext/logs/w27.oracleGeneral.bin.zst__gdsf__Mithril__489817320.log,fail:1
w19.oracleGeneral.bin.zst,oracleGeneral,gdsf,Mithril,386807680,38680768000,0.01,0.6191,0.9286,31116216,./results/cp_wss01_prefetch_ext/logs/w19.oracleGeneral.bin.zst__gdsf__Mithril__386807680.log,ok
w29.oracleGeneral.bin.zst,oracleGeneral,gdsf,OBL,504006248,50400624832,0.01,0.6346,0.6748,19087784,./results/cp_wss01_prefetch_ext/logs/w29.oracleGeneral.bin.zst__gdsf__OBL__504006248.log,ok
w30.oracleGeneral.bin.zst,oracleGeneral,arc,none,304823546,30482354688,0.01,0.6543,0.6137,21390010,./results/cp_wss01_prefetch_ext/logs/w30.oracleGeneral.bin.zst__arc__noprefetch__304823546.log,ok
w24.oracleGeneral.bin.zst,oracleGeneral,gdsf,Mithril,1007676544,100767654400,0.01,0.5379,0.7900,27165370,./results/cp_wss01_prefetch_ext/logs/w24.oracleGeneral.bin.zst__gdsf__Mithril__1007676544.log,ok
w30.oracleGeneral.bin.zst,oracleGeneral,s3fifo,none,304823546,30482354688,0.01,0.5898,0.5292,21390010,./results/cp_wss01_prefetch_ext/logs/w30.oracleGeneral.bin.zst__s3fifo__noprefetch__304823546.log,ok
w30.oracleGeneral.bin.zst,oracleGeneral,arc,OBL,304823546,30482354688,0.01,0.6543,0.6137,21390010,./results/cp_wss01_prefetch_ext/logs/w30.oracleGeneral.bin.zst__arc__OBL__304823546.log,ok
w28.oracleGeneral.bin.zst,oracleGeneral,gdsf,PG,2290012592,229001259200,0.01,0.5569,0.8657,19739621,./results/cp_wss01_prefetch_ext/logs/w28.oracleGeneral.bin.zst__gdsf__PG__2290012592.log,ok
w30.oracleGeneral.bin.zst,oracleGeneral,arc,PG,304823546,30482354688,0.01,,,,./results/cp_wss01_prefetch_ext/logs/w30.oracleGeneral.bin.zst__arc__PG__304823546.log,fail:134
w30.oracleGeneral.bin.zst,oracleGeneral,s3fifo,Mithril,304823546,30482354688,0.01,0.5898,0.5292,21390010,./results/cp_wss01_prefetch_ext/logs/w30.oracleGeneral.bin.zst__s3fifo__Mithril__304823546.log,ok
w30.oracleGeneral.bin.zst,oracleGeneral,s3fifo,PG,304823546,30482354688,0.01,0.5898,0.5292,21390010,./results/cp_wss01_prefetch_ext/logs/w30.oracleGeneral.bin.zst__s3fifo__PG__304823546.log,ok
w30.oracleGeneral.bin.zst,oracleGeneral,s3fifo,OBL,304823546,30482354688,0.01,0.5898,0.5292,21390010,./results/cp_wss01_prefetch_ext/logs/w30.oracleGeneral.bin.zst__s3fifo__OBL__304823546.log,ok
w29.oracleGeneral.bin.zst,oracleGeneral,gdsf,PG,504006248,50400624832,0.01,0.6346,0.6748,19087784,./results/cp_wss01_prefetch_ext/logs/w29.oracleGeneral.bin.zst__gdsf__PG__504006248.log,ok
w29.oracleGeneral.bin.zst,oracleGeneral,lhd,none,504006248,50400624832,0.01,0.6555,0.7743,19087784,./results/cp_wss01_prefetch_ext/logs/w29.oracleGeneral.bin.zst__lhd__noprefetch__504006248.log,ok
w31.oracleGeneral.bin.zst,oracleGeneral,arc,Mithril,28071554698,2807155469824,0.01,,,,./results/cp_wss01_prefetch_ext/logs/w31.oracleGeneral.bin.zst__arc__Mithril__28071554698.log,fail:134
w29.oracleGeneral.bin.zst,oracleGeneral,lhd,Mithril,504006248,50400624832,0.01,0.6573,0.7711,19087784,./results/cp_wss01_prefetch_ext/logs/w29.oracleGeneral.bin.zst__lhd__Mithril__504006248.log,ok
w29.oracleGeneral.bin.zst,oracleGeneral,lhd,PG,504006248,50400624832,0.01,0.6571,0.7693,19087784,./results/cp_wss01_prefetch_ext/logs/w29.oracleGeneral.bin.zst__lhd__PG__504006248.log,ok
w30.oracleGeneral.bin.zst,oracleGeneral,gdsf,none,304823546,30482354688,0.01,0.6054,0.7811,21390010,./results/cp_wss01_prefetch_ext/logs/w30.oracleGeneral.bin.zst__gdsf__noprefetch__304823546.log,ok
w31.oracleGeneral.bin.zst,oracleGeneral,arc,none,28071554698,2807155469824,0.01,0.8743,0.9803,21166982,./results/cp_wss01_prefetch_ext/logs/w31.oracleGeneral.bin.zst__arc__noprefetch__28071554698.log,ok
w29.oracleGeneral.bin.zst,oracleGeneral,lhd,OBL,504006248,50400624832,0.01,0.6575,0.7730,19087784,./results/cp_wss01_prefetch_ext/logs/w29.oracleGeneral.bin.zst__lhd__OBL__504006248.log,ok
w31.oracleGeneral.bin.zst,oracleGeneral,arc,OBL,28071554698,2807155469824,0.01,0.8743,0.9803,21166982,./results/cp_wss01_prefetch_ext/logs/w31.oracleGeneral.bin.zst__arc__OBL__28071554698.log,ok
w30.oracleGeneral.bin.zst,oracleGeneral,gdsf,OBL,304823546,30482354688,0.01,0.6054,0.7811,21390010,./results/cp_wss01_prefetch_ext/logs/w30.oracleGeneral.bin.zst__gdsf__OBL__304823546.log,ok
w31.oracleGeneral.bin.zst,oracleGeneral,s3fifo,none,28071554698,2807155469824,0.01,0.8795,0.9622,21166982,./results/cp_wss01_prefetch_ext/logs/w31.oracleGeneral.bin.zst__s3fifo__noprefetch__28071554698.log,ok
w31.oracleGeneral.bin.zst,oracleGeneral,s3fifo,Mithril,28071554698,2807155469824,0.01,0.8795,0.9622,21166982,./results/cp_wss01_prefetch_ext/logs/w31.oracleGeneral.bin.zst__s3fifo__Mithril__28071554698.log,ok
w31.oracleGeneral.bin.zst,oracleGeneral,s3fifo,PG,28071554698,2807155469824,0.01,0.8795,0.9622,21166982,./results/cp_wss01_prefetch_ext/logs/w31.oracleGeneral.bin.zst__s3fifo__PG__28071554698.log,ok
w31.oracleGeneral.bin.zst,oracleGeneral,s3fifo,OBL,28071554698,2807155469824,0.01,0.8795,0.9622,21166982,./results/cp_wss01_prefetch_ext/logs/w31.oracleGeneral.bin.zst__s3fifo__OBL__28071554698.log,ok
w30.oracleGeneral.bin.zst,oracleGeneral,lhd,none,304823546,30482354688,0.01,0.5806,0.8030,21390010,./results/cp_wss01_prefetch_ext/logs/w30.oracleGeneral.bin.zst__lhd__noprefetch__304823546.log,ok
w30.oracleGeneral.bin.zst,oracleGeneral,gdsf,PG,304823546,30482354688,0.01,0.6054,0.7811,21390010,./results/cp_wss01_prefetch_ext/logs/w30.oracleGeneral.bin.zst__gdsf__PG__304823546.log,ok
w30.oracleGeneral.bin.zst,oracleGeneral,lhd,OBL,304823546,30482354688,0.01,0.5749,0.8009,21390010,./results/cp_wss01_prefetch_ext/logs/w30.oracleGeneral.bin.zst__lhd__OBL__304823546.log,ok
w30.oracleGeneral.bin.zst,oracleGeneral,lhd,Mithril,304823546,30482354688,0.01,0.5806,0.8030,21390010,./results/cp_wss01_prefetch_ext/logs/w30.oracleGeneral.bin.zst__lhd__Mithril__304823546.log,ok
w30.oracleGeneral.bin.zst,oracleGeneral,lhd,PG,304823546,30482354688,0.01,0.5866,0.8069,21390010,./results/cp_wss01_prefetch_ext/logs/w30.oracleGeneral.bin.zst__lhd__PG__304823546.log,ok
w32.oracleGeneral.bin.zst,oracleGeneral,arc,Mithril,478672706,47867270656,0.01,,,,./results/cp_wss01_prefetch_ext/logs/w32.oracleGeneral.bin.zst__arc__Mithril__478672706.log,fail:134
w32.oracleGeneral.bin.zst,oracleGeneral,s3fifo,none,478672706,47867270656,0.01,0.7243,0.5934,20776392,./results/cp_wss01_prefetch_ext/logs/w32.oracleGeneral.bin.zst__s3fifo__noprefetch__478672706.log,ok
w32.oracleGeneral.bin.zst,oracleGeneral,arc,none,478672706,47867270656,0.01,0.7392,0.5991,20776392,./results/cp_wss01_prefetch_ext/logs/w32.oracleGeneral.bin.zst__arc__noprefetch__478672706.log,ok
w32.oracleGeneral.bin.zst,oracleGeneral,arc,PG,478672706,47867270656,0.01,,,,./results/cp_wss01_prefetch_ext/logs/w32.oracleGeneral.bin.zst__arc__PG__478672706.log,fail:134
w32.oracleGeneral.bin.zst,oracleGeneral,s3fifo,Mithril,478672706,47867270656,0.01,0.7243,0.5934,20776392,./results/cp_wss01_prefetch_ext/logs/w32.oracleGeneral.bin.zst__s3fifo__Mithril__478672706.log,ok
w32.oracleGeneral.bin.zst,oracleGeneral,s3fifo,PG,478672706,47867270656,0.01,0.7243,0.5934,20776392,./results/cp_wss01_prefetch_ext/logs/w32.oracleGeneral.bin.zst__s3fifo__PG__478672706.log,ok
w31.oracleGeneral.bin.zst,oracleGeneral,gdsf,none,28071554698,2807155469824,0.01,0.8584,0.9846,21166982,./results/cp_wss01_prefetch_ext/logs/w31.oracleGeneral.bin.zst__gdsf__noprefetch__28071554698.log,ok
w32.oracleGeneral.bin.zst,oracleGeneral,s3fifo,OBL,478672706,47867270656,0.01,0.7243,0.5934,20776392,./results/cp_wss01_prefetch_ext/logs/w32.oracleGeneral.bin.zst__s3fifo__OBL__478672706.log,ok
w32.oracleGeneral.bin.zst,oracleGeneral,arc,OBL,478672706,47867270656,0.01,0.7392,0.5991,20776392,./results/cp_wss01_prefetch_ext/logs/w32.oracleGeneral.bin.zst__arc__OBL__478672706.log,ok
w31.oracleGeneral.bin.zst,oracleGeneral,gdsf,OBL,28071554698,2807155469824,0.01,0.8584,0.9846,21166982,./results/cp_wss01_prefetch_ext/logs/w31.oracleGeneral.bin.zst__gdsf__OBL__28071554698.log,ok
w33.oracleGeneral.bin.zst,oracleGeneral,s3fifo,none,90925424,9092542464,0.01,0.1983,0.3589,19868346,./results/cp_wss01_prefetch_ext/logs/w33.oracleGeneral.bin.zst__s3fifo__noprefetch__90925424.log,ok
w33.oracleGeneral.bin.zst,oracleGeneral,s3fifo,Mithril,90925424,9092542464,0.01,0.1983,0.3589,19868346,./results/cp_wss01_prefetch_ext/logs/w33.oracleGeneral.bin.zst__s3fifo__Mithril__90925424.log,ok
w29.oracleGeneral.bin.zst,oracleGeneral,gdsf,Mithril,504006248,50400624832,0.01,,,,./results/cp_wss01_prefetch_ext/logs/w29.oracleGeneral.bin.zst__gdsf__Mithril__504006248.log,fail:1
w33.oracleGeneral.bin.zst,oracleGeneral,arc,Mithril,90925424,9092542464,0.01,,,,./results/cp_wss01_prefetch_ext/logs/w33.oracleGeneral.bin.zst__arc__Mithril__90925424.log,fail:134
w33.oracleGeneral.bin.zst,oracleGeneral,arc,PG,90925424,9092542464,0.01,,,,./results/cp_wss01_prefetch_ext/logs/w33.oracleGeneral.bin.zst__arc__PG__90925424.log,fail:134
w32.oracleGeneral.bin.zst,oracleGeneral,gdsf,none,478672706,47867270656,0.01,0.7153,0.6183,20776392,./results/cp_wss01_prefetch_ext/logs/w32.oracleGeneral.bin.zst__gdsf__noprefetch__478672706.log,ok
w33.oracleGeneral.bin.zst,oracleGeneral,s3fifo,PG,90925424,9092542464,0.01,0.1983,0.3589,19868346,./results/cp_wss01_prefetch_ext/logs/w33.oracleGeneral.bin.zst__s3fifo__PG__90925424.log,ok
w33.oracleGeneral.bin.zst,oracleGeneral,s3fifo,OBL,90925424,9092542464,0.01,0.1983,0.3589,19868346,./results/cp_wss01_prefetch_ext/logs/w33.oracleGeneral.bin.zst__s3fifo__OBL__90925424.log,ok
w33.oracleGeneral.bin.zst,oracleGeneral,arc,none,90925424,9092542464,0.01,0.2219,0.3728,19868346,./results/cp_wss01_prefetch_ext/logs/w33.oracleGeneral.bin.zst__arc__noprefetch__90925424.log,ok
w33.oracleGeneral.bin.zst,oracleGeneral,arc,OBL,90925424,9092542464,0.01,0.2219,0.3728,19868346,./results/cp_wss01_prefetch_ext/logs/w33.oracleGeneral.bin.zst__arc__OBL__90925424.log,ok
w33.oracleGeneral.bin.zst,oracleGeneral,gdsf,none,90925424,9092542464,0.01,0.1970,0.3673,19868346,./results/cp_wss01_prefetch_ext/logs/w33.oracleGeneral.bin.zst__gdsf__noprefetch__90925424.log,ok
w32.oracleGeneral.bin.zst,oracleGeneral,gdsf,OBL,478672706,47867270656,0.01,0.7153,0.6183,20776392,./results/cp_wss01_prefetch_ext/logs/w32.oracleGeneral.bin.zst__gdsf__OBL__478672706.log,ok
w28.oracleGeneral.bin.zst,oracleGeneral,gdsf,Mithril,2290012592,229001259200,0.01,0.5569,0.8657,19739621,./results/cp_wss01_prefetch_ext/logs/w28.oracleGeneral.bin.zst__gdsf__Mithril__2290012592.log,ok
w23.oracleGeneral.bin.zst,oracleGeneral,gdsf,Mithril,782452787,78245278720,0.01,0.5935,0.8180,27914470,./results/cp_wss01_prefetch_ext/logs/w23.oracleGeneral.bin.zst__gdsf__Mithril__782452787.log,ok
w33.oracleGeneral.bin.zst,oracleGeneral,lhd,none,90925424,9092542464,0.01,0.1866,0.4042,19868346,./results/cp_wss01_prefetch_ext/logs/w33.oracleGeneral.bin.zst__lhd__noprefetch__90925424.log,ok
w33.oracleGeneral.bin.zst,oracleGeneral,gdsf,OBL,90925424,9092542464,0.01,0.1970,0.3673,19868346,./results/cp_wss01_prefetch_ext/logs/w33.oracleGeneral.bin.zst__gdsf__OBL__90925424.log,ok
w31.oracleGeneral.bin.zst,oracleGeneral,lhd,none,28071554698,2807155469824,0.01,0.8720,0.9859,21166982,./results/cp_wss01_prefetch_ext/logs/w31.oracleGeneral.bin.zst__lhd__noprefetch__28071554698.log,ok
w31.oracleGeneral.bin.zst,oracleGeneral,arc,PG,28071554698,2807155469824,0.01,,,,./results/cp_wss01_prefetch_ext/logs/w31.oracleGeneral.bin.zst__arc__PG__28071554698.log,fail:134
w33.oracleGeneral.bin.zst,oracleGeneral,lhd,Mithril,90925424,9092542464,0.01,0.1866,0.4042,19868346,./results/cp_wss01_prefetch_ext/logs/w33.oracleGeneral.bin.zst__lhd__Mithril__90925424.log,ok
w33.oracleGeneral.bin.zst,oracleGeneral,lhd,OBL,90925424,9092542464,0.01,0.1864,0.4004,19868346,./results/cp_wss01_prefetch_ext/logs/w33.oracleGeneral.bin.zst__lhd__OBL__90925424.log,ok
w33.oracleGeneral.bin.zst,oracleGeneral,lhd,PG,90925424,9092542464,0.01,0.1864,0.4004,19868346,./results/cp_wss01_prefetch_ext/logs/w33.oracleGeneral.bin.zst__lhd__PG__90925424.log,ok
w30.oracleGeneral.bin.zst,oracleGeneral,arc,Mithril,304823546,30482354688,0.01,0.5426,0.5430,21390010,./results/cp_wss01_prefetch_ext/logs/w30.oracleGeneral.bin.zst__arc__Mithril__304823546.log,ok
w31.oracleGeneral.bin.zst,oracleGeneral,lhd,Mithril,28071554698,2807155469824,0.01,0.8736,0.9862,21166982,./results/cp_wss01_prefetch_ext/logs/w31.oracleGeneral.bin.zst__lhd__Mithril__28071554698.log,ok
w33.oracleGeneral.bin.zst,oracleGeneral,gdsf,PG,90925424,9092542464,0.01,0.1970,0.3673,19868346,./results/cp_wss01_prefetch_ext/logs/w33.oracleGeneral.bin.zst__gdsf__PG__90925424.log,ok
w34.oracleGeneral.bin.zst,oracleGeneral,arc,Mithril,2203932963,220393296384,0.01,,,,./results/cp_wss01_prefetch_ext/logs/w34.oracleGeneral.bin.zst__arc__Mithril__2203932963.log,fail:134
w31.oracleGeneral.bin.zst,oracleGeneral,lhd,OBL,28071554698,2807155469824,0.01,0.8725,0.9860,21166982,./results/cp_wss01_prefetch_ext/logs/w31.oracleGeneral.bin.zst__lhd__OBL__28071554698.log,ok
w32.oracleGeneral.bin.zst,oracleGeneral,gdsf,PG,478672706,47867270656,0.01,0.7153,0.6183,20776392,./results/cp_wss01_prefetch_ext/logs/w32.oracleGeneral.bin.zst__gdsf__PG__478672706.log,ok
w31.oracleGeneral.bin.zst,oracleGeneral,lhd,PG,28071554698,2807155469824,0.01,0.8692,0.9853,21166982,./results/cp_wss01_prefetch_ext/logs/w31.oracleGeneral.bin.zst__lhd__PG__28071554698.log,ok
w34.oracleGeneral.bin.zst,oracleGeneral,arc,none,2203932963,220393296384,0.01,0.7503,0.8162,19553551,./results/cp_wss01_prefetch_ext/logs/w34.oracleGeneral.bin.zst__arc__noprefetch__2203932963.log,ok
w34.oracleGeneral.bin.zst,oracleGeneral,s3fifo,none,2203932963,220393296384,0.01,0.6238,0.7836,19553551,./results/cp_wss01_prefetch_ext/logs/w34.oracleGeneral.bin.zst__s3fifo__noprefetch__2203932963.log,ok
w34.oracleGeneral.bin.zst,oracleGeneral,arc,OBL,2203932963,220393296384,0.01,0.7502,0.8166,19553551,./results/cp_wss01_prefetch_ext/logs/w34.oracleGeneral.bin.zst__arc__OBL__2203932963.log,ok
w26.oracleGeneral.bin.zst,oracleGeneral,gdsf,Mithril,1520186869,152018686976,0.01,0.4603,0.7550,26532121,./results/cp_wss01_prefetch_ext/logs/w26.oracleGeneral.bin.zst__gdsf__Mithril__1520186869.log,ok
w34.oracleGeneral.bin.zst,oracleGeneral,s3fifo,Mithril,2203932963,220393296384,0.01,0.6238,0.7836,19553551,./results/cp_wss01_prefetch_ext/logs/w34.oracleGeneral.bin.zst__s3fifo__Mithril__2203932963.log,ok
w32.oracleGeneral.bin.zst,oracleGeneral,lhd,none,478672706,47867270656,0.01,0.7114,0.6200,20776392,./results/cp_wss01_prefetch_ext/logs/w32.oracleGeneral.bin.zst__lhd__noprefetch__478672706.log,ok
w32.oracleGeneral.bin.zst,oracleGeneral,lhd,PG,478672706,47867270656,0.01,0.7156,0.6222,20776392,./results/cp_wss01_prefetch_ext/logs/w32.oracleGeneral.bin.zst__lhd__PG__478672706.log,ok
w35.oracleGeneral.bin.zst,oracleGeneral,s3fifo,PG,559016535,55901653504,0.01,0.1112,0.4305,15415663,./results/cp_wss01_prefetch_ext/logs/w35.oracleGeneral.bin.zst__s3fifo__PG__559016535.log,ok
w35.oracleGeneral.bin.zst,oracleGeneral,s3fifo,OBL,559016535,55901653504,0.01,0.1112,0.4305,15415663,./results/cp_wss01_prefetch_ext/logs/w35.oracleGeneral.bin.zst__s3fifo__OBL__559016535.log,ok
w35.oracleGeneral.bin.zst,oracleGeneral,s3fifo,none,559016535,55901653504,0.01,0.1112,0.4305,15415663,./results/cp_wss01_prefetch_ext/logs/w35.oracleGeneral.bin.zst__s3fifo__noprefetch__559016535.log,ok
w35.oracleGeneral.bin.zst,oracleGeneral,s3fifo,Mithril,559016535,55901653504,0.01,0.1112,0.4305,15415663,./results/cp_wss01_prefetch_ext/logs/w35.oracleGeneral.bin.zst__s3fifo__Mithril__559016535.log,ok
w32.oracleGeneral.bin.zst,oracleGeneral,lhd,Mithril,478672706,47867270656,0.01,0.7114,0.6200,20776392,./results/cp_wss01_prefetch_ext/logs/w32.oracleGeneral.bin.zst__lhd__Mithril__478672706.log,ok
w34.oracleGeneral.bin.zst,oracleGeneral,s3fifo,PG,2203932963,220393296384,0.01,0.6238,0.7836,19553551,./results/cp_wss01_prefetch_ext/logs/w34.oracleGeneral.bin.zst__s3fifo__PG__2203932963.log,ok
w35.oracleGeneral.bin.zst,oracleGeneral,arc,Mithril,559016535,55901653504,0.01,,,,./results/cp_wss01_prefetch_ext/logs/w35.oracleGeneral.bin.zst__arc__Mithril__559016535.log,fail:134
w34.oracleGeneral.bin.zst,oracleGeneral,s3fifo,OBL,2203932963,220393296384,0.01,0.6238,0.7836,19553551,./results/cp_wss01_prefetch_ext/logs/w34.oracleGeneral.bin.zst__s3fifo__OBL__2203932963.log,ok
w33.oracleGeneral.bin.zst,oracleGeneral,gdsf,Mithril,90925424,9092542464,0.01,0.1970,0.3673,19868346,./results/cp_wss01_prefetch_ext/logs/w33.oracleGeneral.bin.zst__gdsf__Mithril__90925424.log,ok
w32.oracleGeneral.bin.zst,oracleGeneral,lhd,OBL,478672706,47867270656,0.01,0.7095,0.6178,20776392,./results/cp_wss01_prefetch_ext/logs/w32.oracleGeneral.bin.zst__lhd__OBL__478672706.log,ok
w35.oracleGeneral.bin.zst,oracleGeneral,arc,none,559016535,55901653504,0.01,0.1157,0.4329,15415663,./results/cp_wss01_prefetch_ext/logs/w35.oracleGeneral.bin.zst__arc__noprefetch__559016535.log,ok
w35.oracleGeneral.bin.zst,oracleGeneral,arc,OBL,559016535,55901653504,0.01,0.1157,0.4329,15415663,./results/cp_wss01_prefetch_ext/logs/w35.oracleGeneral.bin.zst__arc__OBL__559016535.log,ok
w36.oracleGeneral.bin.zst,oracleGeneral,s3fifo,none,83388620,8338862080,0.01,0.1870,0.3550,18915625,./results/cp_wss01_prefetch_ext/logs/w36.oracleGeneral.bin.zst__s3fifo__noprefetch__83388620.log,ok
w35.oracleGeneral.bin.zst,oracleGeneral,lhd,OBL,559016535,55901653504,0.01,0.0970,0.5724,15415663,./results/cp_wss01_prefetch_ext/logs/w35.oracleGeneral.bin.zst__lhd__OBL__559016535.log,ok
w36.oracleGeneral.bin.zst,oracleGeneral,s3fifo,OBL,83388620,8338862080,0.01,0.1870,0.3550,18915625,./results/cp_wss01_prefetch_ext/logs/w36.oracleGeneral.bin.zst__s3fifo__OBL__83388620.log,ok
w36.oracleGeneral.bin.zst,oracleGeneral,s3fifo,PG,83388620,8338862080,0.01,0.1870,0.3550,18915625,./results/cp_wss01_prefetch_ext/logs/w36.oracleGeneral.bin.zst__s3fifo__PG__83388620.log,ok
w36.oracleGeneral.bin.zst,oracleGeneral,s3fifo,Mithril,83388620,8338862080,0.01,0.1870,0.3550,18915625,./results/cp_wss01_prefetch_ext/logs/w36.oracleGeneral.bin.zst__s3fifo__Mithril__83388620.log,ok
w36.oracleGeneral.bin.zst,oracleGeneral,arc,Mithril,83388620,8338862080,0.01,,,,./results/cp_wss01_prefetch_ext/logs/w36.oracleGeneral.bin.zst__arc__Mithril__83388620.log,fail:134
w35.oracleGeneral.bin.zst,oracleGeneral,lhd,none,559016535,55901653504,0.01,0.0970,0.5735,15415663,./results/cp_wss01_prefetch_ext/logs/w35.oracleGeneral.bin.zst__lhd__noprefetch__559016535.log,ok
w35.oracleGeneral.bin.zst,oracleGeneral,lhd,PG,559016535,55901653504,0.01,0.0970,0.5735,15415663,./results/cp_wss01_prefetch_ext/logs/w35.oracleGeneral.bin.zst__lhd__PG__559016535.log,ok
w35.oracleGeneral.bin.zst,oracleGeneral,lhd,Mithril,559016535,55901653504,0.01,0.0970,0.5735,15415663,./results/cp_wss01_prefetch_ext/logs/w35.oracleGeneral.bin.zst__lhd__Mithril__559016535.log,ok
w34.oracleGeneral.bin.zst,oracleGeneral,gdsf,none,2203932963,220393296384,0.01,0.5059,0.7910,19553551,./results/cp_wss01_prefetch_ext/logs/w34.oracleGeneral.bin.zst__gdsf__noprefetch__2203932963.log,ok
w36.oracleGeneral.bin.zst,oracleGeneral,arc,none,83388620,8338862080,0.01,0.2096,0.3681,18915625,./results/cp_wss01_prefetch_ext/logs/w36.oracleGeneral.bin.zst__arc__noprefetch__83388620.log,ok
w36.oracleGeneral.bin.zst,oracleGeneral,arc,OBL,83388620,8338862080,0.01,0.2096,0.3681,18915625,./results/cp_wss01_prefetch_ext/logs/w36.oracleGeneral.bin.zst__arc__OBL__83388620.log,ok
w35.oracleGeneral.bin.zst,oracleGeneral,arc,PG,559016535,55901653504,0.01,,,,./results/cp_wss01_prefetch_ext/logs/w35.oracleGeneral.bin.zst__arc__PG__559016535.log,fail:134
w35.oracleGeneral.bin.zst,oracleGeneral,gdsf,none,559016535,55901653504,0.01,0.0897,0.5974,15415663,./results/cp_wss01_prefetch_ext/logs/w35.oracleGeneral.bin.zst__gdsf__noprefetch__559016535.log,ok
w36.oracleGeneral.bin.zst,oracleGeneral,gdsf,none,83388620,8338862080,0.01,0.1861,0.3682,18915625,./results/cp_wss01_prefetch_ext/logs/w36.oracleGeneral.bin.zst__gdsf__noprefetch__83388620.log,ok
w34.oracleGeneral.bin.zst,oracleGeneral,gdsf,OBL,2203932963,220393296384,0.01,0.5059,0.7910,19553551,./results/cp_wss01_prefetch_ext/logs/w34.oracleGeneral.bin.zst__gdsf__OBL__2203932963.log,ok
w35.oracleGeneral.bin.zst,oracleGeneral,gdsf,OBL,559016535,55901653504,0.01,0.0897,0.5974,15415663,./results/cp_wss01_prefetch_ext/logs/w35.oracleGeneral.bin.zst__gdsf__OBL__559016535.log,ok
w34.oracleGeneral.bin.zst,oracleGeneral,lhd,none,2203932963,220393296384,0.01,0.5292,0.8144,19553551,./results/cp_wss01_prefetch_ext/logs/w34.oracleGeneral.bin.zst__lhd__noprefetch__2203932963.log,ok
w36.oracleGeneral.bin.zst,oracleGeneral,lhd,none,83388620,8338862080,0.01,0.1760,0.3934,18915625,./results/cp_wss01_prefetch_ext/logs/w36.oracleGeneral.bin.zst__lhd__noprefetch__83388620.log,ok
w34.oracleGeneral.bin.zst,oracleGeneral,lhd,Mithril,2203932963,220393296384,0.01,0.5292,0.8144,19553551,./results/cp_wss01_prefetch_ext/logs/w34.oracleGeneral.bin.zst__lhd__Mithril__2203932963.log,ok
w36.oracleGeneral.bin.zst,oracleGeneral,lhd,Mithril,83388620,8338862080,0.01,0.1751,0.3904,18915625,./results/cp_wss01_prefetch_ext/logs/w36.oracleGeneral.bin.zst__lhd__Mithril__83388620.log,ok
w34.oracleGeneral.bin.zst,oracleGeneral,arc,PG,2203932963,220393296384,0.01,0.7244,0.8005,19553551,./results/cp_wss01_prefetch_ext/logs/w34.oracleGeneral.bin.zst__arc__PG__2203932963.log,ok
w36.oracleGeneral.bin.zst,oracleGeneral,lhd,PG,83388620,8338862080,0.01,0.1748,0.3916,18915625,./results/cp_wss01_prefetch_ext/logs/w36.oracleGeneral.bin.zst__lhd__PG__83388620.log,ok
w36.oracleGeneral.bin.zst,oracleGeneral,lhd,OBL,83388620,8338862080,0.01,0.1748,0.3954,18915625,./results/cp_wss01_prefetch_ext/logs/w36.oracleGeneral.bin.zst__lhd__OBL__83388620.log,ok
w36.oracleGeneral.bin.zst,oracleGeneral,arc,PG,83388620,8338862080,0.01,0.2095,0.3679,18915625,./results/cp_wss01_prefetch_ext/logs/w36.oracleGeneral.bin.zst__arc__PG__83388620.log,ok
w36.oracleGeneral.bin.zst,oracleGeneral,gdsf,OBL,83388620,8338862080,0.01,0.1861,0.3682,18915625,./results/cp_wss01_prefetch_ext/logs/w36.oracleGeneral.bin.zst__gdsf__OBL__83388620.log,ok
w21.oracleGeneral.bin.zst,oracleGeneral,gdsf,Mithril,4009965342,400996534272,0.01,0.9087,0.9872,29416348,./results/cp_wss01_prefetch_ext/logs/w21.oracleGeneral.bin.zst__gdsf__Mithril__4009965342.log,ok
w34.oracleGeneral.bin.zst,oracleGeneral,lhd,PG,2203932963,220393296384,0.01,0.5290,0.8146,19553551,./results/cp_wss01_prefetch_ext/logs/w34.oracleGeneral.bin.zst__lhd__PG__2203932963.log,ok
w34.oracleGeneral.bin.zst,oracleGeneral,lhd,OBL,2203932963,220393296384,0.01,0.5290,0.8146,19553551,./results/cp_wss01_prefetch_ext/logs/w34.oracleGeneral.bin.zst__lhd__OBL__2203932963.log,ok
w37.oracleGeneral.bin.zst,oracleGeneral,arc,none,499892674,49989267456,0.01,0.7574,0.8333,18840688,./results/cp_wss01_prefetch_ext/logs/w37.oracleGeneral.bin.zst__arc__noprefetch__499892674.log,ok
w36.oracleGeneral.bin.zst,oracleGeneral,gdsf,PG,83388620,8338862080,0.01,0.1861,0.3682,18915625,./results/cp_wss01_prefetch_ext/logs/w36.oracleGeneral.bin.zst__gdsf__PG__83388620.log,ok
w37.oracleGeneral.bin.zst,oracleGeneral,arc,OBL,499892674,49989267456,0.01,0.7574,0.8333,18840688,./results/cp_wss01_prefetch_ext/logs/w37.oracleGeneral.bin.zst__arc__OBL__499892674.log,ok
w35.oracleGeneral.bin.zst,oracleGeneral,gdsf,Mithril,559016535,55901653504,0.01,0.0897,0.5974,15415663,./results/cp_wss01_prefetch_ext/logs/w35.oracleGeneral.bin.zst__gdsf__Mithril__559016535.log,ok
w37.oracleGeneral.bin.zst,oracleGeneral,s3fifo,none,499892674,49989267456,0.01,0.7073,0.8005,18840688,./results/cp_wss01_prefetch_ext/logs/w37.oracleGeneral.bin.zst__s3fifo__noprefetch__499892674.log,ok
w37.oracleGeneral.bin.zst,oracleGeneral,s3fifo,Mithril,499892674,49989267456,0.01,0.7073,0.8005,18840688,./results/cp_wss01_prefetch_ext/logs/w37.oracleGeneral.bin.zst__s3fifo__Mithril__499892674.log,ok
w38.oracleGeneral.bin.zst,oracleGeneral,arc,Mithril,294913397,29491339776,0.01,,,,./results/cp_wss01_prefetch_ext/logs/w38.oracleGeneral.bin.zst__arc__Mithril__294913397.log,fail:134
w37.oracleGeneral.bin.zst,oracleGeneral,s3fifo,PG,499892674,49989267456,0.01,0.7073,0.8005,18840688,./results/cp_wss01_prefetch_ext/logs/w37.oracleGeneral.bin.zst__s3fifo__PG__499892674.log,ok
w37.oracleGeneral.bin.zst,oracleGeneral,s3fifo,OBL,499892674,49989267456,0.01,0.7073,0.8005,18840688,./results/cp_wss01_prefetch_ext/logs/w37.oracleGeneral.bin.zst__s3fifo__OBL__499892674.log,ok
w36.oracleGeneral.bin.zst,oracleGeneral,gdsf,Mithril,83388620,8338862080,0.01,0.1861,0.3682,18915625,./results/cp_wss01_prefetch_ext/logs/w36.oracleGeneral.bin.zst__gdsf__Mithril__83388620.log,ok
w34.oracleGeneral.bin.zst,oracleGeneral,gdsf,PG,2203932963,220393296384,0.01,0.5059,0.7910,19553551,./results/cp_wss01_prefetch_ext/logs/w34.oracleGeneral.bin.zst__gdsf__PG__2203932963.log,ok
w37.oracleGeneral.bin.zst,oracleGeneral,arc,Mithril,499892674,49989267456,0.01,,,,./results/cp_wss01_prefetch_ext/logs/w37.oracleGeneral.bin.zst__arc__Mithril__499892674.log,fail:134
w38.oracleGeneral.bin.zst,oracleGeneral,gdsf,Mithril,294913397,29491339776,0.01,,,,./results/cp_wss01_prefetch_ext/logs/w38.oracleGeneral.bin.zst__gdsf__Mithril__294913397.log,fail:134
w31.oracleGeneral.bin.zst,oracleGeneral,gdsf,PG,28071554698,2807155469824,0.01,0.8584,0.9846,21166982,./results/cp_wss01_prefetch_ext/logs/w31.oracleGeneral.bin.zst__gdsf__PG__28071554698.log,ok
w37.oracleGeneral.bin.zst,oracleGeneral,arc,PG,499892674,49989267456,0.01,0.7574,0.8333,18840688,./results/cp_wss01_prefetch_ext/logs/w37.oracleGeneral.bin.zst__arc__PG__499892674.log,ok
w38.oracleGeneral.bin.zst,oracleGeneral,s3fifo,none,294913397,29491339776,0.01,0.6981,0.6896,18535323,./results/cp_wss01_prefetch_ext/logs/w38.oracleGeneral.bin.zst__s3fifo__noprefetch__294913397.log,ok
w38.oracleGeneral.bin.zst,oracleGeneral,arc,none,294913397,29491339776,0.01,0.7258,0.7056,18535323,./results/cp_wss01_prefetch_ext/logs/w38.oracleGeneral.bin.zst__arc__noprefetch__294913397.log,ok
w37.oracleGeneral.bin.zst,oracleGeneral,gdsf,none,499892674,49989267456,0.01,0.7332,0.8237,18840688,./results/cp_wss01_prefetch_ext/logs/w37.oracleGeneral.bin.zst__gdsf__noprefetch__499892674.log,ok
w38.oracleGeneral.bin.zst,oracleGeneral,arc,OBL,294913397,29491339776,0.01,0.7258,0.7056,18535323,./results/cp_wss01_prefetch_ext/logs/w38.oracleGeneral.bin.zst__arc__OBL__294913397.log,ok
w39.oracleGeneral.bin.zst,oracleGeneral,s3fifo,none,61387223,6138722304,0.01,0.1306,0.1686,17920022,./results/cp_wss01_prefetch_ext/logs/w39.oracleGeneral.bin.zst__s3fifo__noprefetch__61387223.log,ok
w38.oracleGeneral.bin.zst,oracleGeneral,s3fifo,PG,294913397,29491339776,0.01,0.6981,0.6896,18535323,./results/cp_wss01_prefetch_ext/logs/w38.oracleGeneral.bin.zst__s3fifo__PG__294913397.log,ok
w38.oracleGeneral.bin.zst,oracleGeneral,s3fifo,OBL,294913397,29491339776,0.01,0.6981,0.6896,18535323,./results/cp_wss01_prefetch_ext/logs/w38.oracleGeneral.bin.zst__s3fifo__OBL__294913397.log,ok
w39.oracleGeneral.bin.zst,oracleGeneral,s3fifo,PG,61387223,6138722304,0.01,0.1306,0.1686,17920022,./results/cp_wss01_prefetch_ext/logs/w39.oracleGeneral.bin.zst__s3fifo__PG__61387223.log,ok
w39.oracleGeneral.bin.zst,oracleGeneral,arc,Mithril,61387223,6138722304,0.01,,,,./results/cp_wss01_prefetch_ext/logs/w39.oracleGeneral.bin.zst__arc__Mithril__61387223.log,fail:134
w39.oracleGeneral.bin.zst,oracleGeneral,s3fifo,Mithril,61387223,6138722304,0.01,0.1306,0.1686,17920022,./results/cp_wss01_prefetch_ext/logs/w39.oracleGeneral.bin.zst__s3fifo__Mithril__61387223.log,ok
w38.oracleGeneral.bin.zst,oracleGeneral,s3fifo,Mithril,294913397,29491339776,0.01,0.6981,0.6896,18535323,./results/cp_wss01_prefetch_ext/logs/w38.oracleGeneral.bin.zst__s3fifo__Mithril__294913397.log,ok
w35.oracleGeneral.bin.zst,oracleGeneral,gdsf,PG,559016535,55901653504,0.01,0.0897,0.5974,15415663,./results/cp_wss01_prefetch_ext/logs/w35.oracleGeneral.bin.zst__gdsf__PG__559016535.log,ok
w39.oracleGeneral.bin.zst,oracleGeneral,s3fifo,OBL,61387223,6138722304,0.01,0.1306,0.1686,17920022,./results/cp_wss01_prefetch_ext/logs/w39.oracleGeneral.bin.zst__s3fifo__OBL__61387223.log,ok
w37.oracleGeneral.bin.zst,oracleGeneral,gdsf,OBL,499892674,49989267456,0.01,0.7332,0.8237,18840688,./results/cp_wss01_prefetch_ext/logs/w37.oracleGeneral.bin.zst__gdsf__OBL__499892674.log,ok
w39.oracleGeneral.bin.zst,oracleGeneral,arc,none,61387223,6138722304,0.01,0.1376,0.1736,17920022,./results/cp_wss01_prefetch_ext/logs/w39.oracleGeneral.bin.zst__arc__noprefetch__61387223.log,ok
w39.oracleGeneral.bin.zst,oracleGeneral,arc,OBL,61387223,6138722304,0.01,0.1376,0.1736,17920022,./results/cp_wss01_prefetch_ext/logs/w39.oracleGeneral.bin.zst__arc__OBL__61387223.log,ok
w38.oracleGeneral.bin.zst,oracleGeneral,arc,PG,294913397,29491339776,0.01,,,,./results/cp_wss01_prefetch_ext/logs/w38.oracleGeneral.bin.zst__arc__PG__294913397.log,fail:134
w39.oracleGeneral.bin.zst,oracleGeneral,gdsf,none,61387223,6138722304,0.01,0.1303,0.1823,17920022,./results/cp_wss01_prefetch_ext/logs/w39.oracleGeneral.bin.zst__gdsf__noprefetch__61387223.log,ok
w39.oracleGeneral.bin.zst,oracleGeneral,lhd,none,61387223,6138722304,0.01,0.1228,0.2025,17920022,./results/cp_wss01_prefetch_ext/logs/w39.oracleGeneral.bin.zst__lhd__noprefetch__61387223.log,ok
w40.oracleGeneral.bin.zst,oracleGeneral,s3fifo,none,70130365,7013036544,0.01,0.1581,0.2485,17657232,./results/cp_wss01_prefetch_ext/logs/w40.oracleGeneral.bin.zst__s3fifo__noprefetch__70130365.log,ok
w38.oracleGeneral.bin.zst,oracleGeneral,gdsf,none,294913397,29491339776,0.01,0.6800,0.6973,18535323,./results/cp_wss01_prefetch_ext/logs/w38.oracleGeneral.bin.zst__gdsf__noprefetch__294913397.log,ok
w39.oracleGeneral.bin.zst,oracleGeneral,lhd,PG,61387223,6138722304,0.01,0.1228,0.2025,17920022,./results/cp_wss01_prefetch_ext/logs/w39.oracleGeneral.bin.zst__lhd__PG__61387223.log,ok
w39.oracleGeneral.bin.zst,oracleGeneral,lhd,Mithril,61387223,6138722304,0.01,0.1228,0.2025,17920022,./results/cp_wss01_prefetch_ext/logs/w39.oracleGeneral.bin.zst__lhd__Mithril__61387223.log,ok
w37.oracleGeneral.bin.zst,oracleGeneral,gdsf,PG,499892674,49989267456,0.01,0.7332,0.8237,18840688,./results/cp_wss01_prefetch_ext/logs/w37.oracleGeneral.bin.zst__gdsf__PG__499892674.log,ok
w40.oracleGeneral.bin.zst,oracleGeneral,s3fifo,Mithril,70130365,7013036544,0.01,0.1581,0.2485,17657232,./results/cp_wss01_prefetch_ext/logs/w40.oracleGeneral.bin.zst__s3fifo__Mithril__70130365.log,ok
w39.oracleGeneral.bin.zst,oracleGeneral,lhd,OBL,61387223,6138722304,0.01,0.1224,0.2046,17920022,./results/cp_wss01_prefetch_ext/logs/w39.oracleGeneral.bin.zst__lhd__OBL__61387223.log,ok
w40.oracleGeneral.bin.zst,oracleGeneral,arc,Mithril,70130365,7013036544,0.01,,,,./results/cp_wss01_prefetch_ext/logs/w40.oracleGeneral.bin.zst__arc__Mithril__70130365.log,fail:134
w40.oracleGeneral.bin.zst,oracleGeneral,s3fifo,PG,70130365,7013036544,0.01,0.1581,0.2485,17657232,./results/cp_wss01_prefetch_ext/logs/w40.oracleGeneral.bin.zst__s3fifo__PG__70130365.log,ok
w31.oracleGeneral.bin.zst,oracleGeneral,gdsf,Mithril,28071554698,2807155469824,0.01,0.8584,0.9846,21166982,./results/cp_wss01_prefetch_ext/logs/w31.oracleGeneral.bin.zst__gdsf__Mithril__28071554698.log,ok
w40.oracleGeneral.bin.zst,oracleGeneral,s3fifo,OBL,70130365,7013036544,0.01,0.1581,0.2485,17657232,./results/cp_wss01_prefetch_ext/logs/w40.oracleGeneral.bin.zst__s3fifo__OBL__70130365.log,ok
w39.oracleGeneral.bin.zst,oracleGeneral,gdsf,OBL,61387223,6138722304,0.01,0.1303,0.1823,17920022,./results/cp_wss01_prefetch_ext/logs/w39.oracleGeneral.bin.zst__gdsf__OBL__61387223.log,ok
w38.oracleGeneral.bin.zst,oracleGeneral,gdsf,OBL,294913397,29491339776,0.01,0.6800,0.6973,18535323,./results/cp_wss01_prefetch_ext/logs/w38.oracleGeneral.bin.zst__gdsf__OBL__294913397.log,ok
w40.oracleGeneral.bin.zst,oracleGeneral,arc,none,70130365,7013036544,0.01,0.1751,0.2604,17657232,./results/cp_wss01_prefetch_ext/logs/w40.oracleGeneral.bin.zst__arc__noprefetch__70130365.log,ok
w40.oracleGeneral.bin.zst,oracleGeneral,arc,OBL,70130365,7013036544,0.01,0.1751,0.2604,17657232,./results/cp_wss01_prefetch_ext/logs/w40.oracleGeneral.bin.zst__arc__OBL__70130365.log,ok
w37.oracleGeneral.bin.zst,oracleGeneral,lhd,none,499892674,49989267456,0.01,0.7338,0.8261,18840688,./results/cp_wss01_prefetch_ext/logs/w37.oracleGeneral.bin.zst__lhd__noprefetch__499892674.log,ok
w37.oracleGeneral.bin.zst,oracleGeneral,lhd,OBL,499892674,49989267456,0.01,0.7361,0.8276,18840688,./results/cp_wss01_prefetch_ext/logs/w37.oracleGeneral.bin.zst__lhd__OBL__499892674.log,ok
w39.oracleGeneral.bin.zst,oracleGeneral,arc,PG,61387223,6138722304,0.01,0.1376,0.1736,17920022,./results/cp_wss01_prefetch_ext/logs/w39.oracleGeneral.bin.zst__arc__PG__61387223.log,ok
w41.oracleGeneral.bin.zst,oracleGeneral,s3fifo,PG,100014366,10001436672,0.01,0.1347,0.2719,17004738,./results/cp_wss01_prefetch_ext/logs/w41.oracleGeneral.bin.zst__s3fifo__PG__100014366.log,ok
w37.oracleGeneral.bin.zst,oracleGeneral,lhd,PG,499892674,49989267456,0.01,0.7361,0.8276,18840688,./results/cp_wss01_prefetch_ext/logs/w37.oracleGeneral.bin.zst__lhd__PG__499892674.log,ok
w32.oracleGeneral.bin.zst,oracleGeneral,gdsf,Mithril,478672706,47867270656,0.01,0.7153,0.6183,20776392,./results/cp_wss01_prefetch_ext/logs/w32.oracleGeneral.bin.zst__gdsf__Mithril__478672706.log,ok
w41.oracleGeneral.bin.zst,oracleGeneral,s3fifo,none,100014366,10001436672,0.01,0.1347,0.2719,17004738,./results/cp_wss01_prefetch_ext/logs/w41.oracleGeneral.bin.zst__s3fifo__noprefetch__100014366.log,ok
w37.oracleGeneral.bin.zst,oracleGeneral,lhd,Mithril,499892674,49989267456,0.01,0.7338,0.8261,18840688,./results/cp_wss01_prefetch_ext/logs/w37.oracleGeneral.bin.zst__lhd__Mithril__499892674.log,ok
w41.oracleGeneral.bin.zst,oracleGeneral,arc,Mithril,100014366,10001436672,0.01,,,,./results/cp_wss01_prefetch_ext/logs/w41.oracleGeneral.bin.zst__arc__Mithril__100014366.log,fail:134
w41.oracleGeneral.bin.zst,oracleGeneral,s3fifo,Mithril,100014366,10001436672,0.01,0.1347,0.2719,17004738,./results/cp_wss01_prefetch_ext/logs/w41.oracleGeneral.bin.zst__s3fifo__Mithril__100014366.log,ok
w41.oracleGeneral.bin.zst,oracleGeneral,arc,none,100014366,10001436672,0.01,0.1437,0.2822,17004738,./results/cp_wss01_prefetch_ext/logs/w41.oracleGeneral.bin.zst__arc__noprefetch__100014366.log,ok
w41.oracleGeneral.bin.zst,oracleGeneral,s3fifo,OBL,100014366,10001436672,0.01,0.1347,0.2719,17004738,./results/cp_wss01_prefetch_ext/logs/w41.oracleGeneral.bin.zst__s3fifo__OBL__100014366.log,ok
w40.oracleGeneral.bin.zst,oracleGeneral,lhd,none,70130365,7013036544,0.01,0.1487,0.2751,17657232,./results/cp_wss01_prefetch_ext/logs/w40.oracleGeneral.bin.zst__lhd__noprefetch__70130365.log,ok
w40.oracleGeneral.bin.zst,oracleGeneral,lhd,OBL,70130365,7013036544,0.01,0.1487,0.2751,17657232,./results/cp_wss01_prefetch_ext/logs/w40.oracleGeneral.bin.zst__lhd__OBL__70130365.log,ok
w38.oracleGeneral.bin.zst,oracleGeneral,gdsf,PG,294913397,29491339776,0.01,0.6800,0.6973,18535323,./results/cp_wss01_prefetch_ext/logs/w38.oracleGeneral.bin.zst__gdsf__PG__294913397.log,ok
w40.oracleGeneral.bin.zst,oracleGeneral,lhd,PG,70130365,7013036544,0.01,0.1487,0.2751,17657232,./results/cp_wss01_prefetch_ext/logs/w40.oracleGeneral.bin.zst__lhd__PG__70130365.log,ok
w41.oracleGeneral.bin.zst,oracleGeneral,arc,OBL,100014366,10001436672,0.01,0.1437,0.2822,17004738,./results/cp_wss01_prefetch_ext/logs/w41.oracleGeneral.bin.zst__arc__OBL__100014366.log,ok
w40.oracleGeneral.bin.zst,oracleGeneral,lhd,Mithril,70130365,7013036544,0.01,0.1487,0.2751,17657232,./results/cp_wss01_prefetch_ext/logs/w40.oracleGeneral.bin.zst__lhd__Mithril__70130365.log,ok
w40.oracleGeneral.bin.zst,oracleGeneral,gdsf,none,70130365,7013036544,0.01,0.1579,0.2588,17657232,./results/cp_wss01_prefetch_ext/logs/w40.oracleGeneral.bin.zst__gdsf__noprefetch__70130365.log,ok
w40.oracleGeneral.bin.zst,oracleGeneral,gdsf,OBL,70130365,7013036544,0.01,0.1579,0.2588,17657232,./results/cp_wss01_prefetch_ext/logs/w40.oracleGeneral.bin.zst__gdsf__OBL__70130365.log,ok
w40.oracleGeneral.bin.zst,oracleGeneral,arc,PG,70130365,7013036544,0.01,0.1751,0.2603,17657232,./results/cp_wss01_prefetch_ext/logs/w40.oracleGeneral.bin.zst__arc__PG__70130365.log,ok
w38.oracleGeneral.bin.zst,oracleGeneral,lhd,none,294913397,29491339776,0.01,0.6766,0.7481,18535323,./results/cp_wss01_prefetch_ext/logs/w38.oracleGeneral.bin.zst__lhd__noprefetch__294913397.log,ok
w42.oracleGeneral.bin.zst,oracleGeneral,arc,Mithril,619452001,61945200128,0.01,,,,./results/cp_wss01_prefetch_ext/logs/w42.oracleGeneral.bin.zst__arc__Mithril__619452001.log,fail:134
w39.oracleGeneral.bin.zst,oracleGeneral,gdsf,Mithril,61387223,6138722304,0.01,0.1303,0.1823,17920022,./results/cp_wss01_prefetch_ext/logs/w39.oracleGeneral.bin.zst__gdsf__Mithril__61387223.log,ok
w39.oracleGeneral.bin.zst,oracleGeneral,gdsf,PG,61387223,6138722304,0.01,0.1303,0.1823,17920022,./results/cp_wss01_prefetch_ext/logs/w39.oracleGeneral.bin.zst__gdsf__PG__61387223.log,ok
w41.oracleGeneral.bin.zst,oracleGeneral,lhd,none,100014366,10001436672,0.01,0.1194,0.2769,17004738,./results/cp_wss01_prefetch_ext/logs/w41.oracleGeneral.bin.zst__lhd__noprefetch__100014366.log,ok
w41.oracleGeneral.bin.zst,oracleGeneral,lhd,Mithril,100014366,10001436672,0.01,0.1194,0.2769,17004738,./results/cp_wss01_prefetch_ext/logs/w41.oracleGeneral.bin.zst__lhd__Mithril__100014366.log,ok
w41.oracleGeneral.bin.zst,oracleGeneral,gdsf,none,100014366,10001436672,0.01,0.1357,0.2773,17004738,./results/cp_wss01_prefetch_ext/logs/w41.oracleGeneral.bin.zst__gdsf__noprefetch__100014366.log,ok
w38.oracleGeneral.bin.zst,oracleGeneral,lhd,PG,294913397,29491339776,0.01,0.6777,0.7463,18535323,./results/cp_wss01_prefetch_ext/logs/w38.oracleGeneral.bin.zst__lhd__PG__294913397.log,ok
w38.oracleGeneral.bin.zst,oracleGeneral,lhd,Mithril,294913397,29491339776,0.01,0.6777,0.7463,18535323,./results/cp_wss01_prefetch_ext/logs/w38.oracleGeneral.bin.zst__lhd__Mithril__294913397.log,ok
w41.oracleGeneral.bin.zst,oracleGeneral,lhd,PG,100014366,10001436672,0.01,0.1191,0.2771,17004738,./results/cp_wss01_prefetch_ext/logs/w41.oracleGeneral.bin.zst__lhd__PG__100014366.log,ok
w41.oracleGeneral.bin.zst,oracleGeneral,lhd,OBL,100014366,10001436672,0.01,0.1188,0.2774,17004738,./results/cp_wss01_prefetch_ext/logs/w41.oracleGeneral.bin.zst__lhd__OBL__100014366.log,ok
w38.oracleGeneral.bin.zst,oracleGeneral,lhd,OBL,294913397,29491339776,0.01,0.6799,0.7479,18535323,./results/cp_wss01_prefetch_ext/logs/w38.oracleGeneral.bin.zst__lhd__OBL__294913397.log,ok
w41.oracleGeneral.bin.zst,oracleGeneral,gdsf,OBL,100014366,10001436672,0.01,0.1357,0.2773,17004738,./results/cp_wss01_prefetch_ext/logs/w41.oracleGeneral.bin.zst__gdsf__OBL__100014366.log,ok
w42.oracleGeneral.bin.zst,oracleGeneral,arc,none,619452001,61945200128,0.01,0.7986,0.7444,16894445,./results/cp_wss01_prefetch_ext/logs/w42.oracleGeneral.bin.zst__arc__noprefetch__619452001.log,ok
w40.oracleGeneral.bin.zst,oracleGeneral,gdsf,PG,70130365,7013036544,0.01,0.1579,0.2588,17657232,./results/cp_wss01_prefetch_ext/logs/w40.oracleGeneral.bin.zst__gdsf__PG__70130365.log,ok
w42.oracleGeneral.bin.zst,oracleGeneral,arc,OBL,619452001,61945200128,0.01,0.7985,0.7445,16894445,./results/cp_wss01_prefetch_ext/logs/w42.oracleGeneral.bin.zst__arc__OBL__619452001.log,ok
w25.oracleGeneral.bin.zst,oracleGeneral,gdsf,Mithril,1611478266,161147826688,0.01,0.8644,0.9552,26569398,./results/cp_wss01_prefetch_ext/logs/w25.oracleGeneral.bin.zst__gdsf__Mithril__1611478266.log,ok
w41.oracleGeneral.bin.zst,oracleGeneral,arc,PG,100014366,10001436672,0.01,0.1436,0.2820,17004738,./results/cp_wss01_prefetch_ext/logs/w41.oracleGeneral.bin.zst__arc__PG__100014366.log,ok
w30.oracleGeneral.bin.zst,oracleGeneral,gdsf,Mithril,304823546,30482354688,0.01,0.6054,0.7811,21390010,./results/cp_wss01_prefetch_ext/logs/w30.oracleGeneral.bin.zst__gdsf__Mithril__304823546.log,ok
w43.oracleGeneral.bin.zst,oracleGeneral,arc,Mithril,1288446689,128844668928,0.01,,,,./results/cp_wss01_prefetch_ext/logs/w43.oracleGeneral.bin.zst__arc__Mithril__1288446689.log,fail:134
w40.oracleGeneral.bin.zst,oracleGeneral,gdsf,Mithril,70130365,7013036544,0.01,0.1579,0.2588,17657232,./results/cp_wss01_prefetch_ext/logs/w40.oracleGeneral.bin.zst__gdsf__Mithril__70130365.log,ok
w42.oracleGeneral.bin.zst,oracleGeneral,s3fifo,none,619452001,61945200128,0.01,0.7879,0.7269,16894445,./results/cp_wss01_prefetch_ext/logs/w42.oracleGeneral.bin.zst__s3fifo__noprefetch__619452001.log,ok
w42.oracleGeneral.bin.zst,oracleGeneral,arc,PG,619452001,61945200128,0.01,,,,./results/cp_wss01_prefetch_ext/logs/w42.oracleGeneral.bin.zst__arc__PG__619452001.log,fail:134
w42.oracleGeneral.bin.zst,oracleGeneral,s3fifo,PG,619452001,61945200128,0.01,0.7879,0.7269,16894445,./results/cp_wss01_prefetch_ext/logs/w42.oracleGeneral.bin.zst__s3fifo__PG__619452001.log,ok
w42.oracleGeneral.bin.zst,oracleGeneral,s3fifo,OBL,619452001,61945200128,0.01,0.7879,0.7269,16894445,./results/cp_wss01_prefetch_ext/logs/w42.oracleGeneral.bin.zst__s3fifo__OBL__619452001.log,ok
w42.oracleGeneral.bin.zst,oracleGeneral,s3fifo,Mithril,619452001,61945200128,0.01,0.7879,0.7269,16894445,./results/cp_wss01_prefetch_ext/logs/w42.oracleGeneral.bin.zst__s3fifo__Mithril__619452001.log,ok
w43.oracleGeneral.bin.zst,oracleGeneral,arc,none,1288446689,128844668928,0.01,0.7619,0.8375,15617420,./results/cp_wss01_prefetch_ext/logs/w43.oracleGeneral.bin.zst__arc__noprefetch__1288446689.log,ok
w43.oracleGeneral.bin.zst,oracleGeneral,arc,PG,1288446689,128844668928,0.01,,,,./results/cp_wss01_prefetch_ext/logs/w43.oracleGeneral.bin.zst__arc__PG__1288446689.log,fail:134
w34.oracleGeneral.bin.zst,oracleGeneral,gdsf,Mithril,2203932963,220393296384,0.01,0.5059,0.7910,19553551,./results/cp_wss01_prefetch_ext/logs/w34.oracleGeneral.bin.zst__gdsf__Mithril__2203932963.log,ok
w43.oracleGeneral.bin.zst,oracleGeneral,s3fifo,Mithril,1288446689,128844668928,0.01,0.7422,0.8325,15617420,./results/cp_wss01_prefetch_ext/logs/w43.oracleGeneral.bin.zst__s3fifo__Mithril__1288446689.log,ok
w43.oracleGeneral.bin.zst,oracleGeneral,s3fifo,none,1288446689,128844668928,0.01,0.7422,0.8325,15617420,./results/cp_wss01_prefetch_ext/logs/w43.oracleGeneral.bin.zst__s3fifo__noprefetch__1288446689.log,ok
w43.oracleGeneral.bin.zst,oracleGeneral,arc,OBL,1288446689,128844668928,0.01,0.7619,0.8375,15617420,./results/cp_wss01_prefetch_ext/logs/w43.oracleGeneral.bin.zst__arc__OBL__1288446689.log,ok
w43.oracleGeneral.bin.zst,oracleGeneral,s3fifo,PG,1288446689,128844668928,0.01,0.7422,0.8325,15617420,./results/cp_wss01_prefetch_ext/logs/w43.oracleGeneral.bin.zst__s3fifo__PG__1288446689.log,ok
w41.oracleGeneral.bin.zst,oracleGeneral,gdsf,Mithril,100014366,10001436672,0.01,0.1357,0.2773,17004738,./results/cp_wss01_prefetch_ext/logs/w41.oracleGeneral.bin.zst__gdsf__Mithril__100014366.log,ok
w41.oracleGeneral.bin.zst,oracleGeneral,gdsf,PG,100014366,10001436672,0.01,0.1357,0.2773,17004738,./results/cp_wss01_prefetch_ext/logs/w41.oracleGeneral.bin.zst__gdsf__PG__100014366.log,ok
w43.oracleGeneral.bin.zst,oracleGeneral,s3fifo,OBL,1288446689,128844668928,0.01,0.7422,0.8325,15617420,./results/cp_wss01_prefetch_ext/logs/w43.oracleGeneral.bin.zst__s3fifo__OBL__1288446689.log,ok
w42.oracleGeneral.bin.zst,oracleGeneral,gdsf,none,619452001,61945200128,0.01,0.7407,0.7849,16894445,./results/cp_wss01_prefetch_ext/logs/w42.oracleGeneral.bin.zst__gdsf__noprefetch__619452001.log,ok
w42.oracleGeneral.bin.zst,oracleGeneral,gdsf,OBL,619452001,61945200128,0.01,0.7407,0.7849,16894445,./results/cp_wss01_prefetch_ext/logs/w42.oracleGeneral.bin.zst__gdsf__OBL__619452001.log,ok
w44.oracleGeneral.bin.zst,oracleGeneral,arc,none,190750018,19075001856,0.01,0.9006,0.8074,12116074,./results/cp_wss01_prefetch_ext/logs/w44.oracleGeneral.bin.zst__arc__noprefetch__190750018.log,ok
w43.oracleGeneral.bin.zst,oracleGeneral,gdsf,none,1288446689,128844668928,0.01,0.7310,0.9008,15617420,./results/cp_wss01_prefetch_ext/logs/w43.oracleGeneral.bin.zst__gdsf__noprefetch__1288446689.log,ok
w44.oracleGeneral.bin.zst,oracleGeneral,arc,OBL,190750018,19075001856,0.01,0.9001,0.8074,12116074,./results/cp_wss01_prefetch_ext/logs/w44.oracleGeneral.bin.zst__arc__OBL__190750018.log,ok
w44.oracleGeneral.bin.zst,oracleGeneral,s3fifo,PG,190750018,19075001856,0.01,0.9005,0.8102,12116074,./results/cp_wss01_prefetch_ext/logs/w44.oracleGeneral.bin.zst__s3fifo__PG__190750018.log,ok
w44.oracleGeneral.bin.zst,oracleGeneral,s3fifo,none,190750018,19075001856,0.01,0.9005,0.8102,12116074,./results/cp_wss01_prefetch_ext/logs/w44.oracleGeneral.bin.zst__s3fifo__noprefetch__190750018.log,ok
w43.oracleGeneral.bin.zst,oracleGeneral,gdsf,OBL,1288446689,128844668928,0.01,0.7310,0.9008,15617420,./results/cp_wss01_prefetch_ext/logs/w43.oracleGeneral.bin.zst__gdsf__OBL__1288446689.log,ok
w44.oracleGeneral.bin.zst,oracleGeneral,s3fifo,OBL,190750018,19075001856,0.01,0.9005,0.8102,12116074,./results/cp_wss01_prefetch_ext/logs/w44.oracleGeneral.bin.zst__s3fifo__OBL__190750018.log,ok
w44.oracleGeneral.bin.zst,oracleGeneral,s3fifo,Mithril,190750018,19075001856,0.01,0.9005,0.8102,12116074,./results/cp_wss01_prefetch_ext/logs/w44.oracleGeneral.bin.zst__s3fifo__Mithril__190750018.log,ok
w44.oracleGeneral.bin.zst,oracleGeneral,arc,Mithril,190750018,19075001856,0.01,,,,./results/cp_wss01_prefetch_ext/logs/w44.oracleGeneral.bin.zst__arc__Mithril__190750018.log,fail:134
w45.oracleGeneral.bin.zst,oracleGeneral,s3fifo,none,28985139,2898513920,0.01,0.1625,0.1902,15064629,./results/cp_wss01_prefetch_ext/logs/w45.oracleGeneral.bin.zst__s3fifo__noprefetch__28985139.log,ok
w45.oracleGeneral.bin.zst,oracleGeneral,arc,Mithril,28985139,2898513920,0.01,,,,./results/cp_wss01_prefetch_ext/logs/w45.oracleGeneral.bin.zst__arc__Mithril__28985139.log,fail:134
w42.oracleGeneral.bin.zst,oracleGeneral,gdsf,PG,619452001,61945200128,0.01,0.7407,0.7849,16894445,./results/cp_wss01_prefetch_ext/logs/w42.oracleGeneral.bin.zst__gdsf__PG__619452001.log,ok
w44.oracleGeneral.bin.zst,oracleGeneral,arc,PG,190750018,19075001856,0.01,0.8995,0.8062,12116074,./results/cp_wss01_prefetch_ext/logs/w44.oracleGeneral.bin.zst__arc__PG__190750018.log,ok
w45.oracleGeneral.bin.zst,oracleGeneral,s3fifo,Mithril,28985139,2898513920,0.01,0.1625,0.1902,15064629,./results/cp_wss01_prefetch_ext/logs/w45.oracleGeneral.bin.zst__s3fifo__Mithril__28985139.log,ok
w45.oracleGeneral.bin.zst,oracleGeneral,s3fifo,PG,28985139,2898513920,0.01,0.1625,0.1902,15064629,./results/cp_wss01_prefetch_ext/logs/w45.oracleGeneral.bin.zst__s3fifo__PG__28985139.log,ok
w44.oracleGeneral.bin.zst,oracleGeneral,gdsf,none,190750018,19075001856,0.01,0.9003,0.8457,12116074,./results/cp_wss01_prefetch_ext/logs/w44.oracleGeneral.bin.zst__gdsf__noprefetch__190750018.log,ok
w45.oracleGeneral.bin.zst,oracleGeneral,arc,none,28985139,2898513920,0.01,0.1665,0.1933,15064629,./results/cp_wss01_prefetch_ext/logs/w45.oracleGeneral.bin.zst__arc__noprefetch__28985139.log,ok
w45.oracleGeneral.bin.zst,oracleGeneral,s3fifo,OBL,28985139,2898513920,0.01,0.1625,0.1902,15064629,./results/cp_wss01_prefetch_ext/logs/w45.oracleGeneral.bin.zst__s3fifo__OBL__28985139.log,ok
w44.oracleGeneral.bin.zst,oracleGeneral,gdsf,OBL,190750018,19075001856,0.01,0.9003,0.8457,12116074,./results/cp_wss01_prefetch_ext/logs/w44.oracleGeneral.bin.zst__gdsf__OBL__190750018.log,ok
w45.oracleGeneral.bin.zst,oracleGeneral,arc,OBL,28985139,2898513920,0.01,0.1665,0.1933,15064629,./results/cp_wss01_prefetch_ext/logs/w45.oracleGeneral.bin.zst__arc__OBL__28985139.log,ok
w42.oracleGeneral.bin.zst,oracleGeneral,lhd,none,619452001,61945200128,0.01,0.7429,0.8356,16894445,./results/cp_wss01_prefetch_ext/logs/w42.oracleGeneral.bin.zst__lhd__noprefetch__619452001.log,ok
w42.oracleGeneral.bin.zst,oracleGeneral,lhd,Mithril,619452001,61945200128,0.01,0.7429,0.8356,16894445,./results/cp_wss01_prefetch_ext/logs/w42.oracleGeneral.bin.zst__lhd__Mithril__619452001.log,ok
w42.oracleGeneral.bin.zst,oracleGeneral,lhd,OBL,619452001,61945200128,0.01,0.7446,0.8356,16894445,./results/cp_wss01_prefetch_ext/logs/w42.oracleGeneral.bin.zst__lhd__OBL__619452001.log,ok
w42.oracleGeneral.bin.zst,oracleGeneral,lhd,PG,619452001,61945200128,0.01,0.7446,0.8356,16894445,./results/cp_wss01_prefetch_ext/logs/w42.oracleGeneral.bin.zst__lhd__PG__619452001.log,ok
w45.oracleGeneral.bin.zst,oracleGeneral,lhd,none,28985139,2898513920,0.01,0.1588,0.4013,15064629,./results/cp_wss01_prefetch_ext/logs/w45.oracleGeneral.bin.zst__lhd__noprefetch__28985139.log,ok
w45.oracleGeneral.bin.zst,oracleGeneral,gdsf,none,28985139,2898513920,0.01,0.1631,0.2994,15064629,./results/cp_wss01_prefetch_ext/logs/w45.oracleGeneral.bin.zst__gdsf__noprefetch__28985139.log,ok
w44.oracleGeneral.bin.zst,oracleGeneral,gdsf,PG,190750018,19075001856,0.01,0.9003,0.8457,12116074,./results/cp_wss01_prefetch_ext/logs/w44.oracleGeneral.bin.zst__gdsf__PG__190750018.log,ok
w43.oracleGeneral.bin.zst,oracleGeneral,lhd,Mithril,1288446689,128844668928,0.01,0.7193,0.9229,15617420,./results/cp_wss01_prefetch_ext/logs/w43.oracleGeneral.bin.zst__lhd__Mithril__1288446689.log,ok
w45.oracleGeneral.bin.zst,oracleGeneral,gdsf,OBL,28985139,2898513920,0.01,0.1631,0.2994,15064629,./results/cp_wss01_prefetch_ext/logs/w45.oracleGeneral.bin.zst__gdsf__OBL__28985139.log,ok
w45.oracleGeneral.bin.zst,oracleGeneral,lhd,PG,28985139,2898513920,0.01,0.1589,0.4019,15064629,./results/cp_wss01_prefetch_ext/logs/w45.oracleGeneral.bin.zst__lhd__PG__28985139.log,ok
w43.oracleGeneral.bin.zst,oracleGeneral,gdsf,PG,1288446689,128844668928,0.01,0.7310,0.9008,15617420,./results/cp_wss01_prefetch_ext/logs/w43.oracleGeneral.bin.zst__gdsf__PG__1288446689.log,ok
w43.oracleGeneral.bin.zst,oracleGeneral,lhd,none,1288446689,128844668928,0.01,0.7232,0.9236,15617420,./results/cp_wss01_prefetch_ext/logs/w43.oracleGeneral.bin.zst__lhd__noprefetch__1288446689.log,ok
w45.oracleGeneral.bin.zst,oracleGeneral,lhd,OBL,28985139,2898513920,0.01,0.1590,0.4036,15064629,./results/cp_wss01_prefetch_ext/logs/w45.oracleGeneral.bin.zst__lhd__OBL__28985139.log,ok
w45.oracleGeneral.bin.zst,oracleGeneral,lhd,Mithril,28985139,2898513920,0.01,0.1589,0.4019,15064629,./results/cp_wss01_prefetch_ext/logs/w45.oracleGeneral.bin.zst__lhd__Mithril__28985139.log,ok
w43.oracleGeneral.bin.zst,oracleGeneral,lhd,PG,1288446689,128844668928,0.01,0.7193,0.9229,15617420,./results/cp_wss01_prefetch_ext/logs/w43.oracleGeneral.bin.zst__lhd__PG__1288446689.log,ok
w46.oracleGeneral.bin.zst,oracleGeneral,arc,Mithril,13323540128,1332354012864,0.01,,,,./results/cp_wss01_prefetch_ext/logs/w46.oracleGeneral.bin.zst__arc__Mithril__13323540128.log,fail:134
w43.oracleGeneral.bin.zst,oracleGeneral,lhd,OBL,1288446689,128844668928,0.01,0.7185,0.9227,15617420,./results/cp_wss01_prefetch_ext/logs/w43.oracleGeneral.bin.zst__lhd__OBL__1288446689.log,ok
w46.oracleGeneral.bin.zst,oracleGeneral,arc,none,13323540128,1332354012864,0.01,0.5450,0.8030,11550125,./results/cp_wss01_prefetch_ext/logs/w46.oracleGeneral.bin.zst__arc__noprefetch__13323540128.log,ok
w45.oracleGeneral.bin.zst,oracleGeneral,arc,PG,28985139,2898513920,0.01,0.1663,0.1933,15064629,./results/cp_wss01_prefetch_ext/logs/w45.oracleGeneral.bin.zst__arc__PG__28985139.log,ok
w46.oracleGeneral.bin.zst,oracleGeneral,s3fifo,none,13323540128,1332354012864,0.01,0.5497,0.8139,11550125,./results/cp_wss01_prefetch_ext/logs/w46.oracleGeneral.bin.zst__s3fifo__noprefetch__13323540128.log,ok
w47.oracleGeneral.bin.zst,oracleGeneral,s3fifo,none,31511347,3151134720,0.01,0.1489,0.2405,14314717,./results/cp_wss01_prefetch_ext/logs/w47.oracleGeneral.bin.zst__s3fifo__noprefetch__31511347.log,ok
w47.oracleGeneral.bin.zst,oracleGeneral,s3fifo,PG,31511347,3151134720,0.01,0.1489,0.2405,14314717,./results/cp_wss01_prefetch_ext/logs/w47.oracleGeneral.bin.zst__s3fifo__PG__31511347.log,ok
w46.oracleGeneral.bin.zst,oracleGeneral,arc,OBL,13323540128,1332354012864,0.01,0.5450,0.8030,11550125,./results/cp_wss01_prefetch_ext/logs/w46.oracleGeneral.bin.zst__arc__OBL__13323540128.log,ok
w47.oracleGeneral.bin.zst,oracleGeneral,arc,Mithril,31511347,3151134720,0.01,,,,./results/cp_wss01_prefetch_ext/logs/w47.oracleGeneral.bin.zst__arc__Mithril__31511347.log,fail:134
w46.oracleGeneral.bin.zst,oracleGeneral,s3fifo,PG,13323540128,1332354012864,0.01,0.5497,0.8139,11550125,./results/cp_wss01_prefetch_ext/logs/w46.oracleGeneral.bin.zst__s3fifo__PG__13323540128.log,ok
w46.oracleGeneral.bin.zst,oracleGeneral,s3fifo,Mithril,13323540128,1332354012864,0.01,0.5497,0.8139,11550125,./results/cp_wss01_prefetch_ext/logs/w46.oracleGeneral.bin.zst__s3fifo__Mithril__13323540128.log,ok
w47.oracleGeneral.bin.zst,oracleGeneral,s3fifo,Mithril,31511347,3151134720,0.01,0.1489,0.2405,14314717,./results/cp_wss01_prefetch_ext/logs/w47.oracleGeneral.bin.zst__s3fifo__Mithril__31511347.log,ok
w46.oracleGeneral.bin.zst,oracleGeneral,s3fifo,OBL,13323540128,1332354012864,0.01,0.5497,0.8139,11550125,./results/cp_wss01_prefetch_ext/logs/w46.oracleGeneral.bin.zst__s3fifo__OBL__13323540128.log,ok
w47.oracleGeneral.bin.zst,oracleGeneral,s3fifo,OBL,31511347,3151134720,0.01,0.1489,0.2405,14314717,./results/cp_wss01_prefetch_ext/logs/w47.oracleGeneral.bin.zst__s3fifo__OBL__31511347.log,ok
w44.oracleGeneral.bin.zst,oracleGeneral,lhd,none,190750018,19075001856,0.01,0.9010,0.8749,12116074,./results/cp_wss01_prefetch_ext/logs/w44.oracleGeneral.bin.zst__lhd__noprefetch__190750018.log,ok
w47.oracleGeneral.bin.zst,oracleGeneral,arc,none,31511347,3151134720,0.01,0.1517,0.2422,14314717,./results/cp_wss01_prefetch_ext/logs/w47.oracleGeneral.bin.zst__arc__noprefetch__31511347.log,ok
w44.oracleGeneral.bin.zst,oracleGeneral,lhd,Mithril,190750018,19075001856,0.01,0.9015,0.8746,12116074,./results/cp_wss01_prefetch_ext/logs/w44.oracleGeneral.bin.zst__lhd__Mithril__190750018.log,ok
w44.oracleGeneral.bin.zst,oracleGeneral,lhd,OBL,190750018,19075001856,0.01,0.9010,0.8766,12116074,./results/cp_wss01_prefetch_ext/logs/w44.oracleGeneral.bin.zst__lhd__OBL__190750018.log,ok
w44.oracleGeneral.bin.zst,oracleGeneral,gdsf,Mithril,190750018,19075001856,0.01,0.9003,0.8457,12116074,./results/cp_wss01_prefetch_ext/logs/w44.oracleGeneral.bin.zst__gdsf__Mithril__190750018.log,ok
w45.oracleGeneral.bin.zst,oracleGeneral,gdsf,PG,28985139,2898513920,0.01,0.1631,0.2994,15064629,./results/cp_wss01_prefetch_ext/logs/w45.oracleGeneral.bin.zst__gdsf__PG__28985139.log,ok
w47.oracleGeneral.bin.zst,oracleGeneral,arc,OBL,31511347,3151134720,0.01,0.1517,0.2422,14314717,./results/cp_wss01_prefetch_ext/logs/w47.oracleGeneral.bin.zst__arc__OBL__31511347.log,ok
w44.oracleGeneral.bin.zst,oracleGeneral,lhd,PG,190750018,19075001856,0.01,0.9010,0.8766,12116074,./results/cp_wss01_prefetch_ext/logs/w44.oracleGeneral.bin.zst__lhd__PG__190750018.log,ok
w46.oracleGeneral.bin.zst,oracleGeneral,gdsf,none,13323540128,1332354012864,0.01,0.5328,0.8669,11550125,./results/cp_wss01_prefetch_ext/logs/w46.oracleGeneral.bin.zst__gdsf__noprefetch__13323540128.log,ok
w47.oracleGeneral.bin.zst,oracleGeneral,lhd,none,31511347,3151134720,0.01,0.1432,0.4245,14314717,./results/cp_wss01_prefetch_ext/logs/w47.oracleGeneral.bin.zst__lhd__noprefetch__31511347.log,ok
w47.oracleGeneral.bin.zst,oracleGeneral,gdsf,none,31511347,3151134720,0.01,0.1499,0.3703,14314717,./results/cp_wss01_prefetch_ext/logs/w47.oracleGeneral.bin.zst__gdsf__noprefetch__31511347.log,ok
w37.oracleGeneral.bin.zst,oracleGeneral,gdsf,Mithril,499892674,49989267456,0.01,0.7332,0.8237,18840688,./results/cp_wss01_prefetch_ext/logs/w37.oracleGeneral.bin.zst__gdsf__Mithril__499892674.log,ok
w47.oracleGeneral.bin.zst,oracleGeneral,lhd,OBL,31511347,3151134720,0.01,0.1434,0.4280,14314717,./results/cp_wss01_prefetch_ext/logs/w47.oracleGeneral.bin.zst__lhd__OBL__31511347.log,ok
w47.oracleGeneral.bin.zst,oracleGeneral,lhd,PG,31511347,3151134720,0.01,0.1432,0.4245,14314717,./results/cp_wss01_prefetch_ext/logs/w47.oracleGeneral.bin.zst__lhd__PG__31511347.log,ok
w46.oracleGeneral.bin.zst,oracleGeneral,gdsf,OBL,13323540128,1332354012864,0.01,0.5328,0.8669,11550125,./results/cp_wss01_prefetch_ext/logs/w46.oracleGeneral.bin.zst__gdsf__OBL__13323540128.log,ok
w47.oracleGeneral.bin.zst,oracleGeneral,lhd,Mithril,31511347,3151134720,0.01,0.1432,0.4245,14314717,./results/cp_wss01_prefetch_ext/logs/w47.oracleGeneral.bin.zst__lhd__Mithril__31511347.log,ok
w47.oracleGeneral.bin.zst,oracleGeneral,gdsf,OBL,31511347,3151134720,0.01,0.1499,0.3703,14314717,./results/cp_wss01_prefetch_ext/logs/w47.oracleGeneral.bin.zst__gdsf__OBL__31511347.log,ok
w46.oracleGeneral.bin.zst,oracleGeneral,arc,PG,13323540128,1332354012864,0.01,,,,./results/cp_wss01_prefetch_ext/logs/w46.oracleGeneral.bin.zst__arc__PG__13323540128.log,fail:134
w48.oracleGeneral.bin.zst,oracleGeneral,arc,none,2206046684,220604668416,0.01,0.8997,0.8687,14097008,./results/cp_wss01_prefetch_ext/logs/w48.oracleGeneral.bin.zst__arc__noprefetch__2206046684.log,ok
w47.oracleGeneral.bin.zst,oracleGeneral,arc,PG,31511347,3151134720,0.01,0.1516,0.2421,14314717,./results/cp_wss01_prefetch_ext/logs/w47.oracleGeneral.bin.zst__arc__PG__31511347.log,ok
w46.oracleGeneral.bin.zst,oracleGeneral,lhd,OBL,13323540128,1332354012864,0.01,0.5599,0.9160,11550125,./results/cp_wss01_prefetch_ext/logs/w46.oracleGeneral.bin.zst__lhd__OBL__13323540128.log,ok
w46.oracleGeneral.bin.zst,oracleGeneral,lhd,none,13323540128,1332354012864,0.01,0.5599,0.9160,11550125,./results/cp_wss01_prefetch_ext/logs/w46.oracleGeneral.bin.zst__lhd__noprefetch__13323540128.log,ok
w46.oracleGeneral.bin.zst,oracleGeneral,lhd,PG,13323540128,1332354012864,0.01,0.5599,0.9160,11550125,./results/cp_wss01_prefetch_ext/logs/w46.oracleGeneral.bin.zst__lhd__PG__13323540128.log,ok
w46.oracleGeneral.bin.zst,oracleGeneral,lhd,Mithril,13323540128,1332354012864,0.01,0.5599,0.9160,11550125,./results/cp_wss01_prefetch_ext/logs/w46.oracleGeneral.bin.zst__lhd__Mithril__13323540128.log,ok
w45.oracleGeneral.bin.zst,oracleGeneral,gdsf,Mithril,28985139,2898513920,0.01,0.1631,0.2994,15064629,./results/cp_wss01_prefetch_ext/logs/w45.oracleGeneral.bin.zst__gdsf__Mithril__28985139.log,ok
w48.oracleGeneral.bin.zst,oracleGeneral,arc,OBL,2206046684,220604668416,0.01,0.8925,0.8682,14097008,./results/cp_wss01_prefetch_ext/logs/w48.oracleGeneral.bin.zst__arc__OBL__2206046684.log,ok
w49.oracleGeneral.bin.zst,oracleGeneral,arc,Mithril,809102972,80910297280,0.01,,,,./results/cp_wss01_prefetch_ext/logs/w49.oracleGeneral.bin.zst__arc__Mithril__809102972.log,fail:134
w49.oracleGeneral.bin.zst,oracleGeneral,s3fifo,none,809102972,80910297280,0.01,0.6582,0.7973,11151558,./results/cp_wss01_prefetch_ext/logs/w49.oracleGeneral.bin.zst__s3fifo__noprefetch__809102972.log,ok
w49.oracleGeneral.bin.zst,oracleGeneral,arc,none,809102972,80910297280,0.01,0.6915,0.8473,11151558,./results/cp_wss01_prefetch_ext/logs/w49.oracleGeneral.bin.zst__arc__noprefetch__809102972.log,ok
w48.oracleGeneral.bin.zst,oracleGeneral,s3fifo,none,2206046684,220604668416,0.01,0.9015,0.8694,14097008,./results/cp_wss01_prefetch_ext/logs/w48.oracleGeneral.bin.zst__s3fifo__noprefetch__2206046684.log,ok
w48.oracleGeneral.bin.zst,oracleGeneral,arc,PG,2206046684,220604668416,0.01,,,,./results/cp_wss01_prefetch_ext/logs/w48.oracleGeneral.bin.zst__arc__PG__2206046684.log,fail:134
w47.oracleGeneral.bin.zst,oracleGeneral,gdsf,PG,31511347,3151134720,0.01,0.1499,0.3703,14314717,./results/cp_wss01_prefetch_ext/logs/w47.oracleGeneral.bin.zst__gdsf__PG__31511347.log,ok
w48.oracleGeneral.bin.zst,oracleGeneral,s3fifo,OBL,2206046684,220604668416,0.01,0.9015,0.8694,14097008,./results/cp_wss01_prefetch_ext/logs/w48.oracleGeneral.bin.zst__s3fifo__OBL__2206046684.log,ok
w48.oracleGeneral.bin.zst,oracleGeneral,s3fifo,PG,2206046684,220604668416,0.01,0.9015,0.8694,14097008,./results/cp_wss01_prefetch_ext/logs/w48.oracleGeneral.bin.zst__s3fifo__PG__2206046684.log,ok
w49.oracleGeneral.bin.zst,oracleGeneral,s3fifo,Mithril,809102972,80910297280,0.01,0.6582,0.7973,11151558,./results/cp_wss01_prefetch_ext/logs/w49.oracleGeneral.bin.zst__s3fifo__Mithril__809102972.log,ok
w49.oracleGeneral.bin.zst,oracleGeneral,arc,OBL,809102972,80910297280,0.01,0.6916,0.8474,11151558,./results/cp_wss01_prefetch_ext/logs/w49.oracleGeneral.bin.zst__arc__OBL__809102972.log,ok
w49.oracleGeneral.bin.zst,oracleGeneral,s3fifo,PG,809102972,80910297280,0.01,0.6582,0.7973,11151558,./results/cp_wss01_prefetch_ext/logs/w49.oracleGeneral.bin.zst__s3fifo__PG__809102972.log,ok
w48.oracleGeneral.bin.zst,oracleGeneral,s3fifo,Mithril,2206046684,220604668416,0.01,0.9015,0.8694,14097008,./results/cp_wss01_prefetch_ext/logs/w48.oracleGeneral.bin.zst__s3fifo__Mithril__2206046684.log,ok
w49.oracleGeneral.bin.zst,oracleGeneral,arc,PG,809102972,80910297280,0.01,,,,./results/cp_wss01_prefetch_ext/logs/w49.oracleGeneral.bin.zst__arc__PG__809102972.log,fail:134
w49.oracleGeneral.bin.zst,oracleGeneral,s3fifo,OBL,809102972,80910297280,0.01,0.6582,0.7973,11151558,./results/cp_wss01_prefetch_ext/logs/w49.oracleGeneral.bin.zst__s3fifo__OBL__809102972.log,ok
w47.oracleGeneral.bin.zst,oracleGeneral,gdsf,Mithril,31511347,3151134720,0.01,0.1499,0.3703,14314717,./results/cp_wss01_prefetch_ext/logs/w47.oracleGeneral.bin.zst__gdsf__Mithril__31511347.log,ok
w42.oracleGeneral.bin.zst,oracleGeneral,gdsf,Mithril,619452001,61945200128,0.01,0.7407,0.7849,16894445,./results/cp_wss01_prefetch_ext/logs/w42.oracleGeneral.bin.zst__gdsf__Mithril__619452001.log,ok
w48.oracleGeneral.bin.zst,oracleGeneral,arc,Mithril,2206046684,220604668416,0.01,,,,./results/cp_wss01_prefetch_ext/logs/w48.oracleGeneral.bin.zst__arc__Mithril__2206046684.log,fail:134
w49.oracleGeneral.bin.zst,oracleGeneral,gdsf,none,809102972,80910297280,0.01,0.6083,0.8291,11151558,./results/cp_wss01_prefetch_ext/logs/w49.oracleGeneral.bin.zst__gdsf__noprefetch__809102972.log,ok
w49.oracleGeneral.bin.zst,oracleGeneral,gdsf,OBL,809102972,80910297280,0.01,0.6083,0.8291,11151558,./results/cp_wss01_prefetch_ext/logs/w49.oracleGeneral.bin.zst__gdsf__OBL__809102972.log,ok
w48.oracleGeneral.bin.zst,oracleGeneral,gdsf,none,2206046684,220604668416,0.01,0.8201,0.9244,14097008,./results/cp_wss01_prefetch_ext/logs/w48.oracleGeneral.bin.zst__gdsf__noprefetch__2206046684.log,ok
w48.oracleGeneral.bin.zst,oracleGeneral,gdsf,OBL,2206046684,220604668416,0.01,0.8201,0.9244,14097008,./results/cp_wss01_prefetch_ext/logs/w48.oracleGeneral.bin.zst__gdsf__OBL__2206046684.log,ok
w50.oracleGeneral.bin.zst,oracleGeneral,arc,none,496975738,49697573888,0.01,0.9549,0.9368,13448032,./results/cp_wss01_prefetch_ext/logs/w50.oracleGeneral.bin.zst__arc__noprefetch__496975738.log,ok
w50.oracleGeneral.bin.zst,oracleGeneral,arc,OBL,496975738,49697573888,0.01,0.9196,0.9370,13448032,./results/cp_wss01_prefetch_ext/logs/w50.oracleGeneral.bin.zst__arc__OBL__496975738.log,ok
w46.oracleGeneral.bin.zst,oracleGeneral,gdsf,Mithril,13323540128,1332354012864,0.01,0.5328,0.8669,11550125,./results/cp_wss01_prefetch_ext/logs/w46.oracleGeneral.bin.zst__gdsf__Mithril__13323540128.log,ok
w49.oracleGeneral.bin.zst,oracleGeneral,lhd,none,809102972,80910297280,0.01,0.6122,0.8980,11151558,./results/cp_wss01_prefetch_ext/logs/w49.oracleGeneral.bin.zst__lhd__noprefetch__809102972.log,ok
w50.oracleGeneral.bin.zst,oracleGeneral,s3fifo,none,496975738,49697573888,0.01,0.8889,0.8973,13448032,./results/cp_wss01_prefetch_ext/logs/w50.oracleGeneral.bin.zst__s3fifo__noprefetch__496975738.log,ok
w49.oracleGeneral.bin.zst,oracleGeneral,lhd,Mithril,809102972,80910297280,0.01,0.6118,0.8975,11151558,./results/cp_wss01_prefetch_ext/logs/w49.oracleGeneral.bin.zst__lhd__Mithril__809102972.log,ok
w51.oracleGeneral.bin.zst,oracleGeneral,s3fifo,none,235319552,23531955212,0.01,0.4300,0.3278,9551283,./results/cp_wss01_prefetch_ext/logs/w51.oracleGeneral.bin.zst__s3fifo__noprefetch__235319552.log,ok
w49.oracleGeneral.bin.zst,oracleGeneral,gdsf,PG,809102972,80910297280,0.01,0.6083,0.8291,11151558,./results/cp_wss01_prefetch_ext/logs/w49.oracleGeneral.bin.zst__gdsf__PG__809102972.log,ok
w50.oracleGeneral.bin.zst,oracleGeneral,s3fifo,Mithril,496975738,49697573888,0.01,0.8889,0.8973,13448032,./results/cp_wss01_prefetch_ext/logs/w50.oracleGeneral.bin.zst__s3fifo__Mithril__496975738.log,ok
w49.oracleGeneral.bin.zst,oracleGeneral,lhd,PG,809102972,80910297280,0.01,0.6134,0.8992,11151558,./results/cp_wss01_prefetch_ext/logs/w49.oracleGeneral.bin.zst__lhd__PG__809102972.log,ok
w49.oracleGeneral.bin.zst,oracleGeneral,lhd,OBL,809102972,80910297280,0.01,0.6134,0.8992,11151558,./results/cp_wss01_prefetch_ext/logs/w49.oracleGeneral.bin.zst__lhd__OBL__809102972.log,ok
w50.oracleGeneral.bin.zst,oracleGeneral,s3fifo,PG,496975738,49697573888,0.01,0.8889,0.8973,13448032,./results/cp_wss01_prefetch_ext/logs/w50.oracleGeneral.bin.zst__s3fifo__PG__496975738.log,ok
w48.oracleGeneral.bin.zst,oracleGeneral,lhd,OBL,2206046684,220604668416,0.01,0.8424,0.9348,14097008,./results/cp_wss01_prefetch_ext/logs/w48.oracleGeneral.bin.zst__lhd__OBL__2206046684.log,ok
w51.oracleGeneral.bin.zst,oracleGeneral,arc,Mithril,235319552,23531955212,0.01,,,,./results/cp_wss01_prefetch_ext/logs/w51.oracleGeneral.bin.zst__arc__Mithril__235319552.log,fail:134
w48.oracleGeneral.bin.zst,oracleGeneral,lhd,none,2206046684,220604668416,0.01,0.8397,0.9363,14097008,./results/cp_wss01_prefetch_ext/logs/w48.oracleGeneral.bin.zst__lhd__noprefetch__2206046684.log,ok
w50.oracleGeneral.bin.zst,oracleGeneral,s3fifo,OBL,496975738,49697573888,0.01,0.8889,0.8973,13448032,./results/cp_wss01_prefetch_ext/logs/w50.oracleGeneral.bin.zst__s3fifo__OBL__496975738.log,ok
w48.oracleGeneral.bin.zst,oracleGeneral,lhd,PG,2206046684,220604668416,0.01,0.8424,0.9348,14097008,./results/cp_wss01_prefetch_ext/logs/w48.oracleGeneral.bin.zst__lhd__PG__2206046684.log,ok
w48.oracleGeneral.bin.zst,oracleGeneral,gdsf,PG,2206046684,220604668416,0.01,0.8201,0.9244,14097008,./results/cp_wss01_prefetch_ext/logs/w48.oracleGeneral.bin.zst__gdsf__PG__2206046684.log,ok
w48.oracleGeneral.bin.zst,oracleGeneral,lhd,Mithril,2206046684,220604668416,0.01,0.8397,0.9363,14097008,./results/cp_wss01_prefetch_ext/logs/w48.oracleGeneral.bin.zst__lhd__Mithril__2206046684.log,ok
w51.oracleGeneral.bin.zst,oracleGeneral,arc,none,235319552,23531955212,0.01,0.4409,0.3367,9551283,./results/cp_wss01_prefetch_ext/logs/w51.oracleGeneral.bin.zst__arc__noprefetch__235319552.log,ok
w51.oracleGeneral.bin.zst,oracleGeneral,s3fifo,Mithril,235319552,23531955212,0.01,0.4300,0.3278,9551283,./results/cp_wss01_prefetch_ext/logs/w51.oracleGeneral.bin.zst__s3fifo__Mithril__235319552.log,ok
w50.oracleGeneral.bin.zst,oracleGeneral,gdsf,none,496975738,49697573888,0.01,0.9430,0.9870,13448032,./results/cp_wss01_prefetch_ext/logs/w50.oracleGeneral.bin.zst__gdsf__noprefetch__496975738.log,ok
w51.oracleGeneral.bin.zst,oracleGeneral,s3fifo,PG,235319552,23531955212,0.01,0.4300,0.3278,9551283,./results/cp_wss01_prefetch_ext/logs/w51.oracleGeneral.bin.zst__s3fifo__PG__235319552.log,ok
w51.oracleGeneral.bin.zst,oracleGeneral,arc,OBL,235319552,23531955212,0.01,0.4409,0.3367,9551283,./results/cp_wss01_prefetch_ext/logs/w51.oracleGeneral.bin.zst__arc__OBL__235319552.log,ok
w50.oracleGeneral.bin.zst,oracleGeneral,gdsf,OBL,496975738,49697573888,0.01,0.9430,0.9870,13448032,./results/cp_wss01_prefetch_ext/logs/w50.oracleGeneral.bin.zst__gdsf__OBL__496975738.log,ok
w46.oracleGeneral.bin.zst,oracleGeneral,gdsf,PG,13323540128,1332354012864,0.01,0.5328,0.8669,11550125,./results/cp_wss01_prefetch_ext/logs/w46.oracleGeneral.bin.zst__gdsf__PG__13323540128.log,ok
w52.oracleGeneral.bin.zst,oracleGeneral,arc,Mithril,78447370,7844737024,0.01,,,,./results/cp_wss01_prefetch_ext/logs/w52.oracleGeneral.bin.zst__arc__Mithril__78447370.log,fail:134
w51.oracleGeneral.bin.zst,oracleGeneral,s3fifo,OBL,235319552,23531955212,0.01,0.4300,0.3278,9551283,./results/cp_wss01_prefetch_ext/logs/w51.oracleGeneral.bin.zst__s3fifo__OBL__235319552.log,ok
w52.oracleGeneral.bin.zst,oracleGeneral,arc,none,78447370,7844737024,0.01,0.4481,0.6294,11451546,./results/cp_wss01_prefetch_ext/logs/w52.oracleGeneral.bin.zst__arc__noprefetch__78447370.log,ok
w52.oracleGeneral.bin.zst,oracleGeneral,s3fifo,none,78447370,7844737024,0.01,0.4338,0.6147,11451546,./results/cp_wss01_prefetch_ext/logs/w52.oracleGeneral.bin.zst__s3fifo__noprefetch__78447370.log,ok
w51.oracleGeneral.bin.zst,oracleGeneral,gdsf,none,235319552,23531955212,0.01,0.4154,0.3339,9551283,./results/cp_wss01_prefetch_ext/logs/w51.oracleGeneral.bin.zst__gdsf__noprefetch__235319552.log,ok
w51.oracleGeneral.bin.zst,oracleGeneral,gdsf,OBL,235319552,23531955212,0.01,0.4154,0.3339,9551283,./results/cp_wss01_prefetch_ext/logs/w51.oracleGeneral.bin.zst__gdsf__OBL__235319552.log,ok
w50.oracleGeneral.bin.zst,oracleGeneral,arc,PG,496975738,49697573888,0.01,0.9342,0.9604,13448032,./results/cp_wss01_prefetch_ext/logs/w50.oracleGeneral.bin.zst__arc__PG__496975738.log,ok
w52.oracleGeneral.bin.zst,oracleGeneral,s3fifo,Mithril,78447370,7844737024,0.01,0.4338,0.6147,11451546,./results/cp_wss01_prefetch_ext/logs/w52.oracleGeneral.bin.zst__s3fifo__Mithril__78447370.log,ok
w52.oracleGeneral.bin.zst,oracleGeneral,s3fifo,PG,78447370,7844737024,0.01,0.4338,0.6147,11451546,./results/cp_wss01_prefetch_ext/logs/w52.oracleGeneral.bin.zst__s3fifo__PG__78447370.log,ok
w52.oracleGeneral.bin.zst,oracleGeneral,s3fifo,OBL,78447370,7844737024,0.01,0.4338,0.6147,11451546,./results/cp_wss01_prefetch_ext/logs/w52.oracleGeneral.bin.zst__s3fifo__OBL__78447370.log,ok
w52.oracleGeneral.bin.zst,oracleGeneral,arc,OBL,78447370,7844737024,0.01,0.4481,0.6294,11451546,./results/cp_wss01_prefetch_ext/logs/w52.oracleGeneral.bin.zst__arc__OBL__78447370.log,ok
w51.oracleGeneral.bin.zst,oracleGeneral,lhd,none,235319552,23531955212,0.01,0.4337,0.3789,9551283,./results/cp_wss01_prefetch_ext/logs/w51.oracleGeneral.bin.zst__lhd__noprefetch__235319552.log,ok
w51.oracleGeneral.bin.zst,oracleGeneral,lhd,OBL,235319552,23531955212,0.01,0.4332,0.3788,9551283,./results/cp_wss01_prefetch_ext/logs/w51.oracleGeneral.bin.zst__lhd__OBL__235319552.log,ok
w51.oracleGeneral.bin.zst,oracleGeneral,lhd,Mithril,235319552,23531955212,0.01,0.4337,0.3789,9551283,./results/cp_wss01_prefetch_ext/logs/w51.oracleGeneral.bin.zst__lhd__Mithril__235319552.log,ok
w51.oracleGeneral.bin.zst,oracleGeneral,lhd,PG,235319552,23531955212,0.01,0.4337,0.3789,9551283,./results/cp_wss01_prefetch_ext/logs/w51.oracleGeneral.bin.zst__lhd__PG__235319552.log,ok
w52.oracleGeneral.bin.zst,oracleGeneral,arc,PG,78447370,7844737024,0.01,,,,./results/cp_wss01_prefetch_ext/logs/w52.oracleGeneral.bin.zst__arc__PG__78447370.log,fail:134
w51.oracleGeneral.bin.zst,oracleGeneral,arc,PG,235319552,23531955212,0.01,,,,./results/cp_wss01_prefetch_ext/logs/w51.oracleGeneral.bin.zst__arc__PG__235319552.log,fail:134
w52.oracleGeneral.bin.zst,oracleGeneral,gdsf,OBL,78447370,7844737024,0.01,0.4345,0.6645,11451546,./results/cp_wss01_prefetch_ext/logs/w52.oracleGeneral.bin.zst__gdsf__OBL__78447370.log,ok
w50.oracleGeneral.bin.zst,oracleGeneral,gdsf,PG,496975738,49697573888,0.01,0.9430,0.9870,13448032,./results/cp_wss01_prefetch_ext/logs/w50.oracleGeneral.bin.zst__gdsf__PG__496975738.log,ok
w52.oracleGeneral.bin.zst,oracleGeneral,gdsf,none,78447370,7844737024,0.01,0.4345,0.6645,11451546,./results/cp_wss01_prefetch_ext/logs/w52.oracleGeneral.bin.zst__gdsf__noprefetch__78447370.log,ok
w50.oracleGeneral.bin.zst,oracleGeneral,lhd,none,496975738,49697573888,0.01,0.8066,0.9354,13448032,./results/cp_wss01_prefetch_ext/logs/w50.oracleGeneral.bin.zst__lhd__noprefetch__496975738.log,ok
w53.oracleGeneral.bin.zst,oracleGeneral,arc,Mithril,5983383953,598338395328,0.01,,,,./results/cp_wss01_prefetch_ext/logs/w53.oracleGeneral.bin.zst__arc__Mithril__5983383953.log,fail:134
w53.oracleGeneral.bin.zst,oracleGeneral,arc,none,5983383953,598338395328,0.01,0.7258,0.9539,8973978,./results/cp_wss01_prefetch_ext/logs/w53.oracleGeneral.bin.zst__arc__noprefetch__5983383953.log,ok
w53.oracleGeneral.bin.zst,oracleGeneral,arc,OBL,5983383953,598338395328,0.01,0.7258,0.9539,8973978,./results/cp_wss01_prefetch_ext/logs/w53.oracleGeneral.bin.zst__arc__OBL__5983383953.log,ok
w53.oracleGeneral.bin.zst,oracleGeneral,s3fifo,none,5983383953,598338395328,0.01,0.6984,0.9272,8973978,./results/cp_wss01_prefetch_ext/logs/w53.oracleGeneral.bin.zst__s3fifo__noprefetch__5983383953.log,ok
w50.oracleGeneral.bin.zst,oracleGeneral,arc,Mithril,496975738,49697573888,0.01,0.3883,0.4913,13448032,./results/cp_wss01_prefetch_ext/logs/w50.oracleGeneral.bin.zst__arc__Mithril__496975738.log,ok
w53.oracleGeneral.bin.zst,oracleGeneral,s3fifo,PG,5983383953,598338395328,0.01,0.6984,0.9272,8973978,./results/cp_wss01_prefetch_ext/logs/w53.oracleGeneral.bin.zst__s3fifo__PG__5983383953.log,ok
w53.oracleGeneral.bin.zst,oracleGeneral,s3fifo,OBL,5983383953,598338395328,0.01,0.6984,0.9272,8973978,./results/cp_wss01_prefetch_ext/logs/w53.oracleGeneral.bin.zst__s3fifo__OBL__5983383953.log,ok
w53.oracleGeneral.bin.zst,oracleGeneral,s3fifo,Mithril,5983383953,598338395328,0.01,0.6984,0.9272,8973978,./results/cp_wss01_prefetch_ext/logs/w53.oracleGeneral.bin.zst__s3fifo__Mithril__5983383953.log,ok
w50.oracleGeneral.bin.zst,oracleGeneral,lhd,Mithril,496975738,49697573888,0.01,0.8310,0.9426,13448032,./results/cp_wss01_prefetch_ext/logs/w50.oracleGeneral.bin.zst__lhd__Mithril__496975738.log,ok
w50.oracleGeneral.bin.zst,oracleGeneral,lhd,PG,496975738,49697573888,0.01,0.8318,0.9426,13448032,./results/cp_wss01_prefetch_ext/logs/w50.oracleGeneral.bin.zst__lhd__PG__496975738.log,ok
w52.oracleGeneral.bin.zst,oracleGeneral,lhd,none,78447370,7844737024,0.01,0.4108,0.6644,11451546,./results/cp_wss01_prefetch_ext/logs/w52.oracleGeneral.bin.zst__lhd__noprefetch__78447370.log,ok
w50.oracleGeneral.bin.zst,oracleGeneral,lhd,OBL,496975738,49697573888,0.01,0.8241,0.9418,13448032,./results/cp_wss01_prefetch_ext/logs/w50.oracleGeneral.bin.zst__lhd__OBL__496975738.log,ok
w52.oracleGeneral.bin.zst,oracleGeneral,lhd,OBL,78447370,7844737024,0.01,0.4112,0.6646,11451546,./results/cp_wss01_prefetch_ext/logs/w52.oracleGeneral.bin.zst__lhd__OBL__78447370.log,ok
w52.oracleGeneral.bin.zst,oracleGeneral,lhd,Mithril,78447370,7844737024,0.01,0.4096,0.6643,11451546,./results/cp_wss01_prefetch_ext/logs/w52.oracleGeneral.bin.zst__lhd__Mithril__78447370.log,ok
w52.oracleGeneral.bin.zst,oracleGeneral,lhd,PG,78447370,7844737024,0.01,0.4096,0.6643,11451546,./results/cp_wss01_prefetch_ext/logs/w52.oracleGeneral.bin.zst__lhd__PG__78447370.log,ok
w52.oracleGeneral.bin.zst,oracleGeneral,gdsf,PG,78447370,7844737024,0.01,0.4345,0.6645,11451546,./results/cp_wss01_prefetch_ext/logs/w52.oracleGeneral.bin.zst__gdsf__PG__78447370.log,ok
w53.oracleGeneral.bin.zst,oracleGeneral,gdsf,none,5983383953,598338395328,0.01,0.6741,0.9253,8973978,./results/cp_wss01_prefetch_ext/logs/w53.oracleGeneral.bin.zst__gdsf__noprefetch__5983383953.log,ok
w54.oracleGeneral.bin.zst,oracleGeneral,arc,none,27680301140,2768030114047,0.01,0.8471,0.9770,8832954,./results/cp_wss01_prefetch_ext/logs/w54.oracleGeneral.bin.zst__arc__noprefetch__27680301140.log,ok
w53.oracleGeneral.bin.zst,oracleGeneral,gdsf,OBL,5983383953,598338395328,0.01,0.6741,0.9253,8973978,./results/cp_wss01_prefetch_ext/logs/w53.oracleGeneral.bin.zst__gdsf__OBL__5983383953.log,ok
w54.oracleGeneral.bin.zst,oracleGeneral,arc,OBL,27680301140,2768030114047,0.01,0.8471,0.9770,8832954,./results/cp_wss01_prefetch_ext/logs/w54.oracleGeneral.bin.zst__arc__OBL__27680301140.log,ok
w54.oracleGeneral.bin.zst,oracleGeneral,s3fifo,none,27680301140,2768030114047,0.01,0.8469,0.9752,8832954,./results/cp_wss01_prefetch_ext/logs/w54.oracleGeneral.bin.zst__s3fifo__noprefetch__27680301140.log,ok
w51.oracleGeneral.bin.zst,oracleGeneral,gdsf,PG,235319552,23531955212,0.01,0.4154,0.3339,9551283,./results/cp_wss01_prefetch_ext/logs/w51.oracleGeneral.bin.zst__gdsf__PG__235319552.log,ok
w54.oracleGeneral.bin.zst,oracleGeneral,s3fifo,OBL,27680301140,2768030114047,0.01,0.8469,0.9752,8832954,./results/cp_wss01_prefetch_ext/logs/w54.oracleGeneral.bin.zst__s3fifo__OBL__27680301140.log,ok
w54.oracleGeneral.bin.zst,oracleGeneral,s3fifo,PG,27680301140,2768030114047,0.01,0.8469,0.9752,8832954,./results/cp_wss01_prefetch_ext/logs/w54.oracleGeneral.bin.zst__s3fifo__PG__27680301140.log,ok
w53.oracleGeneral.bin.zst,oracleGeneral,lhd,none,5983383953,598338395328,0.01,0.6899,0.9308,8973978,./results/cp_wss01_prefetch_ext/logs/w53.oracleGeneral.bin.zst__lhd__noprefetch__5983383953.log,ok
w54.oracleGeneral.bin.zst,oracleGeneral,s3fifo,Mithril,27680301140,2768030114047,0.01,0.8469,0.9752,8832954,./results/cp_wss01_prefetch_ext/logs/w54.oracleGeneral.bin.zst__s3fifo__Mithril__27680301140.log,ok
w53.oracleGeneral.bin.zst,oracleGeneral,lhd,Mithril,5983383953,598338395328,0.01,0.6899,0.9308,8973978,./results/cp_wss01_prefetch_ext/logs/w53.oracleGeneral.bin.zst__lhd__Mithril__5983383953.log,ok
w53.oracleGeneral.bin.zst,oracleGeneral,lhd,PG,5983383953,598338395328,0.01,0.6889,0.9303,8973978,./results/cp_wss01_prefetch_ext/logs/w53.oracleGeneral.bin.zst__lhd__PG__5983383953.log,ok
w53.oracleGeneral.bin.zst,oracleGeneral,arc,PG,5983383953,598338395328,0.01,0.7254,0.9536,8973978,./results/cp_wss01_prefetch_ext/logs/w53.oracleGeneral.bin.zst__arc__PG__5983383953.log,ok
w53.oracleGeneral.bin.zst,oracleGeneral,lhd,OBL,5983383953,598338395328,0.01,0.6887,0.9299,8973978,./results/cp_wss01_prefetch_ext/logs/w53.oracleGeneral.bin.zst__lhd__OBL__5983383953.log,ok
w54.oracleGeneral.bin.zst,oracleGeneral,gdsf,none,27680301140,2768030114047,0.01,0.8439,0.9752,8832954,./results/cp_wss01_prefetch_ext/logs/w54.oracleGeneral.bin.zst__gdsf__noprefetch__27680301140.log,ok
w55.oracleGeneral.bin.zst,oracleGeneral,arc,none,412119799,41211979968,0.01,0.8872,0.7458,8855434,./results/cp_wss01_prefetch_ext/logs/w55.oracleGeneral.bin.zst__arc__noprefetch__412119799.log,ok
w54.oracleGeneral.bin.zst,oracleGeneral,arc,Mithril,27680301140,2768030114047,0.01,0.8471,0.9770,8832954,./results/cp_wss01_prefetch_ext/logs/w54.oracleGeneral.bin.zst__arc__Mithril__27680301140.log,ok
w55.oracleGeneral.bin.zst,oracleGeneral,s3fifo,none,412119799,41211979968,0.01,0.8694,0.7349,8855434,./results/cp_wss01_prefetch_ext/logs/w55.oracleGeneral.bin.zst__s3fifo__noprefetch__412119799.log,ok
w54.oracleGeneral.bin.zst,oracleGeneral,gdsf,OBL,27680301140,2768030114047,0.01,0.8439,0.9752,8832954,./results/cp_wss01_prefetch_ext/logs/w54.oracleGeneral.bin.zst__gdsf__OBL__27680301140.log,ok
w55.oracleGeneral.bin.zst,oracleGeneral,s3fifo,PG,412119799,41211979968,0.01,0.8694,0.7349,8855434,./results/cp_wss01_prefetch_ext/logs/w55.oracleGeneral.bin.zst__s3fifo__PG__412119799.log,ok
w51.oracleGeneral.bin.zst,oracleGeneral,gdsf,Mithril,235319552,23531955212,0.01,0.4154,0.3339,9551283,./results/cp_wss01_prefetch_ext/logs/w51.oracleGeneral.bin.zst__gdsf__Mithril__235319552.log,ok
w55.oracleGeneral.bin.zst,oracleGeneral,arc,Mithril,412119799,41211979968,0.01,,,,./results/cp_wss01_prefetch_ext/logs/w55.oracleGeneral.bin.zst__arc__Mithril__412119799.log,fail:134
w55.oracleGeneral.bin.zst,oracleGeneral,arc,OBL,412119799,41211979968,0.01,0.8872,0.7458,8855434,./results/cp_wss01_prefetch_ext/logs/w55.oracleGeneral.bin.zst__arc__OBL__412119799.log,ok
w55.oracleGeneral.bin.zst,oracleGeneral,s3fifo,OBL,412119799,41211979968,0.01,0.8694,0.7349,8855434,./results/cp_wss01_prefetch_ext/logs/w55.oracleGeneral.bin.zst__s3fifo__OBL__412119799.log,ok
w55.oracleGeneral.bin.zst,oracleGeneral,s3fifo,Mithril,412119799,41211979968,0.01,0.8694,0.7349,8855434,./results/cp_wss01_prefetch_ext/logs/w55.oracleGeneral.bin.zst__s3fifo__Mithril__412119799.log,ok
w55.oracleGeneral.bin.zst,oracleGeneral,gdsf,none,412119799,41211979968,0.01,0.8638,0.7882,8855434,./results/cp_wss01_prefetch_ext/logs/w55.oracleGeneral.bin.zst__gdsf__noprefetch__412119799.log,ok
w53.oracleGeneral.bin.zst,oracleGeneral,gdsf,PG,5983383953,598338395328,0.01,0.6741,0.9253,8973978,./results/cp_wss01_prefetch_ext/logs/w53.oracleGeneral.bin.zst__gdsf__PG__5983383953.log,ok
w54.oracleGeneral.bin.zst,oracleGeneral,lhd,none,27680301140,2768030114047,0.01,0.8536,0.9779,8832954,./results/cp_wss01_prefetch_ext/logs/w54.oracleGeneral.bin.zst__lhd__noprefetch__27680301140.log,ok
w56.oracleGeneral.bin.zst,oracleGeneral,s3fifo,none,149236408,14923640832,0.01,0.2281,0.5200,10899629,./results/cp_wss01_prefetch_ext/logs/w56.oracleGeneral.bin.zst__s3fifo__noprefetch__149236408.log,ok
w56.oracleGeneral.bin.zst,oracleGeneral,s3fifo,PG,149236408,14923640832,0.01,0.2281,0.5200,10899629,./results/cp_wss01_prefetch_ext/logs/w56.oracleGeneral.bin.zst__s3fifo__PG__149236408.log,ok
w56.oracleGeneral.bin.zst,oracleGeneral,arc,Mithril,149236408,14923640832,0.01,,,,./results/cp_wss01_prefetch_ext/logs/w56.oracleGeneral.bin.zst__arc__Mithril__149236408.log,fail:134
w56.oracleGeneral.bin.zst,oracleGeneral,s3fifo,Mithril,149236408,14923640832,0.01,0.2281,0.5200,10899629,./results/cp_wss01_prefetch_ext/logs/w56.oracleGeneral.bin.zst__s3fifo__Mithril__149236408.log,ok
w56.oracleGeneral.bin.zst,oracleGeneral,s3fifo,OBL,149236408,14923640832,0.01,0.2281,0.5200,10899629,./results/cp_wss01_prefetch_ext/logs/w56.oracleGeneral.bin.zst__s3fifo__OBL__149236408.log,ok
w55.oracleGeneral.bin.zst,oracleGeneral,gdsf,OBL,412119799,41211979968,0.01,0.8638,0.7882,8855434,./results/cp_wss01_prefetch_ext/logs/w55.oracleGeneral.bin.zst__gdsf__OBL__412119799.log,ok
w55.oracleGeneral.bin.zst,oracleGeneral,arc,PG,412119799,41211979968,0.01,0.8868,0.7447,8855434,./results/cp_wss01_prefetch_ext/logs/w55.oracleGeneral.bin.zst__arc__PG__412119799.log,ok
w56.oracleGeneral.bin.zst,oracleGeneral,arc,none,149236408,14923640832,0.01,0.2394,0.5282,10899629,./results/cp_wss01_prefetch_ext/logs/w56.oracleGeneral.bin.zst__arc__noprefetch__149236408.log,ok
w54.oracleGeneral.bin.zst,oracleGeneral,lhd,Mithril,27680301140,2768030114047,0.01,0.8544,0.9765,8832954,./results/cp_wss01_prefetch_ext/logs/w54.oracleGeneral.bin.zst__lhd__Mithril__27680301140.log,ok
w54.oracleGeneral.bin.zst,oracleGeneral,lhd,PG,27680301140,2768030114047,0.01,0.8539,0.9767,8832954,./results/cp_wss01_prefetch_ext/logs/w54.oracleGeneral.bin.zst__lhd__PG__27680301140.log,ok
w54.oracleGeneral.bin.zst,oracleGeneral,gdsf,Mithril,27680301140,2768030114047,0.01,0.8439,0.9752,8832954,./results/cp_wss01_prefetch_ext/logs/w54.oracleGeneral.bin.zst__gdsf__Mithril__27680301140.log,ok
w43.oracleGeneral.bin.zst,oracleGeneral,gdsf,Mithril,1288446689,128844668928,0.01,0.7310,0.9008,15617420,./results/cp_wss01_prefetch_ext/logs/w43.oracleGeneral.bin.zst__gdsf__Mithril__1288446689.log,ok
w54.oracleGeneral.bin.zst,oracleGeneral,lhd,OBL,27680301140,2768030114047,0.01,0.8533,0.9764,8832954,./results/cp_wss01_prefetch_ext/logs/w54.oracleGeneral.bin.zst__lhd__OBL__27680301140.log,ok
w56.oracleGeneral.bin.zst,oracleGeneral,arc,OBL,149236408,14923640832,0.01,0.2394,0.5282,10899629,./results/cp_wss01_prefetch_ext/logs/w56.oracleGeneral.bin.zst__arc__OBL__149236408.log,ok
w53.oracleGeneral.bin.zst,oracleGeneral,gdsf,Mithril,5983383953,598338395328,0.01,0.6741,0.9253,8973978,./results/cp_wss01_prefetch_ext/logs/w53.oracleGeneral.bin.zst__gdsf__Mithril__5983383953.log,ok
w55.oracleGeneral.bin.zst,oracleGeneral,gdsf,PG,412119799,41211979968,0.01,0.8638,0.7882,8855434,./results/cp_wss01_prefetch_ext/logs/w55.oracleGeneral.bin.zst__gdsf__PG__412119799.log,ok
w57.oracleGeneral.bin.zst,oracleGeneral,arc,Mithril,156024954,15602495488,0.01,,,,./results/cp_wss01_prefetch_ext/logs/w57.oracleGeneral.bin.zst__arc__Mithril__156024954.log,fail:134
w56.oracleGeneral.bin.zst,oracleGeneral,gdsf,none,149236408,14923640832,0.01,0.1970,0.5396,10899629,./results/cp_wss01_prefetch_ext/logs/w56.oracleGeneral.bin.zst__gdsf__noprefetch__149236408.log,ok
w57.oracleGeneral.bin.zst,oracleGeneral,arc,PG,156024954,15602495488,0.01,,,,./results/cp_wss01_prefetch_ext/logs/w57.oracleGeneral.bin.zst__arc__PG__156024954.log,fail:134
w55.oracleGeneral.bin.zst,oracleGeneral,gdsf,Mithril,412119799,41211979968,0.01,0.8638,0.7882,8855434,./results/cp_wss01_prefetch_ext/logs/w55.oracleGeneral.bin.zst__gdsf__Mithril__412119799.log,ok
w57.oracleGeneral.bin.zst,oracleGeneral,arc,none,156024954,15602495488,0.01,0.2934,0.5735,10554725,./results/cp_wss01_prefetch_ext/logs/w57.oracleGeneral.bin.zst__arc__noprefetch__156024954.log,ok
w57.oracleGeneral.bin.zst,oracleGeneral,s3fifo,none,156024954,15602495488,0.01,0.2771,0.5580,10554725,./results/cp_wss01_prefetch_ext/logs/w57.oracleGeneral.bin.zst__s3fifo__noprefetch__156024954.log,ok
w56.oracleGeneral.bin.zst,oracleGeneral,gdsf,OBL,149236408,14923640832,0.01,0.1970,0.5396,10899629,./results/cp_wss01_prefetch_ext/logs/w56.oracleGeneral.bin.zst__gdsf__OBL__149236408.log,ok
w57.oracleGeneral.bin.zst,oracleGeneral,s3fifo,Mithril,156024954,15602495488,0.01,0.2771,0.5580,10554725,./results/cp_wss01_prefetch_ext/logs/w57.oracleGeneral.bin.zst__s3fifo__Mithril__156024954.log,ok
w57.oracleGeneral.bin.zst,oracleGeneral,s3fifo,OBL,156024954,15602495488,0.01,0.2771,0.5580,10554725,./results/cp_wss01_prefetch_ext/logs/w57.oracleGeneral.bin.zst__s3fifo__OBL__156024954.log,ok
w57.oracleGeneral.bin.zst,oracleGeneral,s3fifo,PG,156024954,15602495488,0.01,0.2771,0.5580,10554725,./results/cp_wss01_prefetch_ext/logs/w57.oracleGeneral.bin.zst__s3fifo__PG__156024954.log,ok
w56.oracleGeneral.bin.zst,oracleGeneral,lhd,none,149236408,14923640832,0.01,0.2132,0.5488,10899629,./results/cp_wss01_prefetch_ext/logs/w56.oracleGeneral.bin.zst__lhd__noprefetch__149236408.log,ok
w55.oracleGeneral.bin.zst,oracleGeneral,lhd,none,412119799,41211979968,0.01,0.8671,0.8130,8855434,./results/cp_wss01_prefetch_ext/logs/w55.oracleGeneral.bin.zst__lhd__noprefetch__412119799.log,ok
w56.oracleGeneral.bin.zst,oracleGeneral,lhd,OBL,149236408,14923640832,0.01,0.2132,0.5488,10899629,./results/cp_wss01_prefetch_ext/logs/w56.oracleGeneral.bin.zst__lhd__OBL__149236408.log,ok
w56.oracleGeneral.bin.zst,oracleGeneral,arc,PG,149236408,14923640832,0.01,0.2362,0.5258,10899629,./results/cp_wss01_prefetch_ext/logs/w56.oracleGeneral.bin.zst__arc__PG__149236408.log,ok
w56.oracleGeneral.bin.zst,oracleGeneral,lhd,PG,149236408,14923640832,0.01,0.2132,0.5488,10899629,./results/cp_wss01_prefetch_ext/logs/w56.oracleGeneral.bin.zst__lhd__PG__149236408.log,ok
w56.oracleGeneral.bin.zst,oracleGeneral,lhd,Mithril,149236408,14923640832,0.01,0.2132,0.5488,10899629,./results/cp_wss01_prefetch_ext/logs/w56.oracleGeneral.bin.zst__lhd__Mithril__149236408.log,ok
w57.oracleGeneral.bin.zst,oracleGeneral,arc,OBL,156024954,15602495488,0.01,0.2934,0.5735,10554725,./results/cp_wss01_prefetch_ext/logs/w57.oracleGeneral.bin.zst__arc__OBL__156024954.log,ok
w58.oracleGeneral.bin.zst,oracleGeneral,arc,Mithril,398153661,39815366144,0.01,,,,./results/cp_wss01_prefetch_ext/logs/w58.oracleGeneral.bin.zst__arc__Mithril__398153661.log,fail:134
w55.oracleGeneral.bin.zst,oracleGeneral,lhd,Mithril,412119799,41211979968,0.01,0.8662,0.8076,8855434,./results/cp_wss01_prefetch_ext/logs/w55.oracleGeneral.bin.zst__lhd__Mithril__412119799.log,ok
w55.oracleGeneral.bin.zst,oracleGeneral,lhd,PG,412119799,41211979968,0.01,0.8669,0.8069,8855434,./results/cp_wss01_prefetch_ext/logs/w55.oracleGeneral.bin.zst__lhd__PG__412119799.log,ok
w55.oracleGeneral.bin.zst,oracleGeneral,lhd,OBL,412119799,41211979968,0.01,0.8669,0.8069,8855434,./results/cp_wss01_prefetch_ext/logs/w55.oracleGeneral.bin.zst__lhd__OBL__412119799.log,ok
w56.oracleGeneral.bin.zst,oracleGeneral,gdsf,PG,149236408,14923640832,0.01,0.1970,0.5396,10899629,./results/cp_wss01_prefetch_ext/logs/w56.oracleGeneral.bin.zst__gdsf__PG__149236408.log,ok
w58.oracleGeneral.bin.zst,oracleGeneral,arc,none,398153661,39815366144,0.01,0.4847,0.5907,10530695,./results/cp_wss01_prefetch_ext/logs/w58.oracleGeneral.bin.zst__arc__noprefetch__398153661.log,ok
w57.oracleGeneral.bin.zst,oracleGeneral,gdsf,none,156024954,15602495488,0.01,0.2504,0.5769,10554725,./results/cp_wss01_prefetch_ext/logs/w57.oracleGeneral.bin.zst__gdsf__noprefetch__156024954.log,ok
w57.oracleGeneral.bin.zst,oracleGeneral,gdsf,OBL,156024954,15602495488,0.01,0.2504,0.5769,10554725,./results/cp_wss01_prefetch_ext/logs/w57.oracleGeneral.bin.zst__gdsf__OBL__156024954.log,ok
w49.oracleGeneral.bin.zst,oracleGeneral,gdsf,Mithril,809102972,80910297280,0.01,0.6083,0.8291,11151558,./results/cp_wss01_prefetch_ext/logs/w49.oracleGeneral.bin.zst__gdsf__Mithril__809102972.log,ok
w58.oracleGeneral.bin.zst,oracleGeneral,arc,OBL,398153661,39815366144,0.01,0.4845,0.5908,10530695,./results/cp_wss01_prefetch_ext/logs/w58.oracleGeneral.bin.zst__arc__OBL__398153661.log,ok
w57.oracleGeneral.bin.zst,oracleGeneral,lhd,none,156024954,15602495488,0.01,0.2617,0.5968,10554725,./results/cp_wss01_prefetch_ext/logs/w57.oracleGeneral.bin.zst__lhd__noprefetch__156024954.log,ok
w57.oracleGeneral.bin.zst,oracleGeneral,lhd,Mithril,156024954,15602495488,0.01,0.2617,0.5968,10554725,./results/cp_wss01_prefetch_ext/logs/w57.oracleGeneral.bin.zst__lhd__Mithril__156024954.log,ok
w57.oracleGeneral.bin.zst,oracleGeneral,lhd,PG,156024954,15602495488,0.01,0.2617,0.5968,10554725,./results/cp_wss01_prefetch_ext/logs/w57.oracleGeneral.bin.zst__lhd__PG__156024954.log,ok
w58.oracleGeneral.bin.zst,oracleGeneral,s3fifo,Mithril,398153661,39815366144,0.01,0.4584,0.5695,10530695,./results/cp_wss01_prefetch_ext/logs/w58.oracleGeneral.bin.zst__s3fifo__Mithril__398153661.log,ok
w58.oracleGeneral.bin.zst,oracleGeneral,s3fifo,none,398153661,39815366144,0.01,0.4584,0.5695,10530695,./results/cp_wss01_prefetch_ext/logs/w58.oracleGeneral.bin.zst__s3fifo__noprefetch__398153661.log,ok
w57.oracleGeneral.bin.zst,oracleGeneral,lhd,OBL,156024954,15602495488,0.01,0.2611,0.5961,10554725,./results/cp_wss01_prefetch_ext/logs/w57.oracleGeneral.bin.zst__lhd__OBL__156024954.log,ok
w58.oracleGeneral.bin.zst,oracleGeneral,s3fifo,OBL,398153661,39815366144,0.01,0.4584,0.5695,10530695,./results/cp_wss01_prefetch_ext/logs/w58.oracleGeneral.bin.zst__s3fifo__OBL__398153661.log,ok
w58.oracleGeneral.bin.zst,oracleGeneral,s3fifo,PG,398153661,39815366144,0.01,0.4584,0.5695,10530695,./results/cp_wss01_prefetch_ext/logs/w58.oracleGeneral.bin.zst__s3fifo__PG__398153661.log,ok
w52.oracleGeneral.bin.zst,oracleGeneral,gdsf,Mithril,78447370,7844737024,0.01,0.4345,0.6645,11451546,./results/cp_wss01_prefetch_ext/logs/w52.oracleGeneral.bin.zst__gdsf__Mithril__78447370.log,ok
w58.oracleGeneral.bin.zst,oracleGeneral,arc,PG,398153661,39815366144,0.01,,,,./results/cp_wss01_prefetch_ext/logs/w58.oracleGeneral.bin.zst__arc__PG__398153661.log,fail:134
w57.oracleGeneral.bin.zst,oracleGeneral,gdsf,PG,156024954,15602495488,0.01,0.2504,0.5769,10554725,./results/cp_wss01_prefetch_ext/logs/w57.oracleGeneral.bin.zst__gdsf__PG__156024954.log,ok
w58.oracleGeneral.bin.zst,oracleGeneral,gdsf,OBL,398153661,39815366144,0.01,0.4387,0.6557,10530695,./results/cp_wss01_prefetch_ext/logs/w58.oracleGeneral.bin.zst__gdsf__OBL__398153661.log,ok
w59.oracleGeneral.bin.zst,oracleGeneral,arc,none,110647720,11064772096,0.01,0.9213,0.8753,10223136,./results/cp_wss01_prefetch_ext/logs/w59.oracleGeneral.bin.zst__arc__noprefetch__110647720.log,ok
w59.oracleGeneral.bin.zst,oracleGeneral,arc,OBL,110647720,11064772096,0.01,0.9213,0.8753,10223136,./results/cp_wss01_prefetch_ext/logs/w59.oracleGeneral.bin.zst__arc__OBL__110647720.log,ok
w58.oracleGeneral.bin.zst,oracleGeneral,gdsf,none,398153661,39815366144,0.01,0.4387,0.6557,10530695,./results/cp_wss01_prefetch_ext/logs/w58.oracleGeneral.bin.zst__gdsf__noprefetch__398153661.log,ok
w59.oracleGeneral.bin.zst,oracleGeneral,s3fifo,none,110647720,11064772096,0.01,0.8925,0.8324,10223136,./results/cp_wss01_prefetch_ext/logs/w59.oracleGeneral.bin.zst__s3fifo__noprefetch__110647720.log,ok
w58.oracleGeneral.bin.zst,oracleGeneral,lhd,none,398153661,39815366144,0.01,0.4453,0.7058,10530695,./results/cp_wss01_prefetch_ext/logs/w58.oracleGeneral.bin.zst__lhd__noprefetch__398153661.log,ok
w59.oracleGeneral.bin.zst,oracleGeneral,s3fifo,Mithril,110647720,11064772096,0.01,0.8925,0.8324,10223136,./results/cp_wss01_prefetch_ext/logs/w59.oracleGeneral.bin.zst__s3fifo__Mithril__110647720.log,ok
w59.oracleGeneral.bin.zst,oracleGeneral,s3fifo,PG,110647720,11064772096,0.01,0.8925,0.8324,10223136,./results/cp_wss01_prefetch_ext/logs/w59.oracleGeneral.bin.zst__s3fifo__PG__110647720.log,ok
w58.oracleGeneral.bin.zst,oracleGeneral,lhd,Mithril,398153661,39815366144,0.01,0.4453,0.7058,10530695,./results/cp_wss01_prefetch_ext/logs/w58.oracleGeneral.bin.zst__lhd__Mithril__398153661.log,ok
w59.oracleGeneral.bin.zst,oracleGeneral,s3fifo,OBL,110647720,11064772096,0.01,0.8925,0.8324,10223136,./results/cp_wss01_prefetch_ext/logs/w59.oracleGeneral.bin.zst__s3fifo__OBL__110647720.log,ok
w58.oracleGeneral.bin.zst,oracleGeneral,lhd,PG,398153661,39815366144,0.01,0.4452,0.7051,10530695,./results/cp_wss01_prefetch_ext/logs/w58.oracleGeneral.bin.zst__lhd__PG__398153661.log,ok
w58.oracleGeneral.bin.zst,oracleGeneral,lhd,OBL,398153661,39815366144,0.01,0.4448,0.7046,10530695,./results/cp_wss01_prefetch_ext/logs/w58.oracleGeneral.bin.zst__lhd__OBL__398153661.log,ok
w56.oracleGeneral.bin.zst,oracleGeneral,gdsf,Mithril,149236408,14923640832,0.01,0.1970,0.5396,10899629,./results/cp_wss01_prefetch_ext/logs/w56.oracleGeneral.bin.zst__gdsf__Mithril__149236408.log,ok
w60.oracleGeneral.bin.zst,oracleGeneral,arc,Mithril,352079114,35207911424,0.01,,,,./results/cp_wss01_prefetch_ext/logs/w60.oracleGeneral.bin.zst__arc__Mithril__352079114.log,fail:134
w60.oracleGeneral.bin.zst,oracleGeneral,arc,PG,352079114,35207911424,0.01,,,,./results/cp_wss01_prefetch_ext/logs/w60.oracleGeneral.bin.zst__arc__PG__352079114.log,fail:134
w54.oracleGeneral.bin.zst,oracleGeneral,arc,PG,27680301140,2768030114047,0.01,0.8471,0.9770,8832954,./results/cp_wss01_prefetch_ext/logs/w54.oracleGeneral.bin.zst__arc__PG__27680301140.log,ok
w59.oracleGeneral.bin.zst,oracleGeneral,arc,PG,110647720,11064772096,0.01,0.9193,0.8732,10223136,./results/cp_wss01_prefetch_ext/logs/w59.oracleGeneral.bin.zst__arc__PG__110647720.log,ok
w59.oracleGeneral.bin.zst,oracleGeneral,gdsf,none,110647720,11064772096,0.01,0.9022,0.9089,10223136,./results/cp_wss01_prefetch_ext/logs/w59.oracleGeneral.bin.zst__gdsf__noprefetch__110647720.log,ok
w60.oracleGeneral.bin.zst,oracleGeneral,arc,none,352079114,35207911424,0.01,0.8471,0.7549,9898835,./results/cp_wss01_prefetch_ext/logs/w60.oracleGeneral.bin.zst__arc__noprefetch__352079114.log,ok
w59.oracleGeneral.bin.zst,oracleGeneral,gdsf,OBL,110647720,11064772096,0.01,0.9022,0.9089,10223136,./results/cp_wss01_prefetch_ext/logs/w59.oracleGeneral.bin.zst__gdsf__OBL__110647720.log,ok
w58.oracleGeneral.bin.zst,oracleGeneral,gdsf,PG,398153661,39815366144,0.01,0.4387,0.6557,10530695,./results/cp_wss01_prefetch_ext/logs/w58.oracleGeneral.bin.zst__gdsf__PG__398153661.log,ok
w60.oracleGeneral.bin.zst,oracleGeneral,arc,OBL,352079114,35207911424,0.01,0.8470,0.7549,9898835,./results/cp_wss01_prefetch_ext/logs/w60.oracleGeneral.bin.zst__arc__OBL__352079114.log,ok
w60.oracleGeneral.bin.zst,oracleGeneral,s3fifo,none,352079114,35207911424,0.01,0.8443,0.7419,9898835,./results/cp_wss01_prefetch_ext/logs/w60.oracleGeneral.bin.zst__s3fifo__noprefetch__352079114.log,ok
w59.oracleGeneral.bin.zst,oracleGeneral,gdsf,PG,110647720,11064772096,0.01,0.9022,0.9089,10223136,./results/cp_wss01_prefetch_ext/logs/w59.oracleGeneral.bin.zst__gdsf__PG__110647720.log,ok
w60.oracleGeneral.bin.zst,oracleGeneral,s3fifo,Mithril,352079114,35207911424,0.01,0.8443,0.7419,9898835,./results/cp_wss01_prefetch_ext/logs/w60.oracleGeneral.bin.zst__s3fifo__Mithril__352079114.log,ok
w60.oracleGeneral.bin.zst,oracleGeneral,s3fifo,PG,352079114,35207911424,0.01,0.8443,0.7419,9898835,./results/cp_wss01_prefetch_ext/logs/w60.oracleGeneral.bin.zst__s3fifo__PG__352079114.log,ok
w60.oracleGeneral.bin.zst,oracleGeneral,s3fifo,OBL,352079114,35207911424,0.01,0.8443,0.7419,9898835,./results/cp_wss01_prefetch_ext/logs/w60.oracleGeneral.bin.zst__s3fifo__OBL__352079114.log,ok
w59.oracleGeneral.bin.zst,oracleGeneral,lhd,Mithril,110647720,11064772096,0.01,0.8997,0.9510,10223136,./results/cp_wss01_prefetch_ext/logs/w59.oracleGeneral.bin.zst__lhd__Mithril__110647720.log,ok
w59.oracleGeneral.bin.zst,oracleGeneral,lhd,none,110647720,11064772096,0.01,0.8997,0.9510,10223136,./results/cp_wss01_prefetch_ext/logs/w59.oracleGeneral.bin.zst__lhd__noprefetch__110647720.log,ok
w59.oracleGeneral.bin.zst,oracleGeneral,lhd,OBL,110647720,11064772096,0.01,0.9023,0.9524,10223136,./results/cp_wss01_prefetch_ext/logs/w59.oracleGeneral.bin.zst__lhd__OBL__110647720.log,ok
w59.oracleGeneral.bin.zst,oracleGeneral,lhd,PG,110647720,11064772096,0.01,0.9023,0.9524,10223136,./results/cp_wss01_prefetch_ext/logs/w59.oracleGeneral.bin.zst__lhd__PG__110647720.log,ok
w61.oracleGeneral.bin.zst,oracleGeneral,arc,Mithril,311276277,31127627776,0.01,,,,./results/cp_wss01_prefetch_ext/logs/w61.oracleGeneral.bin.zst__arc__Mithril__311276277.log,fail:134
w60.oracleGeneral.bin.zst,oracleGeneral,gdsf,none,352079114,35207911424,0.01,0.8238,0.8286,9898835,./results/cp_wss01_prefetch_ext/logs/w60.oracleGeneral.bin.zst__gdsf__noprefetch__352079114.log,ok
w54.oracleGeneral.bin.zst,oracleGeneral,gdsf,PG,27680301140,2768030114047,0.01,0.8439,0.9752,8832954,./results/cp_wss01_prefetch_ext/logs/w54.oracleGeneral.bin.zst__gdsf__PG__27680301140.log,ok
w61.oracleGeneral.bin.zst,oracleGeneral,s3fifo,none,311276277,31127627776,0.01,0.8318,0.8848,9884691,./results/cp_wss01_prefetch_ext/logs/w61.oracleGeneral.bin.zst__s3fifo__noprefetch__311276277.log,ok
w61.oracleGeneral.bin.zst,oracleGeneral,arc,none,311276277,31127627776,0.01,0.8332,0.8830,9884691,./results/cp_wss01_prefetch_ext/logs/w61.oracleGeneral.bin.zst__arc__noprefetch__311276277.log,ok
w60.oracleGeneral.bin.zst,oracleGeneral,gdsf,OBL,352079114,35207911424,0.01,0.8238,0.8286,9898835,./results/cp_wss01_prefetch_ext/logs/w60.oracleGeneral.bin.zst__gdsf__OBL__352079114.log,ok
w61.oracleGeneral.bin.zst,oracleGeneral,s3fifo,PG,311276277,31127627776,0.01,0.8318,0.8848,9884691,./results/cp_wss01_prefetch_ext/logs/w61.oracleGeneral.bin.zst__s3fifo__PG__311276277.log,ok
w61.oracleGeneral.bin.zst,oracleGeneral,s3fifo,OBL,311276277,31127627776,0.01,0.8318,0.8848,9884691,./results/cp_wss01_prefetch_ext/logs/w61.oracleGeneral.bin.zst__s3fifo__OBL__311276277.log,ok
w61.oracleGeneral.bin.zst,oracleGeneral,s3fifo,Mithril,311276277,31127627776,0.01,0.8318,0.8848,9884691,./results/cp_wss01_prefetch_ext/logs/w61.oracleGeneral.bin.zst__s3fifo__Mithril__311276277.log,ok
w61.oracleGeneral.bin.zst,oracleGeneral,arc,OBL,311276277,31127627776,0.01,0.8332,0.8830,9884691,./results/cp_wss01_prefetch_ext/logs/w61.oracleGeneral.bin.zst__arc__OBL__311276277.log,ok
w57.oracleGeneral.bin.zst,oracleGeneral,gdsf,Mithril,156024954,15602495488,0.01,0.2504,0.5769,10554725,./results/cp_wss01_prefetch_ext/logs/w57.oracleGeneral.bin.zst__gdsf__Mithril__156024954.log,ok
w60.oracleGeneral.bin.zst,oracleGeneral,gdsf,PG,352079114,35207911424,0.01,0.8238,0.8286,9898835,./results/cp_wss01_prefetch_ext/logs/w60.oracleGeneral.bin.zst__gdsf__PG__352079114.log,ok
w61.oracleGeneral.bin.zst,oracleGeneral,gdsf,none,311276277,31127627776,0.01,0.7193,0.8853,9884691,./results/cp_wss01_prefetch_ext/logs/w61.oracleGeneral.bin.zst__gdsf__noprefetch__311276277.log,ok
w59.oracleGeneral.bin.zst,oracleGeneral,arc,Mithril,110647720,11064772096,0.01,0.7624,0.7794,10223136,./results/cp_wss01_prefetch_ext/logs/w59.oracleGeneral.bin.zst__arc__Mithril__110647720.log,ok
w62.oracleGeneral.bin.zst,oracleGeneral,arc,none,396206090,39620609024,0.01,0.9217,0.8728,9497745,./results/cp_wss01_prefetch_ext/logs/w62.oracleGeneral.bin.zst__arc__noprefetch__396206090.log,ok
w61.oracleGeneral.bin.zst,oracleGeneral,arc,PG,311276277,31127627776,0.01,0.8357,0.8831,9884691,./results/cp_wss01_prefetch_ext/logs/w61.oracleGeneral.bin.zst__arc__PG__311276277.log,ok
w61.oracleGeneral.bin.zst,oracleGeneral,gdsf,OBL,311276277,31127627776,0.01,0.7193,0.8853,9884691,./results/cp_wss01_prefetch_ext/logs/w61.oracleGeneral.bin.zst__gdsf__OBL__311276277.log,ok
w60.oracleGeneral.bin.zst,oracleGeneral,lhd,none,352079114,35207911424,0.01,0.8144,0.8610,9898835,./results/cp_wss01_prefetch_ext/logs/w60.oracleGeneral.bin.zst__lhd__noprefetch__352079114.log,ok
w62.oracleGeneral.bin.zst,oracleGeneral,arc,OBL,396206090,39620609024,0.01,0.9217,0.8728,9497745,./results/cp_wss01_prefetch_ext/logs/w62.oracleGeneral.bin.zst__arc__OBL__396206090.log,ok
w62.oracleGeneral.bin.zst,oracleGeneral,s3fifo,Mithril,396206090,39620609024,0.01,0.9222,0.8699,9497745,./results/cp_wss01_prefetch_ext/logs/w62.oracleGeneral.bin.zst__s3fifo__Mithril__396206090.log,ok
w62.oracleGeneral.bin.zst,oracleGeneral,arc,Mithril,396206090,39620609024,0.01,,,,./results/cp_wss01_prefetch_ext/logs/w62.oracleGeneral.bin.zst__arc__Mithril__396206090.log,fail:134
w62.oracleGeneral.bin.zst,oracleGeneral,s3fifo,none,396206090,39620609024,0.01,0.9222,0.8699,9497745,./results/cp_wss01_prefetch_ext/logs/w62.oracleGeneral.bin.zst__s3fifo__noprefetch__396206090.log,ok
w60.oracleGeneral.bin.zst,oracleGeneral,lhd,PG,352079114,35207911424,0.01,0.8140,0.8601,9898835,./results/cp_wss01_prefetch_ext/logs/w60.oracleGeneral.bin.zst__lhd__PG__352079114.log,ok
w60.oracleGeneral.bin.zst,oracleGeneral,lhd,Mithril,352079114,35207911424,0.01,0.8140,0.8601,9898835,./results/cp_wss01_prefetch_ext/logs/w60.oracleGeneral.bin.zst__lhd__Mithril__352079114.log,ok
w62.oracleGeneral.bin.zst,oracleGeneral,s3fifo,OBL,396206090,39620609024,0.01,0.9222,0.8699,9497745,./results/cp_wss01_prefetch_ext/logs/w62.oracleGeneral.bin.zst__s3fifo__OBL__396206090.log,ok
w60.oracleGeneral.bin.zst,oracleGeneral,lhd,OBL,352079114,35207911424,0.01,0.8140,0.8601,9898835,./results/cp_wss01_prefetch_ext/logs/w60.oracleGeneral.bin.zst__lhd__OBL__352079114.log,ok
w62.oracleGeneral.bin.zst,oracleGeneral,s3fifo,PG,396206090,39620609024,0.01,0.9222,0.8699,9497745,./results/cp_wss01_prefetch_ext/logs/w62.oracleGeneral.bin.zst__s3fifo__PG__396206090.log,ok
w61.oracleGeneral.bin.zst,oracleGeneral,gdsf,PG,311276277,31127627776,0.01,0.7193,0.8853,9884691,./results/cp_wss01_prefetch_ext/logs/w61.oracleGeneral.bin.zst__gdsf__PG__311276277.log,ok
w62.oracleGeneral.bin.zst,oracleGeneral,gdsf,none,396206090,39620609024,0.01,0.9254,0.9046,9497745,./results/cp_wss01_prefetch_ext/logs/w62.oracleGeneral.bin.zst__gdsf__noprefetch__396206090.log,ok
w62.oracleGeneral.bin.zst,oracleGeneral,gdsf,OBL,396206090,39620609024,0.01,0.9254,0.9046,9497745,./results/cp_wss01_prefetch_ext/logs/w62.oracleGeneral.bin.zst__gdsf__OBL__396206090.log,ok
w62.oracleGeneral.bin.zst,oracleGeneral,arc,PG,396206090,39620609024,0.01,0.9148,0.8666,9497745,./results/cp_wss01_prefetch_ext/logs/w62.oracleGeneral.bin.zst__arc__PG__396206090.log,ok
w61.oracleGeneral.bin.zst,oracleGeneral,lhd,none,311276277,31127627776,0.01,0.7146,0.9023,9884691,./results/cp_wss01_prefetch_ext/logs/w61.oracleGeneral.bin.zst__lhd__noprefetch__311276277.log,ok
w63.oracleGeneral.bin.zst,oracleGeneral,arc,none,623740083,62374008320,0.01,0.8046,0.6340,9380316,./results/cp_wss01_prefetch_ext/logs/w63.oracleGeneral.bin.zst__arc__noprefetch__623740083.log,ok
w63.oracleGeneral.bin.zst,oracleGeneral,arc,OBL,623740083,62374008320,0.01,0.4687,0.6173,9380316,./results/cp_wss01_prefetch_ext/logs/w63.oracleGeneral.bin.zst__arc__OBL__623740083.log,ok
w61.oracleGeneral.bin.zst,oracleGeneral,lhd,Mithril,311276277,31127627776,0.01,0.7146,0.9023,9884691,./results/cp_wss01_prefetch_ext/logs/w61.oracleGeneral.bin.zst__lhd__Mithril__311276277.log,ok
w62.oracleGeneral.bin.zst,oracleGeneral,gdsf,PG,396206090,39620609024,0.01,0.9254,0.9046,9497745,./results/cp_wss01_prefetch_ext/logs/w62.oracleGeneral.bin.zst__gdsf__PG__396206090.log,ok
w61.oracleGeneral.bin.zst,oracleGeneral,lhd,PG,311276277,31127627776,0.01,0.7160,0.9028,9884691,./results/cp_wss01_prefetch_ext/logs/w61.oracleGeneral.bin.zst__lhd__PG__311276277.log,ok
w61.oracleGeneral.bin.zst,oracleGeneral,lhd,OBL,311276277,31127627776,0.01,0.7160,0.9028,9884691,./results/cp_wss01_prefetch_ext/logs/w61.oracleGeneral.bin.zst__lhd__OBL__311276277.log,ok
w63.oracleGeneral.bin.zst,oracleGeneral,s3fifo,none,623740083,62374008320,0.01,0.7954,0.6142,9380316,./results/cp_wss01_prefetch_ext/logs/w63.oracleGeneral.bin.zst__s3fifo__noprefetch__623740083.log,ok
w48.oracleGeneral.bin.zst,oracleGeneral,gdsf,Mithril,2206046684,220604668416,0.01,0.8201,0.9244,14097008,./results/cp_wss01_prefetch_ext/logs/w48.oracleGeneral.bin.zst__gdsf__Mithril__2206046684.log,ok
w63.oracleGeneral.bin.zst,oracleGeneral,s3fifo,PG,623740083,62374008320,0.01,0.7954,0.6142,9380316,./results/cp_wss01_prefetch_ext/logs/w63.oracleGeneral.bin.zst__s3fifo__PG__623740083.log,ok
w63.oracleGeneral.bin.zst,oracleGeneral,s3fifo,Mithril,623740083,62374008320,0.01,0.7954,0.6142,9380316,./results/cp_wss01_prefetch_ext/logs/w63.oracleGeneral.bin.zst__s3fifo__Mithril__623740083.log,ok
w63.oracleGeneral.bin.zst,oracleGeneral,s3fifo,OBL,623740083,62374008320,0.01,0.7954,0.6142,9380316,./results/cp_wss01_prefetch_ext/logs/w63.oracleGeneral.bin.zst__s3fifo__OBL__623740083.log,ok
w63.oracleGeneral.bin.zst,oracleGeneral,arc,PG,623740083,62374008320,0.01,,,,./results/cp_wss01_prefetch_ext/logs/w63.oracleGeneral.bin.zst__arc__PG__623740083.log,fail:134
w60.oracleGeneral.bin.zst,oracleGeneral,gdsf,Mithril,352079114,35207911424,0.01,0.8238,0.8286,9898835,./results/cp_wss01_prefetch_ext/logs/w60.oracleGeneral.bin.zst__gdsf__Mithril__352079114.log,ok
w58.oracleGeneral.bin.zst,oracleGeneral,gdsf,Mithril,398153661,39815366144,0.01,0.4387,0.6557,10530695,./results/cp_wss01_prefetch_ext/logs/w58.oracleGeneral.bin.zst__gdsf__Mithril__398153661.log,ok
w63.oracleGeneral.bin.zst,oracleGeneral,arc,Mithril,623740083,62374008320,0.01,,,,./results/cp_wss01_prefetch_ext/logs/w63.oracleGeneral.bin.zst__arc__Mithril__623740083.log,fail:134
w64.oracleGeneral.bin.zst,oracleGeneral,arc,none,4260163476,426016347656,0.01,0.8944,0.9395,7458266,./results/cp_wss01_prefetch_ext/logs/w64.oracleGeneral.bin.zst__arc__noprefetch__4260163476.log,ok
w64.oracleGeneral.bin.zst,oracleGeneral,s3fifo,none,4260163476,426016347656,0.01,0.8945,0.9394,7458266,./results/cp_wss01_prefetch_ext/logs/w64.oracleGeneral.bin.zst__s3fifo__noprefetch__4260163476.log,ok
w62.oracleGeneral.bin.zst,oracleGeneral,lhd,none,396206090,39620609024,0.01,0.9224,0.9255,9497745,./results/cp_wss01_prefetch_ext/logs/w62.oracleGeneral.bin.zst__lhd__noprefetch__396206090.log,ok
w62.oracleGeneral.bin.zst,oracleGeneral,lhd,Mithril,396206090,39620609024,0.01,0.9224,0.9255,9497745,./results/cp_wss01_prefetch_ext/logs/w62.oracleGeneral.bin.zst__lhd__Mithril__396206090.log,ok
w64.oracleGeneral.bin.zst,oracleGeneral,arc,OBL,4260163476,426016347656,0.01,0.8942,0.9395,7458266,./results/cp_wss01_prefetch_ext/logs/w64.oracleGeneral.bin.zst__arc__OBL__4260163476.log,ok
w63.oracleGeneral.bin.zst,oracleGeneral,gdsf,OBL,623740083,62374008320,0.01,0.7945,0.6660,9380316,./results/cp_wss01_prefetch_ext/logs/w63.oracleGeneral.bin.zst__gdsf__OBL__623740083.log,ok
w63.oracleGeneral.bin.zst,oracleGeneral,gdsf,none,623740083,62374008320,0.01,0.7945,0.6660,9380316,./results/cp_wss01_prefetch_ext/logs/w63.oracleGeneral.bin.zst__gdsf__noprefetch__623740083.log,ok
w64.oracleGeneral.bin.zst,oracleGeneral,s3fifo,OBL,4260163476,426016347656,0.01,0.8945,0.9394,7458266,./results/cp_wss01_prefetch_ext/logs/w64.oracleGeneral.bin.zst__s3fifo__OBL__4260163476.log,ok
w64.oracleGeneral.bin.zst,oracleGeneral,s3fifo,PG,4260163476,426016347656,0.01,0.8945,0.9394,7458266,./results/cp_wss01_prefetch_ext/logs/w64.oracleGeneral.bin.zst__s3fifo__PG__4260163476.log,ok
w62.oracleGeneral.bin.zst,oracleGeneral,lhd,OBL,396206090,39620609024,0.01,0.9227,0.9255,9497745,./results/cp_wss01_prefetch_ext/logs/w62.oracleGeneral.bin.zst__lhd__OBL__396206090.log,ok
w64.oracleGeneral.bin.zst,oracleGeneral,s3fifo,Mithril,4260163476,426016347656,0.01,0.8945,0.9394,7458266,./results/cp_wss01_prefetch_ext/logs/w64.oracleGeneral.bin.zst__s3fifo__Mithril__4260163476.log,ok
w64.oracleGeneral.bin.zst,oracleGeneral,gdsf,none,4260163476,426016347656,0.01,0.8998,0.9451,7458266,./results/cp_wss01_prefetch_ext/logs/w64.oracleGeneral.bin.zst__gdsf__noprefetch__4260163476.log,ok
w62.oracleGeneral.bin.zst,oracleGeneral,lhd,PG,396206090,39620609024,0.01,0.9241,0.9272,9497745,./results/cp_wss01_prefetch_ext/logs/w62.oracleGeneral.bin.zst__lhd__PG__396206090.log,ok
w64.oracleGeneral.bin.zst,oracleGeneral,gdsf,OBL,4260163476,426016347656,0.01,0.8998,0.9451,7458266,./results/cp_wss01_prefetch_ext/logs/w64.oracleGeneral.bin.zst__gdsf__OBL__4260163476.log,ok
w64.oracleGeneral.bin.zst,oracleGeneral,arc,Mithril,4260163476,426016347656,0.01,0.8936,0.9387,7458266,./results/cp_wss01_prefetch_ext/logs/w64.oracleGeneral.bin.zst__arc__Mithril__4260163476.log,ok
w63.oracleGeneral.bin.zst,oracleGeneral,lhd,none,623740083,62374008320,0.01,0.7917,0.7461,9380316,./results/cp_wss01_prefetch_ext/logs/w63.oracleGeneral.bin.zst__lhd__noprefetch__623740083.log,ok
w65.oracleGeneral.bin.zst,oracleGeneral,arc,none,586067143,58606714368,0.01,0.9748,0.9868,9316229,./results/cp_wss01_prefetch_ext/logs/w65.oracleGeneral.bin.zst__arc__noprefetch__586067143.log,ok
w63.oracleGeneral.bin.zst,oracleGeneral,lhd,Mithril,623740083,62374008320,0.01,0.7899,0.7410,9380316,./results/cp_wss01_prefetch_ext/logs/w63.oracleGeneral.bin.zst__lhd__Mithril__623740083.log,ok
w63.oracleGeneral.bin.zst,oracleGeneral,lhd,PG,623740083,62374008320,0.01,0.7899,0.7410,9380316,./results/cp_wss01_prefetch_ext/logs/w63.oracleGeneral.bin.zst__lhd__PG__623740083.log,ok
w63.oracleGeneral.bin.zst,oracleGeneral,lhd,OBL,623740083,62374008320,0.01,0.7923,0.7467,9380316,./results/cp_wss01_prefetch_ext/logs/w63.oracleGeneral.bin.zst__lhd__OBL__623740083.log,ok
w65.oracleGeneral.bin.zst,oracleGeneral,arc,OBL,586067143,58606714368,0.01,0.9567,0.9861,9316229,./results/cp_wss01_prefetch_ext/logs/w65.oracleGeneral.bin.zst__arc__OBL__586067143.log,ok
w63.oracleGeneral.bin.zst,oracleGeneral,gdsf,PG,623740083,62374008320,0.01,0.7945,0.6660,9380316,./results/cp_wss01_prefetch_ext/logs/w63.oracleGeneral.bin.zst__gdsf__PG__623740083.log,ok
w65.oracleGeneral.bin.zst,oracleGeneral,s3fifo,none,586067143,58606714368,0.01,0.9698,0.9831,9316229,./results/cp_wss01_prefetch_ext/logs/w65.oracleGeneral.bin.zst__s3fifo__noprefetch__586067143.log,ok
w64.oracleGeneral.bin.zst,oracleGeneral,arc,PG,4260163476,426016347656,0.01,0.8944,0.9395,7458266,./results/cp_wss01_prefetch_ext/logs/w64.oracleGeneral.bin.zst__arc__PG__4260163476.log,ok
w65.oracleGeneral.bin.zst,oracleGeneral,s3fifo,Mithril,586067143,58606714368,0.01,0.9698,0.9831,9316229,./results/cp_wss01_prefetch_ext/logs/w65.oracleGeneral.bin.zst__s3fifo__Mithril__586067143.log,ok
w65.oracleGeneral.bin.zst,oracleGeneral,s3fifo,OBL,586067143,58606714368,0.01,0.9698,0.9831,9316229,./results/cp_wss01_prefetch_ext/logs/w65.oracleGeneral.bin.zst__s3fifo__OBL__586067143.log,ok
w64.oracleGeneral.bin.zst,oracleGeneral,lhd,none,4260163476,426016347656,0.01,0.9010,0.9459,7458266,./results/cp_wss01_prefetch_ext/logs/w64.oracleGeneral.bin.zst__lhd__noprefetch__4260163476.log,ok
w65.oracleGeneral.bin.zst,oracleGeneral,s3fifo,PG,586067143,58606714368,0.01,0.9698,0.9831,9316229,./results/cp_wss01_prefetch_ext/logs/w65.oracleGeneral.bin.zst__s3fifo__PG__586067143.log,ok
w66.oracleGeneral.bin.zst,oracleGeneral,arc,Mithril,29567011,2956701184,0.01,,,,./results/cp_wss01_prefetch_ext/logs/w66.oracleGeneral.bin.zst__arc__Mithril__29567011.log,fail:134
w64.oracleGeneral.bin.zst,oracleGeneral,gdsf,Mithril,4260163476,426016347656,0.01,0.8998,0.9451,7458266,./results/cp_wss01_prefetch_ext/logs/w64.oracleGeneral.bin.zst__gdsf__Mithril__4260163476.log,ok
w66.oracleGeneral.bin.zst,oracleGeneral,s3fifo,none,29567011,2956701184,0.01,0.4749,0.7503,9169631,./results/cp_wss01_prefetch_ext/logs/w66.oracleGeneral.bin.zst__s3fifo__noprefetch__29567011.log,ok
w65.oracleGeneral.bin.zst,oracleGeneral,gdsf,none,586067143,58606714368,0.01,0.9793,0.9926,9316229,./results/cp_wss01_prefetch_ext/logs/w65.oracleGeneral.bin.zst__gdsf__noprefetch__586067143.log,ok
w65.oracleGeneral.bin.zst,oracleGeneral,arc,PG,586067143,58606714368,0.01,0.9801,0.9899,9316229,./results/cp_wss01_prefetch_ext/logs/w65.oracleGeneral.bin.zst__arc__PG__586067143.log,ok
w64.oracleGeneral.bin.zst,oracleGeneral,gdsf,PG,4260163476,426016347656,0.01,0.8998,0.9451,7458266,./results/cp_wss01_prefetch_ext/logs/w64.oracleGeneral.bin.zst__gdsf__PG__4260163476.log,ok
w64.oracleGeneral.bin.zst,oracleGeneral,lhd,PG,4260163476,426016347656,0.01,0.9015,0.9465,7458266,./results/cp_wss01_prefetch_ext/logs/w64.oracleGeneral.bin.zst__lhd__PG__4260163476.log,ok
w66.oracleGeneral.bin.zst,oracleGeneral,s3fifo,Mithril,29567011,2956701184,0.01,0.4749,0.7503,9169631,./results/cp_wss01_prefetch_ext/logs/w66.oracleGeneral.bin.zst__s3fifo__Mithril__29567011.log,ok
w66.oracleGeneral.bin.zst,oracleGeneral,s3fifo,PG,29567011,2956701184,0.01,0.4749,0.7503,9169631,./results/cp_wss01_prefetch_ext/logs/w66.oracleGeneral.bin.zst__s3fifo__PG__29567011.log,ok
w64.oracleGeneral.bin.zst,oracleGeneral,lhd,Mithril,4260163476,426016347656,0.01,0.9012,0.9463,7458266,./results/cp_wss01_prefetch_ext/logs/w64.oracleGeneral.bin.zst__lhd__Mithril__4260163476.log,ok
w64.oracleGeneral.bin.zst,oracleGeneral,lhd,OBL,4260163476,426016347656,0.01,0.9015,0.9465,7458266,./results/cp_wss01_prefetch_ext/logs/w64.oracleGeneral.bin.zst__lhd__OBL__4260163476.log,ok
w66.oracleGeneral.bin.zst,oracleGeneral,s3fifo,OBL,29567011,2956701184,0.01,0.4749,0.7503,9169631,./results/cp_wss01_prefetch_ext/logs/w66.oracleGeneral.bin.zst__s3fifo__OBL__29567011.log,ok
w66.oracleGeneral.bin.zst,oracleGeneral,arc,none,29567011,2956701184,0.01,0.4768,0.7506,9169631,./results/cp_wss01_prefetch_ext/logs/w66.oracleGeneral.bin.zst__arc__noprefetch__29567011.log,ok
w65.oracleGeneral.bin.zst,oracleGeneral,gdsf,OBL,586067143,58606714368,0.01,0.9793,0.9926,9316229,./results/cp_wss01_prefetch_ext/logs/w65.oracleGeneral.bin.zst__gdsf__OBL__586067143.log,ok
w66.oracleGeneral.bin.zst,oracleGeneral,arc,OBL,29567011,2956701184,0.01,0.4642,0.7474,9169631,./results/cp_wss01_prefetch_ext/logs/w66.oracleGeneral.bin.zst__arc__OBL__29567011.log,ok
w67.oracleGeneral.bin.zst,oracleGeneral,arc,Mithril,61999339,6199933952,0.01,,,,./results/cp_wss01_prefetch_ext/logs/w67.oracleGeneral.bin.zst__arc__Mithril__61999339.log,fail:134
w66.oracleGeneral.bin.zst,oracleGeneral,gdsf,none,29567011,2956701184,0.01,0.4512,0.7743,9169631,./results/cp_wss01_prefetch_ext/logs/w66.oracleGeneral.bin.zst__gdsf__noprefetch__29567011.log,ok
w62.oracleGeneral.bin.zst,oracleGeneral,gdsf,Mithril,396206090,39620609024,0.01,0.9254,0.9046,9497745,./results/cp_wss01_prefetch_ext/logs/w62.oracleGeneral.bin.zst__gdsf__Mithril__396206090.log,ok
w67.oracleGeneral.bin.zst,oracleGeneral,s3fifo,none,61999339,6199933952,0.01,0.1989,0.5018,9028144,./results/cp_wss01_prefetch_ext/logs/w67.oracleGeneral.bin.zst__s3fifo__noprefetch__61999339.log,ok
w67.oracleGeneral.bin.zst,oracleGeneral,arc,PG,61999339,6199933952,0.01,,,,./results/cp_wss01_prefetch_ext/logs/w67.oracleGeneral.bin.zst__arc__PG__61999339.log,fail:134
w67.oracleGeneral.bin.zst,oracleGeneral,arc,none,61999339,6199933952,0.01,0.2088,0.5095,9028144,./results/cp_wss01_prefetch_ext/logs/w67.oracleGeneral.bin.zst__arc__noprefetch__61999339.log,ok
w67.oracleGeneral.bin.zst,oracleGeneral,s3fifo,PG,61999339,6199933952,0.01,0.1989,0.5018,9028144,./results/cp_wss01_prefetch_ext/logs/w67.oracleGeneral.bin.zst__s3fifo__PG__61999339.log,ok
w67.oracleGeneral.bin.zst,oracleGeneral,s3fifo,Mithril,61999339,6199933952,0.01,0.1989,0.5018,9028144,./results/cp_wss01_prefetch_ext/logs/w67.oracleGeneral.bin.zst__s3fifo__Mithril__61999339.log,ok
w67.oracleGeneral.bin.zst,oracleGeneral,s3fifo,OBL,61999339,6199933952,0.01,0.1989,0.5018,9028144,./results/cp_wss01_prefetch_ext/logs/w67.oracleGeneral.bin.zst__s3fifo__OBL__61999339.log,ok
w66.oracleGeneral.bin.zst,oracleGeneral,gdsf,OBL,29567011,2956701184,0.01,0.4512,0.7743,9169631,./results/cp_wss01_prefetch_ext/logs/w66.oracleGeneral.bin.zst__gdsf__OBL__29567011.log,ok
w65.oracleGeneral.bin.zst,oracleGeneral,arc,Mithril,586067143,58606714368,0.01,0.9687,0.9819,9316229,./results/cp_wss01_prefetch_ext/logs/w65.oracleGeneral.bin.zst__arc__Mithril__586067143.log,ok
w67.oracleGeneral.bin.zst,oracleGeneral,arc,OBL,61999339,6199933952,0.01,0.2088,0.5097,9028144,./results/cp_wss01_prefetch_ext/logs/w67.oracleGeneral.bin.zst__arc__OBL__61999339.log,ok
w66.oracleGeneral.bin.zst,oracleGeneral,lhd,OBL,29567011,2956701184,0.01,0.4453,0.7925,9169631,./results/cp_wss01_prefetch_ext/logs/w66.oracleGeneral.bin.zst__lhd__OBL__29567011.log,ok
w66.oracleGeneral.bin.zst,oracleGeneral,lhd,none,29567011,2956701184,0.01,0.4453,0.7925,9169631,./results/cp_wss01_prefetch_ext/logs/w66.oracleGeneral.bin.zst__lhd__noprefetch__29567011.log,ok
w66.oracleGeneral.bin.zst,oracleGeneral,lhd,Mithril,29567011,2956701184,0.01,0.4453,0.7925,9169631,./results/cp_wss01_prefetch_ext/logs/w66.oracleGeneral.bin.zst__lhd__Mithril__29567011.log,ok
w66.oracleGeneral.bin.zst,oracleGeneral,arc,PG,29567011,2956701184,0.01,0.4768,0.7506,9169631,./results/cp_wss01_prefetch_ext/logs/w66.oracleGeneral.bin.zst__arc__PG__29567011.log,ok
w66.oracleGeneral.bin.zst,oracleGeneral,lhd,PG,29567011,2956701184,0.01,0.4453,0.7925,9169631,./results/cp_wss01_prefetch_ext/logs/w66.oracleGeneral.bin.zst__lhd__PG__29567011.log,ok
w65.oracleGeneral.bin.zst,oracleGeneral,gdsf,PG,586067143,58606714368,0.01,0.9793,0.9926,9316229,./results/cp_wss01_prefetch_ext/logs/w65.oracleGeneral.bin.zst__gdsf__PG__586067143.log,ok
w68.oracleGeneral.bin.zst,oracleGeneral,arc,Mithril,221981148,22198114816,0.01,,,,./results/cp_wss01_prefetch_ext/logs/w68.oracleGeneral.bin.zst__arc__Mithril__221981148.log,fail:134
w67.oracleGeneral.bin.zst,oracleGeneral,lhd,none,61999339,6199933952,0.01,0.1876,0.5397,9028144,./results/cp_wss01_prefetch_ext/logs/w67.oracleGeneral.bin.zst__lhd__noprefetch__61999339.log,ok
w67.oracleGeneral.bin.zst,oracleGeneral,gdsf,OBL,61999339,6199933952,0.01,0.1729,0.5319,9028144,./results/cp_wss01_prefetch_ext/logs/w67.oracleGeneral.bin.zst__gdsf__OBL__61999339.log,ok
w66.oracleGeneral.bin.zst,oracleGeneral,gdsf,PG,29567011,2956701184,0.01,0.4512,0.7743,9169631,./results/cp_wss01_prefetch_ext/logs/w66.oracleGeneral.bin.zst__gdsf__PG__29567011.log,ok
w67.oracleGeneral.bin.zst,oracleGeneral,gdsf,none,61999339,6199933952,0.01,0.1729,0.5319,9028144,./results/cp_wss01_prefetch_ext/logs/w67.oracleGeneral.bin.zst__gdsf__noprefetch__61999339.log,ok
w67.oracleGeneral.bin.zst,oracleGeneral,lhd,OBL,61999339,6199933952,0.01,0.1876,0.5397,9028144,./results/cp_wss01_prefetch_ext/logs/w67.oracleGeneral.bin.zst__lhd__OBL__61999339.log,ok
w67.oracleGeneral.bin.zst,oracleGeneral,lhd,PG,61999339,6199933952,0.01,0.1876,0.5397,9028144,./results/cp_wss01_prefetch_ext/logs/w67.oracleGeneral.bin.zst__lhd__PG__61999339.log,ok
w67.oracleGeneral.bin.zst,oracleGeneral,lhd,Mithril,61999339,6199933952,0.01,0.1876,0.5397,9028144,./results/cp_wss01_prefetch_ext/logs/w67.oracleGeneral.bin.zst__lhd__Mithril__61999339.log,ok
w68.oracleGeneral.bin.zst,oracleGeneral,arc,none,221981148,22198114816,0.01,0.5572,0.6328,8875971,./results/cp_wss01_prefetch_ext/logs/w68.oracleGeneral.bin.zst__arc__noprefetch__221981148.log,ok
w65.oracleGeneral.bin.zst,oracleGeneral,lhd,none,586067143,58606714368,0.01,0.9782,0.9954,9316229,./results/cp_wss01_prefetch_ext/logs/w65.oracleGeneral.bin.zst__lhd__noprefetch__586067143.log,ok
w50.oracleGeneral.bin.zst,oracleGeneral,gdsf,Mithril,496975738,49697573888,0.01,0.9430,0.9870,13448032,./results/cp_wss01_prefetch_ext/logs/w50.oracleGeneral.bin.zst__gdsf__Mithril__496975738.log,ok
w65.oracleGeneral.bin.zst,oracleGeneral,gdsf,Mithril,586067143,58606714368,0.01,0.9793,0.9926,9316229,./results/cp_wss01_prefetch_ext/logs/w65.oracleGeneral.bin.zst__gdsf__Mithril__586067143.log,ok
w68.oracleGeneral.bin.zst,oracleGeneral,arc,PG,221981148,22198114816,0.01,,,,./results/cp_wss01_prefetch_ext/logs/w68.oracleGeneral.bin.zst__arc__PG__221981148.log,fail:134
w68.oracleGeneral.bin.zst,oracleGeneral,s3fifo,none,221981148,22198114816,0.01,0.4509,0.5365,8875971,./results/cp_wss01_prefetch_ext/logs/w68.oracleGeneral.bin.zst__s3fifo__noprefetch__221981148.log,ok
w68.oracleGeneral.bin.zst,oracleGeneral,arc,OBL,221981148,22198114816,0.01,0.5568,0.6324,8875971,./results/cp_wss01_prefetch_ext/logs/w68.oracleGeneral.bin.zst__arc__OBL__221981148.log,ok
w65.oracleGeneral.bin.zst,oracleGeneral,lhd,Mithril,586067143,58606714368,0.01,0.9780,0.9953,9316229,./results/cp_wss01_prefetch_ext/logs/w65.oracleGeneral.bin.zst__lhd__Mithril__586067143.log,ok
w68.oracleGeneral.bin.zst,oracleGeneral,s3fifo,OBL,221981148,22198114816,0.01,0.4509,0.5365,8875971,./results/cp_wss01_prefetch_ext/logs/w68.oracleGeneral.bin.zst__s3fifo__OBL__221981148.log,ok
w65.oracleGeneral.bin.zst,oracleGeneral,lhd,PG,586067143,58606714368,0.01,0.9784,0.9949,9316229,./results/cp_wss01_prefetch_ext/logs/w65.oracleGeneral.bin.zst__lhd__PG__586067143.log,ok
w68.oracleGeneral.bin.zst,oracleGeneral,s3fifo,Mithril,221981148,22198114816,0.01,0.4509,0.5365,8875971,./results/cp_wss01_prefetch_ext/logs/w68.oracleGeneral.bin.zst__s3fifo__Mithril__221981148.log,ok
w68.oracleGeneral.bin.zst,oracleGeneral,s3fifo,PG,221981148,22198114816,0.01,0.4509,0.5365,8875971,./results/cp_wss01_prefetch_ext/logs/w68.oracleGeneral.bin.zst__s3fifo__PG__221981148.log,ok
w67.oracleGeneral.bin.zst,oracleGeneral,gdsf,PG,61999339,6199933952,0.01,0.1729,0.5319,9028144,./results/cp_wss01_prefetch_ext/logs/w67.oracleGeneral.bin.zst__gdsf__PG__61999339.log,ok
w69.oracleGeneral.bin.zst,oracleGeneral,arc,PG,338126909,33812690944,0.01,,,,./results/cp_wss01_prefetch_ext/logs/w69.oracleGeneral.bin.zst__arc__PG__338126909.log,fail:134
w69.oracleGeneral.bin.zst,oracleGeneral,arc,Mithril,338126909,33812690944,0.01,,,,./results/cp_wss01_prefetch_ext/logs/w69.oracleGeneral.bin.zst__arc__Mithril__338126909.log,fail:134
w65.oracleGeneral.bin.zst,oracleGeneral,lhd,OBL,586067143,58606714368,0.01,0.9788,0.9952,9316229,./results/cp_wss01_prefetch_ext/logs/w65.oracleGeneral.bin.zst__lhd__OBL__586067143.log,ok
w67.oracleGeneral.bin.zst,oracleGeneral,gdsf,Mithril,61999339,6199933952,0.01,,,,./results/cp_wss01_prefetch_ext/logs/w67.oracleGeneral.bin.zst__gdsf__Mithril__61999339.log,fail:134
w69.oracleGeneral.bin.zst,oracleGeneral,arc,none,338126909,33812690944,0.01,0.6458,0.7630,7874006,./results/cp_wss01_prefetch_ext/logs/w69.oracleGeneral.bin.zst__arc__noprefetch__338126909.log,ok
w69.oracleGeneral.bin.zst,oracleGeneral,s3fifo,none,338126909,33812690944,0.01,0.6144,0.7364,7874006,./results/cp_wss01_prefetch_ext/logs/w69.oracleGeneral.bin.zst__s3fifo__noprefetch__338126909.log,ok
w69.oracleGeneral.bin.zst,oracleGeneral,arc,OBL,338126909,33812690944,0.01,0.6458,0.7630,7874006,./results/cp_wss01_prefetch_ext/logs/w69.oracleGeneral.bin.zst__arc__OBL__338126909.log,ok
w69.oracleGeneral.bin.zst,oracleGeneral,s3fifo,PG,338126909,33812690944,0.01,0.6144,0.7364,7874006,./results/cp_wss01_prefetch_ext/logs/w69.oracleGeneral.bin.zst__s3fifo__PG__338126909.log,ok
w69.oracleGeneral.bin.zst,oracleGeneral,s3fifo,OBL,338126909,33812690944,0.01,0.6144,0.7364,7874006,./results/cp_wss01_prefetch_ext/logs/w69.oracleGeneral.bin.zst__s3fifo__OBL__338126909.log,ok
w68.oracleGeneral.bin.zst,oracleGeneral,gdsf,none,221981148,22198114816,0.01,0.4271,0.6183,8875971,./results/cp_wss01_prefetch_ext/logs/w68.oracleGeneral.bin.zst__gdsf__noprefetch__221981148.log,ok
w63.oracleGeneral.bin.zst,oracleGeneral,gdsf,Mithril,623740083,62374008320,0.01,0.7945,0.6660,9380316,./results/cp_wss01_prefetch_ext/logs/w63.oracleGeneral.bin.zst__gdsf__Mithril__623740083.log,ok
w69.oracleGeneral.bin.zst,oracleGeneral,s3fifo,Mithril,338126909,33812690944,0.01,0.6144,0.7364,7874006,./results/cp_wss01_prefetch_ext/logs/w69.oracleGeneral.bin.zst__s3fifo__Mithril__338126909.log,ok
w70.oracleGeneral.bin.zst,oracleGeneral,s3fifo,Mithril,345246924,34524692480,0.01,0.2705,0.4583,6928385,./results/cp_wss01_prefetch_ext/logs/w70.oracleGeneral.bin.zst__s3fifo__Mithril__345246924.log,ok
w70.oracleGeneral.bin.zst,oracleGeneral,arc,Mithril,345246924,34524692480,0.01,,,,./results/cp_wss01_prefetch_ext/logs/w70.oracleGeneral.bin.zst__arc__Mithril__345246924.log,fail:134
w70.oracleGeneral.bin.zst,oracleGeneral,s3fifo,none,345246924,34524692480,0.01,0.2705,0.4583,6928385,./results/cp_wss01_prefetch_ext/logs/w70.oracleGeneral.bin.zst__s3fifo__noprefetch__345246924.log,ok
w68.oracleGeneral.bin.zst,oracleGeneral,gdsf,OBL,221981148,22198114816,0.01,0.4271,0.6183,8875971,./results/cp_wss01_prefetch_ext/logs/w68.oracleGeneral.bin.zst__gdsf__OBL__221981148.log,ok
w70.oracleGeneral.bin.zst,oracleGeneral,s3fifo,PG,345246924,34524692480,0.01,0.2705,0.4583,6928385,./results/cp_wss01_prefetch_ext/logs/w70.oracleGeneral.bin.zst__s3fifo__PG__345246924.log,ok
w70.oracleGeneral.bin.zst,oracleGeneral,s3fifo,OBL,345246924,34524692480,0.01,0.2705,0.4583,6928385,./results/cp_wss01_prefetch_ext/logs/w70.oracleGeneral.bin.zst__s3fifo__OBL__345246924.log,ok
w70.oracleGeneral.bin.zst,oracleGeneral,arc,PG,345246924,34524692480,0.01,,,,./results/cp_wss01_prefetch_ext/logs/w70.oracleGeneral.bin.zst__arc__PG__345246924.log,fail:134
w68.oracleGeneral.bin.zst,oracleGeneral,lhd,none,221981148,22198114816,0.01,0.4258,0.6181,8875971,./results/cp_wss01_prefetch_ext/logs/w68.oracleGeneral.bin.zst__lhd__noprefetch__221981148.log,ok
w70.oracleGeneral.bin.zst,oracleGeneral,arc,none,345246924,34524692480,0.01,0.2712,0.4471,6928385,./results/cp_wss01_prefetch_ext/logs/w70.oracleGeneral.bin.zst__arc__noprefetch__345246924.log,ok
w68.oracleGeneral.bin.zst,oracleGeneral,lhd,PG,221981148,22198114816,0.01,0.4247,0.6180,8875971,./results/cp_wss01_prefetch_ext/logs/w68.oracleGeneral.bin.zst__lhd__PG__221981148.log,ok
w68.oracleGeneral.bin.zst,oracleGeneral,lhd,Mithril,221981148,22198114816,0.01,0.4258,0.6177,8875971,./results/cp_wss01_prefetch_ext/logs/w68.oracleGeneral.bin.zst__lhd__Mithril__221981148.log,ok
w70.oracleGeneral.bin.zst,oracleGeneral,arc,OBL,345246924,34524692480,0.01,0.2712,0.4471,6928385,./results/cp_wss01_prefetch_ext/logs/w70.oracleGeneral.bin.zst__arc__OBL__345246924.log,ok
w68.oracleGeneral.bin.zst,oracleGeneral,lhd,OBL,221981148,22198114816,0.01,0.4247,0.6180,8875971,./results/cp_wss01_prefetch_ext/logs/w68.oracleGeneral.bin.zst__lhd__OBL__221981148.log,ok
w71.oracleGeneral.bin.zst,oracleGeneral,arc,Mithril,73800663,7380066304,0.01,,,,./results/cp_wss01_prefetch_ext/logs/w71.oracleGeneral.bin.zst__arc__Mithril__73800663.log,fail:134
w69.oracleGeneral.bin.zst,oracleGeneral,gdsf,none,338126909,33812690944,0.01,0.6003,0.8093,7874006,./results/cp_wss01_prefetch_ext/logs/w69.oracleGeneral.bin.zst__gdsf__noprefetch__338126909.log,ok
w69.oracleGeneral.bin.zst,oracleGeneral,gdsf,OBL,338126909,33812690944,0.01,0.6003,0.8093,7874006,./results/cp_wss01_prefetch_ext/logs/w69.oracleGeneral.bin.zst__gdsf__OBL__338126909.log,ok
w71.oracleGeneral.bin.zst,oracleGeneral,arc,none,73800663,7380066304,0.01,0.5342,0.6967,6840776,./results/cp_wss01_prefetch_ext/logs/w71.oracleGeneral.bin.zst__arc__noprefetch__73800663.log,ok
w59.oracleGeneral.bin.zst,oracleGeneral,gdsf,Mithril,110647720,11064772096,0.01,0.9022,0.9089,10223136,./results/cp_wss01_prefetch_ext/logs/w59.oracleGeneral.bin.zst__gdsf__Mithril__110647720.log,ok
w70.oracleGeneral.bin.zst,oracleGeneral,gdsf,none,345246924,34524692480,0.01,0.2477,0.6001,6928385,./results/cp_wss01_prefetch_ext/logs/w70.oracleGeneral.bin.zst__gdsf__noprefetch__345246924.log,ok
w70.oracleGeneral.bin.zst,oracleGeneral,lhd,none,345246924,34524692480,0.01,0.2387,0.5722,6928385,./results/cp_wss01_prefetch_ext/logs/w70.oracleGeneral.bin.zst__lhd__noprefetch__345246924.log,ok
w70.oracleGeneral.bin.zst,oracleGeneral,lhd,PG,345246924,34524692480,0.01,0.2387,0.5722,6928385,./results/cp_wss01_prefetch_ext/logs/w70.oracleGeneral.bin.zst__lhd__PG__345246924.log,ok
w71.oracleGeneral.bin.zst,oracleGeneral,s3fifo,none,73800663,7380066304,0.01,0.5100,0.6735,6840776,./results/cp_wss01_prefetch_ext/logs/w71.oracleGeneral.bin.zst__s3fifo__noprefetch__73800663.log,ok
w71.oracleGeneral.bin.zst,oracleGeneral,arc,OBL,73800663,7380066304,0.01,0.5342,0.6967,6840776,./results/cp_wss01_prefetch_ext/logs/w71.oracleGeneral.bin.zst__arc__OBL__73800663.log,ok
w71.oracleGeneral.bin.zst,oracleGeneral,s3fifo,OBL,73800663,7380066304,0.01,0.5100,0.6735,6840776,./results/cp_wss01_prefetch_ext/logs/w71.oracleGeneral.bin.zst__s3fifo__OBL__73800663.log,ok
w68.oracleGeneral.bin.zst,oracleGeneral,gdsf,PG,221981148,22198114816,0.01,0.4271,0.6183,8875971,./results/cp_wss01_prefetch_ext/logs/w68.oracleGeneral.bin.zst__gdsf__PG__221981148.log,ok
w70.oracleGeneral.bin.zst,oracleGeneral,lhd,Mithril,345246924,34524692480,0.01,0.2387,0.5722,6928385,./results/cp_wss01_prefetch_ext/logs/w70.oracleGeneral.bin.zst__lhd__Mithril__345246924.log,ok
w71.oracleGeneral.bin.zst,oracleGeneral,s3fifo,PG,73800663,7380066304,0.01,0.5100,0.6735,6840776,./results/cp_wss01_prefetch_ext/logs/w71.oracleGeneral.bin.zst__s3fifo__PG__73800663.log,ok
w71.oracleGeneral.bin.zst,oracleGeneral,s3fifo,Mithril,73800663,7380066304,0.01,0.5100,0.6735,6840776,./results/cp_wss01_prefetch_ext/logs/w71.oracleGeneral.bin.zst__s3fifo__Mithril__73800663.log,ok
w70.oracleGeneral.bin.zst,oracleGeneral,lhd,OBL,345246924,34524692480,0.01,0.2385,0.5709,6928385,./results/cp_wss01_prefetch_ext/logs/w70.oracleGeneral.bin.zst__lhd__OBL__345246924.log,ok
w72.oracleGeneral.bin.zst,oracleGeneral,arc,Mithril,74601006,7460100608,0.01,,,,./results/cp_wss01_prefetch_ext/logs/w72.oracleGeneral.bin.zst__arc__Mithril__74601006.log,fail:134
w69.oracleGeneral.bin.zst,oracleGeneral,lhd,none,338126909,33812690944,0.01,0.6064,0.8180,7874006,./results/cp_wss01_prefetch_ext/logs/w69.oracleGeneral.bin.zst__lhd__noprefetch__338126909.log,ok
w69.oracleGeneral.bin.zst,oracleGeneral,lhd,OBL,338126909,33812690944,0.01,0.6064,0.8180,7874006,./results/cp_wss01_prefetch_ext/logs/w69.oracleGeneral.bin.zst__lhd__OBL__338126909.log,ok
w69.oracleGeneral.bin.zst,oracleGeneral,lhd,PG,338126909,33812690944,0.01,0.6064,0.8180,7874006,./results/cp_wss01_prefetch_ext/logs/w69.oracleGeneral.bin.zst__lhd__PG__338126909.log,ok
w70.oracleGeneral.bin.zst,oracleGeneral,gdsf,OBL,345246924,34524692480,0.01,0.2477,0.6001,6928385,./results/cp_wss01_prefetch_ext/logs/w70.oracleGeneral.bin.zst__gdsf__OBL__345246924.log,ok
w69.oracleGeneral.bin.zst,oracleGeneral,lhd,Mithril,338126909,33812690944,0.01,0.6064,0.8180,7874006,./results/cp_wss01_prefetch_ext/logs/w69.oracleGeneral.bin.zst__lhd__Mithril__338126909.log,ok
w71.oracleGeneral.bin.zst,oracleGeneral,gdsf,none,73800663,7380066304,0.01,0.5077,0.7126,6840776,./results/cp_wss01_prefetch_ext/logs/w71.oracleGeneral.bin.zst__gdsf__noprefetch__73800663.log,ok
w72.oracleGeneral.bin.zst,oracleGeneral,arc,none,74601006,7460100608,0.01,0.4029,0.6386,6407185,./results/cp_wss01_prefetch_ext/logs/w72.oracleGeneral.bin.zst__arc__noprefetch__74601006.log,ok
w71.oracleGeneral.bin.zst,oracleGeneral,gdsf,OBL,73800663,7380066304,0.01,0.5077,0.7126,6840776,./results/cp_wss01_prefetch_ext/logs/w71.oracleGeneral.bin.zst__gdsf__OBL__73800663.log,ok
w72.oracleGeneral.bin.zst,oracleGeneral,gdsf,Mithril,74601006,7460100608,0.01,,,,./results/cp_wss01_prefetch_ext/logs/w72.oracleGeneral.bin.zst__gdsf__Mithril__74601006.log,fail:134
w72.oracleGeneral.bin.zst,oracleGeneral,arc,OBL,74601006,7460100608,0.01,0.4029,0.6386,6407185,./results/cp_wss01_prefetch_ext/logs/w72.oracleGeneral.bin.zst__arc__OBL__74601006.log,ok
w72.oracleGeneral.bin.zst,oracleGeneral,s3fifo,none,74601006,7460100608,0.01,0.4002,0.6413,6407185,./results/cp_wss01_prefetch_ext/logs/w72.oracleGeneral.bin.zst__s3fifo__noprefetch__74601006.log,ok
w72.oracleGeneral.bin.zst,oracleGeneral,s3fifo,PG,74601006,7460100608,0.01,0.4002,0.6413,6407185,./results/cp_wss01_prefetch_ext/logs/w72.oracleGeneral.bin.zst__s3fifo__PG__74601006.log,ok
w72.oracleGeneral.bin.zst,oracleGeneral,s3fifo,OBL,74601006,7460100608,0.01,0.4002,0.6413,6407185,./results/cp_wss01_prefetch_ext/logs/w72.oracleGeneral.bin.zst__s3fifo__OBL__74601006.log,ok
w72.oracleGeneral.bin.zst,oracleGeneral,s3fifo,Mithril,74601006,7460100608,0.01,0.4002,0.6413,6407185,./results/cp_wss01_prefetch_ext/logs/w72.oracleGeneral.bin.zst__s3fifo__Mithril__74601006.log,ok
w71.oracleGeneral.bin.zst,oracleGeneral,arc,PG,73800663,7380066304,0.01,0.5231,0.6921,6840776,./results/cp_wss01_prefetch_ext/logs/w71.oracleGeneral.bin.zst__arc__PG__73800663.log,ok
w69.oracleGeneral.bin.zst,oracleGeneral,gdsf,PG,338126909,33812690944,0.01,0.6003,0.8093,7874006,./results/cp_wss01_prefetch_ext/logs/w69.oracleGeneral.bin.zst__gdsf__PG__338126909.log,ok
w71.oracleGeneral.bin.zst,oracleGeneral,lhd,none,73800663,7380066304,0.01,0.5032,0.7272,6840776,./results/cp_wss01_prefetch_ext/logs/w71.oracleGeneral.bin.zst__lhd__noprefetch__73800663.log,ok
w73.oracleGeneral.bin.zst,oracleGeneral,arc,Mithril,72396477,7239647744,0.01,,,,./results/cp_wss01_prefetch_ext/logs/w73.oracleGeneral.bin.zst__arc__Mithril__72396477.log,fail:134
w72.oracleGeneral.bin.zst,oracleGeneral,arc,PG,74601006,7460100608,0.01,,,,./results/cp_wss01_prefetch_ext/logs/w72.oracleGeneral.bin.zst__arc__PG__74601006.log,fail:134
w70.oracleGeneral.bin.zst,oracleGeneral,gdsf,PG,345246924,34524692480,0.01,0.2477,0.6001,6928385,./results/cp_wss01_prefetch_ext/logs/w70.oracleGeneral.bin.zst__gdsf__PG__345246924.log,ok
w72.oracleGeneral.bin.zst,oracleGeneral,gdsf,none,74601006,7460100608,0.01,0.3307,0.6628,6407185,./results/cp_wss01_prefetch_ext/logs/w72.oracleGeneral.bin.zst__gdsf__noprefetch__74601006.log,ok
w71.oracleGeneral.bin.zst,oracleGeneral,lhd,OBL,73800663,7380066304,0.01,0.5008,0.7267,6840776,./results/cp_wss01_prefetch_ext/logs/w71.oracleGeneral.bin.zst__lhd__OBL__73800663.log,ok
w71.oracleGeneral.bin.zst,oracleGeneral,lhd,PG,73800663,7380066304,0.01,0.5008,0.7267,6840776,./results/cp_wss01_prefetch_ext/logs/w71.oracleGeneral.bin.zst__lhd__PG__73800663.log,ok
w73.oracleGeneral.bin.zst,oracleGeneral,arc,none,72396477,7239647744,0.01,0.6344,0.6772,6368815,./results/cp_wss01_prefetch_ext/logs/w73.oracleGeneral.bin.zst__arc__noprefetch__72396477.log,ok
w71.oracleGeneral.bin.zst,oracleGeneral,lhd,Mithril,73800663,7380066304,0.01,0.5008,0.7267,6840776,./results/cp_wss01_prefetch_ext/logs/w71.oracleGeneral.bin.zst__lhd__Mithril__73800663.log,ok
w72.oracleGeneral.bin.zst,oracleGeneral,gdsf,OBL,74601006,7460100608,0.01,0.3307,0.6628,6407185,./results/cp_wss01_prefetch_ext/logs/w72.oracleGeneral.bin.zst__gdsf__OBL__74601006.log,ok
w72.oracleGeneral.bin.zst,oracleGeneral,lhd,none,74601006,7460100608,0.01,0.3472,0.6678,6407185,./results/cp_wss01_prefetch_ext/logs/w72.oracleGeneral.bin.zst__lhd__noprefetch__74601006.log,ok
w73.oracleGeneral.bin.zst,oracleGeneral,s3fifo,none,72396477,7239647744,0.01,0.6286,0.6672,6368815,./results/cp_wss01_prefetch_ext/logs/w73.oracleGeneral.bin.zst__s3fifo__noprefetch__72396477.log,ok
w72.oracleGeneral.bin.zst,oracleGeneral,lhd,Mithril,74601006,7460100608,0.01,0.3472,0.6678,6407185,./results/cp_wss01_prefetch_ext/logs/w72.oracleGeneral.bin.zst__lhd__Mithril__74601006.log,ok
w72.oracleGeneral.bin.zst,oracleGeneral,lhd,PG,74601006,7460100608,0.01,0.3470,0.6676,6407185,./results/cp_wss01_prefetch_ext/logs/w72.oracleGeneral.bin.zst__lhd__PG__74601006.log,ok
w71.oracleGeneral.bin.zst,oracleGeneral,gdsf,PG,73800663,7380066304,0.01,0.5077,0.7126,6840776,./results/cp_wss01_prefetch_ext/logs/w71.oracleGeneral.bin.zst__gdsf__PG__73800663.log,ok
w72.oracleGeneral.bin.zst,oracleGeneral,lhd,OBL,74601006,7460100608,0.01,0.3470,0.6676,6407185,./results/cp_wss01_prefetch_ext/logs/w72.oracleGeneral.bin.zst__lhd__OBL__74601006.log,ok
w74.oracleGeneral.bin.zst,oracleGeneral,arc,Mithril,47421542,4742154240,0.01,,,,./results/cp_wss01_prefetch_ext/logs/w74.oracleGeneral.bin.zst__arc__Mithril__47421542.log,fail:134
w73.oracleGeneral.bin.zst,oracleGeneral,s3fifo,OBL,72396477,7239647744,0.01,0.6286,0.6672,6368815,./results/cp_wss01_prefetch_ext/logs/w73.oracleGeneral.bin.zst__s3fifo__OBL__72396477.log,ok
w73.oracleGeneral.bin.zst,oracleGeneral,arc,OBL,72396477,7239647744,0.01,0.6344,0.6772,6368815,./results/cp_wss01_prefetch_ext/logs/w73.oracleGeneral.bin.zst__arc__OBL__72396477.log,ok
w73.oracleGeneral.bin.zst,oracleGeneral,s3fifo,Mithril,72396477,7239647744,0.01,0.6286,0.6672,6368815,./results/cp_wss01_prefetch_ext/logs/w73.oracleGeneral.bin.zst__s3fifo__Mithril__72396477.log,ok
w73.oracleGeneral.bin.zst,oracleGeneral,s3fifo,PG,72396477,7239647744,0.01,0.6286,0.6672,6368815,./results/cp_wss01_prefetch_ext/logs/w73.oracleGeneral.bin.zst__s3fifo__PG__72396477.log,ok
w74.oracleGeneral.bin.zst,oracleGeneral,arc,none,47421542,4742154240,0.01,0.2024,0.5284,6343762,./results/cp_wss01_prefetch_ext/logs/w74.oracleGeneral.bin.zst__arc__noprefetch__47421542.log,ok
w74.oracleGeneral.bin.zst,oracleGeneral,s3fifo,none,47421542,4742154240,0.01,0.1998,0.5448,6343762,./results/cp_wss01_prefetch_ext/logs/w74.oracleGeneral.bin.zst__s3fifo__noprefetch__47421542.log,ok
w74.oracleGeneral.bin.zst,oracleGeneral,s3fifo,OBL,47421542,4742154240,0.01,0.1998,0.5448,6343762,./results/cp_wss01_prefetch_ext/logs/w74.oracleGeneral.bin.zst__s3fifo__OBL__47421542.log,ok
w74.oracleGeneral.bin.zst,oracleGeneral,s3fifo,PG,47421542,4742154240,0.01,0.1998,0.5448,6343762,./results/cp_wss01_prefetch_ext/logs/w74.oracleGeneral.bin.zst__s3fifo__PG__47421542.log,ok
w74.oracleGeneral.bin.zst,oracleGeneral,arc,OBL,47421542,4742154240,0.01,0.2024,0.5283,6343762,./results/cp_wss01_prefetch_ext/logs/w74.oracleGeneral.bin.zst__arc__OBL__47421542.log,ok
w74.oracleGeneral.bin.zst,oracleGeneral,s3fifo,Mithril,47421542,4742154240,0.01,0.1998,0.5448,6343762,./results/cp_wss01_prefetch_ext/logs/w74.oracleGeneral.bin.zst__s3fifo__Mithril__47421542.log,ok
w72.oracleGeneral.bin.zst,oracleGeneral,gdsf,PG,74601006,7460100608,0.01,0.3307,0.6628,6407185,./results/cp_wss01_prefetch_ext/logs/w72.oracleGeneral.bin.zst__gdsf__PG__74601006.log,ok
w74.oracleGeneral.bin.zst,oracleGeneral,arc,PG,47421542,4742154240,0.01,,,,./results/cp_wss01_prefetch_ext/logs/w74.oracleGeneral.bin.zst__arc__PG__47421542.log,fail:134
w73.oracleGeneral.bin.zst,oracleGeneral,gdsf,none,72396477,7239647744,0.01,0.6470,0.7449,6368815,./results/cp_wss01_prefetch_ext/logs/w73.oracleGeneral.bin.zst__gdsf__noprefetch__72396477.log,ok
w61.oracleGeneral.bin.zst,oracleGeneral,gdsf,Mithril,311276277,31127627776,0.01,0.7193,0.8853,9884691,./results/cp_wss01_prefetch_ext/logs/w61.oracleGeneral.bin.zst__gdsf__Mithril__311276277.log,ok
w73.oracleGeneral.bin.zst,oracleGeneral,gdsf,OBL,72396477,7239647744,0.01,0.6470,0.7449,6368815,./results/cp_wss01_prefetch_ext/logs/w73.oracleGeneral.bin.zst__gdsf__OBL__72396477.log,ok
w75.oracleGeneral.bin.zst,oracleGeneral,arc,Mithril,201410744,20141074432,0.01,,,,./results/cp_wss01_prefetch_ext/logs/w75.oracleGeneral.bin.zst__arc__Mithril__201410744.log,fail:134
w74.oracleGeneral.bin.zst,oracleGeneral,gdsf,none,47421542,4742154240,0.01,0.1859,0.5992,6343762,./results/cp_wss01_prefetch_ext/logs/w74.oracleGeneral.bin.zst__gdsf__noprefetch__47421542.log,ok
w73.oracleGeneral.bin.zst,oracleGeneral,arc,PG,72396477,7239647744,0.01,0.6335,0.6768,6368815,./results/cp_wss01_prefetch_ext/logs/w73.oracleGeneral.bin.zst__arc__PG__72396477.log,ok
w74.oracleGeneral.bin.zst,oracleGeneral,lhd,none,47421542,4742154240,0.01,0.1980,0.6002,6343762,./results/cp_wss01_prefetch_ext/logs/w74.oracleGeneral.bin.zst__lhd__noprefetch__47421542.log,ok
w75.oracleGeneral.bin.zst,oracleGeneral,arc,none,201410744,20141074432,0.01,0.2663,0.3966,6152624,./results/cp_wss01_prefetch_ext/logs/w75.oracleGeneral.bin.zst__arc__noprefetch__201410744.log,ok
w75.oracleGeneral.bin.zst,oracleGeneral,s3fifo,PG,201410744,20141074432,0.01,0.2534,0.3521,6152624,./results/cp_wss01_prefetch_ext/logs/w75.oracleGeneral.bin.zst__s3fifo__PG__201410744.log,ok
w75.oracleGeneral.bin.zst,oracleGeneral,s3fifo,none,201410744,20141074432,0.01,0.2534,0.3521,6152624,./results/cp_wss01_prefetch_ext/logs/w75.oracleGeneral.bin.zst__s3fifo__noprefetch__201410744.log,ok
w74.oracleGeneral.bin.zst,oracleGeneral,lhd,PG,47421542,4742154240,0.01,0.1980,0.6002,6343762,./results/cp_wss01_prefetch_ext/logs/w74.oracleGeneral.bin.zst__lhd__PG__47421542.log,ok
w74.oracleGeneral.bin.zst,oracleGeneral,lhd,Mithril,47421542,4742154240,0.01,0.1980,0.6002,6343762,./results/cp_wss01_prefetch_ext/logs/w74.oracleGeneral.bin.zst__lhd__Mithril__47421542.log,ok
w74.oracleGeneral.bin.zst,oracleGeneral,lhd,OBL,47421542,4742154240,0.01,0.1980,0.6002,6343762,./results/cp_wss01_prefetch_ext/logs/w74.oracleGeneral.bin.zst__lhd__OBL__47421542.log,ok
w74.oracleGeneral.bin.zst,oracleGeneral,gdsf,OBL,47421542,4742154240,0.01,0.1859,0.5992,6343762,./results/cp_wss01_prefetch_ext/logs/w74.oracleGeneral.bin.zst__gdsf__OBL__47421542.log,ok
w75.oracleGeneral.bin.zst,oracleGeneral,arc,PG,201410744,20141074432,0.01,,,,./results/cp_wss01_prefetch_ext/logs/w75.oracleGeneral.bin.zst__arc__PG__201410744.log,fail:134
w75.oracleGeneral.bin.zst,oracleGeneral,s3fifo,Mithril,201410744,20141074432,0.01,0.2534,0.3521,6152624,./results/cp_wss01_prefetch_ext/logs/w75.oracleGeneral.bin.zst__s3fifo__Mithril__201410744.log,ok
w75.oracleGeneral.bin.zst,oracleGeneral,s3fifo,OBL,201410744,20141074432,0.01,0.2534,0.3521,6152624,./results/cp_wss01_prefetch_ext/logs/w75.oracleGeneral.bin.zst__s3fifo__OBL__201410744.log,ok
w73.oracleGeneral.bin.zst,oracleGeneral,gdsf,PG,72396477,7239647744,0.01,0.6470,0.7449,6368815,./results/cp_wss01_prefetch_ext/logs/w73.oracleGeneral.bin.zst__gdsf__PG__72396477.log,ok
w75.oracleGeneral.bin.zst,oracleGeneral,arc,OBL,201410744,20141074432,0.01,0.2663,0.3966,6152624,./results/cp_wss01_prefetch_ext/logs/w75.oracleGeneral.bin.zst__arc__OBL__201410744.log,ok
w73.oracleGeneral.bin.zst,oracleGeneral,lhd,none,72396477,7239647744,0.01,0.6285,0.7522,6368815,./results/cp_wss01_prefetch_ext/logs/w73.oracleGeneral.bin.zst__lhd__noprefetch__72396477.log,ok
w76.oracleGeneral.bin.zst,oracleGeneral,arc,Mithril,88240885,8824088576,0.01,,,,./results/cp_wss01_prefetch_ext/logs/w76.oracleGeneral.bin.zst__arc__Mithril__88240885.log,fail:134
w73.oracleGeneral.bin.zst,oracleGeneral,lhd,PG,72396477,7239647744,0.01,0.6282,0.7519,6368815,./results/cp_wss01_prefetch_ext/logs/w73.oracleGeneral.bin.zst__lhd__PG__72396477.log,ok
w73.oracleGeneral.bin.zst,oracleGeneral,lhd,OBL,72396477,7239647744,0.01,0.6282,0.7519,6368815,./results/cp_wss01_prefetch_ext/logs/w73.oracleGeneral.bin.zst__lhd__OBL__72396477.log,ok
w73.oracleGeneral.bin.zst,oracleGeneral,lhd,Mithril,72396477,7239647744,0.01,0.6285,0.7522,6368815,./results/cp_wss01_prefetch_ext/logs/w73.oracleGeneral.bin.zst__lhd__Mithril__72396477.log,ok
w76.oracleGeneral.bin.zst,oracleGeneral,arc,none,88240885,8824088576,0.01,0.3673,0.5867,6076272,./results/cp_wss01_prefetch_ext/logs/w76.oracleGeneral.bin.zst__arc__noprefetch__88240885.log,ok
w74.oracleGeneral.bin.zst,oracleGeneral,gdsf,PG,47421542,4742154240,0.01,0.1859,0.5992,6343762,./results/cp_wss01_prefetch_ext/logs/w74.oracleGeneral.bin.zst__gdsf__PG__47421542.log,ok
w75.oracleGeneral.bin.zst,oracleGeneral,gdsf,none,201410744,20141074432,0.01,0.1929,0.6372,6152624,./results/cp_wss01_prefetch_ext/logs/w75.oracleGeneral.bin.zst__gdsf__noprefetch__201410744.log,ok
w70.oracleGeneral.bin.zst,oracleGeneral,gdsf,Mithril,345246924,34524692480,0.01,0.2477,0.6001,6928385,./results/cp_wss01_prefetch_ext/logs/w70.oracleGeneral.bin.zst__gdsf__Mithril__345246924.log,ok
w75.oracleGeneral.bin.zst,oracleGeneral,lhd,none,201410744,20141074432,0.01,0.2105,0.6850,6152624,./results/cp_wss01_prefetch_ext/logs/w75.oracleGeneral.bin.zst__lhd__noprefetch__201410744.log,ok
w76.oracleGeneral.bin.zst,oracleGeneral,s3fifo,PG,88240885,8824088576,0.01,0.3487,0.5684,6076272,./results/cp_wss01_prefetch_ext/logs/w76.oracleGeneral.bin.zst__s3fifo__PG__88240885.log,ok
w75.oracleGeneral.bin.zst,oracleGeneral,gdsf,OBL,201410744,20141074432,0.01,0.1929,0.6372,6152624,./results/cp_wss01_prefetch_ext/logs/w75.oracleGeneral.bin.zst__gdsf__OBL__201410744.log,ok
w76.oracleGeneral.bin.zst,oracleGeneral,s3fifo,none,88240885,8824088576,0.01,0.3487,0.5684,6076272,./results/cp_wss01_prefetch_ext/logs/w76.oracleGeneral.bin.zst__s3fifo__noprefetch__88240885.log,ok
w76.oracleGeneral.bin.zst,oracleGeneral,s3fifo,OBL,88240885,8824088576,0.01,0.3487,0.5684,6076272,./results/cp_wss01_prefetch_ext/logs/w76.oracleGeneral.bin.zst__s3fifo__OBL__88240885.log,ok
w75.oracleGeneral.bin.zst,oracleGeneral,lhd,OBL,201410744,20141074432,0.01,0.2102,0.6869,6152624,./results/cp_wss01_prefetch_ext/logs/w75.oracleGeneral.bin.zst__lhd__OBL__201410744.log,ok
w75.oracleGeneral.bin.zst,oracleGeneral,lhd,Mithril,201410744,20141074432,0.01,0.2105,0.6850,6152624,./results/cp_wss01_prefetch_ext/logs/w75.oracleGeneral.bin.zst__lhd__Mithril__201410744.log,ok
w74.oracleGeneral.bin.zst,oracleGeneral,gdsf,Mithril,47421542,4742154240,0.01,,,,./results/cp_wss01_prefetch_ext/logs/w74.oracleGeneral.bin.zst__gdsf__Mithril__47421542.log,fail:134
w75.oracleGeneral.bin.zst,oracleGeneral,lhd,PG,201410744,20141074432,0.01,0.2105,0.6850,6152624,./results/cp_wss01_prefetch_ext/logs/w75.oracleGeneral.bin.zst__lhd__PG__201410744.log,ok
w76.oracleGeneral.bin.zst,oracleGeneral,arc,OBL,88240885,8824088576,0.01,0.3673,0.5868,6076272,./results/cp_wss01_prefetch_ext/logs/w76.oracleGeneral.bin.zst__arc__OBL__88240885.log,ok
w76.oracleGeneral.bin.zst,oracleGeneral,s3fifo,Mithril,88240885,8824088576,0.01,0.3487,0.5684,6076272,./results/cp_wss01_prefetch_ext/logs/w76.oracleGeneral.bin.zst__s3fifo__Mithril__88240885.log,ok
w77.oracleGeneral.bin.zst,oracleGeneral,arc,Mithril,189116375,18911637504,0.01,,,,./results/cp_wss01_prefetch_ext/logs/w77.oracleGeneral.bin.zst__arc__Mithril__189116375.log,fail:134
w77.oracleGeneral.bin.zst,oracleGeneral,arc,none,189116375,18911637504,0.01,0.5893,0.7472,5616402,./results/cp_wss01_prefetch_ext/logs/w77.oracleGeneral.bin.zst__arc__noprefetch__189116375.log,ok
w77.oracleGeneral.bin.zst,oracleGeneral,arc,OBL,189116375,18911637504,0.01,0.5889,0.7464,5616402,./results/cp_wss01_prefetch_ext/logs/w77.oracleGeneral.bin.zst__arc__OBL__189116375.log,ok
w76.oracleGeneral.bin.zst,oracleGeneral,gdsf,none,88240885,8824088576,0.01,0.2838,0.6234,6076272,./results/cp_wss01_prefetch_ext/logs/w76.oracleGeneral.bin.zst__gdsf__noprefetch__88240885.log,ok
w76.oracleGeneral.bin.zst,oracleGeneral,arc,PG,88240885,8824088576,0.01,0.3661,0.5857,6076272,./results/cp_wss01_prefetch_ext/logs/w76.oracleGeneral.bin.zst__arc__PG__88240885.log,ok
w76.oracleGeneral.bin.zst,oracleGeneral,gdsf,OBL,88240885,8824088576,0.01,0.2838,0.6234,6076272,./results/cp_wss01_prefetch_ext/logs/w76.oracleGeneral.bin.zst__gdsf__OBL__88240885.log,ok
w77.oracleGeneral.bin.zst,oracleGeneral,s3fifo,none,189116375,18911637504,0.01,0.5703,0.7181,5616402,./results/cp_wss01_prefetch_ext/logs/w77.oracleGeneral.bin.zst__s3fifo__noprefetch__189116375.log,ok
w75.oracleGeneral.bin.zst,oracleGeneral,gdsf,PG,201410744,20141074432,0.01,0.1929,0.6372,6152624,./results/cp_wss01_prefetch_ext/logs/w75.oracleGeneral.bin.zst__gdsf__PG__201410744.log,ok
w77.oracleGeneral.bin.zst,oracleGeneral,s3fifo,OBL,189116375,18911637504,0.01,0.5703,0.7181,5616402,./results/cp_wss01_prefetch_ext/logs/w77.oracleGeneral.bin.zst__s3fifo__OBL__189116375.log,ok
w77.oracleGeneral.bin.zst,oracleGeneral,s3fifo,PG,189116375,18911637504,0.01,0.5703,0.7181,5616402,./results/cp_wss01_prefetch_ext/logs/w77.oracleGeneral.bin.zst__s3fifo__PG__189116375.log,ok
w76.oracleGeneral.bin.zst,oracleGeneral,lhd,none,88240885,8824088576,0.01,0.3112,0.6447,6076272,./results/cp_wss01_prefetch_ext/logs/w76.oracleGeneral.bin.zst__lhd__noprefetch__88240885.log,ok
w77.oracleGeneral.bin.zst,oracleGeneral,s3fifo,Mithril,189116375,18911637504,0.01,0.5703,0.7181,5616402,./results/cp_wss01_prefetch_ext/logs/w77.oracleGeneral.bin.zst__s3fifo__Mithril__189116375.log,ok
w76.oracleGeneral.bin.zst,oracleGeneral,lhd,OBL,88240885,8824088576,0.01,0.3112,0.6447,6076272,./results/cp_wss01_prefetch_ext/logs/w76.oracleGeneral.bin.zst__lhd__OBL__88240885.log,ok
w76.oracleGeneral.bin.zst,oracleGeneral,lhd,PG,88240885,8824088576,0.01,0.3112,0.6447,6076272,./results/cp_wss01_prefetch_ext/logs/w76.oracleGeneral.bin.zst__lhd__PG__88240885.log,ok
w76.oracleGeneral.bin.zst,oracleGeneral,lhd,Mithril,88240885,8824088576,0.01,0.3112,0.6447,6076272,./results/cp_wss01_prefetch_ext/logs/w76.oracleGeneral.bin.zst__lhd__Mithril__88240885.log,ok
w78.oracleGeneral.bin.zst,oracleGeneral,arc,Mithril,369610373,36961037312,0.01,,,,./results/cp_wss01_prefetch_ext/logs/w78.oracleGeneral.bin.zst__arc__Mithril__369610373.log,fail:134
w78.oracleGeneral.bin.zst,oracleGeneral,arc,PG,369610373,36961037312,0.01,,,,./results/cp_wss01_prefetch_ext/logs/w78.oracleGeneral.bin.zst__arc__PG__369610373.log,fail:134
w77.oracleGeneral.bin.zst,oracleGeneral,arc,PG,189116375,18911637504,0.01,0.5869,0.7458,5616402,./results/cp_wss01_prefetch_ext/logs/w77.oracleGeneral.bin.zst__arc__PG__189116375.log,ok
w78.oracleGeneral.bin.zst,oracleGeneral,arc,none,369610373,36961037312,0.01,0.4501,0.5713,5493106,./results/cp_wss01_prefetch_ext/logs/w78.oracleGeneral.bin.zst__arc__noprefetch__369610373.log,ok
w77.oracleGeneral.bin.zst,oracleGeneral,gdsf,none,189116375,18911637504,0.01,0.5291,0.7463,5616402,./results/cp_wss01_prefetch_ext/logs/w77.oracleGeneral.bin.zst__gdsf__noprefetch__189116375.log,ok
w78.oracleGeneral.bin.zst,oracleGeneral,s3fifo,none,369610373,36961037312,0.01,0.4472,0.5742,5493106,./results/cp_wss01_prefetch_ext/logs/w78.oracleGeneral.bin.zst__s3fifo__noprefetch__369610373.log,ok
w76.oracleGeneral.bin.zst,oracleGeneral,gdsf,PG,88240885,8824088576,0.01,0.2838,0.6234,6076272,./results/cp_wss01_prefetch_ext/logs/w76.oracleGeneral.bin.zst__gdsf__PG__88240885.log,ok
w78.oracleGeneral.bin.zst,oracleGeneral,arc,OBL,369610373,36961037312,0.01,0.4500,0.5713,5493106,./results/cp_wss01_prefetch_ext/logs/w78.oracleGeneral.bin.zst__arc__OBL__369610373.log,ok
w77.oracleGeneral.bin.zst,oracleGeneral,gdsf,OBL,189116375,18911637504,0.01,0.5291,0.7463,5616402,./results/cp_wss01_prefetch_ext/logs/w77.oracleGeneral.bin.zst__gdsf__OBL__189116375.log,ok
w78.oracleGeneral.bin.zst,oracleGeneral,s3fifo,Mithril,369610373,36961037312,0.01,0.4472,0.5742,5493106,./results/cp_wss01_prefetch_ext/logs/w78.oracleGeneral.bin.zst__s3fifo__Mithril__369610373.log,ok
w78.oracleGeneral.bin.zst,oracleGeneral,s3fifo,OBL,369610373,36961037312,0.01,0.4472,0.5742,5493106,./results/cp_wss01_prefetch_ext/logs/w78.oracleGeneral.bin.zst__s3fifo__OBL__369610373.log,ok
w66.oracleGeneral.bin.zst,oracleGeneral,gdsf,Mithril,29567011,2956701184,0.01,0.4512,0.7743,9169631,./results/cp_wss01_prefetch_ext/logs/w66.oracleGeneral.bin.zst__gdsf__Mithril__29567011.log,ok
w77.oracleGeneral.bin.zst,oracleGeneral,lhd,none,189116375,18911637504,0.01,0.5582,0.7781,5616402,./results/cp_wss01_prefetch_ext/logs/w77.oracleGeneral.bin.zst__lhd__noprefetch__189116375.log,ok
w78.oracleGeneral.bin.zst,oracleGeneral,s3fifo,PG,369610373,36961037312,0.01,0.4472,0.5742,5493106,./results/cp_wss01_prefetch_ext/logs/w78.oracleGeneral.bin.zst__s3fifo__PG__369610373.log,ok
w77.oracleGeneral.bin.zst,oracleGeneral,lhd,Mithril,189116375,18911637504,0.01,0.5582,0.7781,5616402,./results/cp_wss01_prefetch_ext/logs/w77.oracleGeneral.bin.zst__lhd__Mithril__189116375.log,ok
w77.oracleGeneral.bin.zst,oracleGeneral,lhd,PG,189116375,18911637504,0.01,0.5582,0.7781,5616402,./results/cp_wss01_prefetch_ext/logs/w77.oracleGeneral.bin.zst__lhd__PG__189116375.log,ok
w77.oracleGeneral.bin.zst,oracleGeneral,lhd,OBL,189116375,18911637504,0.01,0.5557,0.7750,5616402,./results/cp_wss01_prefetch_ext/logs/w77.oracleGeneral.bin.zst__lhd__OBL__189116375.log,ok
w77.oracleGeneral.bin.zst,oracleGeneral,gdsf,PG,189116375,18911637504,0.01,0.5291,0.7463,5616402,./results/cp_wss01_prefetch_ext/logs/w77.oracleGeneral.bin.zst__gdsf__PG__189116375.log,ok
w75.oracleGeneral.bin.zst,oracleGeneral,gdsf,Mithril,201410744,20141074432,0.01,0.1929,0.6372,6152624,./results/cp_wss01_prefetch_ext/logs/w75.oracleGeneral.bin.zst__gdsf__Mithril__201410744.log,ok
w68.oracleGeneral.bin.zst,oracleGeneral,gdsf,Mithril,221981148,22198114816,0.01,0.4271,0.6183,8875971,./results/cp_wss01_prefetch_ext/logs/w68.oracleGeneral.bin.zst__gdsf__Mithril__221981148.log,ok
w78.oracleGeneral.bin.zst,oracleGeneral,gdsf,none,369610373,36961037312,0.01,0.4276,0.8086,5493106,./results/cp_wss01_prefetch_ext/logs/w78.oracleGeneral.bin.zst__gdsf__noprefetch__369610373.log,ok
w78.oracleGeneral.bin.zst,oracleGeneral,gdsf,OBL,369610373,36961037312,0.01,0.4276,0.8086,5493106,./results/cp_wss01_prefetch_ext/logs/w78.oracleGeneral.bin.zst__gdsf__OBL__369610373.log,ok
w79.oracleGeneral.bin.zst,oracleGeneral,arc,none,657529134,65752913408,0.01,0.9098,0.9479,5411394,./results/cp_wss01_prefetch_ext/logs/w79.oracleGeneral.bin.zst__arc__noprefetch__657529134.log,ok
w78.oracleGeneral.bin.zst,oracleGeneral,lhd,Mithril,369610373,36961037312,0.01,0.4274,0.8191,5493106,./results/cp_wss01_prefetch_ext/logs/w78.oracleGeneral.bin.zst__lhd__Mithril__369610373.log,ok
w78.oracleGeneral.bin.zst,oracleGeneral,lhd,none,369610373,36961037312,0.01,0.4274,0.8191,5493106,./results/cp_wss01_prefetch_ext/logs/w78.oracleGeneral.bin.zst__lhd__noprefetch__369610373.log,ok
w79.oracleGeneral.bin.zst,oracleGeneral,arc,OBL,657529134,65752913408,0.01,0.8951,0.9473,5411394,./results/cp_wss01_prefetch_ext/logs/w79.oracleGeneral.bin.zst__arc__OBL__657529134.log,ok
w78.oracleGeneral.bin.zst,oracleGeneral,lhd,PG,369610373,36961037312,0.01,0.4274,0.8185,5493106,./results/cp_wss01_prefetch_ext/logs/w78.oracleGeneral.bin.zst__lhd__PG__369610373.log,ok
w71.oracleGeneral.bin.zst,oracleGeneral,gdsf,Mithril,73800663,7380066304,0.01,0.5077,0.7126,6840776,./results/cp_wss01_prefetch_ext/logs/w71.oracleGeneral.bin.zst__gdsf__Mithril__73800663.log,ok
w79.oracleGeneral.bin.zst,oracleGeneral,s3fifo,none,657529134,65752913408,0.01,0.9123,0.9476,5411394,./results/cp_wss01_prefetch_ext/logs/w79.oracleGeneral.bin.zst__s3fifo__noprefetch__657529134.log,ok
w78.oracleGeneral.bin.zst,oracleGeneral,lhd,OBL,369610373,36961037312,0.01,0.4296,0.8180,5493106,./results/cp_wss01_prefetch_ext/logs/w78.oracleGeneral.bin.zst__lhd__OBL__369610373.log,ok
w80.oracleGeneral.bin.zst,oracleGeneral,arc,Mithril,49122165,4912216576,0.01,,,,./results/cp_wss01_prefetch_ext/logs/w80.oracleGeneral.bin.zst__arc__Mithril__49122165.log,fail:134
w79.oracleGeneral.bin.zst,oracleGeneral,s3fifo,Mithril,657529134,65752913408,0.01,0.9123,0.9476,5411394,./results/cp_wss01_prefetch_ext/logs/w79.oracleGeneral.bin.zst__s3fifo__Mithril__657529134.log,ok
w79.oracleGeneral.bin.zst,oracleGeneral,s3fifo,OBL,657529134,65752913408,0.01,0.9123,0.9476,5411394,./results/cp_wss01_prefetch_ext/logs/w79.oracleGeneral.bin.zst__s3fifo__OBL__657529134.log,ok
w79.oracleGeneral.bin.zst,oracleGeneral,s3fifo,PG,657529134,65752913408,0.01,0.9123,0.9476,5411394,./results/cp_wss01_prefetch_ext/logs/w79.oracleGeneral.bin.zst__s3fifo__PG__657529134.log,ok
w80.oracleGeneral.bin.zst,oracleGeneral,s3fifo,none,49122165,4912216576,0.01,0.7746,0.8613,5256246,./results/cp_wss01_prefetch_ext/logs/w80.oracleGeneral.bin.zst__s3fifo__noprefetch__49122165.log,ok
w80.oracleGeneral.bin.zst,oracleGeneral,s3fifo,Mithril,49122165,4912216576,0.01,0.7746,0.8613,5256246,./results/cp_wss01_prefetch_ext/logs/w80.oracleGeneral.bin.zst__s3fifo__Mithril__49122165.log,ok
w80.oracleGeneral.bin.zst,oracleGeneral,s3fifo,PG,49122165,4912216576,0.01,0.7746,0.8613,5256246,./results/cp_wss01_prefetch_ext/logs/w80.oracleGeneral.bin.zst__s3fifo__PG__49122165.log,ok
w78.oracleGeneral.bin.zst,oracleGeneral,gdsf,PG,369610373,36961037312,0.01,0.4276,0.8086,5493106,./results/cp_wss01_prefetch_ext/logs/w78.oracleGeneral.bin.zst__gdsf__PG__369610373.log,ok
w80.oracleGeneral.bin.zst,oracleGeneral,arc,none,49122165,4912216576,0.01,0.8073,0.8908,5256246,./results/cp_wss01_prefetch_ext/logs/w80.oracleGeneral.bin.zst__arc__noprefetch__49122165.log,ok
w79.oracleGeneral.bin.zst,oracleGeneral,gdsf,none,657529134,65752913408,0.01,0.8920,0.9726,5411394,./results/cp_wss01_prefetch_ext/logs/w79.oracleGeneral.bin.zst__gdsf__noprefetch__657529134.log,ok
w76.oracleGeneral.bin.zst,oracleGeneral,gdsf,Mithril,88240885,8824088576,0.01,0.2838,0.6234,6076272,./results/cp_wss01_prefetch_ext/logs/w76.oracleGeneral.bin.zst__gdsf__Mithril__88240885.log,ok
w80.oracleGeneral.bin.zst,oracleGeneral,s3fifo,OBL,49122165,4912216576,0.01,0.7746,0.8613,5256246,./results/cp_wss01_prefetch_ext/logs/w80.oracleGeneral.bin.zst__s3fifo__OBL__49122165.log,ok
w80.oracleGeneral.bin.zst,oracleGeneral,arc,OBL,49122165,4912216576,0.01,0.8073,0.8908,5256246,./results/cp_wss01_prefetch_ext/logs/w80.oracleGeneral.bin.zst__arc__OBL__49122165.log,ok
w79.oracleGeneral.bin.zst,oracleGeneral,arc,PG,657529134,65752913408,0.01,0.9084,0.9476,5411394,./results/cp_wss01_prefetch_ext/logs/w79.oracleGeneral.bin.zst__arc__PG__657529134.log,ok
w79.oracleGeneral.bin.zst,oracleGeneral,gdsf,OBL,657529134,65752913408,0.01,0.8920,0.9726,5411394,./results/cp_wss01_prefetch_ext/logs/w79.oracleGeneral.bin.zst__gdsf__OBL__657529134.log,ok
w80.oracleGeneral.bin.zst,oracleGeneral,gdsf,none,49122165,4912216576,0.01,0.7493,0.8916,5256246,./results/cp_wss01_prefetch_ext/logs/w80.oracleGeneral.bin.zst__gdsf__noprefetch__49122165.log,ok
w79.oracleGeneral.bin.zst,oracleGeneral,arc,Mithril,657529134,65752913408,0.01,0.8979,0.9452,5411394,./results/cp_wss01_prefetch_ext/logs/w79.oracleGeneral.bin.zst__arc__Mithril__657529134.log,ok
w81.oracleGeneral.bin.zst,oracleGeneral,arc,none,205789936,20578993664,0.01,0.7251,0.9054,5026619,./results/cp_wss01_prefetch_ext/logs/w81.oracleGeneral.bin.zst__arc__noprefetch__205789936.log,ok
w80.oracleGeneral.bin.zst,oracleGeneral,gdsf,OBL,49122165,4912216576,0.01,0.7493,0.8916,5256246,./results/cp_wss01_prefetch_ext/logs/w80.oracleGeneral.bin.zst__gdsf__OBL__49122165.log,ok
w81.oracleGeneral.bin.zst,oracleGeneral,s3fifo,none,205789936,20578993664,0.01,0.7182,0.9035,5026619,./results/cp_wss01_prefetch_ext/logs/w81.oracleGeneral.bin.zst__s3fifo__noprefetch__205789936.log,ok
w81.oracleGeneral.bin.zst,oracleGeneral,arc,OBL,205789936,20578993664,0.01,0.7251,0.9054,5026619,./results/cp_wss01_prefetch_ext/logs/w81.oracleGeneral.bin.zst__arc__OBL__205789936.log,ok
w80.oracleGeneral.bin.zst,oracleGeneral,arc,PG,49122165,4912216576,0.01,0.7900,0.8683,5256246,./results/cp_wss01_prefetch_ext/logs/w80.oracleGeneral.bin.zst__arc__PG__49122165.log,ok
w79.oracleGeneral.bin.zst,oracleGeneral,gdsf,PG,657529134,65752913408,0.01,0.8920,0.9726,5411394,./results/cp_wss01_prefetch_ext/logs/w79.oracleGeneral.bin.zst__gdsf__PG__657529134.log,ok
w80.oracleGeneral.bin.zst,oracleGeneral,gdsf,PG,49122165,4912216576,0.01,0.7493,0.8916,5256246,./results/cp_wss01_prefetch_ext/logs/w80.oracleGeneral.bin.zst__gdsf__PG__49122165.log,ok
w81.oracleGeneral.bin.zst,oracleGeneral,s3fifo,OBL,205789936,20578993664,0.01,0.7182,0.9035,5026619,./results/cp_wss01_prefetch_ext/logs/w81.oracleGeneral.bin.zst__s3fifo__OBL__205789936.log,ok
w81.oracleGeneral.bin.zst,oracleGeneral,s3fifo,Mithril,205789936,20578993664,0.01,0.7182,0.9035,5026619,./results/cp_wss01_prefetch_ext/logs/w81.oracleGeneral.bin.zst__s3fifo__Mithril__205789936.log,ok
w81.oracleGeneral.bin.zst,oracleGeneral,s3fifo,PG,205789936,20578993664,0.01,0.7182,0.9035,5026619,./results/cp_wss01_prefetch_ext/logs/w81.oracleGeneral.bin.zst__s3fifo__PG__205789936.log,ok
w80.oracleGeneral.bin.zst,oracleGeneral,lhd,none,49122165,4912216576,0.01,0.7346,0.8939,5256246,./results/cp_wss01_prefetch_ext/logs/w80.oracleGeneral.bin.zst__lhd__noprefetch__49122165.log,ok
w79.oracleGeneral.bin.zst,oracleGeneral,gdsf,Mithril,657529134,65752913408,0.01,0.8920,0.9726,5411394,./results/cp_wss01_prefetch_ext/logs/w79.oracleGeneral.bin.zst__gdsf__Mithril__657529134.log,ok
w79.oracleGeneral.bin.zst,oracleGeneral,lhd,none,657529134,65752913408,0.01,0.9004,0.9745,5411394,./results/cp_wss01_prefetch_ext/logs/w79.oracleGeneral.bin.zst__lhd__noprefetch__657529134.log,ok
w79.oracleGeneral.bin.zst,oracleGeneral,lhd,OBL,657529134,65752913408,0.01,0.9004,0.9745,5411394,./results/cp_wss01_prefetch_ext/logs/w79.oracleGeneral.bin.zst__lhd__OBL__657529134.log,ok
w80.oracleGeneral.bin.zst,oracleGeneral,lhd,Mithril,49122165,4912216576,0.01,0.7347,0.8937,5256246,./results/cp_wss01_prefetch_ext/logs/w80.oracleGeneral.bin.zst__lhd__Mithril__49122165.log,ok
w69.oracleGeneral.bin.zst,oracleGeneral,gdsf,Mithril,338126909,33812690944,0.01,0.6003,0.8093,7874006,./results/cp_wss01_prefetch_ext/logs/w69.oracleGeneral.bin.zst__gdsf__Mithril__338126909.log,ok
w79.oracleGeneral.bin.zst,oracleGeneral,lhd,PG,657529134,65752913408,0.01,0.9004,0.9745,5411394,./results/cp_wss01_prefetch_ext/logs/w79.oracleGeneral.bin.zst__lhd__PG__657529134.log,ok
w82.oracleGeneral.bin.zst,oracleGeneral,arc,Mithril,26526013,2652601344,0.01,,,,./results/cp_wss01_prefetch_ext/logs/w82.oracleGeneral.bin.zst__arc__Mithril__26526013.log,fail:134
w79.oracleGeneral.bin.zst,oracleGeneral,lhd,Mithril,657529134,65752913408,0.01,0.9004,0.9745,5411394,./results/cp_wss01_prefetch_ext/logs/w79.oracleGeneral.bin.zst__lhd__Mithril__657529134.log,ok
w80.oracleGeneral.bin.zst,oracleGeneral,lhd,OBL,49122165,4912216576,0.01,0.7347,0.8937,5256246,./results/cp_wss01_prefetch_ext/logs/w80.oracleGeneral.bin.zst__lhd__OBL__49122165.log,ok
w80.oracleGeneral.bin.zst,oracleGeneral,lhd,PG,49122165,4912216576,0.01,0.7347,0.8937,5256246,./results/cp_wss01_prefetch_ext/logs/w80.oracleGeneral.bin.zst__lhd__PG__49122165.log,ok
w81.oracleGeneral.bin.zst,oracleGeneral,gdsf,none,205789936,20578993664,0.01,0.6942,0.9041,5026619,./results/cp_wss01_prefetch_ext/logs/w81.oracleGeneral.bin.zst__gdsf__noprefetch__205789936.log,ok
w82.oracleGeneral.bin.zst,oracleGeneral,arc,none,26526013,2652601344,0.01,0.4527,0.7113,4926610,./results/cp_wss01_prefetch_ext/logs/w82.oracleGeneral.bin.zst__arc__noprefetch__26526013.log,ok
w82.oracleGeneral.bin.zst,oracleGeneral,s3fifo,none,26526013,2652601344,0.01,0.4470,0.7042,4926610,./results/cp_wss01_prefetch_ext/logs/w82.oracleGeneral.bin.zst__s3fifo__noprefetch__26526013.log,ok
w81.oracleGeneral.bin.zst,oracleGeneral,gdsf,OBL,205789936,20578993664,0.01,0.6942,0.9041,5026619,./results/cp_wss01_prefetch_ext/logs/w81.oracleGeneral.bin.zst__gdsf__OBL__205789936.log,ok
w82.oracleGeneral.bin.zst,oracleGeneral,arc,OBL,26526013,2652601344,0.01,0.4434,0.7099,4926610,./results/cp_wss01_prefetch_ext/logs/w82.oracleGeneral.bin.zst__arc__OBL__26526013.log,ok
w81.oracleGeneral.bin.zst,oracleGeneral,arc,PG,205789936,20578993664,0.01,0.7241,0.9054,5026619,./results/cp_wss01_prefetch_ext/logs/w81.oracleGeneral.bin.zst__arc__PG__205789936.log,ok
w82.oracleGeneral.bin.zst,oracleGeneral,s3fifo,Mithril,26526013,2652601344,0.01,0.4470,0.7042,4926610,./results/cp_wss01_prefetch_ext/logs/w82.oracleGeneral.bin.zst__s3fifo__Mithril__26526013.log,ok
w82.oracleGeneral.bin.zst,oracleGeneral,s3fifo,PG,26526013,2652601344,0.01,0.4470,0.7042,4926610,./results/cp_wss01_prefetch_ext/logs/w82.oracleGeneral.bin.zst__s3fifo__PG__26526013.log,ok
w82.oracleGeneral.bin.zst,oracleGeneral,s3fifo,OBL,26526013,2652601344,0.01,0.4470,0.7042,4926610,./results/cp_wss01_prefetch_ext/logs/w82.oracleGeneral.bin.zst__s3fifo__OBL__26526013.log,ok
w81.oracleGeneral.bin.zst,oracleGeneral,arc,Mithril,205789936,20578993664,0.01,0.6793,0.9019,5026619,./results/cp_wss01_prefetch_ext/logs/w81.oracleGeneral.bin.zst__arc__Mithril__205789936.log,ok
w73.oracleGeneral.bin.zst,oracleGeneral,gdsf,Mithril,72396477,7239647744,0.01,0.6470,0.7449,6368815,./results/cp_wss01_prefetch_ext/logs/w73.oracleGeneral.bin.zst__gdsf__Mithril__72396477.log,ok
w83.oracleGeneral.bin.zst,oracleGeneral,s3fifo,none,212506513,21250651328,0.01,0.4748,0.7842,3880481,./results/cp_wss01_prefetch_ext/logs/w83.oracleGeneral.bin.zst__s3fifo__noprefetch__212506513.log,ok
w83.oracleGeneral.bin.zst,oracleGeneral,arc,Mithril,212506513,21250651328,0.01,,,,./results/cp_wss01_prefetch_ext/logs/w83.oracleGeneral.bin.zst__arc__Mithril__212506513.log,fail:134
w83.oracleGeneral.bin.zst,oracleGeneral,arc,none,212506513,21250651328,0.01,0.4934,0.8102,3880481,./results/cp_wss01_prefetch_ext/logs/w83.oracleGeneral.bin.zst__arc__noprefetch__212506513.log,ok
w83.oracleGeneral.bin.zst,oracleGeneral,s3fifo,Mithril,212506513,21250651328,0.01,0.4748,0.7842,3880481,./results/cp_wss01_prefetch_ext/logs/w83.oracleGeneral.bin.zst__s3fifo__Mithril__212506513.log,ok
w83.oracleGeneral.bin.zst,oracleGeneral,arc,PG,212506513,21250651328,0.01,,,,./results/cp_wss01_prefetch_ext/logs/w83.oracleGeneral.bin.zst__arc__PG__212506513.log,fail:134
w83.oracleGeneral.bin.zst,oracleGeneral,s3fifo,PG,212506513,21250651328,0.01,0.4748,0.7842,3880481,./results/cp_wss01_prefetch_ext/logs/w83.oracleGeneral.bin.zst__s3fifo__PG__212506513.log,ok
w82.oracleGeneral.bin.zst,oracleGeneral,gdsf,OBL,26526013,2652601344,0.01,0.4339,0.7799,4926610,./results/cp_wss01_prefetch_ext/logs/w82.oracleGeneral.bin.zst__gdsf__OBL__26526013.log,ok
w82.oracleGeneral.bin.zst,oracleGeneral,lhd,OBL,26526013,2652601344,0.01,0.4384,0.7969,4926610,./results/cp_wss01_prefetch_ext/logs/w82.oracleGeneral.bin.zst__lhd__OBL__26526013.log,ok
w81.oracleGeneral.bin.zst,oracleGeneral,gdsf,PG,205789936,20578993664,0.01,0.6942,0.9041,5026619,./results/cp_wss01_prefetch_ext/logs/w81.oracleGeneral.bin.zst__gdsf__PG__205789936.log,ok
w82.oracleGeneral.bin.zst,oracleGeneral,lhd,none,26526013,2652601344,0.01,0.4384,0.7969,4926610,./results/cp_wss01_prefetch_ext/logs/w82.oracleGeneral.bin.zst__lhd__noprefetch__26526013.log,ok
w82.oracleGeneral.bin.zst,oracleGeneral,gdsf,none,26526013,2652601344,0.01,0.4339,0.7799,4926610,./results/cp_wss01_prefetch_ext/logs/w82.oracleGeneral.bin.zst__gdsf__noprefetch__26526013.log,ok
w82.oracleGeneral.bin.zst,oracleGeneral,lhd,PG,26526013,2652601344,0.01,0.4384,0.7969,4926610,./results/cp_wss01_prefetch_ext/logs/w82.oracleGeneral.bin.zst__lhd__PG__26526013.log,ok
w83.oracleGeneral.bin.zst,oracleGeneral,s3fifo,OBL,212506513,21250651328,0.01,0.4748,0.7842,3880481,./results/cp_wss01_prefetch_ext/logs/w83.oracleGeneral.bin.zst__s3fifo__OBL__212506513.log,ok
w83.oracleGeneral.bin.zst,oracleGeneral,arc,OBL,212506513,21250651328,0.01,0.4934,0.8101,3880481,./results/cp_wss01_prefetch_ext/logs/w83.oracleGeneral.bin.zst__arc__OBL__212506513.log,ok
w81.oracleGeneral.bin.zst,oracleGeneral,lhd,Mithril,205789936,20578993664,0.01,0.6726,0.9151,5026619,./results/cp_wss01_prefetch_ext/logs/w81.oracleGeneral.bin.zst__lhd__Mithril__205789936.log,ok
w81.oracleGeneral.bin.zst,oracleGeneral,lhd,none,205789936,20578993664,0.01,0.6729,0.9151,5026619,./results/cp_wss01_prefetch_ext/logs/w81.oracleGeneral.bin.zst__lhd__noprefetch__205789936.log,ok
w82.oracleGeneral.bin.zst,oracleGeneral,arc,PG,26526013,2652601344,0.01,0.4529,0.7115,4926610,./results/cp_wss01_prefetch_ext/logs/w82.oracleGeneral.bin.zst__arc__PG__26526013.log,ok
w84.oracleGeneral.bin.zst,oracleGeneral,arc,Mithril,216742246,21674224640,0.01,,,,./results/cp_wss01_prefetch_ext/logs/w84.oracleGeneral.bin.zst__arc__Mithril__216742246.log,fail:134
w82.oracleGeneral.bin.zst,oracleGeneral,lhd,Mithril,26526013,2652601344,0.01,0.4384,0.7969,4926610,./results/cp_wss01_prefetch_ext/logs/w82.oracleGeneral.bin.zst__lhd__Mithril__26526013.log,ok
w81.oracleGeneral.bin.zst,oracleGeneral,gdsf,Mithril,205789936,20578993664,0.01,0.6942,0.9041,5026619,./results/cp_wss01_prefetch_ext/logs/w81.oracleGeneral.bin.zst__gdsf__Mithril__205789936.log,ok
w81.oracleGeneral.bin.zst,oracleGeneral,lhd,PG,205789936,20578993664,0.01,0.6726,0.9151,5026619,./results/cp_wss01_prefetch_ext/logs/w81.oracleGeneral.bin.zst__lhd__PG__205789936.log,ok
w84.oracleGeneral.bin.zst,oracleGeneral,arc,PG,216742246,21674224640,0.01,,,,./results/cp_wss01_prefetch_ext/logs/w84.oracleGeneral.bin.zst__arc__PG__216742246.log,fail:134
w81.oracleGeneral.bin.zst,oracleGeneral,lhd,OBL,205789936,20578993664,0.01,0.6744,0.9150,5026619,./results/cp_wss01_prefetch_ext/logs/w81.oracleGeneral.bin.zst__lhd__OBL__205789936.log,ok
w84.oracleGeneral.bin.zst,oracleGeneral,arc,none,216742246,21674224640,0.01,0.4569,0.4765,4814234,./results/cp_wss01_prefetch_ext/logs/w84.oracleGeneral.bin.zst__arc__noprefetch__216742246.log,ok
w82.oracleGeneral.bin.zst,oracleGeneral,gdsf,PG,26526013,2652601344,0.01,0.4339,0.7799,4926610,./results/cp_wss01_prefetch_ext/logs/w82.oracleGeneral.bin.zst__gdsf__PG__26526013.log,ok
w83.oracleGeneral.bin.zst,oracleGeneral,gdsf,none,212506513,21250651328,0.01,0.4034,0.8576,3880481,./results/cp_wss01_prefetch_ext/logs/w83.oracleGeneral.bin.zst__gdsf__noprefetch__212506513.log,ok
w83.oracleGeneral.bin.zst,oracleGeneral,gdsf,OBL,212506513,21250651328,0.01,0.4034,0.8576,3880481,./results/cp_wss01_prefetch_ext/logs/w83.oracleGeneral.bin.zst__gdsf__OBL__212506513.log,ok
w84.oracleGeneral.bin.zst,oracleGeneral,arc,OBL,216742246,21674224640,0.01,0.4569,0.4765,4814234,./results/cp_wss01_prefetch_ext/logs/w84.oracleGeneral.bin.zst__arc__OBL__216742246.log,ok
w84.oracleGeneral.bin.zst,oracleGeneral,s3fifo,OBL,216742246,21674224640,0.01,0.4324,0.4077,4814234,./results/cp_wss01_prefetch_ext/logs/w84.oracleGeneral.bin.zst__s3fifo__OBL__216742246.log,ok
w83.oracleGeneral.bin.zst,oracleGeneral,lhd,OBL,212506513,21250651328,0.01,0.4407,0.8564,3880481,./results/cp_wss01_prefetch_ext/logs/w83.oracleGeneral.bin.zst__lhd__OBL__212506513.log,ok
w83.oracleGeneral.bin.zst,oracleGeneral,lhd,none,212506513,21250651328,0.01,0.4415,0.8571,3880481,./results/cp_wss01_prefetch_ext/logs/w83.oracleGeneral.bin.zst__lhd__noprefetch__212506513.log,ok
w84.oracleGeneral.bin.zst,oracleGeneral,s3fifo,none,216742246,21674224640,0.01,0.4324,0.4077,4814234,./results/cp_wss01_prefetch_ext/logs/w84.oracleGeneral.bin.zst__s3fifo__noprefetch__216742246.log,ok
w84.oracleGeneral.bin.zst,oracleGeneral,s3fifo,PG,216742246,21674224640,0.01,0.4324,0.4077,4814234,./results/cp_wss01_prefetch_ext/logs/w84.oracleGeneral.bin.zst__s3fifo__PG__216742246.log,ok
w84.oracleGeneral.bin.zst,oracleGeneral,s3fifo,Mithril,216742246,21674224640,0.01,0.4324,0.4077,4814234,./results/cp_wss01_prefetch_ext/logs/w84.oracleGeneral.bin.zst__s3fifo__Mithril__216742246.log,ok
w83.oracleGeneral.bin.zst,oracleGeneral,lhd,Mithril,212506513,21250651328,0.01,0.4407,0.8564,3880481,./results/cp_wss01_prefetch_ext/logs/w83.oracleGeneral.bin.zst__lhd__Mithril__212506513.log,ok
w83.oracleGeneral.bin.zst,oracleGeneral,lhd,PG,212506513,21250651328,0.01,0.4407,0.8564,3880481,./results/cp_wss01_prefetch_ext/logs/w83.oracleGeneral.bin.zst__lhd__PG__212506513.log,ok
w77.oracleGeneral.bin.zst,oracleGeneral,gdsf,Mithril,189116375,18911637504,0.01,0.5291,0.7463,5616402,./results/cp_wss01_prefetch_ext/logs/w77.oracleGeneral.bin.zst__gdsf__Mithril__189116375.log,ok
w83.oracleGeneral.bin.zst,oracleGeneral,gdsf,PG,212506513,21250651328,0.01,0.4034,0.8576,3880481,./results/cp_wss01_prefetch_ext/logs/w83.oracleGeneral.bin.zst__gdsf__PG__212506513.log,ok
w85.oracleGeneral.bin.zst,oracleGeneral,arc,none,239353927,23935392768,0.01,0.8019,0.9652,4790048,./results/cp_wss01_prefetch_ext/logs/w85.oracleGeneral.bin.zst__arc__noprefetch__239353927.log,ok
w78.oracleGeneral.bin.zst,oracleGeneral,gdsf,Mithril,369610373,36961037312,0.01,0.4276,0.8086,5493106,./results/cp_wss01_prefetch_ext/logs/w78.oracleGeneral.bin.zst__gdsf__Mithril__369610373.log,ok
w84.oracleGeneral.bin.zst,oracleGeneral,gdsf,none,216742246,21674224640,0.01,0.4166,0.6560,4814234,./results/cp_wss01_prefetch_ext/logs/w84.oracleGeneral.bin.zst__gdsf__noprefetch__216742246.log,ok
w84.oracleGeneral.bin.zst,oracleGeneral,gdsf,OBL,216742246,21674224640,0.01,0.4166,0.6560,4814234,./results/cp_wss01_prefetch_ext/logs/w84.oracleGeneral.bin.zst__gdsf__OBL__216742246.log,ok
w85.oracleGeneral.bin.zst,oracleGeneral,arc,Mithril,239353927,23935392768,0.01,,,,./results/cp_wss01_prefetch_ext/logs/w85.oracleGeneral.bin.zst__arc__Mithril__239353927.log,fail:134
w85.oracleGeneral.bin.zst,oracleGeneral,s3fifo,Mithril,239353927,23935392768,0.01,0.7912,0.9574,4790048,./results/cp_wss01_prefetch_ext/logs/w85.oracleGeneral.bin.zst__s3fifo__Mithril__239353927.log,ok
w85.oracleGeneral.bin.zst,oracleGeneral,s3fifo,none,239353927,23935392768,0.01,0.7912,0.9574,4790048,./results/cp_wss01_prefetch_ext/logs/w85.oracleGeneral.bin.zst__s3fifo__noprefetch__239353927.log,ok
w84.oracleGeneral.bin.zst,oracleGeneral,lhd,none,216742246,21674224640,0.01,0.4122,0.6441,4814234,./results/cp_wss01_prefetch_ext/logs/w84.oracleGeneral.bin.zst__lhd__noprefetch__216742246.log,ok
w84.oracleGeneral.bin.zst,oracleGeneral,lhd,OBL,216742246,21674224640,0.01,0.4122,0.6441,4814234,./results/cp_wss01_prefetch_ext/logs/w84.oracleGeneral.bin.zst__lhd__OBL__216742246.log,ok
w85.oracleGeneral.bin.zst,oracleGeneral,arc,OBL,239353927,23935392768,0.01,0.8019,0.9652,4790048,./results/cp_wss01_prefetch_ext/logs/w85.oracleGeneral.bin.zst__arc__OBL__239353927.log,ok
w85.oracleGeneral.bin.zst,oracleGeneral,s3fifo,PG,239353927,23935392768,0.01,0.7912,0.9574,4790048,./results/cp_wss01_prefetch_ext/logs/w85.oracleGeneral.bin.zst__s3fifo__PG__239353927.log,ok
w84.oracleGeneral.bin.zst,oracleGeneral,lhd,Mithril,216742246,21674224640,0.01,0.4122,0.6441,4814234,./results/cp_wss01_prefetch_ext/logs/w84.oracleGeneral.bin.zst__lhd__Mithril__216742246.log,ok
w84.oracleGeneral.bin.zst,oracleGeneral,lhd,PG,216742246,21674224640,0.01,0.4122,0.6441,4814234,./results/cp_wss01_prefetch_ext/logs/w84.oracleGeneral.bin.zst__lhd__PG__216742246.log,ok
w85.oracleGeneral.bin.zst,oracleGeneral,s3fifo,OBL,239353927,23935392768,0.01,0.7912,0.9574,4790048,./results/cp_wss01_prefetch_ext/logs/w85.oracleGeneral.bin.zst__s3fifo__OBL__239353927.log,ok
w85.oracleGeneral.bin.zst,oracleGeneral,gdsf,none,239353927,23935392768,0.01,0.8154,0.9702,4790048,./results/cp_wss01_prefetch_ext/logs/w85.oracleGeneral.bin.zst__gdsf__noprefetch__239353927.log,ok
w83.oracleGeneral.bin.zst,oracleGeneral,gdsf,Mithril,212506513,21250651328,0.01,0.4034,0.8576,3880481,./results/cp_wss01_prefetch_ext/logs/w83.oracleGeneral.bin.zst__gdsf__Mithril__212506513.log,ok
w86.oracleGeneral.bin.zst,oracleGeneral,arc,none,881879598,88187959808,0.01,0.9473,0.9786,4749563,./results/cp_wss01_prefetch_ext/logs/w86.oracleGeneral.bin.zst__arc__noprefetch__881879598.log,ok
w85.oracleGeneral.bin.zst,oracleGeneral,gdsf,OBL,239353927,23935392768,0.01,0.8154,0.9702,4790048,./results/cp_wss01_prefetch_ext/logs/w85.oracleGeneral.bin.zst__gdsf__OBL__239353927.log,ok
w86.oracleGeneral.bin.zst,oracleGeneral,arc,OBL,881879598,88187959808,0.01,0.9473,0.9786,4749563,./results/cp_wss01_prefetch_ext/logs/w86.oracleGeneral.bin.zst__arc__OBL__881879598.log,ok
w85.oracleGeneral.bin.zst,oracleGeneral,arc,PG,239353927,23935392768,0.01,0.8010,0.9650,4790048,./results/cp_wss01_prefetch_ext/logs/w85.oracleGeneral.bin.zst__arc__PG__239353927.log,ok
w84.oracleGeneral.bin.zst,oracleGeneral,gdsf,PG,216742246,21674224640,0.01,0.4166,0.6560,4814234,./results/cp_wss01_prefetch_ext/logs/w84.oracleGeneral.bin.zst__gdsf__PG__216742246.log,ok
w86.oracleGeneral.bin.zst,oracleGeneral,s3fifo,none,881879598,88187959808,0.01,0.9503,0.9780,4749563,./results/cp_wss01_prefetch_ext/logs/w86.oracleGeneral.bin.zst__s3fifo__noprefetch__881879598.log,ok
w86.oracleGeneral.bin.zst,oracleGeneral,s3fifo,Mithril,881879598,88187959808,0.01,0.9503,0.9780,4749563,./results/cp_wss01_prefetch_ext/logs/w86.oracleGeneral.bin.zst__s3fifo__Mithril__881879598.log,ok
w86.oracleGeneral.bin.zst,oracleGeneral,s3fifo,PG,881879598,88187959808,0.01,0.9503,0.9780,4749563,./results/cp_wss01_prefetch_ext/logs/w86.oracleGeneral.bin.zst__s3fifo__PG__881879598.log,ok
w87.oracleGeneral.bin.zst,oracleGeneral,s3fifo,none,353836161,35383616192,0.01,0.8565,0.7643,3788806,./results/cp_wss01_prefetch_ext/logs/w87.oracleGeneral.bin.zst__s3fifo__noprefetch__353836161.log,ok
w85.oracleGeneral.bin.zst,oracleGeneral,gdsf,PG,239353927,23935392768,0.01,0.8154,0.9702,4790048,./results/cp_wss01_prefetch_ext/logs/w85.oracleGeneral.bin.zst__gdsf__PG__239353927.log,ok
w86.oracleGeneral.bin.zst,oracleGeneral,s3fifo,OBL,881879598,88187959808,0.01,0.9503,0.9780,4749563,./results/cp_wss01_prefetch_ext/logs/w86.oracleGeneral.bin.zst__s3fifo__OBL__881879598.log,ok
w87.oracleGeneral.bin.zst,oracleGeneral,arc,none,353836161,35383616192,0.01,0.8782,0.8215,3788806,./results/cp_wss01_prefetch_ext/logs/w87.oracleGeneral.bin.zst__arc__noprefetch__353836161.log,ok
w86.oracleGeneral.bin.zst,oracleGeneral,gdsf,none,881879598,88187959808,0.01,0.9500,0.9799,4749563,./results/cp_wss01_prefetch_ext/logs/w86.oracleGeneral.bin.zst__gdsf__noprefetch__881879598.log,ok
w85.oracleGeneral.bin.zst,oracleGeneral,lhd,none,239353927,23935392768,0.01,0.8048,0.9734,4790048,./results/cp_wss01_prefetch_ext/logs/w85.oracleGeneral.bin.zst__lhd__noprefetch__239353927.log,ok
w85.oracleGeneral.bin.zst,oracleGeneral,lhd,OBL,239353927,23935392768,0.01,0.8078,0.9738,4790048,./results/cp_wss01_prefetch_ext/logs/w85.oracleGeneral.bin.zst__lhd__OBL__239353927.log,ok
w85.oracleGeneral.bin.zst,oracleGeneral,lhd,Mithril,239353927,23935392768,0.01,0.8048,0.9734,4790048,./results/cp_wss01_prefetch_ext/logs/w85.oracleGeneral.bin.zst__lhd__Mithril__239353927.log,ok
w87.oracleGeneral.bin.zst,oracleGeneral,s3fifo,Mithril,353836161,35383616192,0.01,0.8565,0.7643,3788806,./results/cp_wss01_prefetch_ext/logs/w87.oracleGeneral.bin.zst__s3fifo__Mithril__353836161.log,ok
w85.oracleGeneral.bin.zst,oracleGeneral,lhd,PG,239353927,23935392768,0.01,0.8048,0.9734,4790048,./results/cp_wss01_prefetch_ext/logs/w85.oracleGeneral.bin.zst__lhd__PG__239353927.log,ok
w87.oracleGeneral.bin.zst,oracleGeneral,s3fifo,PG,353836161,35383616192,0.01,0.8565,0.7643,3788806,./results/cp_wss01_prefetch_ext/logs/w87.oracleGeneral.bin.zst__s3fifo__PG__353836161.log,ok
w87.oracleGeneral.bin.zst,oracleGeneral,arc,Mithril,353836161,35383616192,0.01,,,,./results/cp_wss01_prefetch_ext/logs/w87.oracleGeneral.bin.zst__arc__Mithril__353836161.log,fail:134
w86.oracleGeneral.bin.zst,oracleGeneral,gdsf,OBL,881879598,88187959808,0.01,0.9500,0.9799,4749563,./results/cp_wss01_prefetch_ext/logs/w86.oracleGeneral.bin.zst__gdsf__OBL__881879598.log,ok
w86.oracleGeneral.bin.zst,oracleGeneral,arc,PG,881879598,88187959808,0.01,0.9473,0.9786,4749563,./results/cp_wss01_prefetch_ext/logs/w86.oracleGeneral.bin.zst__arc__PG__881879598.log,ok
w87.oracleGeneral.bin.zst,oracleGeneral,arc,OBL,353836161,35383616192,0.01,0.8241,0.7854,3788806,./results/cp_wss01_prefetch_ext/logs/w87.oracleGeneral.bin.zst__arc__OBL__353836161.log,ok
w87.oracleGeneral.bin.zst,oracleGeneral,s3fifo,OBL,353836161,35383616192,0.01,0.8565,0.7643,3788806,./results/cp_wss01_prefetch_ext/logs/w87.oracleGeneral.bin.zst__s3fifo__OBL__353836161.log,ok
w86.oracleGeneral.bin.zst,oracleGeneral,arc,Mithril,881879598,88187959808,0.01,,,,./results/cp_wss01_prefetch_ext/logs/w86.oracleGeneral.bin.zst__arc__Mithril__881879598.log,fail:134
w88.oracleGeneral.bin.zst,oracleGeneral,arc,Mithril,81331210,8133121024,0.01,,,,./results/cp_wss01_prefetch_ext/logs/w88.oracleGeneral.bin.zst__arc__Mithril__81331210.log,fail:134
w85.oracleGeneral.bin.zst,oracleGeneral,gdsf,Mithril,239353927,23935392768,0.01,0.8154,0.9702,4790048,./results/cp_wss01_prefetch_ext/logs/w85.oracleGeneral.bin.zst__gdsf__Mithril__239353927.log,ok
w88.oracleGeneral.bin.zst,oracleGeneral,arc,PG,81331210,8133121024,0.01,,,,./results/cp_wss01_prefetch_ext/logs/w88.oracleGeneral.bin.zst__arc__PG__81331210.log,fail:134
w87.oracleGeneral.bin.zst,oracleGeneral,gdsf,none,353836161,35383616192,0.01,0.8114,0.7461,3788806,./results/cp_wss01_prefetch_ext/logs/w87.oracleGeneral.bin.zst__gdsf__noprefetch__353836161.log,ok
w80.oracleGeneral.bin.zst,oracleGeneral,gdsf,Mithril,49122165,4912216576,0.01,0.7493,0.8916,5256246,./results/cp_wss01_prefetch_ext/logs/w80.oracleGeneral.bin.zst__gdsf__Mithril__49122165.log,ok
w88.oracleGeneral.bin.zst,oracleGeneral,arc,none,81331210,8133121024,0.01,0.3501,0.5471,4711053,./results/cp_wss01_prefetch_ext/logs/w88.oracleGeneral.bin.zst__arc__noprefetch__81331210.log,ok
w88.oracleGeneral.bin.zst,oracleGeneral,arc,OBL,81331210,8133121024,0.01,0.3499,0.5472,4711053,./results/cp_wss01_prefetch_ext/logs/w88.oracleGeneral.bin.zst__arc__OBL__81331210.log,ok
w88.oracleGeneral.bin.zst,oracleGeneral,s3fifo,none,81331210,8133121024,0.01,0.3386,0.5356,4711053,./results/cp_wss01_prefetch_ext/logs/w88.oracleGeneral.bin.zst__s3fifo__noprefetch__81331210.log,ok
w87.oracleGeneral.bin.zst,oracleGeneral,gdsf,OBL,353836161,35383616192,0.01,0.8114,0.7461,3788806,./results/cp_wss01_prefetch_ext/logs/w87.oracleGeneral.bin.zst__gdsf__OBL__353836161.log,ok
w88.oracleGeneral.bin.zst,oracleGeneral,s3fifo,PG,81331210,8133121024,0.01,0.3386,0.5356,4711053,./results/cp_wss01_prefetch_ext/logs/w88.oracleGeneral.bin.zst__s3fifo__PG__81331210.log,ok
w88.oracleGeneral.bin.zst,oracleGeneral,s3fifo,Mithril,81331210,8133121024,0.01,0.3386,0.5356,4711053,./results/cp_wss01_prefetch_ext/logs/w88.oracleGeneral.bin.zst__s3fifo__Mithril__81331210.log,ok
w88.oracleGeneral.bin.zst,oracleGeneral,s3fifo,OBL,81331210,8133121024,0.01,0.3386,0.5356,4711053,./results/cp_wss01_prefetch_ext/logs/w88.oracleGeneral.bin.zst__s3fifo__OBL__81331210.log,ok
w87.oracleGeneral.bin.zst,oracleGeneral,arc,PG,353836161,35383616192,0.01,0.8667,0.8027,3788806,./results/cp_wss01_prefetch_ext/logs/w87.oracleGeneral.bin.zst__arc__PG__353836161.log,ok
w86.oracleGeneral.bin.zst,oracleGeneral,gdsf,PG,881879598,88187959808,0.01,0.9500,0.9799,4749563,./results/cp_wss01_prefetch_ext/logs/w86.oracleGeneral.bin.zst__gdsf__PG__881879598.log,ok
w89.oracleGeneral.bin.zst,oracleGeneral,arc,Mithril,234208133,23420813312,0.01,,,,./results/cp_wss01_prefetch_ext/logs/w89.oracleGeneral.bin.zst__arc__Mithril__234208133.log,fail:134
w86.oracleGeneral.bin.zst,oracleGeneral,lhd,Mithril,881879598,88187959808,0.01,0.9519,0.9829,4749563,./results/cp_wss01_prefetch_ext/logs/w86.oracleGeneral.bin.zst__lhd__Mithril__881879598.log,ok
w86.oracleGeneral.bin.zst,oracleGeneral,lhd,OBL,881879598,88187959808,0.01,0.9519,0.9829,4749563,./results/cp_wss01_prefetch_ext/logs/w86.oracleGeneral.bin.zst__lhd__OBL__881879598.log,ok
w86.oracleGeneral.bin.zst,oracleGeneral,lhd,PG,881879598,88187959808,0.01,0.9519,0.9829,4749563,./results/cp_wss01_prefetch_ext/logs/w86.oracleGeneral.bin.zst__lhd__PG__881879598.log,ok
w86.oracleGeneral.bin.zst,oracleGeneral,lhd,none,881879598,88187959808,0.01,0.9519,0.9829,4749563,./results/cp_wss01_prefetch_ext/logs/w86.oracleGeneral.bin.zst__lhd__noprefetch__881879598.log,ok
w89.oracleGeneral.bin.zst,oracleGeneral,arc,none,234208133,23420813312,0.01,0.4301,0.5541,3625918,./results/cp_wss01_prefetch_ext/logs/w89.oracleGeneral.bin.zst__arc__noprefetch__234208133.log,ok
w89.oracleGeneral.bin.zst,oracleGeneral,s3fifo,none,234208133,23420813312,0.01,0.4132,0.5318,3625918,./results/cp_wss01_prefetch_ext/logs/w89.oracleGeneral.bin.zst__s3fifo__noprefetch__234208133.log,ok
w89.oracleGeneral.bin.zst,oracleGeneral,arc,PG,234208133,23420813312,0.01,,,,./results/cp_wss01_prefetch_ext/logs/w89.oracleGeneral.bin.zst__arc__PG__234208133.log,fail:134
w88.oracleGeneral.bin.zst,oracleGeneral,gdsf,none,81331210,8133121024,0.01,0.2830,0.5967,4711053,./results/cp_wss01_prefetch_ext/logs/w88.oracleGeneral.bin.zst__gdsf__noprefetch__81331210.log,ok
w87.oracleGeneral.bin.zst,oracleGeneral,gdsf,PG,353836161,35383616192,0.01,0.8114,0.7461,3788806,./results/cp_wss01_prefetch_ext/logs/w87.oracleGeneral.bin.zst__gdsf__PG__353836161.log,ok
w88.oracleGeneral.bin.zst,oracleGeneral,lhd,none,81331210,8133121024,0.01,0.3015,0.6274,4711053,./results/cp_wss01_prefetch_ext/logs/w88.oracleGeneral.bin.zst__lhd__noprefetch__81331210.log,ok
w89.oracleGeneral.bin.zst,oracleGeneral,s3fifo,Mithril,234208133,23420813312,0.01,0.4132,0.5318,3625918,./results/cp_wss01_prefetch_ext/logs/w89.oracleGeneral.bin.zst__s3fifo__Mithril__234208133.log,ok
w89.oracleGeneral.bin.zst,oracleGeneral,s3fifo,PG,234208133,23420813312,0.01,0.4132,0.5318,3625918,./results/cp_wss01_prefetch_ext/logs/w89.oracleGeneral.bin.zst__s3fifo__PG__234208133.log,ok
w89.oracleGeneral.bin.zst,oracleGeneral,s3fifo,OBL,234208133,23420813312,0.01,0.4132,0.5318,3625918,./results/cp_wss01_prefetch_ext/logs/w89.oracleGeneral.bin.zst__s3fifo__OBL__234208133.log,ok
w88.oracleGeneral.bin.zst,oracleGeneral,gdsf,OBL,81331210,8133121024,0.01,0.2830,0.5967,4711053,./results/cp_wss01_prefetch_ext/logs/w88.oracleGeneral.bin.zst__gdsf__OBL__81331210.log,ok
w89.oracleGeneral.bin.zst,oracleGeneral,arc,OBL,234208133,23420813312,0.01,0.4298,0.5541,3625918,./results/cp_wss01_prefetch_ext/logs/w89.oracleGeneral.bin.zst__arc__OBL__234208133.log,ok
w88.oracleGeneral.bin.zst,oracleGeneral,lhd,Mithril,81331210,8133121024,0.01,0.3013,0.6267,4711053,./results/cp_wss01_prefetch_ext/logs/w88.oracleGeneral.bin.zst__lhd__Mithril__81331210.log,ok
w88.oracleGeneral.bin.zst,oracleGeneral,lhd,OBL,81331210,8133121024,0.01,0.3013,0.6267,4711053,./results/cp_wss01_prefetch_ext/logs/w88.oracleGeneral.bin.zst__lhd__OBL__81331210.log,ok
w86.oracleGeneral.bin.zst,oracleGeneral,gdsf,Mithril,881879598,88187959808,0.01,0.9500,0.9799,4749563,./results/cp_wss01_prefetch_ext/logs/w86.oracleGeneral.bin.zst__gdsf__Mithril__881879598.log,ok
w88.oracleGeneral.bin.zst,oracleGeneral,lhd,PG,81331210,8133121024,0.01,0.3013,0.6267,4711053,./results/cp_wss01_prefetch_ext/logs/w88.oracleGeneral.bin.zst__lhd__PG__81331210.log,ok
w87.oracleGeneral.bin.zst,oracleGeneral,lhd,none,353836161,35383616192,0.01,0.8763,0.8910,3788806,./results/cp_wss01_prefetch_ext/logs/w87.oracleGeneral.bin.zst__lhd__noprefetch__353836161.log,ok
w89.oracleGeneral.bin.zst,oracleGeneral,gdsf,none,234208133,23420813312,0.01,0.3841,0.5688,3625918,./results/cp_wss01_prefetch_ext/logs/w89.oracleGeneral.bin.zst__gdsf__noprefetch__234208133.log,ok
w87.oracleGeneral.bin.zst,oracleGeneral,lhd,Mithril,353836161,35383616192,0.01,0.8776,0.8938,3788806,./results/cp_wss01_prefetch_ext/logs/w87.oracleGeneral.bin.zst__lhd__Mithril__353836161.log,ok
w90.oracleGeneral.bin.zst,oracleGeneral,arc,Mithril,174719646,17471964672,0.01,,,,./results/cp_wss01_prefetch_ext/logs/w90.oracleGeneral.bin.zst__arc__Mithril__174719646.log,fail:134
w87.oracleGeneral.bin.zst,oracleGeneral,lhd,PG,353836161,35383616192,0.01,0.8776,0.8938,3788806,./results/cp_wss01_prefetch_ext/logs/w87.oracleGeneral.bin.zst__lhd__PG__353836161.log,ok
w88.oracleGeneral.bin.zst,oracleGeneral,gdsf,PG,81331210,8133121024,0.01,0.2830,0.5967,4711053,./results/cp_wss01_prefetch_ext/logs/w88.oracleGeneral.bin.zst__gdsf__PG__81331210.log,ok
w89.oracleGeneral.bin.zst,oracleGeneral,gdsf,OBL,234208133,23420813312,0.01,0.3841,0.5688,3625918,./results/cp_wss01_prefetch_ext/logs/w89.oracleGeneral.bin.zst__gdsf__OBL__234208133.log,ok
w87.oracleGeneral.bin.zst,oracleGeneral,lhd,OBL,353836161,35383616192,0.01,0.8776,0.8938,3788806,./results/cp_wss01_prefetch_ext/logs/w87.oracleGeneral.bin.zst__lhd__OBL__353836161.log,ok
w82.oracleGeneral.bin.zst,oracleGeneral,gdsf,Mithril,26526013,2652601344,0.01,0.4339,0.7799,4926610,./results/cp_wss01_prefetch_ext/logs/w82.oracleGeneral.bin.zst__gdsf__Mithril__26526013.log,ok
w90.oracleGeneral.bin.zst,oracleGeneral,arc,none,174719646,17471964672,0.01,0.7655,0.9153,4493515,./results/cp_wss01_prefetch_ext/logs/w90.oracleGeneral.bin.zst__arc__noprefetch__174719646.log,ok
w90.oracleGeneral.bin.zst,oracleGeneral,arc,PG,174719646,17471964672,0.01,,,,./results/cp_wss01_prefetch_ext/logs/w90.oracleGeneral.bin.zst__arc__PG__174719646.log,fail:134
w84.oracleGeneral.bin.zst,oracleGeneral,gdsf,Mithril,216742246,21674224640,0.01,0.4166,0.6560,4814234,./results/cp_wss01_prefetch_ext/logs/w84.oracleGeneral.bin.zst__gdsf__Mithril__216742246.log,ok
w90.oracleGeneral.bin.zst,oracleGeneral,arc,OBL,174719646,17471964672,0.01,0.7654,0.9152,4493515,./results/cp_wss01_prefetch_ext/logs/w90.oracleGeneral.bin.zst__arc__OBL__174719646.log,ok
w89.oracleGeneral.bin.zst,oracleGeneral,lhd,none,234208133,23420813312,0.01,0.3914,0.6247,3625918,./results/cp_wss01_prefetch_ext/logs/w89.oracleGeneral.bin.zst__lhd__noprefetch__234208133.log,ok
w89.oracleGeneral.bin.zst,oracleGeneral,lhd,Mithril,234208133,23420813312,0.01,0.3914,0.6247,3625918,./results/cp_wss01_prefetch_ext/logs/w89.oracleGeneral.bin.zst__lhd__Mithril__234208133.log,ok
w90.oracleGeneral.bin.zst,oracleGeneral,s3fifo,none,174719646,17471964672,0.01,0.7750,0.9285,4493515,./results/cp_wss01_prefetch_ext/logs/w90.oracleGeneral.bin.zst__s3fifo__noprefetch__174719646.log,ok
w89.oracleGeneral.bin.zst,oracleGeneral,lhd,OBL,234208133,23420813312,0.01,0.3914,0.6247,3625918,./results/cp_wss01_prefetch_ext/logs/w89.oracleGeneral.bin.zst__lhd__OBL__234208133.log,ok
w91.oracleGeneral.bin.zst,oracleGeneral,arc,PG,168709893,16870989312,0.01,,,,./results/cp_wss01_prefetch_ext/logs/w91.oracleGeneral.bin.zst__arc__PG__168709893.log,fail:134
w91.oracleGeneral.bin.zst,oracleGeneral,arc,Mithril,168709893,16870989312,0.01,,,,./results/cp_wss01_prefetch_ext/logs/w91.oracleGeneral.bin.zst__arc__Mithril__168709893.log,fail:134
w89.oracleGeneral.bin.zst,oracleGeneral,lhd,PG,234208133,23420813312,0.01,0.3914,0.6247,3625918,./results/cp_wss01_prefetch_ext/logs/w89.oracleGeneral.bin.zst__lhd__PG__234208133.log,ok
w89.oracleGeneral.bin.zst,oracleGeneral,gdsf,PG,234208133,23420813312,0.01,0.3841,0.5688,3625918,./results/cp_wss01_prefetch_ext/logs/w89.oracleGeneral.bin.zst__gdsf__PG__234208133.log,ok
w90.oracleGeneral.bin.zst,oracleGeneral,s3fifo,PG,174719646,17471964672,0.01,0.7750,0.9285,4493515,./results/cp_wss01_prefetch_ext/logs/w90.oracleGeneral.bin.zst__s3fifo__PG__174719646.log,ok
w90.oracleGeneral.bin.zst,oracleGeneral,s3fifo,OBL,174719646,17471964672,0.01,0.7750,0.9285,4493515,./results/cp_wss01_prefetch_ext/logs/w90.oracleGeneral.bin.zst__s3fifo__OBL__174719646.log,ok
w90.oracleGeneral.bin.zst,oracleGeneral,s3fifo,Mithril,174719646,17471964672,0.01,0.7750,0.9285,4493515,./results/cp_wss01_prefetch_ext/logs/w90.oracleGeneral.bin.zst__s3fifo__Mithril__174719646.log,ok
w91.oracleGeneral.bin.zst,oracleGeneral,arc,none,168709893,16870989312,0.01,0.6506,0.7696,4316605,./results/cp_wss01_prefetch_ext/logs/w91.oracleGeneral.bin.zst__arc__noprefetch__168709893.log,ok
w90.oracleGeneral.bin.zst,oracleGeneral,gdsf,none,174719646,17471964672,0.01,0.7471,0.9473,4493515,./results/cp_wss01_prefetch_ext/logs/w90.oracleGeneral.bin.zst__gdsf__noprefetch__174719646.log,ok
w90.oracleGeneral.bin.zst,oracleGeneral,gdsf,OBL,174719646,17471964672,0.01,0.7471,0.9473,4493515,./results/cp_wss01_prefetch_ext/logs/w90.oracleGeneral.bin.zst__gdsf__OBL__174719646.log,ok
w91.oracleGeneral.bin.zst,oracleGeneral,arc,OBL,168709893,16870989312,0.01,0.6506,0.7696,4316605,./results/cp_wss01_prefetch_ext/logs/w91.oracleGeneral.bin.zst__arc__OBL__168709893.log,ok
w91.oracleGeneral.bin.zst,oracleGeneral,s3fifo,none,168709893,16870989312,0.01,0.6456,0.7472,4316605,./results/cp_wss01_prefetch_ext/logs/w91.oracleGeneral.bin.zst__s3fifo__noprefetch__168709893.log,ok
w91.oracleGeneral.bin.zst,oracleGeneral,s3fifo,OBL,168709893,16870989312,0.01,0.6456,0.7472,4316605,./results/cp_wss01_prefetch_ext/logs/w91.oracleGeneral.bin.zst__s3fifo__OBL__168709893.log,ok
w91.oracleGeneral.bin.zst,oracleGeneral,s3fifo,Mithril,168709893,16870989312,0.01,0.6456,0.7472,4316605,./results/cp_wss01_prefetch_ext/logs/w91.oracleGeneral.bin.zst__s3fifo__Mithril__168709893.log,ok
w91.oracleGeneral.bin.zst,oracleGeneral,s3fifo,PG,168709893,16870989312,0.01,0.6456,0.7472,4316605,./results/cp_wss01_prefetch_ext/logs/w91.oracleGeneral.bin.zst__s3fifo__PG__168709893.log,ok
w87.oracleGeneral.bin.zst,oracleGeneral,gdsf,Mithril,353836161,35383616192,0.01,0.8114,0.7461,3788806,./results/cp_wss01_prefetch_ext/logs/w87.oracleGeneral.bin.zst__gdsf__Mithril__353836161.log,ok
w90.oracleGeneral.bin.zst,oracleGeneral,lhd,none,174719646,17471964672,0.01,0.7315,0.9438,4493515,./results/cp_wss01_prefetch_ext/logs/w90.oracleGeneral.bin.zst__lhd__noprefetch__174719646.log,ok
w91.oracleGeneral.bin.zst,oracleGeneral,gdsf,none,168709893,16870989312,0.01,0.6023,0.8151,4316605,./results/cp_wss01_prefetch_ext/logs/w91.oracleGeneral.bin.zst__gdsf__noprefetch__168709893.log,ok
w90.oracleGeneral.bin.zst,oracleGeneral,lhd,OBL,174719646,17471964672,0.01,0.7311,0.9438,4493515,./results/cp_wss01_prefetch_ext/logs/w90.oracleGeneral.bin.zst__lhd__OBL__174719646.log,ok
w90.oracleGeneral.bin.zst,oracleGeneral,lhd,Mithril,174719646,17471964672,0.01,0.7311,0.9438,4493515,./results/cp_wss01_prefetch_ext/logs/w90.oracleGeneral.bin.zst__lhd__Mithril__174719646.log,ok
w90.oracleGeneral.bin.zst,oracleGeneral,lhd,PG,174719646,17471964672,0.01,0.7311,0.9438,4493515,./results/cp_wss01_prefetch_ext/logs/w90.oracleGeneral.bin.zst__lhd__PG__174719646.log,ok
w92.oracleGeneral.bin.zst,oracleGeneral,arc,none,233237263,23323726336,0.01,0.8259,0.9587,4284658,./results/cp_wss01_prefetch_ext/logs/w92.oracleGeneral.bin.zst__arc__noprefetch__233237263.log,ok
w91.oracleGeneral.bin.zst,oracleGeneral,gdsf,OBL,168709893,16870989312,0.01,0.6023,0.8151,4316605,./results/cp_wss01_prefetch_ext/logs/w91.oracleGeneral.bin.zst__gdsf__OBL__168709893.log,ok
w92.oracleGeneral.bin.zst,oracleGeneral,s3fifo,OBL,233237263,23323726336,0.01,0.8174,0.9553,4284658,./results/cp_wss01_prefetch_ext/logs/w92.oracleGeneral.bin.zst__s3fifo__OBL__233237263.log,ok
w90.oracleGeneral.bin.zst,oracleGeneral,gdsf,PG,174719646,17471964672,0.01,0.7471,0.9473,4493515,./results/cp_wss01_prefetch_ext/logs/w90.oracleGeneral.bin.zst__gdsf__PG__174719646.log,ok
w92.oracleGeneral.bin.zst,oracleGeneral,s3fifo,none,233237263,23323726336,0.01,0.8174,0.9553,4284658,./results/cp_wss01_prefetch_ext/logs/w92.oracleGeneral.bin.zst__s3fifo__noprefetch__233237263.log,ok
w92.oracleGeneral.bin.zst,oracleGeneral,s3fifo,Mithril,233237263,23323726336,0.01,0.8174,0.9553,4284658,./results/cp_wss01_prefetch_ext/logs/w92.oracleGeneral.bin.zst__s3fifo__Mithril__233237263.log,ok
w92.oracleGeneral.bin.zst,oracleGeneral,arc,OBL,233237263,23323726336,0.01,0.8259,0.9587,4284658,./results/cp_wss01_prefetch_ext/logs/w92.oracleGeneral.bin.zst__arc__OBL__233237263.log,ok
w92.oracleGeneral.bin.zst,oracleGeneral,s3fifo,PG,233237263,23323726336,0.01,0.8174,0.9553,4284658,./results/cp_wss01_prefetch_ext/logs/w92.oracleGeneral.bin.zst__s3fifo__PG__233237263.log,ok
w92.oracleGeneral.bin.zst,oracleGeneral,gdsf,none,233237263,23323726336,0.01,0.8260,0.9575,4284658,./results/cp_wss01_prefetch_ext/logs/w92.oracleGeneral.bin.zst__gdsf__noprefetch__233237263.log,ok
w93.oracleGeneral.bin.zst,oracleGeneral,arc,Mithril,335168636,33516863680,0.01,,,,./results/cp_wss01_prefetch_ext/logs/w93.oracleGeneral.bin.zst__arc__Mithril__335168636.log,fail:134
w91.oracleGeneral.bin.zst,oracleGeneral,lhd,none,168709893,16870989312,0.01,0.5900,0.8098,4316605,./results/cp_wss01_prefetch_ext/logs/w91.oracleGeneral.bin.zst__lhd__noprefetch__168709893.log,ok
w88.oracleGeneral.bin.zst,oracleGeneral,gdsf,Mithril,81331210,8133121024,0.01,0.2830,0.5967,4711053,./results/cp_wss01_prefetch_ext/logs/w88.oracleGeneral.bin.zst__gdsf__Mithril__81331210.log,ok
w93.oracleGeneral.bin.zst,oracleGeneral,arc,none,335168636,33516863680,0.01,0.8569,0.9358,3351357,./results/cp_wss01_prefetch_ext/logs/w93.oracleGeneral.bin.zst__arc__noprefetch__335168636.log,ok
w91.oracleGeneral.bin.zst,oracleGeneral,lhd,OBL,168709893,16870989312,0.01,0.5900,0.8098,4316605,./results/cp_wss01_prefetch_ext/logs/w91.oracleGeneral.bin.zst__lhd__OBL__168709893.log,ok
w91.oracleGeneral.bin.zst,oracleGeneral,lhd,PG,168709893,16870989312,0.01,0.5900,0.8098,4316605,./results/cp_wss01_prefetch_ext/logs/w91.oracleGeneral.bin.zst__lhd__PG__168709893.log,ok
w93.oracleGeneral.bin.zst,oracleGeneral,arc,OBL,335168636,33516863680,0.01,0.8569,0.9358,3351357,./results/cp_wss01_prefetch_ext/logs/w93.oracleGeneral.bin.zst__arc__OBL__335168636.log,ok
w92.oracleGeneral.bin.zst,oracleGeneral,gdsf,OBL,233237263,23323726336,0.01,0.8260,0.9575,4284658,./results/cp_wss01_prefetch_ext/logs/w92.oracleGeneral.bin.zst__gdsf__OBL__233237263.log,ok
w91.oracleGeneral.bin.zst,oracleGeneral,lhd,Mithril,168709893,16870989312,0.01,0.5900,0.8098,4316605,./results/cp_wss01_prefetch_ext/logs/w91.oracleGeneral.bin.zst__lhd__Mithril__168709893.log,ok
w93.oracleGeneral.bin.zst,oracleGeneral,arc,PG,335168636,33516863680,0.01,,,,./results/cp_wss01_prefetch_ext/logs/w93.oracleGeneral.bin.zst__arc__PG__335168636.log,fail:134
w89.oracleGeneral.bin.zst,oracleGeneral,gdsf,Mithril,234208133,23420813312,0.01,0.3841,0.5688,3625918,./results/cp_wss01_prefetch_ext/logs/w89.oracleGeneral.bin.zst__gdsf__Mithril__234208133.log,ok
w93.oracleGeneral.bin.zst,oracleGeneral,s3fifo,none,335168636,33516863680,0.01,0.8503,0.9341,3351357,./results/cp_wss01_prefetch_ext/logs/w93.oracleGeneral.bin.zst__s3fifo__noprefetch__335168636.log,ok
w92.oracleGeneral.bin.zst,oracleGeneral,arc,PG,233237263,23323726336,0.01,0.8245,0.9580,4284658,./results/cp_wss01_prefetch_ext/logs/w92.oracleGeneral.bin.zst__arc__PG__233237263.log,ok
w93.oracleGeneral.bin.zst,oracleGeneral,s3fifo,PG,335168636,33516863680,0.01,0.8503,0.9341,3351357,./results/cp_wss01_prefetch_ext/logs/w93.oracleGeneral.bin.zst__s3fifo__PG__335168636.log,ok
w93.oracleGeneral.bin.zst,oracleGeneral,s3fifo,Mithril,335168636,33516863680,0.01,0.8503,0.9341,3351357,./results/cp_wss01_prefetch_ext/logs/w93.oracleGeneral.bin.zst__s3fifo__Mithril__335168636.log,ok
w93.oracleGeneral.bin.zst,oracleGeneral,s3fifo,OBL,335168636,33516863680,0.01,0.8503,0.9341,3351357,./results/cp_wss01_prefetch_ext/logs/w93.oracleGeneral.bin.zst__s3fifo__OBL__335168636.log,ok
w91.oracleGeneral.bin.zst,oracleGeneral,gdsf,PG,168709893,16870989312,0.01,0.6023,0.8151,4316605,./results/cp_wss01_prefetch_ext/logs/w91.oracleGeneral.bin.zst__gdsf__PG__168709893.log,ok
w92.oracleGeneral.bin.zst,oracleGeneral,arc,Mithril,233237263,23323726336,0.01,0.8250,0.9587,4284658,./results/cp_wss01_prefetch_ext/logs/w92.oracleGeneral.bin.zst__arc__Mithril__233237263.log,ok
w92.oracleGeneral.bin.zst,oracleGeneral,gdsf,PG,233237263,23323726336,0.01,0.8260,0.9575,4284658,./results/cp_wss01_prefetch_ext/logs/w92.oracleGeneral.bin.zst__gdsf__PG__233237263.log,ok
w93.oracleGeneral.bin.zst,oracleGeneral,gdsf,none,335168636,33516863680,0.01,0.8342,0.9460,3351357,./results/cp_wss01_prefetch_ext/logs/w93.oracleGeneral.bin.zst__gdsf__noprefetch__335168636.log,ok
w93.oracleGeneral.bin.zst,oracleGeneral,gdsf,OBL,335168636,33516863680,0.01,0.8342,0.9460,3351357,./results/cp_wss01_prefetch_ext/logs/w93.oracleGeneral.bin.zst__gdsf__OBL__335168636.log,ok
w92.oracleGeneral.bin.zst,oracleGeneral,gdsf,Mithril,233237263,23323726336,0.01,0.8260,0.9575,4284658,./results/cp_wss01_prefetch_ext/logs/w92.oracleGeneral.bin.zst__gdsf__Mithril__233237263.log,ok
w92.oracleGeneral.bin.zst,oracleGeneral,lhd,none,233237263,23323726336,0.01,0.7900,0.9627,4284658,./results/cp_wss01_prefetch_ext/logs/w92.oracleGeneral.bin.zst__lhd__noprefetch__233237263.log,ok
w94.oracleGeneral.bin.zst,oracleGeneral,arc,none,559487221,55948722176,0.01,0.9642,0.9778,4118188,./results/cp_wss01_prefetch_ext/logs/w94.oracleGeneral.bin.zst__arc__noprefetch__559487221.log,ok
w92.oracleGeneral.bin.zst,oracleGeneral,lhd,Mithril,233237263,23323726336,0.01,0.7901,0.9628,4284658,./results/cp_wss01_prefetch_ext/logs/w92.oracleGeneral.bin.zst__lhd__Mithril__233237263.log,ok
w92.oracleGeneral.bin.zst,oracleGeneral,lhd,PG,233237263,23323726336,0.01,0.7901,0.9628,4284658,./results/cp_wss01_prefetch_ext/logs/w92.oracleGeneral.bin.zst__lhd__PG__233237263.log,ok
w94.oracleGeneral.bin.zst,oracleGeneral,arc,OBL,559487221,55948722176,0.01,0.9642,0.9778,4118188,./results/cp_wss01_prefetch_ext/logs/w94.oracleGeneral.bin.zst__arc__OBL__559487221.log,ok
w92.oracleGeneral.bin.zst,oracleGeneral,lhd,OBL,233237263,23323726336,0.01,0.7901,0.9628,4284658,./results/cp_wss01_prefetch_ext/logs/w92.oracleGeneral.bin.zst__lhd__OBL__233237263.log,ok
w94.oracleGeneral.bin.zst,oracleGeneral,s3fifo,none,559487221,55948722176,0.01,0.8964,0.9613,4118188,./results/cp_wss01_prefetch_ext/logs/w94.oracleGeneral.bin.zst__s3fifo__noprefetch__559487221.log,ok
w94.oracleGeneral.bin.zst,oracleGeneral,s3fifo,Mithril,559487221,55948722176,0.01,0.8964,0.9613,4118188,./results/cp_wss01_prefetch_ext/logs/w94.oracleGeneral.bin.zst__s3fifo__Mithril__559487221.log,ok
w95.oracleGeneral.bin.zst,oracleGeneral,arc,Mithril,88527257,8852725760,0.01,,,,./results/cp_wss01_prefetch_ext/logs/w95.oracleGeneral.bin.zst__arc__Mithril__88527257.log,fail:134
w94.oracleGeneral.bin.zst,oracleGeneral,s3fifo,OBL,559487221,55948722176,0.01,0.8964,0.9613,4118188,./results/cp_wss01_prefetch_ext/logs/w94.oracleGeneral.bin.zst__s3fifo__OBL__559487221.log,ok
w93.oracleGeneral.bin.zst,oracleGeneral,gdsf,PG,335168636,33516863680,0.01,0.8342,0.9460,3351357,./results/cp_wss01_prefetch_ext/logs/w93.oracleGeneral.bin.zst__gdsf__PG__335168636.log,ok
w95.oracleGeneral.bin.zst,oracleGeneral,s3fifo,none,88527257,8852725760,0.01,0.3743,0.5499,3937240,./results/cp_wss01_prefetch_ext/logs/w95.oracleGeneral.bin.zst__s3fifo__noprefetch__88527257.log,ok
w94.oracleGeneral.bin.zst,oracleGeneral,s3fifo,PG,559487221,55948722176,0.01,0.8964,0.9613,4118188,./results/cp_wss01_prefetch_ext/logs/w94.oracleGeneral.bin.zst__s3fifo__PG__559487221.log,ok
w95.oracleGeneral.bin.zst,oracleGeneral,arc,none,88527257,8852725760,0.01,0.3845,0.5679,3937240,./results/cp_wss01_prefetch_ext/logs/w95.oracleGeneral.bin.zst__arc__noprefetch__88527257.log,ok
w95.oracleGeneral.bin.zst,oracleGeneral,s3fifo,Mithril,88527257,8852725760,0.01,0.3743,0.5499,3937240,./results/cp_wss01_prefetch_ext/logs/w95.oracleGeneral.bin.zst__s3fifo__Mithril__88527257.log,ok
w94.oracleGeneral.bin.zst,oracleGeneral,gdsf,none,559487221,55948722176,0.01,0.8901,0.9651,4118188,./results/cp_wss01_prefetch_ext/logs/w94.oracleGeneral.bin.zst__gdsf__noprefetch__559487221.log,ok
w93.oracleGeneral.bin.zst,oracleGeneral,lhd,none,335168636,33516863680,0.01,0.8213,0.9552,3351357,./results/cp_wss01_prefetch_ext/logs/w93.oracleGeneral.bin.zst__lhd__noprefetch__335168636.log,ok
w93.oracleGeneral.bin.zst,oracleGeneral,lhd,PG,335168636,33516863680,0.01,0.8213,0.9552,3351357,./results/cp_wss01_prefetch_ext/logs/w93.oracleGeneral.bin.zst__lhd__PG__335168636.log,ok
w94.oracleGeneral.bin.zst,oracleGeneral,arc,Mithril,559487221,55948722176,0.01,,,,./results/cp_wss01_prefetch_ext/logs/w94.oracleGeneral.bin.zst__arc__Mithril__559487221.log,fail:134
w95.oracleGeneral.bin.zst,oracleGeneral,s3fifo,OBL,88527257,8852725760,0.01,0.3743,0.5499,3937240,./results/cp_wss01_prefetch_ext/logs/w95.oracleGeneral.bin.zst__s3fifo__OBL__88527257.log,ok
w95.oracleGeneral.bin.zst,oracleGeneral,s3fifo,PG,88527257,8852725760,0.01,0.3743,0.5499,3937240,./results/cp_wss01_prefetch_ext/logs/w95.oracleGeneral.bin.zst__s3fifo__PG__88527257.log,ok
w93.oracleGeneral.bin.zst,oracleGeneral,lhd,Mithril,335168636,33516863680,0.01,0.8213,0.9552,3351357,./results/cp_wss01_prefetch_ext/logs/w93.oracleGeneral.bin.zst__lhd__Mithril__335168636.log,ok
w93.oracleGeneral.bin.zst,oracleGeneral,lhd,OBL,335168636,33516863680,0.01,0.8213,0.9552,3351357,./results/cp_wss01_prefetch_ext/logs/w93.oracleGeneral.bin.zst__lhd__OBL__335168636.log,ok
w95.oracleGeneral.bin.zst,oracleGeneral,arc,OBL,88527257,8852725760,0.01,0.3843,0.5679,3937240,./results/cp_wss01_prefetch_ext/logs/w95.oracleGeneral.bin.zst__arc__OBL__88527257.log,ok
w94.oracleGeneral.bin.zst,oracleGeneral,gdsf,OBL,559487221,55948722176,0.01,0.8901,0.9651,4118188,./results/cp_wss01_prefetch_ext/logs/w94.oracleGeneral.bin.zst__gdsf__OBL__559487221.log,ok
w95.oracleGeneral.bin.zst,oracleGeneral,gdsf,none,88527257,8852725760,0.01,0.3134,0.6002,3937240,./results/cp_wss01_prefetch_ext/logs/w95.oracleGeneral.bin.zst__gdsf__noprefetch__88527257.log,ok
w94.oracleGeneral.bin.zst,oracleGeneral,arc,PG,559487221,55948722176,0.01,0.9331,0.9738,4118188,./results/cp_wss01_prefetch_ext/logs/w94.oracleGeneral.bin.zst__arc__PG__559487221.log,ok
w96.oracleGeneral.bin.zst,oracleGeneral,arc,none,174718622,17471862272,0.01,0.7567,0.7918,3787344,./results/cp_wss01_prefetch_ext/logs/w96.oracleGeneral.bin.zst__arc__noprefetch__174718622.log,ok
w95.oracleGeneral.bin.zst,oracleGeneral,gdsf,OBL,88527257,8852725760,0.01,0.3134,0.6002,3937240,./results/cp_wss01_prefetch_ext/logs/w95.oracleGeneral.bin.zst__gdsf__OBL__88527257.log,ok
w95.oracleGeneral.bin.zst,oracleGeneral,lhd,none,88527257,8852725760,0.01,0.3462,0.6323,3937240,./results/cp_wss01_prefetch_ext/logs/w95.oracleGeneral.bin.zst__lhd__noprefetch__88527257.log,ok
w95.oracleGeneral.bin.zst,oracleGeneral,arc,PG,88527257,8852725760,0.01,0.3746,0.5484,3937240,./results/cp_wss01_prefetch_ext/logs/w95.oracleGeneral.bin.zst__arc__PG__88527257.log,ok
w96.oracleGeneral.bin.zst,oracleGeneral,s3fifo,none,174718622,17471862272,0.01,0.7594,0.7847,3787344,./results/cp_wss01_prefetch_ext/logs/w96.oracleGeneral.bin.zst__s3fifo__noprefetch__174718622.log,ok
w95.oracleGeneral.bin.zst,oracleGeneral,lhd,PG,88527257,8852725760,0.01,0.3462,0.6323,3937240,./results/cp_wss01_prefetch_ext/logs/w95.oracleGeneral.bin.zst__lhd__PG__88527257.log,ok
w96.oracleGeneral.bin.zst,oracleGeneral,arc,OBL,174718622,17471862272,0.01,0.7567,0.7918,3787344,./results/cp_wss01_prefetch_ext/logs/w96.oracleGeneral.bin.zst__arc__OBL__174718622.log,ok
w95.oracleGeneral.bin.zst,oracleGeneral,lhd,OBL,88527257,8852725760,0.01,0.3462,0.6323,3937240,./results/cp_wss01_prefetch_ext/logs/w95.oracleGeneral.bin.zst__lhd__OBL__88527257.log,ok
w95.oracleGeneral.bin.zst,oracleGeneral,lhd,Mithril,88527257,8852725760,0.01,0.3462,0.6323,3937240,./results/cp_wss01_prefetch_ext/logs/w95.oracleGeneral.bin.zst__lhd__Mithril__88527257.log,ok
w94.oracleGeneral.bin.zst,oracleGeneral,lhd,none,559487221,55948722176,0.01,0.8428,0.9487,4118188,./results/cp_wss01_prefetch_ext/logs/w94.oracleGeneral.bin.zst__lhd__noprefetch__559487221.log,ok
w94.oracleGeneral.bin.zst,oracleGeneral,gdsf,PG,559487221,55948722176,0.01,0.8901,0.9651,4118188,./results/cp_wss01_prefetch_ext/logs/w94.oracleGeneral.bin.zst__gdsf__PG__559487221.log,ok
w94.oracleGeneral.bin.zst,oracleGeneral,lhd,Mithril,559487221,55948722176,0.01,0.8428,0.9487,4118188,./results/cp_wss01_prefetch_ext/logs/w94.oracleGeneral.bin.zst__lhd__Mithril__559487221.log,ok
w94.oracleGeneral.bin.zst,oracleGeneral,lhd,PG,559487221,55948722176,0.01,0.8428,0.9487,4118188,./results/cp_wss01_prefetch_ext/logs/w94.oracleGeneral.bin.zst__lhd__PG__559487221.log,ok
w96.oracleGeneral.bin.zst,oracleGeneral,s3fifo,OBL,174718622,17471862272,0.01,0.7594,0.7847,3787344,./results/cp_wss01_prefetch_ext/logs/w96.oracleGeneral.bin.zst__s3fifo__OBL__174718622.log,ok
w95.oracleGeneral.bin.zst,oracleGeneral,gdsf,PG,88527257,8852725760,0.01,0.3134,0.6002,3937240,./results/cp_wss01_prefetch_ext/logs/w95.oracleGeneral.bin.zst__gdsf__PG__88527257.log,ok
w96.oracleGeneral.bin.zst,oracleGeneral,s3fifo,Mithril,174718622,17471862272,0.01,0.7594,0.7847,3787344,./results/cp_wss01_prefetch_ext/logs/w96.oracleGeneral.bin.zst__s3fifo__Mithril__174718622.log,ok
w94.oracleGeneral.bin.zst,oracleGeneral,lhd,OBL,559487221,55948722176,0.01,0.8450,0.9489,4118188,./results/cp_wss01_prefetch_ext/logs/w94.oracleGeneral.bin.zst__lhd__OBL__559487221.log,ok
w96.oracleGeneral.bin.zst,oracleGeneral,gdsf,none,174718622,17471862272,0.01,0.6983,0.8043,3787344,./results/cp_wss01_prefetch_ext/logs/w96.oracleGeneral.bin.zst__gdsf__noprefetch__174718622.log,ok
w96.oracleGeneral.bin.zst,oracleGeneral,arc,PG,174718622,17471862272,0.01,0.7560,0.7914,3787344,./results/cp_wss01_prefetch_ext/logs/w96.oracleGeneral.bin.zst__arc__PG__174718622.log,ok
w96.oracleGeneral.bin.zst,oracleGeneral,s3fifo,PG,174718622,17471862272,0.01,0.7594,0.7847,3787344,./results/cp_wss01_prefetch_ext/logs/w96.oracleGeneral.bin.zst__s3fifo__PG__174718622.log,ok
w96.oracleGeneral.bin.zst,oracleGeneral,arc,Mithril,174718622,17471862272,0.01,,,,./results/cp_wss01_prefetch_ext/logs/w96.oracleGeneral.bin.zst__arc__Mithril__174718622.log,fail:134
w96.oracleGeneral.bin.zst,oracleGeneral,gdsf,OBL,174718622,17471862272,0.01,0.6983,0.8043,3787344,./results/cp_wss01_prefetch_ext/logs/w96.oracleGeneral.bin.zst__gdsf__OBL__174718622.log,ok
w97.oracleGeneral.bin.zst,oracleGeneral,arc,none,545638686,54563868672,0.01,0.7230,0.9210,3768450,./results/cp_wss01_prefetch_ext/logs/w97.oracleGeneral.bin.zst__arc__noprefetch__545638686.log,ok
w97.oracleGeneral.bin.zst,oracleGeneral,arc,Mithril,545638686,54563868672,0.01,,,,./results/cp_wss01_prefetch_ext/logs/w97.oracleGeneral.bin.zst__arc__Mithril__545638686.log,fail:134
w97.oracleGeneral.bin.zst,oracleGeneral,arc,OBL,545638686,54563868672,0.01,0.7230,0.9210,3768450,./results/cp_wss01_prefetch_ext/logs/w97.oracleGeneral.bin.zst__arc__OBL__545638686.log,ok
w96.oracleGeneral.bin.zst,oracleGeneral,gdsf,PG,174718622,17471862272,0.01,0.6983,0.8043,3787344,./results/cp_wss01_prefetch_ext/logs/w96.oracleGeneral.bin.zst__gdsf__PG__174718622.log,ok
w97.oracleGeneral.bin.zst,oracleGeneral,s3fifo,none,545638686,54563868672,0.01,0.6935,0.9030,3768450,./results/cp_wss01_prefetch_ext/logs/w97.oracleGeneral.bin.zst__s3fifo__noprefetch__545638686.log,ok
w97.oracleGeneral.bin.zst,oracleGeneral,s3fifo,OBL,545638686,54563868672,0.01,0.6935,0.9030,3768450,./results/cp_wss01_prefetch_ext/logs/w97.oracleGeneral.bin.zst__s3fifo__OBL__545638686.log,ok
w97.oracleGeneral.bin.zst,oracleGeneral,s3fifo,PG,545638686,54563868672,0.01,0.6935,0.9030,3768450,./results/cp_wss01_prefetch_ext/logs/w97.oracleGeneral.bin.zst__s3fifo__PG__545638686.log,ok
w97.oracleGeneral.bin.zst,oracleGeneral,s3fifo,Mithril,545638686,54563868672,0.01,0.6935,0.9030,3768450,./results/cp_wss01_prefetch_ext/logs/w97.oracleGeneral.bin.zst__s3fifo__Mithril__545638686.log,ok
w96.oracleGeneral.bin.zst,oracleGeneral,lhd,none,174718622,17471862272,0.01,0.6988,0.8437,3787344,./results/cp_wss01_prefetch_ext/logs/w96.oracleGeneral.bin.zst__lhd__noprefetch__174718622.log,ok
w96.oracleGeneral.bin.zst,oracleGeneral,lhd,Mithril,174718622,17471862272,0.01,0.6988,0.8437,3787344,./results/cp_wss01_prefetch_ext/logs/w96.oracleGeneral.bin.zst__lhd__Mithril__174718622.log,ok
w98.oracleGeneral.bin.zst,oracleGeneral,s3fifo,OBL,535995719,53599571968,0.01,0.6913,0.9011,3664418,./results/cp_wss01_prefetch_ext/logs/w98.oracleGeneral.bin.zst__s3fifo__OBL__535995719.log,ok
w97.oracleGeneral.bin.zst,oracleGeneral,arc,PG,545638686,54563868672,0.01,0.7229,0.9209,3768450,./results/cp_wss01_prefetch_ext/logs/w97.oracleGeneral.bin.zst__arc__PG__545638686.log,ok
w98.oracleGeneral.bin.zst,oracleGeneral,arc,Mithril,535995719,53599571968,0.01,,,,./results/cp_wss01_prefetch_ext/logs/w98.oracleGeneral.bin.zst__arc__Mithril__535995719.log,fail:134
w96.oracleGeneral.bin.zst,oracleGeneral,lhd,PG,174718622,17471862272,0.01,0.6989,0.8436,3787344,./results/cp_wss01_prefetch_ext/logs/w96.oracleGeneral.bin.zst__lhd__PG__174718622.log,ok
w96.oracleGeneral.bin.zst,oracleGeneral,lhd,OBL,174718622,17471862272,0.01,0.6989,0.8436,3787344,./results/cp_wss01_prefetch_ext/logs/w96.oracleGeneral.bin.zst__lhd__OBL__174718622.log,ok
w98.oracleGeneral.bin.zst,oracleGeneral,s3fifo,Mithril,535995719,53599571968,0.01,0.6913,0.9011,3664418,./results/cp_wss01_prefetch_ext/logs/w98.oracleGeneral.bin.zst__s3fifo__Mithril__535995719.log,ok
w98.oracleGeneral.bin.zst,oracleGeneral,arc,none,535995719,53599571968,0.01,0.7226,0.9209,3664418,./results/cp_wss01_prefetch_ext/logs/w98.oracleGeneral.bin.zst__arc__noprefetch__535995719.log,ok
w98.oracleGeneral.bin.zst,oracleGeneral,s3fifo,none,535995719,53599571968,0.01,0.6913,0.9011,3664418,./results/cp_wss01_prefetch_ext/logs/w98.oracleGeneral.bin.zst__s3fifo__noprefetch__535995719.log,ok
w97.oracleGeneral.bin.zst,oracleGeneral,gdsf,none,545638686,54563868672,0.01,0.6867,0.9229,3768450,./results/cp_wss01_prefetch_ext/logs/w97.oracleGeneral.bin.zst__gdsf__noprefetch__545638686.log,ok
w97.oracleGeneral.bin.zst,oracleGeneral,gdsf,OBL,545638686,54563868672,0.01,0.6867,0.9229,3768450,./results/cp_wss01_prefetch_ext/logs/w97.oracleGeneral.bin.zst__gdsf__OBL__545638686.log,ok
w98.oracleGeneral.bin.zst,oracleGeneral,s3fifo,PG,535995719,53599571968,0.01,0.6913,0.9011,3664418,./results/cp_wss01_prefetch_ext/logs/w98.oracleGeneral.bin.zst__s3fifo__PG__535995719.log,ok
w98.oracleGeneral.bin.zst,oracleGeneral,arc,OBL,535995719,53599571968,0.01,0.7226,0.9209,3664418,./results/cp_wss01_prefetch_ext/logs/w98.oracleGeneral.bin.zst__arc__OBL__535995719.log,ok
w97.oracleGeneral.bin.zst,oracleGeneral,lhd,none,545638686,54563868672,0.01,0.6812,0.9304,3768450,./results/cp_wss01_prefetch_ext/logs/w97.oracleGeneral.bin.zst__lhd__noprefetch__545638686.log,ok
w99.oracleGeneral.bin.zst,oracleGeneral,arc,none,202314746,20231474688,0.01,0.6548,0.9352,3660840,./results/cp_wss01_prefetch_ext/logs/w99.oracleGeneral.bin.zst__arc__noprefetch__202314746.log,ok
w97.oracleGeneral.bin.zst,oracleGeneral,lhd,Mithril,545638686,54563868672,0.01,0.6812,0.9304,3768450,./results/cp_wss01_prefetch_ext/logs/w97.oracleGeneral.bin.zst__lhd__Mithril__545638686.log,ok
w98.oracleGeneral.bin.zst,oracleGeneral,gdsf,none,535995719,53599571968,0.01,0.6838,0.9208,3664418,./results/cp_wss01_prefetch_ext/logs/w98.oracleGeneral.bin.zst__gdsf__noprefetch__535995719.log,ok
w97.oracleGeneral.bin.zst,oracleGeneral,lhd,PG,545638686,54563868672,0.01,0.6812,0.9304,3768450,./results/cp_wss01_prefetch_ext/logs/w97.oracleGeneral.bin.zst__lhd__PG__545638686.log,ok
w95.oracleGeneral.bin.zst,oracleGeneral,gdsf,Mithril,88527257,8852725760,0.01,0.3134,0.6002,3937240,./results/cp_wss01_prefetch_ext/logs/w95.oracleGeneral.bin.zst__gdsf__Mithril__88527257.log,ok
w97.oracleGeneral.bin.zst,oracleGeneral,lhd,OBL,545638686,54563868672,0.01,0.6820,0.9308,3768450,./results/cp_wss01_prefetch_ext/logs/w97.oracleGeneral.bin.zst__lhd__OBL__545638686.log,ok
w99.oracleGeneral.bin.zst,oracleGeneral,s3fifo,OBL,202314746,20231474688,0.01,0.6507,0.9349,3660840,./results/cp_wss01_prefetch_ext/logs/w99.oracleGeneral.bin.zst__s3fifo__OBL__202314746.log,ok
w99.oracleGeneral.bin.zst,oracleGeneral,s3fifo,none,202314746,20231474688,0.01,0.6507,0.9349,3660840,./results/cp_wss01_prefetch_ext/logs/w99.oracleGeneral.bin.zst__s3fifo__noprefetch__202314746.log,ok
w99.oracleGeneral.bin.zst,oracleGeneral,s3fifo,PG,202314746,20231474688,0.01,0.6507,0.9349,3660840,./results/cp_wss01_prefetch_ext/logs/w99.oracleGeneral.bin.zst__s3fifo__PG__202314746.log,ok
w99.oracleGeneral.bin.zst,oracleGeneral,arc,OBL,202314746,20231474688,0.01,0.6548,0.9352,3660840,./results/cp_wss01_prefetch_ext/logs/w99.oracleGeneral.bin.zst__arc__OBL__202314746.log,ok
w99.oracleGeneral.bin.zst,oracleGeneral,s3fifo,Mithril,202314746,20231474688,0.01,0.6507,0.9349,3660840,./results/cp_wss01_prefetch_ext/logs/w99.oracleGeneral.bin.zst__s3fifo__Mithril__202314746.log,ok
w98.oracleGeneral.bin.zst,oracleGeneral,arc,PG,535995719,53599571968,0.01,0.7224,0.9211,3664418,./results/cp_wss01_prefetch_ext/logs/w98.oracleGeneral.bin.zst__arc__PG__535995719.log,ok
w97.oracleGeneral.bin.zst,oracleGeneral,gdsf,PG,545638686,54563868672,0.01,0.6867,0.9229,3768450,./results/cp_wss01_prefetch_ext/logs/w97.oracleGeneral.bin.zst__gdsf__PG__545638686.log,ok
w99.oracleGeneral.bin.zst,oracleGeneral,gdsf,none,202314746,20231474688,0.01,0.6450,0.9414,3660840,./results/cp_wss01_prefetch_ext/logs/w99.oracleGeneral.bin.zst__gdsf__noprefetch__202314746.log,ok
w98.oracleGeneral.bin.zst,oracleGeneral,gdsf,OBL,535995719,53599571968,0.01,0.6838,0.9208,3664418,./results/cp_wss01_prefetch_ext/logs/w98.oracleGeneral.bin.zst__gdsf__OBL__535995719.log,ok
w99.oracleGeneral.bin.zst,oracleGeneral,gdsf,OBL,202314746,20231474688,0.01,0.6450,0.9414,3660840,./results/cp_wss01_prefetch_ext/logs/w99.oracleGeneral.bin.zst__gdsf__OBL__202314746.log,ok
w99.oracleGeneral.bin.zst,oracleGeneral,arc,Mithril,202314746,20231474688,0.01,0.6317,0.9318,3660840,./results/cp_wss01_prefetch_ext/logs/w99.oracleGeneral.bin.zst__arc__Mithril__202314746.log,ok
w91.oracleGeneral.bin.zst,oracleGeneral,gdsf,Mithril,168709893,16870989312,0.01,0.6023,0.8151,4316605,./results/cp_wss01_prefetch_ext/logs/w91.oracleGeneral.bin.zst__gdsf__Mithril__168709893.log,ok
w98.oracleGeneral.bin.zst,oracleGeneral,gdsf,PG,535995719,53599571968,0.01,0.6838,0.9208,3664418,./results/cp_wss01_prefetch_ext/logs/w98.oracleGeneral.bin.zst__gdsf__PG__535995719.log,ok
w98.oracleGeneral.bin.zst,oracleGeneral,lhd,none,535995719,53599571968,0.01,0.6824,0.9302,3664418,./results/cp_wss01_prefetch_ext/logs/w98.oracleGeneral.bin.zst__lhd__noprefetch__535995719.log,ok
w98.oracleGeneral.bin.zst,oracleGeneral,lhd,PG,535995719,53599571968,0.01,0.6779,0.9298,3664418,./results/cp_wss01_prefetch_ext/logs/w98.oracleGeneral.bin.zst__lhd__PG__535995719.log,ok
w99.oracleGeneral.bin.zst,oracleGeneral,gdsf,PG,202314746,20231474688,0.01,0.6450,0.9414,3660840,./results/cp_wss01_prefetch_ext/logs/w99.oracleGeneral.bin.zst__gdsf__PG__202314746.log,ok
w98.oracleGeneral.bin.zst,oracleGeneral,lhd,OBL,535995719,53599571968,0.01,0.6779,0.9298,3664418,./results/cp_wss01_prefetch_ext/logs/w98.oracleGeneral.bin.zst__lhd__OBL__535995719.log,ok
w98.oracleGeneral.bin.zst,oracleGeneral,lhd,Mithril,535995719,53599571968,0.01,0.6779,0.9298,3664418,./results/cp_wss01_prefetch_ext/logs/w98.oracleGeneral.bin.zst__lhd__Mithril__535995719.log,ok
w99.oracleGeneral.bin.zst,oracleGeneral,lhd,PG,202314746,20231474688,0.01,0.6319,0.9433,3660840,./results/cp_wss01_prefetch_ext/logs/w99.oracleGeneral.bin.zst__lhd__PG__202314746.log,ok
w99.oracleGeneral.bin.zst,oracleGeneral,arc,PG,202314746,20231474688,0.01,0.6584,0.9390,3660840,./results/cp_wss01_prefetch_ext/logs/w99.oracleGeneral.bin.zst__arc__PG__202314746.log,ok
w99.oracleGeneral.bin.zst,oracleGeneral,lhd,Mithril,202314746,20231474688,0.01,0.6319,0.9433,3660840,./results/cp_wss01_prefetch_ext/logs/w99.oracleGeneral.bin.zst__lhd__Mithril__202314746.log,ok
w99.oracleGeneral.bin.zst,oracleGeneral,gdsf,Mithril,202314746,20231474688,0.01,0.6450,0.9414,3660840,./results/cp_wss01_prefetch_ext/logs/w99.oracleGeneral.bin.zst__gdsf__Mithril__202314746.log,ok
w99.oracleGeneral.bin.zst,oracleGeneral,lhd,none,202314746,20231474688,0.01,0.6319,0.9433,3660840,./results/cp_wss01_prefetch_ext/logs/w99.oracleGeneral.bin.zst__lhd__noprefetch__202314746.log,ok
w99.oracleGeneral.bin.zst,oracleGeneral,lhd,OBL,202314746,20231474688,0.01,0.6319,0.9433,3660840,./results/cp_wss01_prefetch_ext/logs/w99.oracleGeneral.bin.zst__lhd__OBL__202314746.log,ok
w93.oracleGeneral.bin.zst,oracleGeneral,gdsf,Mithril,335168636,33516863680,0.01,0.8342,0.9460,3351357,./results/cp_wss01_prefetch_ext/logs/w93.oracleGeneral.bin.zst__gdsf__Mithril__335168636.log,ok
w97.oracleGeneral.bin.zst,oracleGeneral,gdsf,Mithril,545638686,54563868672,0.01,0.6867,0.9229,3768450,./results/cp_wss01_prefetch_ext/logs/w97.oracleGeneral.bin.zst__gdsf__Mithril__545638686.log,ok
w90.oracleGeneral.bin.zst,oracleGeneral,gdsf,Mithril,174719646,17471964672,0.01,0.7471,0.9473,4493515,./results/cp_wss01_prefetch_ext/logs/w90.oracleGeneral.bin.zst__gdsf__Mithril__174719646.log,ok
w98.oracleGeneral.bin.zst,oracleGeneral,gdsf,Mithril,535995719,53599571968,0.01,0.6838,0.9208,3664418,./results/cp_wss01_prefetch_ext/logs/w98.oracleGeneral.bin.zst__gdsf__Mithril__535995719.log,ok
w96.oracleGeneral.bin.zst,oracleGeneral,gdsf,Mithril,174718622,17471862272,0.01,0.6983,0.8043,3787344,./results/cp_wss01_prefetch_ext/logs/w96.oracleGeneral.bin.zst__gdsf__Mithril__174718622.log,ok
w94.oracleGeneral.bin.zst,oracleGeneral,gdsf,Mithril,559487221,55948722176,0.01,0.8901,0.9651,4118188,./results/cp_wss01_prefetch_ext/logs/w94.oracleGeneral.bin.zst__gdsf__Mithril__559487221.log,ok
