trace,trace_type,eviction,prefetcher,cache_size,wss_byte,wss_frac,miss_ratio,byte_miss_ratio,n_req,log_path,status
w04.oracleGeneral.bin.zst,oracleGeneral,sieve,none,17851412730,1785141273088,0.01,0.4653,0.6928,77764582,/users/varuncg/libCacheSim/results/cp_wss01_prefetch/logs/w04.oracleGeneral.bin.zst__sieve__noprefetch__17851412730.log,ok
w04.oracleGeneral.bin.zst,oracleGeneral,sieve,OBL,17851412730,1785141273088,0.01,0.4653,0.6928,77764582,/users/varuncg/libCacheSim/results/cp_wss01_prefetch/logs/w04.oracleGeneral.bin.zst__sieve__OBL__17851412730.log,ok
w04.oracleGeneral.bin.zst,oracleGeneral,lru,none,17851412730,1785141273088,0.01,0.4813,0.6998,77764582,/users/varuncg/libCacheSim/results/cp_wss01_prefetch/logs/w04.oracleGeneral.bin.zst__lru__noprefetch__17851412730.log,ok
w04.oracleGeneral.bin.zst,oracleGeneral,lru,OBL,17851412730,1785141273088,0.01,0.4813,0.6998,77764582,/users/varuncg/libCacheSim/results/cp_wss01_prefetch/logs/w04.oracleGeneral.bin.zst__lru__OBL__17851412730.log,ok
w03.oracleGeneral.bin.zst,oracleGeneral,sieve,none,19190377932,1919037793280,0.01,0.6156,0.8314,84712978,/users/varuncg/libCacheSim/results/cp_wss01_prefetch/logs/w03.oracleGeneral.bin.zst__sieve__noprefetch__19190377932.log,ok
w03.oracleGeneral.bin.zst,oracleGeneral,lru,OBL,19190377932,1919037793280,0.01,0.6325,0.8372,84712978,/users/varuncg/libCacheSim/results/cp_wss01_prefetch/logs/w03.oracleGeneral.bin.zst__lru__OBL__19190377932.log,ok
w03.oracleGeneral.bin.zst,oracleGeneral,sieve,OBL,19190377932,1919037793280,0.01,0.6156,0.8314,84712978,/users/varuncg/libCacheSim/results/cp_wss01_prefetch/logs/w03.oracleGeneral.bin.zst__sieve__OBL__19190377932.log,ok
w03.oracleGeneral.bin.zst,oracleGeneral,lru,none,19190377932,1919037793280,0.01,0.6325,0.8372,84712978,/users/varuncg/libCacheSim/results/cp_wss01_prefetch/logs/w03.oracleGeneral.bin.zst__lru__noprefetch__19190377932.log,ok
w02.oracleGeneral.bin.zst,oracleGeneral,sieve,none,209842984,20984298496,0.01,0.9391,0.9872,122181000,/users/varuncg/libCacheSim/results/cp_wss01_prefetch/logs/w02.oracleGeneral.bin.zst__sieve__noprefetch__209842984.log,ok
w02.oracleGeneral.bin.zst,oracleGeneral,sieve,OBL,209842984,20984298496,0.01,0.9391,0.9872,122181000,/users/varuncg/libCacheSim/results/cp_wss01_prefetch/logs/w02.oracleGeneral.bin.zst__sieve__OBL__209842984.log,ok
w02.oracleGeneral.bin.zst,oracleGeneral,lru,none,209842984,20984298496,0.01,0.9892,0.9979,122181000,/users/varuncg/libCacheSim/results/cp_wss01_prefetch/logs/w02.oracleGeneral.bin.zst__lru__noprefetch__209842984.log,ok
w02.oracleGeneral.bin.zst,oracleGeneral,lru,OBL,209842984,20984298496,0.01,0.9892,0.9979,122181000,/users/varuncg/libCacheSim/results/cp_wss01_prefetch/logs/w02.oracleGeneral.bin.zst__lru__OBL__209842984.log,ok
w01.oracleGeneral.bin.zst,oracleGeneral,lru,Mithril,6859525155,685952515584,0.01,,,,/users/varuncg/libCacheSim/results/cp_wss01_prefetch/logs/w01.oracleGeneral.bin.zst__lru__Mithril__6859525155.log,fail:134
w05.oracleGeneral.bin.zst,oracleGeneral,sieve,none,15429059020,1542905902080,0.01,0.8384,0.9632,73034546,/users/varuncg/libCacheSim/results/cp_wss01_prefetch/logs/w05.oracleGeneral.bin.zst__sieve__noprefetch__15429059020.log,ok
w05.oracleGeneral.bin.zst,oracleGeneral,lru,none,15429059020,1542905902080,0.01,0.8222,0.9578,73034546,/users/varuncg/libCacheSim/results/cp_wss01_prefetch/logs/w05.oracleGeneral.bin.zst__lru__noprefetch__15429059020.log,ok
w05.oracleGeneral.bin.zst,oracleGeneral,lru,OBL,15429059020,1542905902080,0.01,0.8129,0.9577,73034546,/users/varuncg/libCacheSim/results/cp_wss01_prefetch/logs/w05.oracleGeneral.bin.zst__lru__OBL__15429059020.log,ok
w06.oracleGeneral.bin.zst,oracleGeneral,lru,none,234682583,23468258304,0.01,0.3211,0.1779,69392150,/users/varuncg/libCacheSim/results/cp_wss01_prefetch/logs/w06.oracleGeneral.bin.zst__lru__noprefetch__234682583.log,ok
w05.oracleGeneral.bin.zst,oracleGeneral,sieve,OBL,15429059020,1542905902080,0.01,0.8276,0.9621,73034546,/users/varuncg/libCacheSim/results/cp_wss01_prefetch/logs/w05.oracleGeneral.bin.zst__sieve__OBL__15429059020.log,ok
w06.oracleGeneral.bin.zst,oracleGeneral,lru,OBL,234682583,23468258304,0.01,0.3209,0.1779,69392150,/users/varuncg/libCacheSim/results/cp_wss01_prefetch/logs/w06.oracleGeneral.bin.zst__lru__OBL__234682583.log,ok
w06.oracleGeneral.bin.zst,oracleGeneral,sieve,none,234682583,23468258304,0.01,0.2819,0.1659,69392150,/users/varuncg/libCacheSim/results/cp_wss01_prefetch/logs/w06.oracleGeneral.bin.zst__sieve__noprefetch__234682583.log,ok
w06.oracleGeneral.bin.zst,oracleGeneral,sieve,OBL,234682583,23468258304,0.01,0.2818,0.1655,69392150,/users/varuncg/libCacheSim/results/cp_wss01_prefetch/logs/w06.oracleGeneral.bin.zst__sieve__OBL__234682583.log,ok
w07.oracleGeneral.bin.zst,oracleGeneral,lru,none,1467303429,146730342912,0.01,0.6996,0.8227,67427405,/users/varuncg/libCacheSim/results/cp_wss01_prefetch/logs/w07.oracleGeneral.bin.zst__lru__noprefetch__1467303429.log,ok
w07.oracleGeneral.bin.zst,oracleGeneral,lru,OBL,1467303429,146730342912,0.01,0.6996,0.8227,67427405,/users/varuncg/libCacheSim/results/cp_wss01_prefetch/logs/w07.oracleGeneral.bin.zst__lru__OBL__1467303429.log,ok
w01.oracleGeneral.bin.zst,oracleGeneral,lru,OBL,6859525155,685952515584,0.01,0.8346,0.7703,215796257,/users/varuncg/libCacheSim/results/cp_wss01_prefetch/logs/w01.oracleGeneral.bin.zst__lru__OBL__6859525155.log,ok
w01.oracleGeneral.bin.zst,oracleGeneral,sieve,none,6859525155,685952515584,0.01,0.8442,0.7735,215796257,/users/varuncg/libCacheSim/results/cp_wss01_prefetch/logs/w01.oracleGeneral.bin.zst__sieve__noprefetch__6859525155.log,ok
w06.oracleGeneral.bin.zst,oracleGeneral,lru,PG,234682583,23468258304,0.01,0.3057,0.1777,69392150,/users/varuncg/libCacheSim/results/cp_wss01_prefetch/logs/w06.oracleGeneral.bin.zst__lru__PG__234682583.log,ok
w01.oracleGeneral.bin.zst,oracleGeneral,sieve,OBL,6859525155,685952515584,0.01,0.8442,0.7735,215796257,/users/varuncg/libCacheSim/results/cp_wss01_prefetch/logs/w01.oracleGeneral.bin.zst__sieve__OBL__6859525155.log,ok
w01.oracleGeneral.bin.zst,oracleGeneral,lru,none,6859525155,685952515584,0.01,0.8346,0.7703,215796257,/users/varuncg/libCacheSim/results/cp_wss01_prefetch/logs/w01.oracleGeneral.bin.zst__lru__noprefetch__6859525155.log,ok
w06.oracleGeneral.bin.zst,oracleGeneral,sieve,PG,234682583,23468258304,0.01,0.2695,0.1654,69392150,/users/varuncg/libCacheSim/results/cp_wss01_prefetch/logs/w06.oracleGeneral.bin.zst__sieve__PG__234682583.log,ok
w07.oracleGeneral.bin.zst,oracleGeneral,sieve,none,1467303429,146730342912,0.01,0.5891,0.7737,67427405,/users/varuncg/libCacheSim/results/cp_wss01_prefetch/logs/w07.oracleGeneral.bin.zst__sieve__noprefetch__1467303429.log,ok
w04.oracleGeneral.bin.zst,oracleGeneral,lru,Mithril,17851412730,1785141273088,0.01,0.3879,0.4648,77764582,/users/varuncg/libCacheSim/results/cp_wss01_prefetch/logs/w04.oracleGeneral.bin.zst__lru__Mithril__17851412730.log,ok
w08.oracleGeneral.bin.zst,oracleGeneral,lru,none,10882320288,1088232028864,0.01,0.9182,0.9731,44464937,/users/varuncg/libCacheSim/results/cp_wss01_prefetch/logs/w08.oracleGeneral.bin.zst__lru__noprefetch__10882320288.log,ok
w04.oracleGeneral.bin.zst,oracleGeneral,lru,PG,17851412730,1785141273088,0.01,0.4802,0.6959,77764582,/users/varuncg/libCacheSim/results/cp_wss01_prefetch/logs/w04.oracleGeneral.bin.zst__lru__PG__17851412730.log,ok
w07.oracleGeneral.bin.zst,oracleGeneral,sieve,OBL,1467303429,146730342912,0.01,0.5891,0.7737,67427405,/users/varuncg/libCacheSim/results/cp_wss01_prefetch/logs/w07.oracleGeneral.bin.zst__sieve__OBL__1467303429.log,ok
w04.oracleGeneral.bin.zst,oracleGeneral,sieve,PG,17851412730,1785141273088,0.01,0.4648,0.6889,77764582,/users/varuncg/libCacheSim/results/cp_wss01_prefetch/logs/w04.oracleGeneral.bin.zst__sieve__PG__17851412730.log,ok
w08.oracleGeneral.bin.zst,oracleGeneral,lru,OBL,10882320288,1088232028864,0.01,0.9182,0.9731,44464937,/users/varuncg/libCacheSim/results/cp_wss01_prefetch/logs/w08.oracleGeneral.bin.zst__lru__OBL__10882320288.log,ok
w03.oracleGeneral.bin.zst,oracleGeneral,sieve,PG,19190377932,1919037793280,0.01,0.6127,0.8232,84712978,/users/varuncg/libCacheSim/results/cp_wss01_prefetch/logs/w03.oracleGeneral.bin.zst__sieve__PG__19190377932.log,ok
w03.oracleGeneral.bin.zst,oracleGeneral,lru,PG,19190377932,1919037793280,0.01,0.6287,0.8284,84712978,/users/varuncg/libCacheSim/results/cp_wss01_prefetch/logs/w03.oracleGeneral.bin.zst__lru__PG__19190377932.log,ok
w04.oracleGeneral.bin.zst,oracleGeneral,sieve,Mithril,17851412730,1785141273088,0.01,0.3777,0.4629,77764582,/users/varuncg/libCacheSim/results/cp_wss01_prefetch/logs/w04.oracleGeneral.bin.zst__sieve__Mithril__17851412730.log,ok
w08.oracleGeneral.bin.zst,oracleGeneral,sieve,none,10882320288,1088232028864,0.01,0.8885,0.9618,44464937,/users/varuncg/libCacheSim/results/cp_wss01_prefetch/logs/w08.oracleGeneral.bin.zst__sieve__noprefetch__10882320288.log,ok
w08.oracleGeneral.bin.zst,oracleGeneral,sieve,OBL,10882320288,1088232028864,0.01,0.8885,0.9618,44464937,/users/varuncg/libCacheSim/results/cp_wss01_prefetch/logs/w08.oracleGeneral.bin.zst__sieve__OBL__10882320288.log,ok
w03.oracleGeneral.bin.zst,oracleGeneral,sieve,Mithril,19190377932,1919037793280,0.01,0.5034,0.5079,84712978,/users/varuncg/libCacheSim/results/cp_wss01_prefetch/logs/w03.oracleGeneral.bin.zst__sieve__Mithril__19190377932.log,ok
w100.oracleGeneral.bin.zst,oracleGeneral,lru,none,539354275,53935427584,0.01,0.7411,0.9333,3645877,/users/varuncg/libCacheSim/results/cp_wss01_prefetch/logs/w100.oracleGeneral.bin.zst__lru__noprefetch__539354275.log,ok
w09.oracleGeneral.bin.zst,oracleGeneral,lru,none,11338699714,1133869971456,0.01,0.5517,0.7591,49622929,/users/varuncg/libCacheSim/results/cp_wss01_prefetch/logs/w09.oracleGeneral.bin.zst__lru__noprefetch__11338699714.log,ok
w03.oracleGeneral.bin.zst,oracleGeneral,lru,Mithril,19190377932,1919037793280,0.01,0.5069,0.5065,84712978,/users/varuncg/libCacheSim/results/cp_wss01_prefetch/logs/w03.oracleGeneral.bin.zst__lru__Mithril__19190377932.log,ok
w100.oracleGeneral.bin.zst,oracleGeneral,lru,OBL,539354275,53935427584,0.01,0.7411,0.9333,3645877,/users/varuncg/libCacheSim/results/cp_wss01_prefetch/logs/w100.oracleGeneral.bin.zst__lru__OBL__539354275.log,ok
w09.oracleGeneral.bin.zst,oracleGeneral,lru,OBL,11338699714,1133869971456,0.01,0.5517,0.7591,49622929,/users/varuncg/libCacheSim/results/cp_wss01_prefetch/logs/w09.oracleGeneral.bin.zst__lru__OBL__11338699714.log,ok
w100.oracleGeneral.bin.zst,oracleGeneral,sieve,none,539354275,53935427584,0.01,0.6991,0.9196,3645877,/users/varuncg/libCacheSim/results/cp_wss01_prefetch/logs/w100.oracleGeneral.bin.zst__sieve__noprefetch__539354275.log,ok
w100.oracleGeneral.bin.zst,oracleGeneral,sieve,OBL,539354275,53935427584,0.01,0.6991,0.9196,3645877,/users/varuncg/libCacheSim/results/cp_wss01_prefetch/logs/w100.oracleGeneral.bin.zst__sieve__OBL__539354275.log,ok
w100.oracleGeneral.bin.zst,oracleGeneral,lru,PG,539354275,53935427584,0.01,0.7405,0.9331,3645877,/users/varuncg/libCacheSim/results/cp_wss01_prefetch/logs/w100.oracleGeneral.bin.zst__lru__PG__539354275.log,ok
w101.oracleGeneral.bin.zst,oracleGeneral,lru,none,538630062,53863006208,0.01,0.7368,0.9319,3587707,/users/varuncg/libCacheSim/results/cp_wss01_prefetch/logs/w101.oracleGeneral.bin.zst__lru__noprefetch__538630062.log,ok
w100.oracleGeneral.bin.zst,oracleGeneral,lru,Mithril,539354275,53935427584,0.01,0.7130,0.9113,3645877,/users/varuncg/libCacheSim/results/cp_wss01_prefetch/logs/w100.oracleGeneral.bin.zst__lru__Mithril__539354275.log,ok
w100.oracleGeneral.bin.zst,oracleGeneral,sieve,PG,539354275,53935427584,0.01,0.6987,0.9194,3645877,/users/varuncg/libCacheSim/results/cp_wss01_prefetch/logs/w100.oracleGeneral.bin.zst__sieve__PG__539354275.log,ok
w101.oracleGeneral.bin.zst,oracleGeneral,lru,OBL,538630062,53863006208,0.01,0.7368,0.9319,3587707,/users/varuncg/libCacheSim/results/cp_wss01_prefetch/logs/w101.oracleGeneral.bin.zst__lru__OBL__538630062.log,ok
w07.oracleGeneral.bin.zst,oracleGeneral,lru,PG,1467303429,146730342912,0.01,0.6969,0.8177,67427405,/users/varuncg/libCacheSim/results/cp_wss01_prefetch/logs/w07.oracleGeneral.bin.zst__lru__PG__1467303429.log,ok
w100.oracleGeneral.bin.zst,oracleGeneral,sieve,Mithril,539354275,53935427584,0.01,0.6801,0.8994,3645877,/users/varuncg/libCacheSim/results/cp_wss01_prefetch/logs/w100.oracleGeneral.bin.zst__sieve__Mithril__539354275.log,ok
w101.oracleGeneral.bin.zst,oracleGeneral,sieve,none,538630062,53863006208,0.01,0.6989,0.9203,3587707,/users/varuncg/libCacheSim/results/cp_wss01_prefetch/logs/w101.oracleGeneral.bin.zst__sieve__noprefetch__538630062.log,ok
w101.oracleGeneral.bin.zst,oracleGeneral,sieve,OBL,538630062,53863006208,0.01,0.6989,0.9203,3587707,/users/varuncg/libCacheSim/results/cp_wss01_prefetch/logs/w101.oracleGeneral.bin.zst__sieve__OBL__538630062.log,ok
w09.oracleGeneral.bin.zst,oracleGeneral,sieve,none,11338699714,1133869971456,0.01,0.5360,0.7516,49622929,/users/varuncg/libCacheSim/results/cp_wss01_prefetch/logs/w09.oracleGeneral.bin.zst__sieve__noprefetch__11338699714.log,ok
w102.oracleGeneral.bin.zst,oracleGeneral,lru,none,82209991,8220999168,0.01,0.2507,0.4952,3558215,/users/varuncg/libCacheSim/results/cp_wss01_prefetch/logs/w102.oracleGeneral.bin.zst__lru__noprefetch__82209991.log,ok
w102.oracleGeneral.bin.zst,oracleGeneral,lru,OBL,82209991,8220999168,0.01,0.2507,0.4952,3558215,/users/varuncg/libCacheSim/results/cp_wss01_prefetch/logs/w102.oracleGeneral.bin.zst__lru__OBL__82209991.log,ok
w101.oracleGeneral.bin.zst,oracleGeneral,lru,PG,538630062,53863006208,0.01,0.7364,0.9317,3587707,/users/varuncg/libCacheSim/results/cp_wss01_prefetch/logs/w101.oracleGeneral.bin.zst__lru__PG__538630062.log,ok
w102.oracleGeneral.bin.zst,oracleGeneral,sieve,none,82209991,8220999168,0.01,0.2526,0.5419,3558215,/users/varuncg/libCacheSim/results/cp_wss01_prefetch/logs/w102.oracleGeneral.bin.zst__sieve__noprefetch__82209991.log,ok
w101.oracleGeneral.bin.zst,oracleGeneral,lru,Mithril,538630062,53863006208,0.01,0.7084,0.9099,3587707,/users/varuncg/libCacheSim/results/cp_wss01_prefetch/logs/w101.oracleGeneral.bin.zst__lru__Mithril__538630062.log,ok
w101.oracleGeneral.bin.zst,oracleGeneral,sieve,PG,538630062,53863006208,0.01,0.6986,0.9200,3587707,/users/varuncg/libCacheSim/results/cp_wss01_prefetch/logs/w101.oracleGeneral.bin.zst__sieve__PG__538630062.log,ok
w102.oracleGeneral.bin.zst,oracleGeneral,sieve,OBL,82209991,8220999168,0.01,0.2526,0.5419,3558215,/users/varuncg/libCacheSim/results/cp_wss01_prefetch/logs/w102.oracleGeneral.bin.zst__sieve__OBL__82209991.log,ok
w102.oracleGeneral.bin.zst,oracleGeneral,lru,PG,82209991,8220999168,0.01,0.2502,0.4950,3558215,/users/varuncg/libCacheSim/results/cp_wss01_prefetch/logs/w102.oracleGeneral.bin.zst__lru__PG__82209991.log,ok
w103.oracleGeneral.bin.zst,oracleGeneral,lru,none,81957002,8195700224,0.01,0.3440,0.4457,3442094,/users/varuncg/libCacheSim/results/cp_wss01_prefetch/logs/w103.oracleGeneral.bin.zst__lru__noprefetch__81957002.log,ok
w103.oracleGeneral.bin.zst,oracleGeneral,lru,OBL,81957002,8195700224,0.01,0.3440,0.4457,3442094,/users/varuncg/libCacheSim/results/cp_wss01_prefetch/logs/w103.oracleGeneral.bin.zst__lru__OBL__81957002.log,ok
w09.oracleGeneral.bin.zst,oracleGeneral,sieve,OBL,11338699714,1133869971456,0.01,0.5360,0.7516,49622929,/users/varuncg/libCacheSim/results/cp_wss01_prefetch/logs/w09.oracleGeneral.bin.zst__sieve__OBL__11338699714.log,ok
w102.oracleGeneral.bin.zst,oracleGeneral,lru,Mithril,82209991,8220999168,0.01,0.2284,0.4443,3558215,/users/varuncg/libCacheSim/results/cp_wss01_prefetch/logs/w102.oracleGeneral.bin.zst__lru__Mithril__82209991.log,ok
w103.oracleGeneral.bin.zst,oracleGeneral,sieve,OBL,81957002,8195700224,0.01,0.3315,0.4357,3442094,/users/varuncg/libCacheSim/results/cp_wss01_prefetch/logs/w103.oracleGeneral.bin.zst__sieve__OBL__81957002.log,ok
w101.oracleGeneral.bin.zst,oracleGeneral,sieve,Mithril,538630062,53863006208,0.01,0.6783,0.8998,3587707,/users/varuncg/libCacheSim/results/cp_wss01_prefetch/logs/w101.oracleGeneral.bin.zst__sieve__Mithril__538630062.log,ok
w103.oracleGeneral.bin.zst,oracleGeneral,sieve,none,81957002,8195700224,0.01,0.3315,0.4357,3442094,/users/varuncg/libCacheSim/results/cp_wss01_prefetch/logs/w103.oracleGeneral.bin.zst__sieve__noprefetch__81957002.log,ok
w102.oracleGeneral.bin.zst,oracleGeneral,sieve,PG,82209991,8220999168,0.01,0.2503,0.5312,3558215,/users/varuncg/libCacheSim/results/cp_wss01_prefetch/logs/w102.oracleGeneral.bin.zst__sieve__PG__82209991.log,ok
w102.oracleGeneral.bin.zst,oracleGeneral,sieve,Mithril,82209991,8220999168,0.01,0.2342,0.4898,3558215,/users/varuncg/libCacheSim/results/cp_wss01_prefetch/logs/w102.oracleGeneral.bin.zst__sieve__Mithril__82209991.log,ok
w103.oracleGeneral.bin.zst,oracleGeneral,lru,PG,81957002,8195700224,0.01,0.3387,0.4271,3442094,/users/varuncg/libCacheSim/results/cp_wss01_prefetch/logs/w103.oracleGeneral.bin.zst__lru__PG__81957002.log,ok
w104.oracleGeneral.bin.zst,oracleGeneral,lru,none,495889285,49588928512,0.01,0.8937,0.9605,3395553,/users/varuncg/libCacheSim/results/cp_wss01_prefetch/logs/w104.oracleGeneral.bin.zst__lru__noprefetch__495889285.log,ok
w104.oracleGeneral.bin.zst,oracleGeneral,lru,OBL,495889285,49588928512,0.01,0.8925,0.9605,3395553,/users/varuncg/libCacheSim/results/cp_wss01_prefetch/logs/w104.oracleGeneral.bin.zst__lru__OBL__495889285.log,ok
w103.oracleGeneral.bin.zst,oracleGeneral,sieve,PG,81957002,8195700224,0.01,0.3302,0.4241,3442094,/users/varuncg/libCacheSim/results/cp_wss01_prefetch/logs/w103.oracleGeneral.bin.zst__sieve__PG__81957002.log,ok
w103.oracleGeneral.bin.zst,oracleGeneral,lru,Mithril,81957002,8195700224,0.01,0.2597,0.3177,3442094,/users/varuncg/libCacheSim/results/cp_wss01_prefetch/logs/w103.oracleGeneral.bin.zst__lru__Mithril__81957002.log,ok
w103.oracleGeneral.bin.zst,oracleGeneral,sieve,Mithril,81957002,8195700224,0.01,0.2615,0.3246,3442094,/users/varuncg/libCacheSim/results/cp_wss01_prefetch/logs/w103.oracleGeneral.bin.zst__sieve__Mithril__81957002.log,ok
w104.oracleGeneral.bin.zst,oracleGeneral,sieve,none,495889285,49588928512,0.01,0.8911,0.9569,3395553,/users/varuncg/libCacheSim/results/cp_wss01_prefetch/logs/w104.oracleGeneral.bin.zst__sieve__noprefetch__495889285.log,ok
w104.oracleGeneral.bin.zst,oracleGeneral,sieve,OBL,495889285,49588928512,0.01,0.8900,0.9568,3395553,/users/varuncg/libCacheSim/results/cp_wss01_prefetch/logs/w104.oracleGeneral.bin.zst__sieve__OBL__495889285.log,ok
w105.oracleGeneral.bin.zst,oracleGeneral,lru,none,185571020,18557102080,0.01,0.7924,0.9505,3375344,/users/varuncg/libCacheSim/results/cp_wss01_prefetch/logs/w105.oracleGeneral.bin.zst__lru__noprefetch__185571020.log,ok
w105.oracleGeneral.bin.zst,oracleGeneral,lru,OBL,185571020,18557102080,0.01,0.7922,0.9505,3375344,/users/varuncg/libCacheSim/results/cp_wss01_prefetch/logs/w105.oracleGeneral.bin.zst__lru__OBL__185571020.log,ok
w105.oracleGeneral.bin.zst,oracleGeneral,lru,Mithril,185571020,18557102080,0.01,,,,/users/varuncg/libCacheSim/results/cp_wss01_prefetch/logs/w105.oracleGeneral.bin.zst__lru__Mithril__185571020.log,fail:134
w104.oracleGeneral.bin.zst,oracleGeneral,lru,PG,495889285,49588928512,0.01,0.8933,0.9603,3395553,/users/varuncg/libCacheSim/results/cp_wss01_prefetch/logs/w104.oracleGeneral.bin.zst__lru__PG__495889285.log,ok
w105.oracleGeneral.bin.zst,oracleGeneral,sieve,none,185571020,18557102080,0.01,0.7435,0.9422,3375344,/users/varuncg/libCacheSim/results/cp_wss01_prefetch/logs/w105.oracleGeneral.bin.zst__sieve__noprefetch__185571020.log,ok
w104.oracleGeneral.bin.zst,oracleGeneral,sieve,PG,495889285,49588928512,0.01,0.8909,0.9568,3395553,/users/varuncg/libCacheSim/results/cp_wss01_prefetch/logs/w104.oracleGeneral.bin.zst__sieve__PG__495889285.log,ok
w105.oracleGeneral.bin.zst,oracleGeneral,sieve,OBL,185571020,18557102080,0.01,0.7433,0.9422,3375344,/users/varuncg/libCacheSim/results/cp_wss01_prefetch/logs/w105.oracleGeneral.bin.zst__sieve__OBL__185571020.log,ok
w105.oracleGeneral.bin.zst,oracleGeneral,lru,PG,185571020,18557102080,0.01,0.7900,0.9498,3375344,/users/varuncg/libCacheSim/results/cp_wss01_prefetch/logs/w105.oracleGeneral.bin.zst__lru__PG__185571020.log,ok
w106.oracleGeneral.bin.zst,oracleGeneral,lru,none,47230131,4723013120,0.01,0.2907,0.4450,3275919,/users/varuncg/libCacheSim/results/cp_wss01_prefetch/logs/w106.oracleGeneral.bin.zst__lru__noprefetch__47230131.log,ok
w104.oracleGeneral.bin.zst,oracleGeneral,lru,Mithril,495889285,49588928512,0.01,0.8825,0.9520,3395553,/users/varuncg/libCacheSim/results/cp_wss01_prefetch/logs/w104.oracleGeneral.bin.zst__lru__Mithril__495889285.log,ok
w106.oracleGeneral.bin.zst,oracleGeneral,lru,OBL,47230131,4723013120,0.01,0.2907,0.4450,3275919,/users/varuncg/libCacheSim/results/cp_wss01_prefetch/logs/w106.oracleGeneral.bin.zst__lru__OBL__47230131.log,ok
w106.oracleGeneral.bin.zst,oracleGeneral,sieve,none,47230131,4723013120,0.01,0.2706,0.4189,3275919,/users/varuncg/libCacheSim/results/cp_wss01_prefetch/logs/w106.oracleGeneral.bin.zst__sieve__noprefetch__47230131.log,ok
w104.oracleGeneral.bin.zst,oracleGeneral,sieve,Mithril,495889285,49588928512,0.01,0.8776,0.9475,3395553,/users/varuncg/libCacheSim/results/cp_wss01_prefetch/logs/w104.oracleGeneral.bin.zst__sieve__Mithril__495889285.log,ok
w106.oracleGeneral.bin.zst,oracleGeneral,sieve,OBL,47230131,4723013120,0.01,0.2706,0.4189,3275919,/users/varuncg/libCacheSim/results/cp_wss01_prefetch/logs/w106.oracleGeneral.bin.zst__sieve__OBL__47230131.log,ok
w105.oracleGeneral.bin.zst,oracleGeneral,sieve,PG,185571020,18557102080,0.01,0.7376,0.9414,3375344,/users/varuncg/libCacheSim/results/cp_wss01_prefetch/logs/w105.oracleGeneral.bin.zst__sieve__PG__185571020.log,ok
w07.oracleGeneral.bin.zst,oracleGeneral,sieve,PG,1467303429,146730342912,0.01,0.5905,0.7717,67427405,/users/varuncg/libCacheSim/results/cp_wss01_prefetch/logs/w07.oracleGeneral.bin.zst__sieve__PG__1467303429.log,ok
w106.oracleGeneral.bin.zst,oracleGeneral,lru,PG,47230131,4723013120,0.01,0.2842,0.4362,3275919,/users/varuncg/libCacheSim/results/cp_wss01_prefetch/logs/w106.oracleGeneral.bin.zst__lru__PG__47230131.log,ok
w105.oracleGeneral.bin.zst,oracleGeneral,sieve,Mithril,185571020,18557102080,0.01,0.3664,0.3961,3375344,/users/varuncg/libCacheSim/results/cp_wss01_prefetch/logs/w105.oracleGeneral.bin.zst__sieve__Mithril__185571020.log,ok
w106.oracleGeneral.bin.zst,oracleGeneral,lru,Mithril,47230131,4723013120,0.01,0.2376,0.3110,3275919,/users/varuncg/libCacheSim/results/cp_wss01_prefetch/logs/w106.oracleGeneral.bin.zst__lru__Mithril__47230131.log,ok
w106.oracleGeneral.bin.zst,oracleGeneral,sieve,PG,47230131,4723013120,0.01,0.2674,0.4147,3275919,/users/varuncg/libCacheSim/results/cp_wss01_prefetch/logs/w106.oracleGeneral.bin.zst__sieve__PG__47230131.log,ok
w106.oracleGeneral.bin.zst,oracleGeneral,sieve,Mithril,47230131,4723013120,0.01,0.2378,0.3105,3275919,/users/varuncg/libCacheSim/results/cp_wss01_prefetch/logs/w106.oracleGeneral.bin.zst__sieve__Mithril__47230131.log,ok
w08.oracleGeneral.bin.zst,oracleGeneral,lru,PG,10882320288,1088232028864,0.01,0.8722,0.9271,44464937,/users/varuncg/libCacheSim/results/cp_wss01_prefetch/logs/w08.oracleGeneral.bin.zst__lru__PG__10882320288.log,ok
w10.oracleGeneral.bin.zst,oracleGeneral,lru,none,15674001459,1567400145920,0.01,0.6561,0.8931,48342350,/users/varuncg/libCacheSim/results/cp_wss01_prefetch/logs/w10.oracleGeneral.bin.zst__lru__noprefetch__15674001459.log,ok
w10.oracleGeneral.bin.zst,oracleGeneral,sieve,none,15674001459,1567400145920,0.01,0.6355,0.8849,48342350,/users/varuncg/libCacheSim/results/cp_wss01_prefetch/logs/w10.oracleGeneral.bin.zst__sieve__noprefetch__15674001459.log,ok
w10.oracleGeneral.bin.zst,oracleGeneral,sieve,OBL,15674001459,1567400145920,0.01,0.6355,0.8849,48342350,/users/varuncg/libCacheSim/results/cp_wss01_prefetch/logs/w10.oracleGeneral.bin.zst__sieve__OBL__15674001459.log,ok
w10.oracleGeneral.bin.zst,oracleGeneral,lru,OBL,15674001459,1567400145920,0.01,0.6561,0.8931,48342350,/users/varuncg/libCacheSim/results/cp_wss01_prefetch/logs/w10.oracleGeneral.bin.zst__lru__OBL__15674001459.log,ok
w02.oracleGeneral.bin.zst,oracleGeneral,lru,PG,209842984,20984298496,0.01,0.7622,0.8029,122181000,/users/varuncg/libCacheSim/results/cp_wss01_prefetch/logs/w02.oracleGeneral.bin.zst__lru__PG__209842984.log,ok
w08.oracleGeneral.bin.zst,oracleGeneral,sieve,PG,10882320288,1088232028864,0.01,0.8629,0.9256,44464937,/users/varuncg/libCacheSim/results/cp_wss01_prefetch/logs/w08.oracleGeneral.bin.zst__sieve__PG__10882320288.log,ok
w06.oracleGeneral.bin.zst,oracleGeneral,sieve,Mithril,234682583,23468258304,0.01,0.2474,0.1245,69392150,/users/varuncg/libCacheSim/results/cp_wss01_prefetch/logs/w06.oracleGeneral.bin.zst__sieve__Mithril__234682583.log,ok
w08.oracleGeneral.bin.zst,oracleGeneral,lru,Mithril,10882320288,1088232028864,0.01,0.5221,0.6034,44464937,/users/varuncg/libCacheSim/results/cp_wss01_prefetch/logs/w08.oracleGeneral.bin.zst__lru__Mithril__10882320288.log,ok
w05.oracleGeneral.bin.zst,oracleGeneral,lru,PG,15429059020,1542905902080,0.01,0.8207,0.9573,73034546,/users/varuncg/libCacheSim/results/cp_wss01_prefetch/logs/w05.oracleGeneral.bin.zst__lru__PG__15429059020.log,ok
w11.oracleGeneral.bin.zst,oracleGeneral,lru,none,812875520,81287552000,0.01,0.9217,0.8097,46173369,/users/varuncg/libCacheSim/results/cp_wss01_prefetch/logs/w11.oracleGeneral.bin.zst__lru__noprefetch__812875520.log,ok
w05.oracleGeneral.bin.zst,oracleGeneral,sieve,PG,15429059020,1542905902080,0.01,0.8134,0.9517,73034546,/users/varuncg/libCacheSim/results/cp_wss01_prefetch/logs/w05.oracleGeneral.bin.zst__sieve__PG__15429059020.log,ok
w12.oracleGeneral.bin.zst,oracleGeneral,lru,none,81788380,8178838016,0.01,0.0722,0.1676,45355529,/users/varuncg/libCacheSim/results/cp_wss01_prefetch/logs/w12.oracleGeneral.bin.zst__lru__noprefetch__81788380.log,ok
w06.oracleGeneral.bin.zst,oracleGeneral,lru,Mithril,234682583,23468258304,0.01,0.2651,0.1492,69392150,/users/varuncg/libCacheSim/results/cp_wss01_prefetch/logs/w06.oracleGeneral.bin.zst__lru__Mithril__234682583.log,ok
w09.oracleGeneral.bin.zst,oracleGeneral,lru,PG,11338699714,1133869971456,0.01,0.5407,0.7294,49622929,/users/varuncg/libCacheSim/results/cp_wss01_prefetch/logs/w09.oracleGeneral.bin.zst__lru__PG__11338699714.log,ok
w12.oracleGeneral.bin.zst,oracleGeneral,lru,OBL,81788380,8178838016,0.01,0.0722,0.1676,45355529,/users/varuncg/libCacheSim/results/cp_wss01_prefetch/logs/w12.oracleGeneral.bin.zst__lru__OBL__81788380.log,ok
w11.oracleGeneral.bin.zst,oracleGeneral,sieve,none,812875520,81287552000,0.01,0.9661,0.8764,46173369,/users/varuncg/libCacheSim/results/cp_wss01_prefetch/logs/w11.oracleGeneral.bin.zst__sieve__noprefetch__812875520.log,ok
w11.oracleGeneral.bin.zst,oracleGeneral,lru,OBL,812875520,81287552000,0.01,0.9217,0.8097,46173369,/users/varuncg/libCacheSim/results/cp_wss01_prefetch/logs/w11.oracleGeneral.bin.zst__lru__OBL__812875520.log,ok
w12.oracleGeneral.bin.zst,oracleGeneral,sieve,none,81788380,8178838016,0.01,0.0625,0.1525,45355529,/users/varuncg/libCacheSim/results/cp_wss01_prefetch/logs/w12.oracleGeneral.bin.zst__sieve__noprefetch__81788380.log,ok
w09.oracleGeneral.bin.zst,oracleGeneral,lru,Mithril,11338699714,1133869971456,0.01,0.4149,0.4124,49622929,/users/varuncg/libCacheSim/results/cp_wss01_prefetch/logs/w09.oracleGeneral.bin.zst__lru__Mithril__11338699714.log,ok
w02.oracleGeneral.bin.zst,oracleGeneral,sieve,PG,209842984,20984298496,0.01,0.7670,0.8105,122181000,/users/varuncg/libCacheSim/results/cp_wss01_prefetch/logs/w02.oracleGeneral.bin.zst__sieve__PG__209842984.log,ok
w12.oracleGeneral.bin.zst,oracleGeneral,sieve,OBL,81788380,8178838016,0.01,0.0625,0.1525,45355529,/users/varuncg/libCacheSim/results/cp_wss01_prefetch/logs/w12.oracleGeneral.bin.zst__sieve__OBL__81788380.log,ok
w11.oracleGeneral.bin.zst,oracleGeneral,sieve,OBL,812875520,81287552000,0.01,0.9661,0.8764,46173369,/users/varuncg/libCacheSim/results/cp_wss01_prefetch/logs/w11.oracleGeneral.bin.zst__sieve__OBL__812875520.log,ok
w09.oracleGeneral.bin.zst,oracleGeneral,sieve,Mithril,11338699714,1133869971456,0.01,0.4106,0.4114,49622929,/users/varuncg/libCacheSim/results/cp_wss01_prefetch/logs/w09.oracleGeneral.bin.zst__sieve__Mithril__11338699714.log,ok
w08.oracleGeneral.bin.zst,oracleGeneral,sieve,Mithril,10882320288,1088232028864,0.01,0.5263,0.6065,44464937,/users/varuncg/libCacheSim/results/cp_wss01_prefetch/logs/w08.oracleGeneral.bin.zst__sieve__Mithril__10882320288.log,ok
w09.oracleGeneral.bin.zst,oracleGeneral,sieve,PG,11338699714,1133869971456,0.01,0.5303,0.7230,49622929,/users/varuncg/libCacheSim/results/cp_wss01_prefetch/logs/w09.oracleGeneral.bin.zst__sieve__PG__11338699714.log,ok
w12.oracleGeneral.bin.zst,oracleGeneral,sieve,PG,81788380,8178838016,0.01,0.0628,0.1524,45355529,/users/varuncg/libCacheSim/results/cp_wss01_prefetch/logs/w12.oracleGeneral.bin.zst__sieve__PG__81788380.log,ok
w12.oracleGeneral.bin.zst,oracleGeneral,lru,PG,81788380,8178838016,0.01,0.0722,0.1674,45355529,/users/varuncg/libCacheSim/results/cp_wss01_prefetch/logs/w12.oracleGeneral.bin.zst__lru__PG__81788380.log,ok
w13.oracleGeneral.bin.zst,oracleGeneral,lru,none,2035458703,203545870336,0.01,0.3988,0.3800,39822877,/users/varuncg/libCacheSim/results/cp_wss01_prefetch/logs/w13.oracleGeneral.bin.zst__lru__noprefetch__2035458703.log,ok
w13.oracleGeneral.bin.zst,oracleGeneral,sieve,none,2035458703,203545870336,0.01,0.7969,0.7556,39822877,/users/varuncg/libCacheSim/results/cp_wss01_prefetch/logs/w13.oracleGeneral.bin.zst__sieve__noprefetch__2035458703.log,ok
w13.oracleGeneral.bin.zst,oracleGeneral,lru,OBL,2035458703,203545870336,0.01,0.3988,0.3800,39822877,/users/varuncg/libCacheSim/results/cp_wss01_prefetch/logs/w13.oracleGeneral.bin.zst__lru__OBL__2035458703.log,ok
w13.oracleGeneral.bin.zst,oracleGeneral,sieve,OBL,2035458703,203545870336,0.01,0.7969,0.7556,39822877,/users/varuncg/libCacheSim/results/cp_wss01_prefetch/logs/w13.oracleGeneral.bin.zst__sieve__OBL__2035458703.log,ok
w14.oracleGeneral.bin.zst,oracleGeneral,lru,none,7574074664,757407466496,0.01,0.5674,0.8513,34816425,/users/varuncg/libCacheSim/results/cp_wss01_prefetch/logs/w14.oracleGeneral.bin.zst__lru__noprefetch__7574074664.log,ok
w12.oracleGeneral.bin.zst,oracleGeneral,lru,Mithril,81788380,8178838016,0.01,,,,/users/varuncg/libCacheSim/results/cp_wss01_prefetch/logs/w12.oracleGeneral.bin.zst__lru__Mithril__81788380.log,fail:134
w14.oracleGeneral.bin.zst,oracleGeneral,lru,OBL,7574074664,757407466496,0.01,0.5674,0.8513,34816425,/users/varuncg/libCacheSim/results/cp_wss01_prefetch/logs/w14.oracleGeneral.bin.zst__lru__OBL__7574074664.log,ok
w12.oracleGeneral.bin.zst,oracleGeneral,sieve,Mithril,81788380,8178838016,0.01,,,,/users/varuncg/libCacheSim/results/cp_wss01_prefetch/logs/w12.oracleGeneral.bin.zst__sieve__Mithril__81788380.log,fail:134
w14.oracleGeneral.bin.zst,oracleGeneral,sieve,none,7574074664,757407466496,0.01,0.5519,0.8476,34816425,/users/varuncg/libCacheSim/results/cp_wss01_prefetch/logs/w14.oracleGeneral.bin.zst__sieve__noprefetch__7574074664.log,ok
w14.oracleGeneral.bin.zst,oracleGeneral,sieve,OBL,7574074664,757407466496,0.01,0.5517,0.8476,34816425,/users/varuncg/libCacheSim/results/cp_wss01_prefetch/logs/w14.oracleGeneral.bin.zst__sieve__OBL__7574074664.log,ok
w11.oracleGeneral.bin.zst,oracleGeneral,sieve,PG,812875520,81287552000,0.01,0.9639,0.8772,46173369,/users/varuncg/libCacheSim/results/cp_wss01_prefetch/logs/w11.oracleGeneral.bin.zst__sieve__PG__812875520.log,ok
w07.oracleGeneral.bin.zst,oracleGeneral,lru,Mithril,1467303429,146730342912,0.01,0.4461,0.5511,67427405,/users/varuncg/libCacheSim/results/cp_wss01_prefetch/logs/w07.oracleGeneral.bin.zst__lru__Mithril__1467303429.log,ok
w11.oracleGeneral.bin.zst,oracleGeneral,lru,PG,812875520,81287552000,0.01,0.9207,0.8092,46173369,/users/varuncg/libCacheSim/results/cp_wss01_prefetch/logs/w11.oracleGeneral.bin.zst__lru__PG__812875520.log,ok
w15.oracleGeneral.bin.zst,oracleGeneral,lru,none,670033495,67003349504,0.01,0.9777,0.9816,33628757,/users/varuncg/libCacheSim/results/cp_wss01_prefetch/logs/w15.oracleGeneral.bin.zst__lru__noprefetch__670033495.log,ok
w15.oracleGeneral.bin.zst,oracleGeneral,lru,OBL,670033495,67003349504,0.01,0.9777,0.9816,33628757,/users/varuncg/libCacheSim/results/cp_wss01_prefetch/logs/w15.oracleGeneral.bin.zst__lru__OBL__670033495.log,ok
w15.oracleGeneral.bin.zst,oracleGeneral,sieve,none,670033495,67003349504,0.01,0.9664,0.9691,33628757,/users/varuncg/libCacheSim/results/cp_wss01_prefetch/logs/w15.oracleGeneral.bin.zst__sieve__noprefetch__670033495.log,ok
w16.oracleGeneral.bin.zst,oracleGeneral,lru,none,930699735,93069973504,0.01,0.8231,0.7806,26702188,/users/varuncg/libCacheSim/results/cp_wss01_prefetch/logs/w16.oracleGeneral.bin.zst__lru__noprefetch__930699735.log,ok
w10.oracleGeneral.bin.zst,oracleGeneral,lru,PG,15674001459,1567400145920,0.01,0.6431,0.8846,48342350,/users/varuncg/libCacheSim/results/cp_wss01_prefetch/logs/w10.oracleGeneral.bin.zst__lru__PG__15674001459.log,ok
w15.oracleGeneral.bin.zst,oracleGeneral,sieve,OBL,670033495,67003349504,0.01,0.9664,0.9691,33628757,/users/varuncg/libCacheSim/results/cp_wss01_prefetch/logs/w15.oracleGeneral.bin.zst__sieve__OBL__670033495.log,ok
w13.oracleGeneral.bin.zst,oracleGeneral,lru,PG,2035458703,203545870336,0.01,0.3952,0.3773,39822877,/users/varuncg/libCacheSim/results/cp_wss01_prefetch/logs/w13.oracleGeneral.bin.zst__lru__PG__2035458703.log,ok
w16.oracleGeneral.bin.zst,oracleGeneral,lru,OBL,930699735,93069973504,0.01,0.8188,0.7804,26702188,/users/varuncg/libCacheSim/results/cp_wss01_prefetch/logs/w16.oracleGeneral.bin.zst__lru__OBL__930699735.log,ok
w10.oracleGeneral.bin.zst,oracleGeneral,sieve,PG,15674001459,1567400145920,0.01,0.6148,0.8746,48342350,/users/varuncg/libCacheSim/results/cp_wss01_prefetch/logs/w10.oracleGeneral.bin.zst__sieve__PG__15674001459.log,ok
w13.oracleGeneral.bin.zst,oracleGeneral,sieve,PG,2035458703,203545870336,0.01,0.6882,0.6763,39822877,/users/varuncg/libCacheSim/results/cp_wss01_prefetch/logs/w13.oracleGeneral.bin.zst__sieve__PG__2035458703.log,ok
w15.oracleGeneral.bin.zst,oracleGeneral,lru,Mithril,670033495,67003349504,0.01,,,,/users/varuncg/libCacheSim/results/cp_wss01_prefetch/logs/w15.oracleGeneral.bin.zst__lru__Mithril__670033495.log,fail:134
w07.oracleGeneral.bin.zst,oracleGeneral,sieve,Mithril,1467303429,146730342912,0.01,0.4202,0.5378,67427405,/users/varuncg/libCacheSim/results/cp_wss01_prefetch/logs/w07.oracleGeneral.bin.zst__sieve__Mithril__1467303429.log,ok
w16.oracleGeneral.bin.zst,oracleGeneral,sieve,none,930699735,93069973504,0.01,0.8031,0.7462,26702188,/users/varuncg/libCacheSim/results/cp_wss01_prefetch/logs/w16.oracleGeneral.bin.zst__sieve__noprefetch__930699735.log,ok
w16.oracleGeneral.bin.zst,oracleGeneral,sieve,OBL,930699735,93069973504,0.01,0.7987,0.7457,26702188,/users/varuncg/libCacheSim/results/cp_wss01_prefetch/logs/w16.oracleGeneral.bin.zst__sieve__OBL__930699735.log,ok
w15.oracleGeneral.bin.zst,oracleGeneral,lru,PG,670033495,67003349504,0.01,0.9625,0.9736,33628757,/users/varuncg/libCacheSim/results/cp_wss01_prefetch/logs/w15.oracleGeneral.bin.zst__lru__PG__670033495.log,ok
w17.oracleGeneral.bin.zst,oracleGeneral,lru,none,479192642,47919264256,0.01,0.3487,0.4055,31398089,/users/varuncg/libCacheSim/results/cp_wss01_prefetch/logs/w17.oracleGeneral.bin.zst__lru__noprefetch__479192642.log,ok
w10.oracleGeneral.bin.zst,oracleGeneral,sieve,Mithril,15674001459,1567400145920,0.01,0.5254,0.6260,48342350,/users/varuncg/libCacheSim/results/cp_wss01_prefetch/logs/w10.oracleGeneral.bin.zst__sieve__Mithril__15674001459.log,ok
w17.oracleGeneral.bin.zst,oracleGeneral,lru,OBL,479192642,47919264256,0.01,0.3477,0.4049,31398089,/users/varuncg/libCacheSim/results/cp_wss01_prefetch/logs/w17.oracleGeneral.bin.zst__lru__OBL__479192642.log,ok
w17.oracleGeneral.bin.zst,oracleGeneral,sieve,none,479192642,47919264256,0.01,0.3688,0.4529,31398089,/users/varuncg/libCacheSim/results/cp_wss01_prefetch/logs/w17.oracleGeneral.bin.zst__sieve__noprefetch__479192642.log,ok
w15.oracleGeneral.bin.zst,oracleGeneral,sieve,Mithril,670033495,67003349504,0.01,,,,/users/varuncg/libCacheSim/results/cp_wss01_prefetch/logs/w15.oracleGeneral.bin.zst__sieve__Mithril__670033495.log,fail:134
w01.oracleGeneral.bin.zst,oracleGeneral,lru,PG,6859525155,685952515584,0.01,0.8340,0.7697,215796257,/users/varuncg/libCacheSim/results/cp_wss01_prefetch/logs/w01.oracleGeneral.bin.zst__lru__PG__6859525155.log,ok
w10.oracleGeneral.bin.zst,oracleGeneral,lru,Mithril,15674001459,1567400145920,0.01,0.5262,0.6249,48342350,/users/varuncg/libCacheSim/results/cp_wss01_prefetch/logs/w10.oracleGeneral.bin.zst__lru__Mithril__15674001459.log,ok
w17.oracleGeneral.bin.zst,oracleGeneral,sieve,OBL,479192642,47919264256,0.01,0.3617,0.4469,31398089,/users/varuncg/libCacheSim/results/cp_wss01_prefetch/logs/w17.oracleGeneral.bin.zst__sieve__OBL__479192642.log,ok
w18.oracleGeneral.bin.zst,oracleGeneral,lru,none,743396669,74339666944,0.01,0.7309,0.7186,22466283,/users/varuncg/libCacheSim/results/cp_wss01_prefetch/logs/w18.oracleGeneral.bin.zst__lru__noprefetch__743396669.log,ok
w15.oracleGeneral.bin.zst,oracleGeneral,sieve,PG,670033495,67003349504,0.01,0.9596,0.9642,33628757,/users/varuncg/libCacheSim/results/cp_wss01_prefetch/logs/w15.oracleGeneral.bin.zst__sieve__PG__670033495.log,ok
w14.oracleGeneral.bin.zst,oracleGeneral,lru,PG,7574074664,757407466496,0.01,0.5641,0.8437,34816425,/users/varuncg/libCacheSim/results/cp_wss01_prefetch/logs/w14.oracleGeneral.bin.zst__lru__PG__7574074664.log,ok
w01.oracleGeneral.bin.zst,oracleGeneral,sieve,PG,6859525155,685952515584,0.01,0.8443,0.7739,215796257,/users/varuncg/libCacheSim/results/cp_wss01_prefetch/logs/w01.oracleGeneral.bin.zst__sieve__PG__6859525155.log,ok
w14.oracleGeneral.bin.zst,oracleGeneral,sieve,Mithril,7574074664,757407466496,0.01,0.4221,0.5033,34816425,/users/varuncg/libCacheSim/results/cp_wss01_prefetch/logs/w14.oracleGeneral.bin.zst__sieve__Mithril__7574074664.log,ok
w16.oracleGeneral.bin.zst,oracleGeneral,lru,PG,930699735,93069973504,0.01,0.8187,0.7736,26702188,/users/varuncg/libCacheSim/results/cp_wss01_prefetch/logs/w16.oracleGeneral.bin.zst__lru__PG__930699735.log,ok
w18.oracleGeneral.bin.zst,oracleGeneral,lru,OBL,743396669,74339666944,0.01,0.7269,0.7184,22466283,/users/varuncg/libCacheSim/results/cp_wss01_prefetch/logs/w18.oracleGeneral.bin.zst__lru__OBL__743396669.log,ok
w18.oracleGeneral.bin.zst,oracleGeneral,sieve,none,743396669,74339666944,0.01,0.6995,0.6744,22466283,/users/varuncg/libCacheSim/results/cp_wss01_prefetch/logs/w18.oracleGeneral.bin.zst__sieve__noprefetch__743396669.log,ok
w14.oracleGeneral.bin.zst,oracleGeneral,lru,Mithril,7574074664,757407466496,0.01,0.4254,0.5006,34816425,/users/varuncg/libCacheSim/results/cp_wss01_prefetch/logs/w14.oracleGeneral.bin.zst__lru__Mithril__7574074664.log,ok
w18.oracleGeneral.bin.zst,oracleGeneral,sieve,OBL,743396669,74339666944,0.01,0.6956,0.6742,22466283,/users/varuncg/libCacheSim/results/cp_wss01_prefetch/logs/w18.oracleGeneral.bin.zst__sieve__OBL__743396669.log,ok
w02.oracleGeneral.bin.zst,oracleGeneral,sieve,Mithril,209842984,20984298496,0.01,0.1784,0.1409,122181000,/users/varuncg/libCacheSim/results/cp_wss01_prefetch/logs/w02.oracleGeneral.bin.zst__sieve__Mithril__209842984.log,ok
w14.oracleGeneral.bin.zst,oracleGeneral,sieve,PG,7574074664,757407466496,0.01,0.5455,0.8400,34816425,/users/varuncg/libCacheSim/results/cp_wss01_prefetch/logs/w14.oracleGeneral.bin.zst__sieve__PG__7574074664.log,ok
w16.oracleGeneral.bin.zst,oracleGeneral,sieve,PG,930699735,93069973504,0.01,0.8027,0.7456,26702188,/users/varuncg/libCacheSim/results/cp_wss01_prefetch/logs/w16.oracleGeneral.bin.zst__sieve__PG__930699735.log,ok
w19.oracleGeneral.bin.zst,oracleGeneral,sieve,none,386807680,38680768000,0.01,0.8704,0.9149,31116216,/users/varuncg/libCacheSim/results/cp_wss01_prefetch/logs/w19.oracleGeneral.bin.zst__sieve__noprefetch__386807680.log,ok
w13.oracleGeneral.bin.zst,oracleGeneral,lru,Mithril,2035458703,203545870336,0.01,0.3385,0.3463,39822877,/users/varuncg/libCacheSim/results/cp_wss01_prefetch/logs/w13.oracleGeneral.bin.zst__lru__Mithril__2035458703.log,ok
w19.oracleGeneral.bin.zst,oracleGeneral,sieve,OBL,386807680,38680768000,0.01,0.8704,0.9149,31116216,/users/varuncg/libCacheSim/results/cp_wss01_prefetch/logs/w19.oracleGeneral.bin.zst__sieve__OBL__386807680.log,ok
w19.oracleGeneral.bin.zst,oracleGeneral,lru,none,386807680,38680768000,0.01,0.9744,0.9895,31116216,/users/varuncg/libCacheSim/results/cp_wss01_prefetch/logs/w19.oracleGeneral.bin.zst__lru__noprefetch__386807680.log,ok
w18.oracleGeneral.bin.zst,oracleGeneral,lru,PG,743396669,74339666944,0.01,0.7293,0.7176,22466283,/users/varuncg/libCacheSim/results/cp_wss01_prefetch/logs/w18.oracleGeneral.bin.zst__lru__PG__743396669.log,ok
w20.oracleGeneral.bin.zst,oracleGeneral,lru,none,11471229905,1147122990592,0.01,0.7260,0.9491,29842317,/users/varuncg/libCacheSim/results/cp_wss01_prefetch/logs/w20.oracleGeneral.bin.zst__lru__noprefetch__11471229905.log,ok
w19.oracleGeneral.bin.zst,oracleGeneral,lru,OBL,386807680,38680768000,0.01,0.9744,0.9895,31116216,/users/varuncg/libCacheSim/results/cp_wss01_prefetch/logs/w19.oracleGeneral.bin.zst__lru__OBL__386807680.log,ok
w17.oracleGeneral.bin.zst,oracleGeneral,lru,PG,479192642,47919264256,0.01,0.3273,0.3907,31398089,/users/varuncg/libCacheSim/results/cp_wss01_prefetch/logs/w17.oracleGeneral.bin.zst__lru__PG__479192642.log,ok
w20.oracleGeneral.bin.zst,oracleGeneral,lru,OBL,11471229905,1147122990592,0.01,0.7260,0.9491,29842317,/users/varuncg/libCacheSim/results/cp_wss01_prefetch/logs/w20.oracleGeneral.bin.zst__lru__OBL__11471229905.log,ok
w18.oracleGeneral.bin.zst,oracleGeneral,sieve,PG,743396669,74339666944,0.01,0.6997,0.6760,22466283,/users/varuncg/libCacheSim/results/cp_wss01_prefetch/logs/w18.oracleGeneral.bin.zst__sieve__PG__743396669.log,ok
w16.oracleGeneral.bin.zst,oracleGeneral,lru,Mithril,930699735,93069973504,0.01,0.7502,0.6738,26702188,/users/varuncg/libCacheSim/results/cp_wss01_prefetch/logs/w16.oracleGeneral.bin.zst__lru__Mithril__930699735.log,ok
w16.oracleGeneral.bin.zst,oracleGeneral,sieve,Mithril,930699735,93069973504,0.01,0.7481,0.6720,26702188,/users/varuncg/libCacheSim/results/cp_wss01_prefetch/logs/w16.oracleGeneral.bin.zst__sieve__Mithril__930699735.log,ok
w20.oracleGeneral.bin.zst,oracleGeneral,sieve,none,11471229905,1147122990592,0.01,0.6876,0.9350,29842317,/users/varuncg/libCacheSim/results/cp_wss01_prefetch/logs/w20.oracleGeneral.bin.zst__sieve__noprefetch__11471229905.log,ok
w17.oracleGeneral.bin.zst,oracleGeneral,sieve,PG,479192642,47919264256,0.01,0.3370,0.4173,31398089,/users/varuncg/libCacheSim/results/cp_wss01_prefetch/logs/w17.oracleGeneral.bin.zst__sieve__PG__479192642.log,ok
w13.oracleGeneral.bin.zst,oracleGeneral,sieve,Mithril,2035458703,203545870336,0.01,0.3601,0.3629,39822877,/users/varuncg/libCacheSim/results/cp_wss01_prefetch/logs/w13.oracleGeneral.bin.zst__sieve__Mithril__2035458703.log,ok
w20.oracleGeneral.bin.zst,oracleGeneral,sieve,OBL,11471229905,1147122990592,0.01,0.6876,0.9350,29842317,/users/varuncg/libCacheSim/results/cp_wss01_prefetch/logs/w20.oracleGeneral.bin.zst__sieve__OBL__11471229905.log,ok
w02.oracleGeneral.bin.zst,oracleGeneral,lru,Mithril,209842984,20984298496,0.01,0.1639,0.1255,122181000,/users/varuncg/libCacheSim/results/cp_wss01_prefetch/logs/w02.oracleGeneral.bin.zst__lru__Mithril__209842984.log,ok
w21.oracleGeneral.bin.zst,oracleGeneral,lru,none,4009965342,400996534272,0.01,0.9210,0.9883,29416348,/users/varuncg/libCacheSim/results/cp_wss01_prefetch/logs/w21.oracleGeneral.bin.zst__lru__noprefetch__4009965342.log,ok
w21.oracleGeneral.bin.zst,oracleGeneral,lru,OBL,4009965342,400996534272,0.01,0.9210,0.9883,29416348,/users/varuncg/libCacheSim/results/cp_wss01_prefetch/logs/w21.oracleGeneral.bin.zst__lru__OBL__4009965342.log,ok
w22.oracleGeneral.bin.zst,oracleGeneral,lru,none,713576386,71357638656,0.01,0.8926,0.7430,22248591,/users/varuncg/libCacheSim/results/cp_wss01_prefetch/logs/w22.oracleGeneral.bin.zst__lru__noprefetch__713576386.log,ok
w18.oracleGeneral.bin.zst,oracleGeneral,lru,Mithril,743396669,74339666944,0.01,0.5183,0.5322,22466283,/users/varuncg/libCacheSim/results/cp_wss01_prefetch/logs/w18.oracleGeneral.bin.zst__lru__Mithril__743396669.log,ok
w21.oracleGeneral.bin.zst,oracleGeneral,sieve,none,4009965342,400996534272,0.01,0.9081,0.9834,29416348,/users/varuncg/libCacheSim/results/cp_wss01_prefetch/logs/w21.oracleGeneral.bin.zst__sieve__noprefetch__4009965342.log,ok
w22.oracleGeneral.bin.zst,oracleGeneral,lru,OBL,713576386,71357638656,0.01,0.8919,0.7429,22248591,/users/varuncg/libCacheSim/results/cp_wss01_prefetch/logs/w22.oracleGeneral.bin.zst__lru__OBL__713576386.log,ok
w21.oracleGeneral.bin.zst,oracleGeneral,sieve,OBL,4009965342,400996534272,0.01,0.9081,0.9834,29416348,/users/varuncg/libCacheSim/results/cp_wss01_prefetch/logs/w21.oracleGeneral.bin.zst__sieve__OBL__4009965342.log,ok
w22.oracleGeneral.bin.zst,oracleGeneral,sieve,OBL,713576386,71357638656,0.01,0.8864,0.7362,22248591,/users/varuncg/libCacheSim/results/cp_wss01_prefetch/logs/w22.oracleGeneral.bin.zst__sieve__OBL__713576386.log,ok
w22.oracleGeneral.bin.zst,oracleGeneral,sieve,none,713576386,71357638656,0.01,0.8871,0.7363,22248591,/users/varuncg/libCacheSim/results/cp_wss01_prefetch/logs/w22.oracleGeneral.bin.zst__sieve__noprefetch__713576386.log,ok
w18.oracleGeneral.bin.zst,oracleGeneral,sieve,Mithril,743396669,74339666944,0.01,0.5146,0.5289,22466283,/users/varuncg/libCacheSim/results/cp_wss01_prefetch/logs/w18.oracleGeneral.bin.zst__sieve__Mithril__743396669.log,ok
w19.oracleGeneral.bin.zst,oracleGeneral,sieve,PG,386807680,38680768000,0.01,0.8885,0.8671,31116216,/users/varuncg/libCacheSim/results/cp_wss01_prefetch/logs/w19.oracleGeneral.bin.zst__sieve__PG__386807680.log,ok
w23.oracleGeneral.bin.zst,oracleGeneral,lru,none,782452787,78245278720,0.01,0.7340,0.8246,27914470,/users/varuncg/libCacheSim/results/cp_wss01_prefetch/logs/w23.oracleGeneral.bin.zst__lru__noprefetch__782452787.log,ok
w17.oracleGeneral.bin.zst,oracleGeneral,lru,Mithril,479192642,47919264256,0.01,0.2225,0.2934,31398089,/users/varuncg/libCacheSim/results/cp_wss01_prefetch/logs/w17.oracleGeneral.bin.zst__lru__Mithril__479192642.log,ok
w23.oracleGeneral.bin.zst,oracleGeneral,sieve,none,782452787,78245278720,0.01,0.6751,0.8128,27914470,/users/varuncg/libCacheSim/results/cp_wss01_prefetch/logs/w23.oracleGeneral.bin.zst__sieve__noprefetch__782452787.log,ok
w19.oracleGeneral.bin.zst,oracleGeneral,lru,PG,386807680,38680768000,0.01,0.9354,0.9230,31116216,/users/varuncg/libCacheSim/results/cp_wss01_prefetch/logs/w19.oracleGeneral.bin.zst__lru__PG__386807680.log,ok
w23.oracleGeneral.bin.zst,oracleGeneral,lru,OBL,782452787,78245278720,0.01,0.7157,0.8190,27914470,/users/varuncg/libCacheSim/results/cp_wss01_prefetch/logs/w23.oracleGeneral.bin.zst__lru__OBL__782452787.log,ok
w05.oracleGeneral.bin.zst,oracleGeneral,lru,Mithril,15429059020,1542905902080,0.01,0.7511,0.6405,73034546,/users/varuncg/libCacheSim/results/cp_wss01_prefetch/logs/w05.oracleGeneral.bin.zst__lru__Mithril__15429059020.log,ok
w22.oracleGeneral.bin.zst,oracleGeneral,lru,PG,713576386,71357638656,0.01,0.8911,0.7418,22248591,/users/varuncg/libCacheSim/results/cp_wss01_prefetch/logs/w22.oracleGeneral.bin.zst__lru__PG__713576386.log,ok
w23.oracleGeneral.bin.zst,oracleGeneral,sieve,OBL,782452787,78245278720,0.01,0.6424,0.7957,27914470,/users/varuncg/libCacheSim/results/cp_wss01_prefetch/logs/w23.oracleGeneral.bin.zst__sieve__OBL__782452787.log,ok
w24.oracleGeneral.bin.zst,oracleGeneral,lru,none,1007676544,100767654400,0.01,0.5996,0.7870,27165370,/users/varuncg/libCacheSim/results/cp_wss01_prefetch/logs/w24.oracleGeneral.bin.zst__lru__noprefetch__1007676544.log,ok
w17.oracleGeneral.bin.zst,oracleGeneral,sieve,Mithril,479192642,47919264256,0.01,0.2143,0.2863,31398089,/users/varuncg/libCacheSim/results/cp_wss01_prefetch/logs/w17.oracleGeneral.bin.zst__sieve__Mithril__479192642.log,ok
w24.oracleGeneral.bin.zst,oracleGeneral,lru,OBL,1007676544,100767654400,0.01,0.5996,0.7870,27165370,/users/varuncg/libCacheSim/results/cp_wss01_prefetch/logs/w24.oracleGeneral.bin.zst__lru__OBL__1007676544.log,ok
w22.oracleGeneral.bin.zst,oracleGeneral,sieve,PG,713576386,71357638656,0.01,0.8857,0.7354,22248591,/users/varuncg/libCacheSim/results/cp_wss01_prefetch/logs/w22.oracleGeneral.bin.zst__sieve__PG__713576386.log,ok
w24.oracleGeneral.bin.zst,oracleGeneral,sieve,none,1007676544,100767654400,0.01,0.5830,0.7915,27165370,/users/varuncg/libCacheSim/results/cp_wss01_prefetch/logs/w24.oracleGeneral.bin.zst__sieve__noprefetch__1007676544.log,ok
w24.oracleGeneral.bin.zst,oracleGeneral,sieve,OBL,1007676544,100767654400,0.01,0.5830,0.7915,27165370,/users/varuncg/libCacheSim/results/cp_wss01_prefetch/logs/w24.oracleGeneral.bin.zst__sieve__OBL__1007676544.log,ok
w21.oracleGeneral.bin.zst,oracleGeneral,lru,PG,4009965342,400996534272,0.01,0.8684,0.9552,29416348,/users/varuncg/libCacheSim/results/cp_wss01_prefetch/logs/w21.oracleGeneral.bin.zst__lru__PG__4009965342.log,ok
w22.oracleGeneral.bin.zst,oracleGeneral,lru,Mithril,713576386,71357638656,0.01,0.8826,0.7323,22248591,/users/varuncg/libCacheSim/results/cp_wss01_prefetch/logs/w22.oracleGeneral.bin.zst__lru__Mithril__713576386.log,ok
w05.oracleGeneral.bin.zst,oracleGeneral,sieve,Mithril,15429059020,1542905902080,0.01,0.7573,0.6430,73034546,/users/varuncg/libCacheSim/results/cp_wss01_prefetch/logs/w05.oracleGeneral.bin.zst__sieve__Mithril__15429059020.log,ok
w25.oracleGeneral.bin.zst,oracleGeneral,lru,none,1611478266,161147826688,0.01,0.9303,0.9575,26569398,/users/varuncg/libCacheSim/results/cp_wss01_prefetch/logs/w25.oracleGeneral.bin.zst__lru__noprefetch__1611478266.log,ok
w20.oracleGeneral.bin.zst,oracleGeneral,lru,Mithril,11471229905,1147122990592,0.01,0.5005,0.5458,29842317,/users/varuncg/libCacheSim/results/cp_wss01_prefetch/logs/w20.oracleGeneral.bin.zst__lru__Mithril__11471229905.log,ok
w20.oracleGeneral.bin.zst,oracleGeneral,sieve,Mithril,11471229905,1147122990592,0.01,0.4954,0.5444,29842317,/users/varuncg/libCacheSim/results/cp_wss01_prefetch/logs/w20.oracleGeneral.bin.zst__sieve__Mithril__11471229905.log,ok
w25.oracleGeneral.bin.zst,oracleGeneral,sieve,none,1611478266,161147826688,0.01,0.8642,0.9010,26569398,/users/varuncg/libCacheSim/results/cp_wss01_prefetch/logs/w25.oracleGeneral.bin.zst__sieve__noprefetch__1611478266.log,ok
w22.oracleGeneral.bin.zst,oracleGeneral,sieve,Mithril,713576386,71357638656,0.01,0.8794,0.7289,22248591,/users/varuncg/libCacheSim/results/cp_wss01_prefetch/logs/w22.oracleGeneral.bin.zst__sieve__Mithril__713576386.log,ok
w25.oracleGeneral.bin.zst,oracleGeneral,lru,OBL,1611478266,161147826688,0.01,0.9249,0.9574,26569398,/users/varuncg/libCacheSim/results/cp_wss01_prefetch/logs/w25.oracleGeneral.bin.zst__lru__OBL__1611478266.log,ok
w21.oracleGeneral.bin.zst,oracleGeneral,sieve,PG,4009965342,400996534272,0.01,0.8651,0.9538,29416348,/users/varuncg/libCacheSim/results/cp_wss01_prefetch/logs/w21.oracleGeneral.bin.zst__sieve__PG__4009965342.log,ok
w25.oracleGeneral.bin.zst,oracleGeneral,sieve,OBL,1611478266,161147826688,0.01,0.8623,0.9040,26569398,/users/varuncg/libCacheSim/results/cp_wss01_prefetch/logs/w25.oracleGeneral.bin.zst__sieve__OBL__1611478266.log,ok
w21.oracleGeneral.bin.zst,oracleGeneral,lru,Mithril,4009965342,400996534272,0.01,0.3368,0.2964,29416348,/users/varuncg/libCacheSim/results/cp_wss01_prefetch/logs/w21.oracleGeneral.bin.zst__lru__Mithril__4009965342.log,ok
w26.oracleGeneral.bin.zst,oracleGeneral,sieve,none,1520186869,152018686976,0.01,0.4992,0.7344,26532121,/users/varuncg/libCacheSim/results/cp_wss01_prefetch/logs/w26.oracleGeneral.bin.zst__sieve__noprefetch__1520186869.log,ok
w26.oracleGeneral.bin.zst,oracleGeneral,lru,none,1520186869,152018686976,0.01,0.5170,0.7481,26532121,/users/varuncg/libCacheSim/results/cp_wss01_prefetch/logs/w26.oracleGeneral.bin.zst__lru__noprefetch__1520186869.log,ok
w23.oracleGeneral.bin.zst,oracleGeneral,lru,PG,782452787,78245278720,0.01,0.7256,0.8213,27914470,/users/varuncg/libCacheSim/results/cp_wss01_prefetch/logs/w23.oracleGeneral.bin.zst__lru__PG__782452787.log,ok
w23.oracleGeneral.bin.zst,oracleGeneral,sieve,PG,782452787,78245278720,0.01,0.6580,0.7976,27914470,/users/varuncg/libCacheSim/results/cp_wss01_prefetch/logs/w23.oracleGeneral.bin.zst__sieve__PG__782452787.log,ok
w26.oracleGeneral.bin.zst,oracleGeneral,lru,OBL,1520186869,152018686976,0.01,0.5170,0.7481,26532121,/users/varuncg/libCacheSim/results/cp_wss01_prefetch/logs/w26.oracleGeneral.bin.zst__lru__OBL__1520186869.log,ok
w20.oracleGeneral.bin.zst,oracleGeneral,lru,PG,11471229905,1147122990592,0.01,0.7103,0.9202,29842317,/users/varuncg/libCacheSim/results/cp_wss01_prefetch/logs/w20.oracleGeneral.bin.zst__lru__PG__11471229905.log,ok
w21.oracleGeneral.bin.zst,oracleGeneral,sieve,Mithril,4009965342,400996534272,0.01,0.3402,0.2990,29416348,/users/varuncg/libCacheSim/results/cp_wss01_prefetch/logs/w21.oracleGeneral.bin.zst__sieve__Mithril__4009965342.log,ok
w24.oracleGeneral.bin.zst,oracleGeneral,lru,PG,1007676544,100767654400,0.01,0.5927,0.7791,27165370,/users/varuncg/libCacheSim/results/cp_wss01_prefetch/logs/w24.oracleGeneral.bin.zst__lru__PG__1007676544.log,ok
w27.oracleGeneral.bin.zst,oracleGeneral,lru,none,489817320,48981732032,0.01,0.7473,0.7048,19501541,/users/varuncg/libCacheSim/results/cp_wss01_prefetch/logs/w27.oracleGeneral.bin.zst__lru__noprefetch__489817320.log,ok
w26.oracleGeneral.bin.zst,oracleGeneral,sieve,OBL,1520186869,152018686976,0.01,0.4992,0.7344,26532121,/users/varuncg/libCacheSim/results/cp_wss01_prefetch/logs/w26.oracleGeneral.bin.zst__sieve__OBL__1520186869.log,ok
w20.oracleGeneral.bin.zst,oracleGeneral,sieve,PG,11471229905,1147122990592,0.01,0.6947,0.9142,29842317,/users/varuncg/libCacheSim/results/cp_wss01_prefetch/logs/w20.oracleGeneral.bin.zst__sieve__PG__11471229905.log,ok
w24.oracleGeneral.bin.zst,oracleGeneral,sieve,PG,1007676544,100767654400,0.01,0.5839,0.7815,27165370,/users/varuncg/libCacheSim/results/cp_wss01_prefetch/logs/w24.oracleGeneral.bin.zst__sieve__PG__1007676544.log,ok
w27.oracleGeneral.bin.zst,oracleGeneral,lru,OBL,489817320,48981732032,0.01,0.7473,0.7048,19501541,/users/varuncg/libCacheSim/results/cp_wss01_prefetch/logs/w27.oracleGeneral.bin.zst__lru__OBL__489817320.log,ok
w27.oracleGeneral.bin.zst,oracleGeneral,sieve,none,489817320,48981732032,0.01,0.7967,0.7796,19501541,/users/varuncg/libCacheSim/results/cp_wss01_prefetch/logs/w27.oracleGeneral.bin.zst__sieve__noprefetch__489817320.log,ok
w27.oracleGeneral.bin.zst,oracleGeneral,sieve,OBL,489817320,48981732032,0.01,0.7967,0.7796,19501541,/users/varuncg/libCacheSim/results/cp_wss01_prefetch/logs/w27.oracleGeneral.bin.zst__sieve__OBL__489817320.log,ok
w11.oracleGeneral.bin.zst,oracleGeneral,sieve,Mithril,812875520,81287552000,0.01,0.6804,0.6639,46173369,/users/varuncg/libCacheSim/results/cp_wss01_prefetch/logs/w11.oracleGeneral.bin.zst__sieve__Mithril__812875520.log,ok
w19.oracleGeneral.bin.zst,oracleGeneral,sieve,Mithril,386807680,38680768000,0.01,0.2149,0.1805,31116216,/users/varuncg/libCacheSim/results/cp_wss01_prefetch/logs/w19.oracleGeneral.bin.zst__sieve__Mithril__386807680.log,ok
w11.oracleGeneral.bin.zst,oracleGeneral,lru,Mithril,812875520,81287552000,0.01,0.6749,0.6685,46173369,/users/varuncg/libCacheSim/results/cp_wss01_prefetch/logs/w11.oracleGeneral.bin.zst__lru__Mithril__812875520.log,ok
w28.oracleGeneral.bin.zst,oracleGeneral,lru,none,2290012592,229001259200,0.01,0.7850,0.8603,19739621,/users/varuncg/libCacheSim/results/cp_wss01_prefetch/logs/w28.oracleGeneral.bin.zst__lru__noprefetch__2290012592.log,ok
w28.oracleGeneral.bin.zst,oracleGeneral,sieve,none,2290012592,229001259200,0.01,0.7486,0.8487,19739621,/users/varuncg/libCacheSim/results/cp_wss01_prefetch/logs/w28.oracleGeneral.bin.zst__sieve__noprefetch__2290012592.log,ok
w28.oracleGeneral.bin.zst,oracleGeneral,lru,OBL,2290012592,229001259200,0.01,0.7846,0.8602,19739621,/users/varuncg/libCacheSim/results/cp_wss01_prefetch/logs/w28.oracleGeneral.bin.zst__lru__OBL__2290012592.log,ok
w19.oracleGeneral.bin.zst,oracleGeneral,lru,Mithril,386807680,38680768000,0.01,0.2022,0.1665,31116216,/users/varuncg/libCacheSim/results/cp_wss01_prefetch/logs/w19.oracleGeneral.bin.zst__lru__Mithril__386807680.log,ok
w28.oracleGeneral.bin.zst,oracleGeneral,sieve,OBL,2290012592,229001259200,0.01,0.7482,0.8487,19739621,/users/varuncg/libCacheSim/results/cp_wss01_prefetch/logs/w28.oracleGeneral.bin.zst__sieve__OBL__2290012592.log,ok
w29.oracleGeneral.bin.zst,oracleGeneral,lru,none,504006248,50400624832,0.01,0.6666,0.6624,19087784,/users/varuncg/libCacheSim/results/cp_wss01_prefetch/logs/w29.oracleGeneral.bin.zst__lru__noprefetch__504006248.log,ok
w29.oracleGeneral.bin.zst,oracleGeneral,sieve,none,504006248,50400624832,0.01,0.7189,0.7556,19087784,/users/varuncg/libCacheSim/results/cp_wss01_prefetch/logs/w29.oracleGeneral.bin.zst__sieve__noprefetch__504006248.log,ok
w29.oracleGeneral.bin.zst,oracleGeneral,lru,OBL,504006248,50400624832,0.01,0.6666,0.6624,19087784,/users/varuncg/libCacheSim/results/cp_wss01_prefetch/logs/w29.oracleGeneral.bin.zst__lru__OBL__504006248.log,ok
w29.oracleGeneral.bin.zst,oracleGeneral,sieve,OBL,504006248,50400624832,0.01,0.7189,0.7556,19087784,/users/varuncg/libCacheSim/results/cp_wss01_prefetch/logs/w29.oracleGeneral.bin.zst__sieve__OBL__504006248.log,ok
w24.oracleGeneral.bin.zst,oracleGeneral,lru,Mithril,1007676544,100767654400,0.01,,,,/users/varuncg/libCacheSim/results/cp_wss01_prefetch/logs/w24.oracleGeneral.bin.zst__lru__Mithril__1007676544.log,fail:134
w27.oracleGeneral.bin.zst,oracleGeneral,lru,PG,489817320,48981732032,0.01,0.7460,0.7042,19501541,/users/varuncg/libCacheSim/results/cp_wss01_prefetch/logs/w27.oracleGeneral.bin.zst__lru__PG__489817320.log,ok
w27.oracleGeneral.bin.zst,oracleGeneral,sieve,PG,489817320,48981732032,0.01,0.7931,0.7731,19501541,/users/varuncg/libCacheSim/results/cp_wss01_prefetch/logs/w27.oracleGeneral.bin.zst__sieve__PG__489817320.log,ok
w30.oracleGeneral.bin.zst,oracleGeneral,lru,none,304823546,30482354688,0.01,0.6804,0.6471,21390010,/users/varuncg/libCacheSim/results/cp_wss01_prefetch/logs/w30.oracleGeneral.bin.zst__lru__noprefetch__304823546.log,ok
w26.oracleGeneral.bin.zst,oracleGeneral,lru,PG,1520186869,152018686976,0.01,0.4995,0.7302,26532121,/users/varuncg/libCacheSim/results/cp_wss01_prefetch/logs/w26.oracleGeneral.bin.zst__lru__PG__1520186869.log,ok
w01.oracleGeneral.bin.zst,oracleGeneral,sieve,Mithril,6859525155,685952515584,0.01,0.8375,0.7667,215796257,/users/varuncg/libCacheSim/results/cp_wss01_prefetch/logs/w01.oracleGeneral.bin.zst__sieve__Mithril__6859525155.log,ok
w30.oracleGeneral.bin.zst,oracleGeneral,lru,OBL,304823546,30482354688,0.01,0.6804,0.6471,21390010,/users/varuncg/libCacheSim/results/cp_wss01_prefetch/logs/w30.oracleGeneral.bin.zst__lru__OBL__304823546.log,ok
w30.oracleGeneral.bin.zst,oracleGeneral,sieve,none,304823546,30482354688,0.01,0.8841,0.9105,21390010,/users/varuncg/libCacheSim/results/cp_wss01_prefetch/logs/w30.oracleGeneral.bin.zst__sieve__noprefetch__304823546.log,ok
w27.oracleGeneral.bin.zst,oracleGeneral,sieve,Mithril,489817320,48981732032,0.01,,,,/users/varuncg/libCacheSim/results/cp_wss01_prefetch/logs/w27.oracleGeneral.bin.zst__sieve__Mithril__489817320.log,fail:1
w24.oracleGeneral.bin.zst,oracleGeneral,sieve,Mithril,1007676544,100767654400,0.01,0.4401,0.5757,27165370,/users/varuncg/libCacheSim/results/cp_wss01_prefetch/logs/w24.oracleGeneral.bin.zst__sieve__Mithril__1007676544.log,ok
w30.oracleGeneral.bin.zst,oracleGeneral,sieve,OBL,304823546,30482354688,0.01,0.8841,0.9105,21390010,/users/varuncg/libCacheSim/results/cp_wss01_prefetch/logs/w30.oracleGeneral.bin.zst__sieve__OBL__304823546.log,ok
w26.oracleGeneral.bin.zst,oracleGeneral,sieve,PG,1520186869,152018686976,0.01,0.4839,0.7185,26532121,/users/varuncg/libCacheSim/results/cp_wss01_prefetch/logs/w26.oracleGeneral.bin.zst__sieve__PG__1520186869.log,ok
w25.oracleGeneral.bin.zst,oracleGeneral,lru,Mithril,1611478266,161147826688,0.01,0.2697,0.2349,26569398,/users/varuncg/libCacheSim/results/cp_wss01_prefetch/logs/w25.oracleGeneral.bin.zst__lru__Mithril__1611478266.log,ok
w29.oracleGeneral.bin.zst,oracleGeneral,lru,PG,504006248,50400624832,0.01,0.6663,0.6622,19087784,/users/varuncg/libCacheSim/results/cp_wss01_prefetch/logs/w29.oracleGeneral.bin.zst__lru__PG__504006248.log,ok
w29.oracleGeneral.bin.zst,oracleGeneral,sieve,PG,504006248,50400624832,0.01,0.7238,0.7593,19087784,/users/varuncg/libCacheSim/results/cp_wss01_prefetch/logs/w29.oracleGeneral.bin.zst__sieve__PG__504006248.log,ok
w28.oracleGeneral.bin.zst,oracleGeneral,sieve,PG,2290012592,229001259200,0.01,0.7437,0.8408,19739621,/users/varuncg/libCacheSim/results/cp_wss01_prefetch/logs/w28.oracleGeneral.bin.zst__sieve__PG__2290012592.log,ok
w28.oracleGeneral.bin.zst,oracleGeneral,lru,PG,2290012592,229001259200,0.01,0.7788,0.8559,19739621,/users/varuncg/libCacheSim/results/cp_wss01_prefetch/logs/w28.oracleGeneral.bin.zst__lru__PG__2290012592.log,ok
w27.oracleGeneral.bin.zst,oracleGeneral,lru,Mithril,489817320,48981732032,0.01,,,,/users/varuncg/libCacheSim/results/cp_wss01_prefetch/logs/w27.oracleGeneral.bin.zst__lru__Mithril__489817320.log,fail:1
w31.oracleGeneral.bin.zst,oracleGeneral,lru,none,28071554698,2807155469824,0.01,0.9033,0.9882,21166982,/users/varuncg/libCacheSim/results/cp_wss01_prefetch/logs/w31.oracleGeneral.bin.zst__lru__noprefetch__28071554698.log,ok
w31.oracleGeneral.bin.zst,oracleGeneral,lru,OBL,28071554698,2807155469824,0.01,0.9033,0.9882,21166982,/users/varuncg/libCacheSim/results/cp_wss01_prefetch/logs/w31.oracleGeneral.bin.zst__lru__OBL__28071554698.log,ok
w31.oracleGeneral.bin.zst,oracleGeneral,sieve,none,28071554698,2807155469824,0.01,0.8749,0.9823,21166982,/users/varuncg/libCacheSim/results/cp_wss01_prefetch/logs/w31.oracleGeneral.bin.zst__sieve__noprefetch__28071554698.log,ok
w32.oracleGeneral.bin.zst,oracleGeneral,lru,none,478672706,47867270656,0.01,0.7303,0.6003,20776392,/users/varuncg/libCacheSim/results/cp_wss01_prefetch/logs/w32.oracleGeneral.bin.zst__lru__noprefetch__478672706.log,ok
w31.oracleGeneral.bin.zst,oracleGeneral,sieve,OBL,28071554698,2807155469824,0.01,0.8749,0.9823,21166982,/users/varuncg/libCacheSim/results/cp_wss01_prefetch/logs/w31.oracleGeneral.bin.zst__sieve__OBL__28071554698.log,ok
w33.oracleGeneral.bin.zst,oracleGeneral,lru,none,90925424,9092542464,0.01,0.1998,0.3619,19868346,/users/varuncg/libCacheSim/results/cp_wss01_prefetch/logs/w33.oracleGeneral.bin.zst__lru__noprefetch__90925424.log,ok
w32.oracleGeneral.bin.zst,oracleGeneral,lru,OBL,478672706,47867270656,0.01,0.7303,0.6003,20776392,/users/varuncg/libCacheSim/results/cp_wss01_prefetch/logs/w32.oracleGeneral.bin.zst__lru__OBL__478672706.log,ok
w25.oracleGeneral.bin.zst,oracleGeneral,sieve,Mithril,1611478266,161147826688,0.01,0.2806,0.2412,26569398,/users/varuncg/libCacheSim/results/cp_wss01_prefetch/logs/w25.oracleGeneral.bin.zst__sieve__Mithril__1611478266.log,ok
w25.oracleGeneral.bin.zst,oracleGeneral,lru,PG,1611478266,161147826688,0.01,0.7399,0.7390,26569398,/users/varuncg/libCacheSim/results/cp_wss01_prefetch/logs/w25.oracleGeneral.bin.zst__lru__PG__1611478266.log,ok
w30.oracleGeneral.bin.zst,oracleGeneral,sieve,PG,304823546,30482354688,0.01,0.8810,0.9196,21390010,/users/varuncg/libCacheSim/results/cp_wss01_prefetch/logs/w30.oracleGeneral.bin.zst__sieve__PG__304823546.log,ok
w33.oracleGeneral.bin.zst,oracleGeneral,lru,OBL,90925424,9092542464,0.01,0.1998,0.3619,19868346,/users/varuncg/libCacheSim/results/cp_wss01_prefetch/logs/w33.oracleGeneral.bin.zst__lru__OBL__90925424.log,ok
w26.oracleGeneral.bin.zst,oracleGeneral,sieve,Mithril,1520186869,152018686976,0.01,0.3509,0.5298,26532121,/users/varuncg/libCacheSim/results/cp_wss01_prefetch/logs/w26.oracleGeneral.bin.zst__sieve__Mithril__1520186869.log,ok
w26.oracleGeneral.bin.zst,oracleGeneral,lru,Mithril,1520186869,152018686976,0.01,0.3543,0.5310,26532121,/users/varuncg/libCacheSim/results/cp_wss01_prefetch/logs/w26.oracleGeneral.bin.zst__lru__Mithril__1520186869.log,ok
w32.oracleGeneral.bin.zst,oracleGeneral,sieve,none,478672706,47867270656,0.01,0.7200,0.6017,20776392,/users/varuncg/libCacheSim/results/cp_wss01_prefetch/logs/w32.oracleGeneral.bin.zst__sieve__noprefetch__478672706.log,ok
w33.oracleGeneral.bin.zst,oracleGeneral,sieve,none,90925424,9092542464,0.01,0.1993,0.3607,19868346,/users/varuncg/libCacheSim/results/cp_wss01_prefetch/logs/w33.oracleGeneral.bin.zst__sieve__noprefetch__90925424.log,ok
w32.oracleGeneral.bin.zst,oracleGeneral,sieve,OBL,478672706,47867270656,0.01,0.7200,0.6017,20776392,/users/varuncg/libCacheSim/results/cp_wss01_prefetch/logs/w32.oracleGeneral.bin.zst__sieve__OBL__478672706.log,ok
w33.oracleGeneral.bin.zst,oracleGeneral,sieve,OBL,90925424,9092542464,0.01,0.1993,0.3607,19868346,/users/varuncg/libCacheSim/results/cp_wss01_prefetch/logs/w33.oracleGeneral.bin.zst__sieve__OBL__90925424.log,ok
w30.oracleGeneral.bin.zst,oracleGeneral,lru,PG,304823546,30482354688,0.01,0.6662,0.6411,21390010,/users/varuncg/libCacheSim/results/cp_wss01_prefetch/logs/w30.oracleGeneral.bin.zst__lru__PG__304823546.log,ok
w23.oracleGeneral.bin.zst,oracleGeneral,sieve,Mithril,782452787,78245278720,0.01,,,,/users/varuncg/libCacheSim/results/cp_wss01_prefetch/logs/w23.oracleGeneral.bin.zst__sieve__Mithril__782452787.log,fail:134
w28.oracleGeneral.bin.zst,oracleGeneral,sieve,Mithril,2290012592,229001259200,0.01,0.5842,0.6912,19739621,/users/varuncg/libCacheSim/results/cp_wss01_prefetch/logs/w28.oracleGeneral.bin.zst__sieve__Mithril__2290012592.log,ok
w28.oracleGeneral.bin.zst,oracleGeneral,lru,Mithril,2290012592,229001259200,0.01,0.5793,0.6818,19739621,/users/varuncg/libCacheSim/results/cp_wss01_prefetch/logs/w28.oracleGeneral.bin.zst__lru__Mithril__2290012592.log,ok
w25.oracleGeneral.bin.zst,oracleGeneral,sieve,PG,1611478266,161147826688,0.01,0.7450,0.7434,26569398,/users/varuncg/libCacheSim/results/cp_wss01_prefetch/logs/w25.oracleGeneral.bin.zst__sieve__PG__1611478266.log,ok
w29.oracleGeneral.bin.zst,oracleGeneral,sieve,Mithril,504006248,50400624832,0.01,,,,/users/varuncg/libCacheSim/results/cp_wss01_prefetch/logs/w29.oracleGeneral.bin.zst__sieve__Mithril__504006248.log,fail:1
w35.oracleGeneral.bin.zst,oracleGeneral,lru,none,559016535,55901653504,0.01,0.1587,0.4911,15415663,/users/varuncg/libCacheSim/results/cp_wss01_prefetch/logs/w35.oracleGeneral.bin.zst__lru__noprefetch__559016535.log,ok
w29.oracleGeneral.bin.zst,oracleGeneral,lru,Mithril,504006248,50400624832,0.01,,,,/users/varuncg/libCacheSim/results/cp_wss01_prefetch/logs/w29.oracleGeneral.bin.zst__lru__Mithril__504006248.log,fail:1
w34.oracleGeneral.bin.zst,oracleGeneral,sieve,OBL,2203932963,220393296384,0.01,0.7317,0.9278,19553551,/users/varuncg/libCacheSim/results/cp_wss01_prefetch/logs/w34.oracleGeneral.bin.zst__sieve__OBL__2203932963.log,ok
w34.oracleGeneral.bin.zst,oracleGeneral,sieve,none,2203932963,220393296384,0.01,0.7317,0.9278,19553551,/users/varuncg/libCacheSim/results/cp_wss01_prefetch/logs/w34.oracleGeneral.bin.zst__sieve__noprefetch__2203932963.log,ok
w34.oracleGeneral.bin.zst,oracleGeneral,lru,none,2203932963,220393296384,0.01,0.7298,0.7610,19553551,/users/varuncg/libCacheSim/results/cp_wss01_prefetch/logs/w34.oracleGeneral.bin.zst__lru__noprefetch__2203932963.log,ok
w35.oracleGeneral.bin.zst,oracleGeneral,lru,OBL,559016535,55901653504,0.01,0.1587,0.4911,15415663,/users/varuncg/libCacheSim/results/cp_wss01_prefetch/logs/w35.oracleGeneral.bin.zst__lru__OBL__559016535.log,ok
w35.oracleGeneral.bin.zst,oracleGeneral,sieve,none,559016535,55901653504,0.01,0.1461,0.4677,15415663,/users/varuncg/libCacheSim/results/cp_wss01_prefetch/logs/w35.oracleGeneral.bin.zst__sieve__noprefetch__559016535.log,ok
w34.oracleGeneral.bin.zst,oracleGeneral,lru,OBL,2203932963,220393296384,0.01,0.7297,0.7609,19553551,/users/varuncg/libCacheSim/results/cp_wss01_prefetch/logs/w34.oracleGeneral.bin.zst__lru__OBL__2203932963.log,ok
w33.oracleGeneral.bin.zst,oracleGeneral,lru,PG,90925424,9092542464,0.01,0.1998,0.3618,19868346,/users/varuncg/libCacheSim/results/cp_wss01_prefetch/logs/w33.oracleGeneral.bin.zst__lru__PG__90925424.log,ok
w35.oracleGeneral.bin.zst,oracleGeneral,sieve,OBL,559016535,55901653504,0.01,0.1461,0.4677,15415663,/users/varuncg/libCacheSim/results/cp_wss01_prefetch/logs/w35.oracleGeneral.bin.zst__sieve__OBL__559016535.log,ok
w33.oracleGeneral.bin.zst,oracleGeneral,sieve,PG,90925424,9092542464,0.01,0.1993,0.3605,19868346,/users/varuncg/libCacheSim/results/cp_wss01_prefetch/logs/w33.oracleGeneral.bin.zst__sieve__PG__90925424.log,ok
w36.oracleGeneral.bin.zst,oracleGeneral,lru,OBL,83388620,8338862080,0.01,0.1883,0.3575,18915625,/users/varuncg/libCacheSim/results/cp_wss01_prefetch/logs/w36.oracleGeneral.bin.zst__lru__OBL__83388620.log,ok
w32.oracleGeneral.bin.zst,oracleGeneral,lru,PG,478672706,47867270656,0.01,0.7211,0.5851,20776392,/users/varuncg/libCacheSim/results/cp_wss01_prefetch/logs/w32.oracleGeneral.bin.zst__lru__PG__478672706.log,ok
w36.oracleGeneral.bin.zst,oracleGeneral,lru,none,83388620,8338862080,0.01,0.1883,0.3575,18915625,/users/varuncg/libCacheSim/results/cp_wss01_prefetch/logs/w36.oracleGeneral.bin.zst__lru__noprefetch__83388620.log,ok
w36.oracleGeneral.bin.zst,oracleGeneral,sieve,none,83388620,8338862080,0.01,0.1883,0.3568,18915625,/users/varuncg/libCacheSim/results/cp_wss01_prefetch/logs/w36.oracleGeneral.bin.zst__sieve__noprefetch__83388620.log,ok
w36.oracleGeneral.bin.zst,oracleGeneral,sieve,OBL,83388620,8338862080,0.01,0.1883,0.3568,18915625,/users/varuncg/libCacheSim/results/cp_wss01_prefetch/logs/w36.oracleGeneral.bin.zst__sieve__OBL__83388620.log,ok
w23.oracleGeneral.bin.zst,oracleGeneral,lru,Mithril,782452787,78245278720,0.01,0.5913,0.4308,27914470,/users/varuncg/libCacheSim/results/cp_wss01_prefetch/logs/w23.oracleGeneral.bin.zst__lru__Mithril__782452787.log,ok
w33.oracleGeneral.bin.zst,oracleGeneral,lru,Mithril,90925424,9092542464,0.01,0.1981,0.3334,19868346,/users/varuncg/libCacheSim/results/cp_wss01_prefetch/logs/w33.oracleGeneral.bin.zst__lru__Mithril__90925424.log,ok
w32.oracleGeneral.bin.zst,oracleGeneral,sieve,PG,478672706,47867270656,0.01,0.7190,0.5927,20776392,/users/varuncg/libCacheSim/results/cp_wss01_prefetch/logs/w32.oracleGeneral.bin.zst__sieve__PG__478672706.log,ok
w33.oracleGeneral.bin.zst,oracleGeneral,sieve,Mithril,90925424,9092542464,0.01,0.2030,0.3349,19868346,/users/varuncg/libCacheSim/results/cp_wss01_prefetch/logs/w33.oracleGeneral.bin.zst__sieve__Mithril__90925424.log,ok
w37.oracleGeneral.bin.zst,oracleGeneral,lru,none,499892674,49989267456,0.01,0.7870,0.8544,18840688,/users/varuncg/libCacheSim/results/cp_wss01_prefetch/logs/w37.oracleGeneral.bin.zst__lru__noprefetch__499892674.log,ok
w37.oracleGeneral.bin.zst,oracleGeneral,sieve,OBL,499892674,49989267456,0.01,0.7246,0.8140,18840688,/users/varuncg/libCacheSim/results/cp_wss01_prefetch/logs/w37.oracleGeneral.bin.zst__sieve__OBL__499892674.log,ok
w32.oracleGeneral.bin.zst,oracleGeneral,lru,Mithril,478672706,47867270656,0.01,0.3822,0.3931,20776392,/users/varuncg/libCacheSim/results/cp_wss01_prefetch/logs/w32.oracleGeneral.bin.zst__lru__Mithril__478672706.log,ok
w37.oracleGeneral.bin.zst,oracleGeneral,sieve,none,499892674,49989267456,0.01,0.7246,0.8140,18840688,/users/varuncg/libCacheSim/results/cp_wss01_prefetch/logs/w37.oracleGeneral.bin.zst__sieve__noprefetch__499892674.log,ok
w37.oracleGeneral.bin.zst,oracleGeneral,lru,OBL,499892674,49989267456,0.01,0.7870,0.8544,18840688,/users/varuncg/libCacheSim/results/cp_wss01_prefetch/logs/w37.oracleGeneral.bin.zst__lru__OBL__499892674.log,ok
w36.oracleGeneral.bin.zst,oracleGeneral,lru,PG,83388620,8338862080,0.01,0.1883,0.3574,18915625,/users/varuncg/libCacheSim/results/cp_wss01_prefetch/logs/w36.oracleGeneral.bin.zst__lru__PG__83388620.log,ok
w32.oracleGeneral.bin.zst,oracleGeneral,sieve,Mithril,478672706,47867270656,0.01,0.3860,0.3952,20776392,/users/varuncg/libCacheSim/results/cp_wss01_prefetch/logs/w32.oracleGeneral.bin.zst__sieve__Mithril__478672706.log,ok
w38.oracleGeneral.bin.zst,oracleGeneral,lru,OBL,294913397,29491339776,0.01,0.6983,0.6900,18535323,/users/varuncg/libCacheSim/results/cp_wss01_prefetch/logs/w38.oracleGeneral.bin.zst__lru__OBL__294913397.log,ok
w38.oracleGeneral.bin.zst,oracleGeneral,lru,none,294913397,29491339776,0.01,0.6983,0.6900,18535323,/users/varuncg/libCacheSim/results/cp_wss01_prefetch/logs/w38.oracleGeneral.bin.zst__lru__noprefetch__294913397.log,ok
w36.oracleGeneral.bin.zst,oracleGeneral,sieve,PG,83388620,8338862080,0.01,0.1882,0.3567,18915625,/users/varuncg/libCacheSim/results/cp_wss01_prefetch/logs/w36.oracleGeneral.bin.zst__sieve__PG__83388620.log,ok
w38.oracleGeneral.bin.zst,oracleGeneral,lru,Mithril,294913397,29491339776,0.01,,,,/users/varuncg/libCacheSim/results/cp_wss01_prefetch/logs/w38.oracleGeneral.bin.zst__lru__Mithril__294913397.log,fail:134
w39.oracleGeneral.bin.zst,oracleGeneral,lru,none,61387223,6138722304,0.01,0.1321,0.1704,17920022,/users/varuncg/libCacheSim/results/cp_wss01_prefetch/logs/w39.oracleGeneral.bin.zst__lru__noprefetch__61387223.log,ok
w38.oracleGeneral.bin.zst,oracleGeneral,sieve,Mithril,294913397,29491339776,0.01,,,,/users/varuncg/libCacheSim/results/cp_wss01_prefetch/logs/w38.oracleGeneral.bin.zst__sieve__Mithril__294913397.log,fail:134
w31.oracleGeneral.bin.zst,oracleGeneral,sieve,Mithril,28071554698,2807155469824,0.01,0.7560,0.6567,21166982,/users/varuncg/libCacheSim/results/cp_wss01_prefetch/logs/w31.oracleGeneral.bin.zst__sieve__Mithril__28071554698.log,ok
w36.oracleGeneral.bin.zst,oracleGeneral,sieve,Mithril,83388620,8338862080,0.01,0.1887,0.3332,18915625,/users/varuncg/libCacheSim/results/cp_wss01_prefetch/logs/w36.oracleGeneral.bin.zst__sieve__Mithril__83388620.log,ok
w36.oracleGeneral.bin.zst,oracleGeneral,lru,Mithril,83388620,8338862080,0.01,0.1854,0.3299,18915625,/users/varuncg/libCacheSim/results/cp_wss01_prefetch/logs/w36.oracleGeneral.bin.zst__lru__Mithril__83388620.log,ok
w35.oracleGeneral.bin.zst,oracleGeneral,sieve,Mithril,559016535,55901653504,0.01,0.1234,0.4582,15415663,/users/varuncg/libCacheSim/results/cp_wss01_prefetch/logs/w35.oracleGeneral.bin.zst__sieve__Mithril__559016535.log,ok
w39.oracleGeneral.bin.zst,oracleGeneral,lru,OBL,61387223,6138722304,0.01,0.1321,0.1704,17920022,/users/varuncg/libCacheSim/results/cp_wss01_prefetch/logs/w39.oracleGeneral.bin.zst__lru__OBL__61387223.log,ok
w31.oracleGeneral.bin.zst,oracleGeneral,lru,Mithril,28071554698,2807155469824,0.01,0.7677,0.6591,21166982,/users/varuncg/libCacheSim/results/cp_wss01_prefetch/logs/w31.oracleGeneral.bin.zst__lru__Mithril__28071554698.log,ok
w39.oracleGeneral.bin.zst,oracleGeneral,sieve,none,61387223,6138722304,0.01,0.1308,0.1692,17920022,/users/varuncg/libCacheSim/results/cp_wss01_prefetch/logs/w39.oracleGeneral.bin.zst__sieve__noprefetch__61387223.log,ok
w30.oracleGeneral.bin.zst,oracleGeneral,sieve,Mithril,304823546,30482354688,0.01,,,,/users/varuncg/libCacheSim/results/cp_wss01_prefetch/logs/w30.oracleGeneral.bin.zst__sieve__Mithril__304823546.log,fail:134
w30.oracleGeneral.bin.zst,oracleGeneral,lru,Mithril,304823546,30482354688,0.01,,,,/users/varuncg/libCacheSim/results/cp_wss01_prefetch/logs/w30.oracleGeneral.bin.zst__lru__Mithril__304823546.log,fail:134
w39.oracleGeneral.bin.zst,oracleGeneral,sieve,OBL,61387223,6138722304,0.01,0.1308,0.1692,17920022,/users/varuncg/libCacheSim/results/cp_wss01_prefetch/logs/w39.oracleGeneral.bin.zst__sieve__OBL__61387223.log,ok
w38.oracleGeneral.bin.zst,oracleGeneral,sieve,none,294913397,29491339776,0.01,0.6976,0.7059,18535323,/users/varuncg/libCacheSim/results/cp_wss01_prefetch/logs/w38.oracleGeneral.bin.zst__sieve__noprefetch__294913397.log,ok
w40.oracleGeneral.bin.zst,oracleGeneral,lru,none,70130365,7013036544,0.01,0.1604,0.2530,17657232,/users/varuncg/libCacheSim/results/cp_wss01_prefetch/logs/w40.oracleGeneral.bin.zst__lru__noprefetch__70130365.log,ok
w38.oracleGeneral.bin.zst,oracleGeneral,sieve,OBL,294913397,29491339776,0.01,0.6976,0.7059,18535323,/users/varuncg/libCacheSim/results/cp_wss01_prefetch/logs/w38.oracleGeneral.bin.zst__sieve__OBL__294913397.log,ok
w40.oracleGeneral.bin.zst,oracleGeneral,sieve,none,70130365,7013036544,0.01,0.1591,0.2514,17657232,/users/varuncg/libCacheSim/results/cp_wss01_prefetch/logs/w40.oracleGeneral.bin.zst__sieve__noprefetch__70130365.log,ok
w40.oracleGeneral.bin.zst,oracleGeneral,lru,OBL,70130365,7013036544,0.01,0.1604,0.2530,17657232,/users/varuncg/libCacheSim/results/cp_wss01_prefetch/logs/w40.oracleGeneral.bin.zst__lru__OBL__70130365.log,ok
w40.oracleGeneral.bin.zst,oracleGeneral,sieve,OBL,70130365,7013036544,0.01,0.1591,0.2514,17657232,/users/varuncg/libCacheSim/results/cp_wss01_prefetch/logs/w40.oracleGeneral.bin.zst__sieve__OBL__70130365.log,ok
w41.oracleGeneral.bin.zst,oracleGeneral,lru,none,100014366,10001436672,0.01,0.1398,0.2795,17004738,/users/varuncg/libCacheSim/results/cp_wss01_prefetch/logs/w41.oracleGeneral.bin.zst__lru__noprefetch__100014366.log,ok
w41.oracleGeneral.bin.zst,oracleGeneral,lru,OBL,100014366,10001436672,0.01,0.1398,0.2795,17004738,/users/varuncg/libCacheSim/results/cp_wss01_prefetch/logs/w41.oracleGeneral.bin.zst__lru__OBL__100014366.log,ok
w41.oracleGeneral.bin.zst,oracleGeneral,sieve,none,100014366,10001436672,0.01,0.1375,0.2770,17004738,/users/varuncg/libCacheSim/results/cp_wss01_prefetch/logs/w41.oracleGeneral.bin.zst__sieve__noprefetch__100014366.log,ok
w37.oracleGeneral.bin.zst,oracleGeneral,lru,PG,499892674,49989267456,0.01,0.7821,0.8508,18840688,/users/varuncg/libCacheSim/results/cp_wss01_prefetch/logs/w37.oracleGeneral.bin.zst__lru__PG__499892674.log,ok
w34.oracleGeneral.bin.zst,oracleGeneral,sieve,PG,2203932963,220393296384,0.01,0.7470,0.8898,19553551,/users/varuncg/libCacheSim/results/cp_wss01_prefetch/logs/w34.oracleGeneral.bin.zst__sieve__PG__2203932963.log,ok
w34.oracleGeneral.bin.zst,oracleGeneral,lru,PG,2203932963,220393296384,0.01,0.6839,0.7117,19553551,/users/varuncg/libCacheSim/results/cp_wss01_prefetch/logs/w34.oracleGeneral.bin.zst__lru__PG__2203932963.log,ok
w41.oracleGeneral.bin.zst,oracleGeneral,sieve,OBL,100014366,10001436672,0.01,0.1375,0.2770,17004738,/users/varuncg/libCacheSim/results/cp_wss01_prefetch/logs/w41.oracleGeneral.bin.zst__sieve__OBL__100014366.log,ok
w35.oracleGeneral.bin.zst,oracleGeneral,lru,PG,559016535,55901653504,0.01,0.1564,0.4889,15415663,/users/varuncg/libCacheSim/results/cp_wss01_prefetch/logs/w35.oracleGeneral.bin.zst__lru__PG__559016535.log,ok
w37.oracleGeneral.bin.zst,oracleGeneral,sieve,PG,499892674,49989267456,0.01,0.7208,0.8114,18840688,/users/varuncg/libCacheSim/results/cp_wss01_prefetch/logs/w37.oracleGeneral.bin.zst__sieve__PG__499892674.log,ok
w35.oracleGeneral.bin.zst,oracleGeneral,lru,Mithril,559016535,55901653504,0.01,0.1832,0.5330,15415663,/users/varuncg/libCacheSim/results/cp_wss01_prefetch/logs/w35.oracleGeneral.bin.zst__lru__Mithril__559016535.log,ok
w35.oracleGeneral.bin.zst,oracleGeneral,sieve,PG,559016535,55901653504,0.01,0.1433,0.4624,15415663,/users/varuncg/libCacheSim/results/cp_wss01_prefetch/logs/w35.oracleGeneral.bin.zst__sieve__PG__559016535.log,ok
w39.oracleGeneral.bin.zst,oracleGeneral,lru,Mithril,61387223,6138722304,0.01,0.1244,0.1588,17920022,/users/varuncg/libCacheSim/results/cp_wss01_prefetch/logs/w39.oracleGeneral.bin.zst__lru__Mithril__61387223.log,ok
w38.oracleGeneral.bin.zst,oracleGeneral,lru,PG,294913397,29491339776,0.01,0.6915,0.6867,18535323,/users/varuncg/libCacheSim/results/cp_wss01_prefetch/logs/w38.oracleGeneral.bin.zst__lru__PG__294913397.log,ok
w38.oracleGeneral.bin.zst,oracleGeneral,sieve,PG,294913397,29491339776,0.01,0.6949,0.7048,18535323,/users/varuncg/libCacheSim/results/cp_wss01_prefetch/logs/w38.oracleGeneral.bin.zst__sieve__PG__294913397.log,ok
w39.oracleGeneral.bin.zst,oracleGeneral,sieve,Mithril,61387223,6138722304,0.01,0.1248,0.1594,17920022,/users/varuncg/libCacheSim/results/cp_wss01_prefetch/logs/w39.oracleGeneral.bin.zst__sieve__Mithril__61387223.log,ok
w39.oracleGeneral.bin.zst,oracleGeneral,lru,PG,61387223,6138722304,0.01,0.1320,0.1703,17920022,/users/varuncg/libCacheSim/results/cp_wss01_prefetch/logs/w39.oracleGeneral.bin.zst__lru__PG__61387223.log,ok
w42.oracleGeneral.bin.zst,oracleGeneral,lru,none,619452001,61945200128,0.01,0.8081,0.7630,16894445,/users/varuncg/libCacheSim/results/cp_wss01_prefetch/logs/w42.oracleGeneral.bin.zst__lru__noprefetch__619452001.log,ok
w42.oracleGeneral.bin.zst,oracleGeneral,lru,OBL,619452001,61945200128,0.01,0.8080,0.7630,16894445,/users/varuncg/libCacheSim/results/cp_wss01_prefetch/logs/w42.oracleGeneral.bin.zst__lru__OBL__619452001.log,ok
w40.oracleGeneral.bin.zst,oracleGeneral,lru,PG,70130365,7013036544,0.01,0.1603,0.2530,17657232,/users/varuncg/libCacheSim/results/cp_wss01_prefetch/logs/w40.oracleGeneral.bin.zst__lru__PG__70130365.log,ok
w42.oracleGeneral.bin.zst,oracleGeneral,sieve,none,619452001,61945200128,0.01,0.7866,0.7329,16894445,/users/varuncg/libCacheSim/results/cp_wss01_prefetch/logs/w42.oracleGeneral.bin.zst__sieve__noprefetch__619452001.log,ok
w40.oracleGeneral.bin.zst,oracleGeneral,sieve,Mithril,70130365,7013036544,0.01,0.1573,0.2413,17657232,/users/varuncg/libCacheSim/results/cp_wss01_prefetch/logs/w40.oracleGeneral.bin.zst__sieve__Mithril__70130365.log,ok
w42.oracleGeneral.bin.zst,oracleGeneral,sieve,OBL,619452001,61945200128,0.01,0.7865,0.7329,16894445,/users/varuncg/libCacheSim/results/cp_wss01_prefetch/logs/w42.oracleGeneral.bin.zst__sieve__OBL__619452001.log,ok
w39.oracleGeneral.bin.zst,oracleGeneral,sieve,PG,61387223,6138722304,0.01,0.1308,0.1689,17920022,/users/varuncg/libCacheSim/results/cp_wss01_prefetch/logs/w39.oracleGeneral.bin.zst__sieve__PG__61387223.log,ok
w40.oracleGeneral.bin.zst,oracleGeneral,sieve,PG,70130365,7013036544,0.01,0.1591,0.2513,17657232,/users/varuncg/libCacheSim/results/cp_wss01_prefetch/logs/w40.oracleGeneral.bin.zst__sieve__PG__70130365.log,ok
w40.oracleGeneral.bin.zst,oracleGeneral,lru,Mithril,70130365,7013036544,0.01,0.1567,0.2413,17657232,/users/varuncg/libCacheSim/results/cp_wss01_prefetch/logs/w40.oracleGeneral.bin.zst__lru__Mithril__70130365.log,ok
w43.oracleGeneral.bin.zst,oracleGeneral,lru,none,1288446689,128844668928,0.01,0.8049,0.9069,15617420,/users/varuncg/libCacheSim/results/cp_wss01_prefetch/logs/w43.oracleGeneral.bin.zst__lru__noprefetch__1288446689.log,ok
w43.oracleGeneral.bin.zst,oracleGeneral,lru,OBL,1288446689,128844668928,0.01,0.8049,0.9069,15617420,/users/varuncg/libCacheSim/results/cp_wss01_prefetch/logs/w43.oracleGeneral.bin.zst__lru__OBL__1288446689.log,ok
w42.oracleGeneral.bin.zst,oracleGeneral,lru,Mithril,619452001,61945200128,0.01,,,,/users/varuncg/libCacheSim/results/cp_wss01_prefetch/logs/w42.oracleGeneral.bin.zst__lru__Mithril__619452001.log,fail:134
w44.oracleGeneral.bin.zst,oracleGeneral,lru,Mithril,190750018,19075001856,0.01,,,,/users/varuncg/libCacheSim/results/cp_wss01_prefetch/logs/w44.oracleGeneral.bin.zst__lru__Mithril__190750018.log,fail:134
w42.oracleGeneral.bin.zst,oracleGeneral,sieve,Mithril,619452001,61945200128,0.01,,,,/users/varuncg/libCacheSim/results/cp_wss01_prefetch/logs/w42.oracleGeneral.bin.zst__sieve__Mithril__619452001.log,fail:134
w34.oracleGeneral.bin.zst,oracleGeneral,lru,Mithril,2203932963,220393296384,0.01,0.4930,0.4497,19553551,/users/varuncg/libCacheSim/results/cp_wss01_prefetch/logs/w34.oracleGeneral.bin.zst__lru__Mithril__2203932963.log,ok
w41.oracleGeneral.bin.zst,oracleGeneral,sieve,Mithril,100014366,10001436672,0.01,0.1228,0.2245,17004738,/users/varuncg/libCacheSim/results/cp_wss01_prefetch/logs/w41.oracleGeneral.bin.zst__sieve__Mithril__100014366.log,ok
w41.oracleGeneral.bin.zst,oracleGeneral,lru,Mithril,100014366,10001436672,0.01,0.1210,0.2211,17004738,/users/varuncg/libCacheSim/results/cp_wss01_prefetch/logs/w41.oracleGeneral.bin.zst__lru__Mithril__100014366.log,ok
w44.oracleGeneral.bin.zst,oracleGeneral,sieve,Mithril,190750018,19075001856,0.01,,,,/users/varuncg/libCacheSim/results/cp_wss01_prefetch/logs/w44.oracleGeneral.bin.zst__sieve__Mithril__190750018.log,fail:134
w45.oracleGeneral.bin.zst,oracleGeneral,lru,none,28985139,2898513920,0.01,0.1672,0.2204,15064629,/users/varuncg/libCacheSim/results/cp_wss01_prefetch/logs/w45.oracleGeneral.bin.zst__lru__noprefetch__28985139.log,ok
w34.oracleGeneral.bin.zst,oracleGeneral,sieve,Mithril,2203932963,220393296384,0.01,0.5170,0.4866,19553551,/users/varuncg/libCacheSim/results/cp_wss01_prefetch/logs/w34.oracleGeneral.bin.zst__sieve__Mithril__2203932963.log,ok
w43.oracleGeneral.bin.zst,oracleGeneral,sieve,none,1288446689,128844668928,0.01,0.7683,0.8588,15617420,/users/varuncg/libCacheSim/results/cp_wss01_prefetch/logs/w43.oracleGeneral.bin.zst__sieve__noprefetch__1288446689.log,ok
w41.oracleGeneral.bin.zst,oracleGeneral,lru,PG,100014366,10001436672,0.01,0.1397,0.2794,17004738,/users/varuncg/libCacheSim/results/cp_wss01_prefetch/logs/w41.oracleGeneral.bin.zst__lru__PG__100014366.log,ok
w45.oracleGeneral.bin.zst,oracleGeneral,lru,OBL,28985139,2898513920,0.01,0.1672,0.2204,15064629,/users/varuncg/libCacheSim/results/cp_wss01_prefetch/logs/w45.oracleGeneral.bin.zst__lru__OBL__28985139.log,ok
w44.oracleGeneral.bin.zst,oracleGeneral,lru,none,190750018,19075001856,0.01,0.9203,0.8323,12116074,/users/varuncg/libCacheSim/results/cp_wss01_prefetch/logs/w44.oracleGeneral.bin.zst__lru__noprefetch__190750018.log,ok
w45.oracleGeneral.bin.zst,oracleGeneral,sieve,none,28985139,2898513920,0.01,0.1629,0.1959,15064629,/users/varuncg/libCacheSim/results/cp_wss01_prefetch/logs/w45.oracleGeneral.bin.zst__sieve__noprefetch__28985139.log,ok
w43.oracleGeneral.bin.zst,oracleGeneral,sieve,OBL,1288446689,128844668928,0.01,0.7683,0.8588,15617420,/users/varuncg/libCacheSim/results/cp_wss01_prefetch/logs/w43.oracleGeneral.bin.zst__sieve__OBL__1288446689.log,ok
w45.oracleGeneral.bin.zst,oracleGeneral,sieve,OBL,28985139,2898513920,0.01,0.1629,0.1959,15064629,/users/varuncg/libCacheSim/results/cp_wss01_prefetch/logs/w45.oracleGeneral.bin.zst__sieve__OBL__28985139.log,ok
w44.oracleGeneral.bin.zst,oracleGeneral,sieve,none,190750018,19075001856,0.01,0.9145,0.8269,12116074,/users/varuncg/libCacheSim/results/cp_wss01_prefetch/logs/w44.oracleGeneral.bin.zst__sieve__noprefetch__190750018.log,ok
w44.oracleGeneral.bin.zst,oracleGeneral,lru,OBL,190750018,19075001856,0.01,0.9199,0.8322,12116074,/users/varuncg/libCacheSim/results/cp_wss01_prefetch/logs/w44.oracleGeneral.bin.zst__lru__OBL__190750018.log,ok
w44.oracleGeneral.bin.zst,oracleGeneral,sieve,OBL,190750018,19075001856,0.01,0.9125,0.8252,12116074,/users/varuncg/libCacheSim/results/cp_wss01_prefetch/logs/w44.oracleGeneral.bin.zst__sieve__OBL__190750018.log,ok
w47.oracleGeneral.bin.zst,oracleGeneral,lru,none,31511347,3151134720,0.01,0.1523,0.2623,14314717,/users/varuncg/libCacheSim/results/cp_wss01_prefetch/logs/w47.oracleGeneral.bin.zst__lru__noprefetch__31511347.log,ok
w41.oracleGeneral.bin.zst,oracleGeneral,sieve,PG,100014366,10001436672,0.01,0.1374,0.2768,17004738,/users/varuncg/libCacheSim/results/cp_wss01_prefetch/logs/w41.oracleGeneral.bin.zst__sieve__PG__100014366.log,ok
w47.oracleGeneral.bin.zst,oracleGeneral,lru,OBL,31511347,3151134720,0.01,0.1523,0.2623,14314717,/users/varuncg/libCacheSim/results/cp_wss01_prefetch/logs/w47.oracleGeneral.bin.zst__lru__OBL__31511347.log,ok
w46.oracleGeneral.bin.zst,oracleGeneral,lru,none,13323540128,1332354012864,0.01,0.5827,0.8755,11550125,/users/varuncg/libCacheSim/results/cp_wss01_prefetch/logs/w46.oracleGeneral.bin.zst__lru__noprefetch__13323540128.log,ok
w46.oracleGeneral.bin.zst,oracleGeneral,sieve,none,13323540128,1332354012864,0.01,0.5742,0.8369,11550125,/users/varuncg/libCacheSim/results/cp_wss01_prefetch/logs/w46.oracleGeneral.bin.zst__sieve__noprefetch__13323540128.log,ok
w47.oracleGeneral.bin.zst,oracleGeneral,sieve,none,31511347,3151134720,0.01,0.1491,0.2418,14314717,/users/varuncg/libCacheSim/results/cp_wss01_prefetch/logs/w47.oracleGeneral.bin.zst__sieve__noprefetch__31511347.log,ok
w46.oracleGeneral.bin.zst,oracleGeneral,sieve,OBL,13323540128,1332354012864,0.01,0.5742,0.8369,11550125,/users/varuncg/libCacheSim/results/cp_wss01_prefetch/logs/w46.oracleGeneral.bin.zst__sieve__OBL__13323540128.log,ok
w46.oracleGeneral.bin.zst,oracleGeneral,lru,OBL,13323540128,1332354012864,0.01,0.5827,0.8755,11550125,/users/varuncg/libCacheSim/results/cp_wss01_prefetch/logs/w46.oracleGeneral.bin.zst__lru__OBL__13323540128.log,ok
w47.oracleGeneral.bin.zst,oracleGeneral,sieve,OBL,31511347,3151134720,0.01,0.1491,0.2418,14314717,/users/varuncg/libCacheSim/results/cp_wss01_prefetch/logs/w47.oracleGeneral.bin.zst__sieve__OBL__31511347.log,ok
w37.oracleGeneral.bin.zst,oracleGeneral,lru,Mithril,499892674,49989267456,0.01,0.5326,0.6756,18840688,/users/varuncg/libCacheSim/results/cp_wss01_prefetch/logs/w37.oracleGeneral.bin.zst__lru__Mithril__499892674.log,ok
w42.oracleGeneral.bin.zst,oracleGeneral,lru,PG,619452001,61945200128,0.01,0.7938,0.7484,16894445,/users/varuncg/libCacheSim/results/cp_wss01_prefetch/logs/w42.oracleGeneral.bin.zst__lru__PG__619452001.log,ok
w37.oracleGeneral.bin.zst,oracleGeneral,sieve,Mithril,499892674,49989267456,0.01,0.5152,0.6653,18840688,/users/varuncg/libCacheSim/results/cp_wss01_prefetch/logs/w37.oracleGeneral.bin.zst__sieve__Mithril__499892674.log,ok
w42.oracleGeneral.bin.zst,oracleGeneral,sieve,PG,619452001,61945200128,0.01,0.7776,0.7323,16894445,/users/varuncg/libCacheSim/results/cp_wss01_prefetch/logs/w42.oracleGeneral.bin.zst__sieve__PG__619452001.log,ok
w44.oracleGeneral.bin.zst,oracleGeneral,lru,PG,190750018,19075001856,0.01,0.9181,0.8295,12116074,/users/varuncg/libCacheSim/results/cp_wss01_prefetch/logs/w44.oracleGeneral.bin.zst__lru__PG__190750018.log,ok
w44.oracleGeneral.bin.zst,oracleGeneral,sieve,PG,190750018,19075001856,0.01,0.9108,0.8232,12116074,/users/varuncg/libCacheSim/results/cp_wss01_prefetch/logs/w44.oracleGeneral.bin.zst__sieve__PG__190750018.log,ok
w48.oracleGeneral.bin.zst,oracleGeneral,sieve,none,2206046684,220604668416,0.01,0.9195,0.9136,14097008,/users/varuncg/libCacheSim/results/cp_wss01_prefetch/logs/w48.oracleGeneral.bin.zst__sieve__noprefetch__2206046684.log,ok
w45.oracleGeneral.bin.zst,oracleGeneral,sieve,Mithril,28985139,2898513920,0.01,0.1415,0.1709,15064629,/users/varuncg/libCacheSim/results/cp_wss01_prefetch/logs/w45.oracleGeneral.bin.zst__sieve__Mithril__28985139.log,ok
w48.oracleGeneral.bin.zst,oracleGeneral,lru,none,2206046684,220604668416,0.01,0.8998,0.8747,14097008,/users/varuncg/libCacheSim/results/cp_wss01_prefetch/logs/w48.oracleGeneral.bin.zst__lru__noprefetch__2206046684.log,ok
w45.oracleGeneral.bin.zst,oracleGeneral,lru,PG,28985139,2898513920,0.01,0.1665,0.2165,15064629,/users/varuncg/libCacheSim/results/cp_wss01_prefetch/logs/w45.oracleGeneral.bin.zst__lru__PG__28985139.log,ok
w48.oracleGeneral.bin.zst,oracleGeneral,sieve,OBL,2206046684,220604668416,0.01,0.9139,0.9148,14097008,/users/varuncg/libCacheSim/results/cp_wss01_prefetch/logs/w48.oracleGeneral.bin.zst__sieve__OBL__2206046684.log,ok
w45.oracleGeneral.bin.zst,oracleGeneral,sieve,PG,28985139,2898513920,0.01,0.1627,0.1958,15064629,/users/varuncg/libCacheSim/results/cp_wss01_prefetch/logs/w45.oracleGeneral.bin.zst__sieve__PG__28985139.log,ok
w45.oracleGeneral.bin.zst,oracleGeneral,lru,Mithril,28985139,2898513920,0.01,0.1429,0.2196,15064629,/users/varuncg/libCacheSim/results/cp_wss01_prefetch/logs/w45.oracleGeneral.bin.zst__lru__Mithril__28985139.log,ok
w48.oracleGeneral.bin.zst,oracleGeneral,lru,OBL,2206046684,220604668416,0.01,0.8936,0.8746,14097008,/users/varuncg/libCacheSim/results/cp_wss01_prefetch/logs/w48.oracleGeneral.bin.zst__lru__OBL__2206046684.log,ok
w43.oracleGeneral.bin.zst,oracleGeneral,lru,PG,1288446689,128844668928,0.01,0.7878,0.8915,15617420,/users/varuncg/libCacheSim/results/cp_wss01_prefetch/logs/w43.oracleGeneral.bin.zst__lru__PG__1288446689.log,ok
w31.oracleGeneral.bin.zst,oracleGeneral,lru,PG,28071554698,2807155469824,0.01,0.9025,0.9864,21166982,/users/varuncg/libCacheSim/results/cp_wss01_prefetch/logs/w31.oracleGeneral.bin.zst__lru__PG__28071554698.log,ok
w49.oracleGeneral.bin.zst,oracleGeneral,lru,none,809102972,80910297280,0.01,0.6755,0.8222,11151558,/users/varuncg/libCacheSim/results/cp_wss01_prefetch/logs/w49.oracleGeneral.bin.zst__lru__noprefetch__809102972.log,ok
w49.oracleGeneral.bin.zst,oracleGeneral,lru,OBL,809102972,80910297280,0.01,0.6755,0.8222,11151558,/users/varuncg/libCacheSim/results/cp_wss01_prefetch/logs/w49.oracleGeneral.bin.zst__lru__OBL__809102972.log,ok
w47.oracleGeneral.bin.zst,oracleGeneral,sieve,Mithril,31511347,3151134720,0.01,0.1324,0.2119,14314717,/users/varuncg/libCacheSim/results/cp_wss01_prefetch/logs/w47.oracleGeneral.bin.zst__sieve__Mithril__31511347.log,ok
w47.oracleGeneral.bin.zst,oracleGeneral,lru,PG,31511347,3151134720,0.01,0.1520,0.2607,14314717,/users/varuncg/libCacheSim/results/cp_wss01_prefetch/logs/w47.oracleGeneral.bin.zst__lru__PG__31511347.log,ok
w47.oracleGeneral.bin.zst,oracleGeneral,lru,Mithril,31511347,3151134720,0.01,0.1345,0.2622,14314717,/users/varuncg/libCacheSim/results/cp_wss01_prefetch/logs/w47.oracleGeneral.bin.zst__lru__Mithril__31511347.log,ok
w49.oracleGeneral.bin.zst,oracleGeneral,sieve,none,809102972,80910297280,0.01,0.6715,0.8175,11151558,/users/varuncg/libCacheSim/results/cp_wss01_prefetch/logs/w49.oracleGeneral.bin.zst__sieve__noprefetch__809102972.log,ok
w49.oracleGeneral.bin.zst,oracleGeneral,sieve,OBL,809102972,80910297280,0.01,0.6716,0.8176,11151558,/users/varuncg/libCacheSim/results/cp_wss01_prefetch/logs/w49.oracleGeneral.bin.zst__sieve__OBL__809102972.log,ok
w47.oracleGeneral.bin.zst,oracleGeneral,sieve,PG,31511347,3151134720,0.01,0.1490,0.2418,14314717,/users/varuncg/libCacheSim/results/cp_wss01_prefetch/logs/w47.oracleGeneral.bin.zst__sieve__PG__31511347.log,ok
w43.oracleGeneral.bin.zst,oracleGeneral,sieve,PG,1288446689,128844668928,0.01,0.7517,0.8482,15617420,/users/varuncg/libCacheSim/results/cp_wss01_prefetch/logs/w43.oracleGeneral.bin.zst__sieve__PG__1288446689.log,ok
w51.oracleGeneral.bin.zst,oracleGeneral,lru,OBL,235319552,23531955212,0.01,0.4692,0.3425,9551283,/users/varuncg/libCacheSim/results/cp_wss01_prefetch/logs/w51.oracleGeneral.bin.zst__lru__OBL__235319552.log,ok
w51.oracleGeneral.bin.zst,oracleGeneral,lru,none,235319552,23531955212,0.01,0.4692,0.3425,9551283,/users/varuncg/libCacheSim/results/cp_wss01_prefetch/logs/w51.oracleGeneral.bin.zst__lru__noprefetch__235319552.log,ok
w46.oracleGeneral.bin.zst,oracleGeneral,sieve,Mithril,13323540128,1332354012864,0.01,0.5254,0.7772,11550125,/users/varuncg/libCacheSim/results/cp_wss01_prefetch/logs/w46.oracleGeneral.bin.zst__sieve__Mithril__13323540128.log,ok
w51.oracleGeneral.bin.zst,oracleGeneral,sieve,none,235319552,23531955212,0.01,0.4515,0.3372,9551283,/users/varuncg/libCacheSim/results/cp_wss01_prefetch/logs/w51.oracleGeneral.bin.zst__sieve__noprefetch__235319552.log,ok
w51.oracleGeneral.bin.zst,oracleGeneral,sieve,OBL,235319552,23531955212,0.01,0.4515,0.3372,9551283,/users/varuncg/libCacheSim/results/cp_wss01_prefetch/logs/w51.oracleGeneral.bin.zst__sieve__OBL__235319552.log,ok
w46.oracleGeneral.bin.zst,oracleGeneral,lru,Mithril,13323540128,1332354012864,0.01,0.5409,0.8047,11550125,/users/varuncg/libCacheSim/results/cp_wss01_prefetch/logs/w46.oracleGeneral.bin.zst__lru__Mithril__13323540128.log,ok
w31.oracleGeneral.bin.zst,oracleGeneral,sieve,PG,28071554698,2807155469824,0.01,0.8775,0.9813,21166982,/users/varuncg/libCacheSim/results/cp_wss01_prefetch/logs/w31.oracleGeneral.bin.zst__sieve__PG__28071554698.log,ok
w50.oracleGeneral.bin.zst,oracleGeneral,lru,none,496975738,49697573888,0.01,0.9838,0.9886,13448032,/users/varuncg/libCacheSim/results/cp_wss01_prefetch/logs/w50.oracleGeneral.bin.zst__lru__noprefetch__496975738.log,ok
w50.oracleGeneral.bin.zst,oracleGeneral,sieve,none,496975738,49697573888,0.01,0.9621,0.9467,13448032,/users/varuncg/libCacheSim/results/cp_wss01_prefetch/logs/w50.oracleGeneral.bin.zst__sieve__noprefetch__496975738.log,ok
w50.oracleGeneral.bin.zst,oracleGeneral,lru,OBL,496975738,49697573888,0.01,0.9711,0.9883,13448032,/users/varuncg/libCacheSim/results/cp_wss01_prefetch/logs/w50.oracleGeneral.bin.zst__lru__OBL__496975738.log,ok
w50.oracleGeneral.bin.zst,oracleGeneral,sieve,OBL,496975738,49697573888,0.01,0.9243,0.9458,13448032,/users/varuncg/libCacheSim/results/cp_wss01_prefetch/logs/w50.oracleGeneral.bin.zst__sieve__OBL__496975738.log,ok
w52.oracleGeneral.bin.zst,oracleGeneral,lru,none,78447370,7844737024,0.01,0.4862,0.6732,11451546,/users/varuncg/libCacheSim/results/cp_wss01_prefetch/logs/w52.oracleGeneral.bin.zst__lru__noprefetch__78447370.log,ok
w52.oracleGeneral.bin.zst,oracleGeneral,sieve,none,78447370,7844737024,0.01,0.4516,0.6510,11451546,/users/varuncg/libCacheSim/results/cp_wss01_prefetch/logs/w52.oracleGeneral.bin.zst__sieve__noprefetch__78447370.log,ok
w52.oracleGeneral.bin.zst,oracleGeneral,lru,OBL,78447370,7844737024,0.01,0.4862,0.6732,11451546,/users/varuncg/libCacheSim/results/cp_wss01_prefetch/logs/w52.oracleGeneral.bin.zst__lru__OBL__78447370.log,ok
w52.oracleGeneral.bin.zst,oracleGeneral,sieve,OBL,78447370,7844737024,0.01,0.4516,0.6510,11451546,/users/varuncg/libCacheSim/results/cp_wss01_prefetch/logs/w52.oracleGeneral.bin.zst__sieve__OBL__78447370.log,ok
w49.oracleGeneral.bin.zst,oracleGeneral,lru,PG,809102972,80910297280,0.01,0.6564,0.8020,11151558,/users/varuncg/libCacheSim/results/cp_wss01_prefetch/logs/w49.oracleGeneral.bin.zst__lru__PG__809102972.log,ok
w53.oracleGeneral.bin.zst,oracleGeneral,lru,none,5983383953,598338395328,0.01,0.7105,0.9288,8973978,/users/varuncg/libCacheSim/results/cp_wss01_prefetch/logs/w53.oracleGeneral.bin.zst__lru__noprefetch__5983383953.log,ok
w53.oracleGeneral.bin.zst,oracleGeneral,lru,OBL,5983383953,598338395328,0.01,0.7105,0.9288,8973978,/users/varuncg/libCacheSim/results/cp_wss01_prefetch/logs/w53.oracleGeneral.bin.zst__lru__OBL__5983383953.log,ok
w53.oracleGeneral.bin.zst,oracleGeneral,sieve,none,5983383953,598338395328,0.01,0.7016,0.9231,8973978,/users/varuncg/libCacheSim/results/cp_wss01_prefetch/logs/w53.oracleGeneral.bin.zst__sieve__noprefetch__5983383953.log,ok
w48.oracleGeneral.bin.zst,oracleGeneral,sieve,PG,2206046684,220604668416,0.01,0.9065,0.9070,14097008,/users/varuncg/libCacheSim/results/cp_wss01_prefetch/logs/w48.oracleGeneral.bin.zst__sieve__PG__2206046684.log,ok
w43.oracleGeneral.bin.zst,oracleGeneral,sieve,Mithril,1288446689,128844668928,0.01,0.4629,0.5277,15617420,/users/varuncg/libCacheSim/results/cp_wss01_prefetch/logs/w43.oracleGeneral.bin.zst__sieve__Mithril__1288446689.log,ok
w53.oracleGeneral.bin.zst,oracleGeneral,sieve,OBL,5983383953,598338395328,0.01,0.7016,0.9231,8973978,/users/varuncg/libCacheSim/results/cp_wss01_prefetch/logs/w53.oracleGeneral.bin.zst__sieve__OBL__5983383953.log,ok
w48.oracleGeneral.bin.zst,oracleGeneral,lru,PG,2206046684,220604668416,0.01,0.8815,0.8685,14097008,/users/varuncg/libCacheSim/results/cp_wss01_prefetch/logs/w48.oracleGeneral.bin.zst__lru__PG__2206046684.log,ok
w43.oracleGeneral.bin.zst,oracleGeneral,lru,Mithril,1288446689,128844668928,0.01,0.4650,0.5310,15617420,/users/varuncg/libCacheSim/results/cp_wss01_prefetch/logs/w43.oracleGeneral.bin.zst__lru__Mithril__1288446689.log,ok
w49.oracleGeneral.bin.zst,oracleGeneral,lru,Mithril,809102972,80910297280,0.01,0.2919,0.3726,11151558,/users/varuncg/libCacheSim/results/cp_wss01_prefetch/logs/w49.oracleGeneral.bin.zst__lru__Mithril__809102972.log,ok
w49.oracleGeneral.bin.zst,oracleGeneral,sieve,PG,809102972,80910297280,0.01,0.6550,0.7988,11151558,/users/varuncg/libCacheSim/results/cp_wss01_prefetch/logs/w49.oracleGeneral.bin.zst__sieve__PG__809102972.log,ok
w54.oracleGeneral.bin.zst,oracleGeneral,lru,none,27680301140,2768030114047,0.01,0.8832,0.9789,8832954,/users/varuncg/libCacheSim/results/cp_wss01_prefetch/logs/w54.oracleGeneral.bin.zst__lru__noprefetch__27680301140.log,ok
w51.oracleGeneral.bin.zst,oracleGeneral,lru,Mithril,235319552,23531955212,0.01,0.2892,0.1837,9551283,/users/varuncg/libCacheSim/results/cp_wss01_prefetch/logs/w51.oracleGeneral.bin.zst__lru__Mithril__235319552.log,ok
w54.oracleGeneral.bin.zst,oracleGeneral,lru,OBL,27680301140,2768030114047,0.01,0.8832,0.9789,8832954,/users/varuncg/libCacheSim/results/cp_wss01_prefetch/logs/w54.oracleGeneral.bin.zst__lru__OBL__27680301140.log,ok
w49.oracleGeneral.bin.zst,oracleGeneral,sieve,Mithril,809102972,80910297280,0.01,0.2953,0.3764,11151558,/users/varuncg/libCacheSim/results/cp_wss01_prefetch/logs/w49.oracleGeneral.bin.zst__sieve__Mithril__809102972.log,ok
w54.oracleGeneral.bin.zst,oracleGeneral,sieve,none,27680301140,2768030114047,0.01,0.8460,0.9754,8832954,/users/varuncg/libCacheSim/results/cp_wss01_prefetch/logs/w54.oracleGeneral.bin.zst__sieve__noprefetch__27680301140.log,ok
w51.oracleGeneral.bin.zst,oracleGeneral,sieve,Mithril,235319552,23531955212,0.01,0.2984,0.1876,9551283,/users/varuncg/libCacheSim/results/cp_wss01_prefetch/logs/w51.oracleGeneral.bin.zst__sieve__Mithril__235319552.log,ok
w54.oracleGeneral.bin.zst,oracleGeneral,sieve,OBL,27680301140,2768030114047,0.01,0.8460,0.9754,8832954,/users/varuncg/libCacheSim/results/cp_wss01_prefetch/logs/w54.oracleGeneral.bin.zst__sieve__OBL__27680301140.log,ok
w55.oracleGeneral.bin.zst,oracleGeneral,lru,none,412119799,41211979968,0.01,0.8725,0.7502,8855434,/users/varuncg/libCacheSim/results/cp_wss01_prefetch/logs/w55.oracleGeneral.bin.zst__lru__noprefetch__412119799.log,ok
w51.oracleGeneral.bin.zst,oracleGeneral,lru,PG,235319552,23531955212,0.01,0.4657,0.3405,9551283,/users/varuncg/libCacheSim/results/cp_wss01_prefetch/logs/w51.oracleGeneral.bin.zst__lru__PG__235319552.log,ok
w52.oracleGeneral.bin.zst,oracleGeneral,sieve,PG,78447370,7844737024,0.01,0.4257,0.6341,11451546,/users/varuncg/libCacheSim/results/cp_wss01_prefetch/logs/w52.oracleGeneral.bin.zst__sieve__PG__78447370.log,ok
w52.oracleGeneral.bin.zst,oracleGeneral,lru,PG,78447370,7844737024,0.01,0.4552,0.6500,11451546,/users/varuncg/libCacheSim/results/cp_wss01_prefetch/logs/w52.oracleGeneral.bin.zst__lru__PG__78447370.log,ok
w55.oracleGeneral.bin.zst,oracleGeneral,lru,OBL,412119799,41211979968,0.01,0.8725,0.7502,8855434,/users/varuncg/libCacheSim/results/cp_wss01_prefetch/logs/w55.oracleGeneral.bin.zst__lru__OBL__412119799.log,ok
w51.oracleGeneral.bin.zst,oracleGeneral,sieve,PG,235319552,23531955212,0.01,0.4511,0.3358,9551283,/users/varuncg/libCacheSim/results/cp_wss01_prefetch/logs/w51.oracleGeneral.bin.zst__sieve__PG__235319552.log,ok
w50.oracleGeneral.bin.zst,oracleGeneral,sieve,PG,496975738,49697573888,0.01,0.8255,0.8901,13448032,/users/varuncg/libCacheSim/results/cp_wss01_prefetch/logs/w50.oracleGeneral.bin.zst__sieve__PG__496975738.log,ok
w55.oracleGeneral.bin.zst,oracleGeneral,sieve,none,412119799,41211979968,0.01,0.8706,0.7536,8855434,/users/varuncg/libCacheSim/results/cp_wss01_prefetch/logs/w55.oracleGeneral.bin.zst__sieve__noprefetch__412119799.log,ok
w52.oracleGeneral.bin.zst,oracleGeneral,lru,Mithril,78447370,7844737024,0.01,0.1557,0.2544,11451546,/users/varuncg/libCacheSim/results/cp_wss01_prefetch/logs/w52.oracleGeneral.bin.zst__lru__Mithril__78447370.log,ok
w55.oracleGeneral.bin.zst,oracleGeneral,sieve,OBL,412119799,41211979968,0.01,0.8706,0.7536,8855434,/users/varuncg/libCacheSim/results/cp_wss01_prefetch/logs/w55.oracleGeneral.bin.zst__sieve__OBL__412119799.log,ok
w56.oracleGeneral.bin.zst,oracleGeneral,lru,none,149236408,14923640832,0.01,0.2702,0.5555,10899629,/users/varuncg/libCacheSim/results/cp_wss01_prefetch/logs/w56.oracleGeneral.bin.zst__lru__noprefetch__149236408.log,ok
w56.oracleGeneral.bin.zst,oracleGeneral,lru,OBL,149236408,14923640832,0.01,0.2702,0.5555,10899629,/users/varuncg/libCacheSim/results/cp_wss01_prefetch/logs/w56.oracleGeneral.bin.zst__lru__OBL__149236408.log,ok
w56.oracleGeneral.bin.zst,oracleGeneral,sieve,none,149236408,14923640832,0.01,0.2400,0.5335,10899629,/users/varuncg/libCacheSim/results/cp_wss01_prefetch/logs/w56.oracleGeneral.bin.zst__sieve__noprefetch__149236408.log,ok
w48.oracleGeneral.bin.zst,oracleGeneral,lru,Mithril,2206046684,220604668416,0.01,0.5629,0.3968,14097008,/users/varuncg/libCacheSim/results/cp_wss01_prefetch/logs/w48.oracleGeneral.bin.zst__lru__Mithril__2206046684.log,ok
w52.oracleGeneral.bin.zst,oracleGeneral,sieve,Mithril,78447370,7844737024,0.01,0.1584,0.2605,11451546,/users/varuncg/libCacheSim/results/cp_wss01_prefetch/logs/w52.oracleGeneral.bin.zst__sieve__Mithril__78447370.log,ok
w56.oracleGeneral.bin.zst,oracleGeneral,sieve,OBL,149236408,14923640832,0.01,0.2400,0.5335,10899629,/users/varuncg/libCacheSim/results/cp_wss01_prefetch/logs/w56.oracleGeneral.bin.zst__sieve__OBL__149236408.log,ok
w50.oracleGeneral.bin.zst,oracleGeneral,lru,PG,496975738,49697573888,0.01,0.8805,0.9248,13448032,/users/varuncg/libCacheSim/results/cp_wss01_prefetch/logs/w50.oracleGeneral.bin.zst__lru__PG__496975738.log,ok
w48.oracleGeneral.bin.zst,oracleGeneral,sieve,Mithril,2206046684,220604668416,0.01,0.5685,0.4014,14097008,/users/varuncg/libCacheSim/results/cp_wss01_prefetch/logs/w48.oracleGeneral.bin.zst__sieve__Mithril__2206046684.log,ok
w46.oracleGeneral.bin.zst,oracleGeneral,sieve,PG,13323540128,1332354012864,0.01,0.5691,0.8319,11550125,/users/varuncg/libCacheSim/results/cp_wss01_prefetch/logs/w46.oracleGeneral.bin.zst__sieve__PG__13323540128.log,ok
w53.oracleGeneral.bin.zst,oracleGeneral,lru,Mithril,5983383953,598338395328,0.01,0.6906,0.9137,8973978,/users/varuncg/libCacheSim/results/cp_wss01_prefetch/logs/w53.oracleGeneral.bin.zst__lru__Mithril__5983383953.log,ok
w53.oracleGeneral.bin.zst,oracleGeneral,sieve,Mithril,5983383953,598338395328,0.01,0.6852,0.9106,8973978,/users/varuncg/libCacheSim/results/cp_wss01_prefetch/logs/w53.oracleGeneral.bin.zst__sieve__Mithril__5983383953.log,ok
w57.oracleGeneral.bin.zst,oracleGeneral,lru,none,156024954,15602495488,0.01,0.3227,0.5932,10554725,/users/varuncg/libCacheSim/results/cp_wss01_prefetch/logs/w57.oracleGeneral.bin.zst__lru__noprefetch__156024954.log,ok
w55.oracleGeneral.bin.zst,oracleGeneral,sieve,Mithril,412119799,41211979968,0.01,,,,/users/varuncg/libCacheSim/results/cp_wss01_prefetch/logs/w55.oracleGeneral.bin.zst__sieve__Mithril__412119799.log,fail:134
w46.oracleGeneral.bin.zst,oracleGeneral,lru,PG,13323540128,1332354012864,0.01,0.5820,0.8747,11550125,/users/varuncg/libCacheSim/results/cp_wss01_prefetch/logs/w46.oracleGeneral.bin.zst__lru__PG__13323540128.log,ok
w57.oracleGeneral.bin.zst,oracleGeneral,lru,OBL,156024954,15602495488,0.01,0.3227,0.5932,10554725,/users/varuncg/libCacheSim/results/cp_wss01_prefetch/logs/w57.oracleGeneral.bin.zst__lru__OBL__156024954.log,ok
w57.oracleGeneral.bin.zst,oracleGeneral,sieve,none,156024954,15602495488,0.01,0.2937,0.5717,10554725,/users/varuncg/libCacheSim/results/cp_wss01_prefetch/logs/w57.oracleGeneral.bin.zst__sieve__noprefetch__156024954.log,ok
w57.oracleGeneral.bin.zst,oracleGeneral,sieve,OBL,156024954,15602495488,0.01,0.2937,0.5717,10554725,/users/varuncg/libCacheSim/results/cp_wss01_prefetch/logs/w57.oracleGeneral.bin.zst__sieve__OBL__156024954.log,ok
w58.oracleGeneral.bin.zst,oracleGeneral,lru,none,398153661,39815366144,0.01,0.5046,0.6209,10530695,/users/varuncg/libCacheSim/results/cp_wss01_prefetch/logs/w58.oracleGeneral.bin.zst__lru__noprefetch__398153661.log,ok
w55.oracleGeneral.bin.zst,oracleGeneral,lru,PG,412119799,41211979968,0.01,0.8713,0.7441,8855434,/users/varuncg/libCacheSim/results/cp_wss01_prefetch/logs/w55.oracleGeneral.bin.zst__lru__PG__412119799.log,ok
w58.oracleGeneral.bin.zst,oracleGeneral,sieve,none,398153661,39815366144,0.01,0.4588,0.5844,10530695,/users/varuncg/libCacheSim/results/cp_wss01_prefetch/logs/w58.oracleGeneral.bin.zst__sieve__noprefetch__398153661.log,ok
w58.oracleGeneral.bin.zst,oracleGeneral,lru,OBL,398153661,39815366144,0.01,0.5043,0.6209,10530695,/users/varuncg/libCacheSim/results/cp_wss01_prefetch/logs/w58.oracleGeneral.bin.zst__lru__OBL__398153661.log,ok
w58.oracleGeneral.bin.zst,oracleGeneral,sieve,OBL,398153661,39815366144,0.01,0.4583,0.5845,10530695,/users/varuncg/libCacheSim/results/cp_wss01_prefetch/logs/w58.oracleGeneral.bin.zst__sieve__OBL__398153661.log,ok
w55.oracleGeneral.bin.zst,oracleGeneral,sieve,PG,412119799,41211979968,0.01,0.8709,0.7486,8855434,/users/varuncg/libCacheSim/results/cp_wss01_prefetch/logs/w55.oracleGeneral.bin.zst__sieve__PG__412119799.log,ok
w54.oracleGeneral.bin.zst,oracleGeneral,sieve,Mithril,27680301140,2768030114047,0.01,0.8460,0.9754,8832954,/users/varuncg/libCacheSim/results/cp_wss01_prefetch/logs/w54.oracleGeneral.bin.zst__sieve__Mithril__27680301140.log,ok
w53.oracleGeneral.bin.zst,oracleGeneral,lru,PG,5983383953,598338395328,0.01,0.7091,0.9280,8973978,/users/varuncg/libCacheSim/results/cp_wss01_prefetch/logs/w53.oracleGeneral.bin.zst__lru__PG__5983383953.log,ok
w56.oracleGeneral.bin.zst,oracleGeneral,sieve,PG,149236408,14923640832,0.01,0.2334,0.5273,10899629,/users/varuncg/libCacheSim/results/cp_wss01_prefetch/logs/w56.oracleGeneral.bin.zst__sieve__PG__149236408.log,ok
w55.oracleGeneral.bin.zst,oracleGeneral,lru,Mithril,412119799,41211979968,0.01,,,,/users/varuncg/libCacheSim/results/cp_wss01_prefetch/logs/w55.oracleGeneral.bin.zst__lru__Mithril__412119799.log,fail:134
w56.oracleGeneral.bin.zst,oracleGeneral,lru,PG,149236408,14923640832,0.01,0.2606,0.5484,10899629,/users/varuncg/libCacheSim/results/cp_wss01_prefetch/logs/w56.oracleGeneral.bin.zst__lru__PG__149236408.log,ok
w54.oracleGeneral.bin.zst,oracleGeneral,lru,Mithril,27680301140,2768030114047,0.01,0.8806,0.9788,8832954,/users/varuncg/libCacheSim/results/cp_wss01_prefetch/logs/w54.oracleGeneral.bin.zst__lru__Mithril__27680301140.log,ok
w59.oracleGeneral.bin.zst,oracleGeneral,lru,none,110647720,11064772096,0.01,0.9325,0.8935,10223136,/users/varuncg/libCacheSim/results/cp_wss01_prefetch/logs/w59.oracleGeneral.bin.zst__lru__noprefetch__110647720.log,ok
w53.oracleGeneral.bin.zst,oracleGeneral,sieve,PG,5983383953,598338395328,0.01,0.7009,0.9225,8973978,/users/varuncg/libCacheSim/results/cp_wss01_prefetch/logs/w53.oracleGeneral.bin.zst__sieve__PG__5983383953.log,ok
w59.oracleGeneral.bin.zst,oracleGeneral,lru,OBL,110647720,11064772096,0.01,0.9325,0.8935,10223136,/users/varuncg/libCacheSim/results/cp_wss01_prefetch/logs/w59.oracleGeneral.bin.zst__lru__OBL__110647720.log,ok
w50.oracleGeneral.bin.zst,oracleGeneral,lru,Mithril,496975738,49697573888,0.01,0.2596,0.3986,13448032,/users/varuncg/libCacheSim/results/cp_wss01_prefetch/logs/w50.oracleGeneral.bin.zst__lru__Mithril__496975738.log,ok
w59.oracleGeneral.bin.zst,oracleGeneral,sieve,none,110647720,11064772096,0.01,0.9656,0.9417,10223136,/users/varuncg/libCacheSim/results/cp_wss01_prefetch/logs/w59.oracleGeneral.bin.zst__sieve__noprefetch__110647720.log,ok
w57.oracleGeneral.bin.zst,oracleGeneral,lru,PG,156024954,15602495488,0.01,0.3166,0.5883,10554725,/users/varuncg/libCacheSim/results/cp_wss01_prefetch/logs/w57.oracleGeneral.bin.zst__lru__PG__156024954.log,ok
w50.oracleGeneral.bin.zst,oracleGeneral,sieve,Mithril,496975738,49697573888,0.01,0.2883,0.4198,13448032,/users/varuncg/libCacheSim/results/cp_wss01_prefetch/logs/w50.oracleGeneral.bin.zst__sieve__Mithril__496975738.log,ok
w59.oracleGeneral.bin.zst,oracleGeneral,sieve,OBL,110647720,11064772096,0.01,0.9656,0.9417,10223136,/users/varuncg/libCacheSim/results/cp_wss01_prefetch/logs/w59.oracleGeneral.bin.zst__sieve__OBL__110647720.log,ok
w57.oracleGeneral.bin.zst,oracleGeneral,sieve,PG,156024954,15602495488,0.01,0.2890,0.5670,10554725,/users/varuncg/libCacheSim/results/cp_wss01_prefetch/logs/w57.oracleGeneral.bin.zst__sieve__PG__156024954.log,ok
w60.oracleGeneral.bin.zst,oracleGeneral,lru,none,352079114,35207911424,0.01,0.8512,0.7694,9898835,/users/varuncg/libCacheSim/results/cp_wss01_prefetch/logs/w60.oracleGeneral.bin.zst__lru__noprefetch__352079114.log,ok
w60.oracleGeneral.bin.zst,oracleGeneral,lru,OBL,352079114,35207911424,0.01,0.8510,0.7694,9898835,/users/varuncg/libCacheSim/results/cp_wss01_prefetch/logs/w60.oracleGeneral.bin.zst__lru__OBL__352079114.log,ok
w60.oracleGeneral.bin.zst,oracleGeneral,sieve,none,352079114,35207911424,0.01,0.8464,0.7568,9898835,/users/varuncg/libCacheSim/results/cp_wss01_prefetch/logs/w60.oracleGeneral.bin.zst__sieve__noprefetch__352079114.log,ok
w60.oracleGeneral.bin.zst,oracleGeneral,sieve,OBL,352079114,35207911424,0.01,0.8460,0.7558,9898835,/users/varuncg/libCacheSim/results/cp_wss01_prefetch/logs/w60.oracleGeneral.bin.zst__sieve__OBL__352079114.log,ok
w60.oracleGeneral.bin.zst,oracleGeneral,lru,Mithril,352079114,35207911424,0.01,,,,/users/varuncg/libCacheSim/results/cp_wss01_prefetch/logs/w60.oracleGeneral.bin.zst__lru__Mithril__352079114.log,fail:134
w61.oracleGeneral.bin.zst,oracleGeneral,sieve,none,311276277,31127627776,0.01,0.9036,0.9313,9884691,/users/varuncg/libCacheSim/results/cp_wss01_prefetch/logs/w61.oracleGeneral.bin.zst__sieve__noprefetch__311276277.log,ok
w61.oracleGeneral.bin.zst,oracleGeneral,sieve,OBL,311276277,31127627776,0.01,0.9036,0.9313,9884691,/users/varuncg/libCacheSim/results/cp_wss01_prefetch/logs/w61.oracleGeneral.bin.zst__sieve__OBL__311276277.log,ok
w58.oracleGeneral.bin.zst,oracleGeneral,sieve,PG,398153661,39815366144,0.01,0.4601,0.5850,10530695,/users/varuncg/libCacheSim/results/cp_wss01_prefetch/logs/w58.oracleGeneral.bin.zst__sieve__PG__398153661.log,ok
w60.oracleGeneral.bin.zst,oracleGeneral,sieve,Mithril,352079114,35207911424,0.01,,,,/users/varuncg/libCacheSim/results/cp_wss01_prefetch/logs/w60.oracleGeneral.bin.zst__sieve__Mithril__352079114.log,fail:134
w61.oracleGeneral.bin.zst,oracleGeneral,lru,OBL,311276277,31127627776,0.01,0.7984,0.8632,9884691,/users/varuncg/libCacheSim/results/cp_wss01_prefetch/logs/w61.oracleGeneral.bin.zst__lru__OBL__311276277.log,ok
w61.oracleGeneral.bin.zst,oracleGeneral,lru,none,311276277,31127627776,0.01,0.7984,0.8632,9884691,/users/varuncg/libCacheSim/results/cp_wss01_prefetch/logs/w61.oracleGeneral.bin.zst__lru__noprefetch__311276277.log,ok
w58.oracleGeneral.bin.zst,oracleGeneral,lru,PG,398153661,39815366144,0.01,0.4993,0.6115,10530695,/users/varuncg/libCacheSim/results/cp_wss01_prefetch/logs/w58.oracleGeneral.bin.zst__lru__PG__398153661.log,ok
w56.oracleGeneral.bin.zst,oracleGeneral,sieve,Mithril,149236408,14923640832,0.01,0.2172,0.4510,10899629,/users/varuncg/libCacheSim/results/cp_wss01_prefetch/logs/w56.oracleGeneral.bin.zst__sieve__Mithril__149236408.log,ok
w59.oracleGeneral.bin.zst,oracleGeneral,sieve,PG,110647720,11064772096,0.01,0.9494,0.9170,10223136,/users/varuncg/libCacheSim/results/cp_wss01_prefetch/logs/w59.oracleGeneral.bin.zst__sieve__PG__110647720.log,ok
w62.oracleGeneral.bin.zst,oracleGeneral,lru,none,396206090,39620609024,0.01,0.9288,0.8799,9497745,/users/varuncg/libCacheSim/results/cp_wss01_prefetch/logs/w62.oracleGeneral.bin.zst__lru__noprefetch__396206090.log,ok
w59.oracleGeneral.bin.zst,oracleGeneral,lru,PG,110647720,11064772096,0.01,0.9302,0.8917,10223136,/users/varuncg/libCacheSim/results/cp_wss01_prefetch/logs/w59.oracleGeneral.bin.zst__lru__PG__110647720.log,ok
w62.oracleGeneral.bin.zst,oracleGeneral,lru,OBL,396206090,39620609024,0.01,0.9288,0.8799,9497745,/users/varuncg/libCacheSim/results/cp_wss01_prefetch/logs/w62.oracleGeneral.bin.zst__lru__OBL__396206090.log,ok
w62.oracleGeneral.bin.zst,oracleGeneral,sieve,none,396206090,39620609024,0.01,0.9225,0.8708,9497745,/users/varuncg/libCacheSim/results/cp_wss01_prefetch/logs/w62.oracleGeneral.bin.zst__sieve__noprefetch__396206090.log,ok
w56.oracleGeneral.bin.zst,oracleGeneral,lru,Mithril,149236408,14923640832,0.01,0.2479,0.4652,10899629,/users/varuncg/libCacheSim/results/cp_wss01_prefetch/logs/w56.oracleGeneral.bin.zst__lru__Mithril__149236408.log,ok
w62.oracleGeneral.bin.zst,oracleGeneral,sieve,OBL,396206090,39620609024,0.01,0.9225,0.8708,9497745,/users/varuncg/libCacheSim/results/cp_wss01_prefetch/logs/w62.oracleGeneral.bin.zst__sieve__OBL__396206090.log,ok
w63.oracleGeneral.bin.zst,oracleGeneral,sieve,none,623740083,62374008320,0.01,0.8203,0.6271,9380316,/users/varuncg/libCacheSim/results/cp_wss01_prefetch/logs/w63.oracleGeneral.bin.zst__sieve__noprefetch__623740083.log,ok
w63.oracleGeneral.bin.zst,oracleGeneral,lru,none,623740083,62374008320,0.01,0.8180,0.6608,9380316,/users/varuncg/libCacheSim/results/cp_wss01_prefetch/logs/w63.oracleGeneral.bin.zst__lru__noprefetch__623740083.log,ok
w58.oracleGeneral.bin.zst,oracleGeneral,sieve,Mithril,398153661,39815366144,0.01,0.3121,0.3307,10530695,/users/varuncg/libCacheSim/results/cp_wss01_prefetch/logs/w58.oracleGeneral.bin.zst__sieve__Mithril__398153661.log,ok
w60.oracleGeneral.bin.zst,oracleGeneral,sieve,PG,352079114,35207911424,0.01,0.8455,0.7539,9898835,/users/varuncg/libCacheSim/results/cp_wss01_prefetch/logs/w60.oracleGeneral.bin.zst__sieve__PG__352079114.log,ok
w60.oracleGeneral.bin.zst,oracleGeneral,lru,PG,352079114,35207911424,0.01,0.8486,0.7624,9898835,/users/varuncg/libCacheSim/results/cp_wss01_prefetch/logs/w60.oracleGeneral.bin.zst__lru__PG__352079114.log,ok
w63.oracleGeneral.bin.zst,oracleGeneral,lru,OBL,623740083,62374008320,0.01,0.4772,0.6409,9380316,/users/varuncg/libCacheSim/results/cp_wss01_prefetch/logs/w63.oracleGeneral.bin.zst__lru__OBL__623740083.log,ok
w57.oracleGeneral.bin.zst,oracleGeneral,sieve,Mithril,156024954,15602495488,0.01,0.2568,0.4914,10554725,/users/varuncg/libCacheSim/results/cp_wss01_prefetch/logs/w57.oracleGeneral.bin.zst__sieve__Mithril__156024954.log,ok
w64.oracleGeneral.bin.zst,oracleGeneral,lru,none,4260163476,426016347656,0.01,0.9025,0.9454,7458266,/users/varuncg/libCacheSim/results/cp_wss01_prefetch/logs/w64.oracleGeneral.bin.zst__lru__noprefetch__4260163476.log,ok
w64.oracleGeneral.bin.zst,oracleGeneral,lru,OBL,4260163476,426016347656,0.01,0.9022,0.9454,7458266,/users/varuncg/libCacheSim/results/cp_wss01_prefetch/logs/w64.oracleGeneral.bin.zst__lru__OBL__4260163476.log,ok
w63.oracleGeneral.bin.zst,oracleGeneral,sieve,OBL,623740083,62374008320,0.01,0.4540,0.6093,9380316,/users/varuncg/libCacheSim/results/cp_wss01_prefetch/logs/w63.oracleGeneral.bin.zst__sieve__OBL__623740083.log,ok
w57.oracleGeneral.bin.zst,oracleGeneral,lru,Mithril,156024954,15602495488,0.01,0.2896,0.5063,10554725,/users/varuncg/libCacheSim/results/cp_wss01_prefetch/logs/w57.oracleGeneral.bin.zst__lru__Mithril__156024954.log,ok
w64.oracleGeneral.bin.zst,oracleGeneral,sieve,none,4260163476,426016347656,0.01,0.8953,0.9402,7458266,/users/varuncg/libCacheSim/results/cp_wss01_prefetch/logs/w64.oracleGeneral.bin.zst__sieve__noprefetch__4260163476.log,ok
w61.oracleGeneral.bin.zst,oracleGeneral,sieve,PG,311276277,31127627776,0.01,0.8892,0.9164,9884691,/users/varuncg/libCacheSim/results/cp_wss01_prefetch/logs/w61.oracleGeneral.bin.zst__sieve__PG__311276277.log,ok
w61.oracleGeneral.bin.zst,oracleGeneral,lru,PG,311276277,31127627776,0.01,0.7960,0.8566,9884691,/users/varuncg/libCacheSim/results/cp_wss01_prefetch/logs/w61.oracleGeneral.bin.zst__lru__PG__311276277.log,ok
w58.oracleGeneral.bin.zst,oracleGeneral,lru,Mithril,398153661,39815366144,0.01,0.3122,0.3345,10530695,/users/varuncg/libCacheSim/results/cp_wss01_prefetch/logs/w58.oracleGeneral.bin.zst__lru__Mithril__398153661.log,ok
w64.oracleGeneral.bin.zst,oracleGeneral,sieve,OBL,4260163476,426016347656,0.01,0.8951,0.9402,7458266,/users/varuncg/libCacheSim/results/cp_wss01_prefetch/logs/w64.oracleGeneral.bin.zst__sieve__OBL__4260163476.log,ok
w66.oracleGeneral.bin.zst,oracleGeneral,lru,none,29567011,2956701184,0.01,0.5251,0.7691,9169631,/users/varuncg/libCacheSim/results/cp_wss01_prefetch/logs/w66.oracleGeneral.bin.zst__lru__noprefetch__29567011.log,ok
w62.oracleGeneral.bin.zst,oracleGeneral,lru,PG,396206090,39620609024,0.01,0.9215,0.8733,9497745,/users/varuncg/libCacheSim/results/cp_wss01_prefetch/logs/w62.oracleGeneral.bin.zst__lru__PG__396206090.log,ok
w66.oracleGeneral.bin.zst,oracleGeneral,lru,OBL,29567011,2956701184,0.01,0.5150,0.7688,9169631,/users/varuncg/libCacheSim/results/cp_wss01_prefetch/logs/w66.oracleGeneral.bin.zst__lru__OBL__29567011.log,ok
w65.oracleGeneral.bin.zst,oracleGeneral,sieve,none,586067143,58606714368,0.01,0.9774,0.9884,9316229,/users/varuncg/libCacheSim/results/cp_wss01_prefetch/logs/w65.oracleGeneral.bin.zst__sieve__noprefetch__586067143.log,ok
w62.oracleGeneral.bin.zst,oracleGeneral,sieve,PG,396206090,39620609024,0.01,0.9158,0.8654,9497745,/users/varuncg/libCacheSim/results/cp_wss01_prefetch/logs/w62.oracleGeneral.bin.zst__sieve__PG__396206090.log,ok
w65.oracleGeneral.bin.zst,oracleGeneral,lru,none,586067143,58606714368,0.01,0.9843,0.9924,9316229,/users/varuncg/libCacheSim/results/cp_wss01_prefetch/logs/w65.oracleGeneral.bin.zst__lru__noprefetch__586067143.log,ok
w65.oracleGeneral.bin.zst,oracleGeneral,lru,OBL,586067143,58606714368,0.01,0.9668,0.9917,9316229,/users/varuncg/libCacheSim/results/cp_wss01_prefetch/logs/w65.oracleGeneral.bin.zst__lru__OBL__586067143.log,ok
w66.oracleGeneral.bin.zst,oracleGeneral,sieve,none,29567011,2956701184,0.01,0.4764,0.7571,9169631,/users/varuncg/libCacheSim/results/cp_wss01_prefetch/logs/w66.oracleGeneral.bin.zst__sieve__noprefetch__29567011.log,ok
w65.oracleGeneral.bin.zst,oracleGeneral,sieve,OBL,586067143,58606714368,0.01,0.9582,0.9878,9316229,/users/varuncg/libCacheSim/results/cp_wss01_prefetch/logs/w65.oracleGeneral.bin.zst__sieve__OBL__586067143.log,ok
w63.oracleGeneral.bin.zst,oracleGeneral,lru,Mithril,623740083,62374008320,0.01,,,,/users/varuncg/libCacheSim/results/cp_wss01_prefetch/logs/w63.oracleGeneral.bin.zst__lru__Mithril__623740083.log,fail:134
w66.oracleGeneral.bin.zst,oracleGeneral,sieve,OBL,29567011,2956701184,0.01,0.4665,0.7571,9169631,/users/varuncg/libCacheSim/results/cp_wss01_prefetch/logs/w66.oracleGeneral.bin.zst__sieve__OBL__29567011.log,ok
w67.oracleGeneral.bin.zst,oracleGeneral,lru,none,61999339,6199933952,0.01,0.2252,0.5436,9028144,/users/varuncg/libCacheSim/results/cp_wss01_prefetch/logs/w67.oracleGeneral.bin.zst__lru__noprefetch__61999339.log,ok
w67.oracleGeneral.bin.zst,oracleGeneral,sieve,none,61999339,6199933952,0.01,0.2103,0.5296,9028144,/users/varuncg/libCacheSim/results/cp_wss01_prefetch/logs/w67.oracleGeneral.bin.zst__sieve__noprefetch__61999339.log,ok
w67.oracleGeneral.bin.zst,oracleGeneral,lru,OBL,61999339,6199933952,0.01,0.2252,0.5436,9028144,/users/varuncg/libCacheSim/results/cp_wss01_prefetch/logs/w67.oracleGeneral.bin.zst__lru__OBL__61999339.log,ok
w67.oracleGeneral.bin.zst,oracleGeneral,sieve,OBL,61999339,6199933952,0.01,0.2103,0.5296,9028144,/users/varuncg/libCacheSim/results/cp_wss01_prefetch/logs/w67.oracleGeneral.bin.zst__sieve__OBL__61999339.log,ok
w63.oracleGeneral.bin.zst,oracleGeneral,sieve,PG,623740083,62374008320,0.01,0.8151,0.6280,9380316,/users/varuncg/libCacheSim/results/cp_wss01_prefetch/logs/w63.oracleGeneral.bin.zst__sieve__PG__623740083.log,ok
w63.oracleGeneral.bin.zst,oracleGeneral,lru,PG,623740083,62374008320,0.01,0.8111,0.6570,9380316,/users/varuncg/libCacheSim/results/cp_wss01_prefetch/logs/w63.oracleGeneral.bin.zst__lru__PG__623740083.log,ok
w62.oracleGeneral.bin.zst,oracleGeneral,lru,Mithril,396206090,39620609024,0.01,0.7080,0.6771,9497745,/users/varuncg/libCacheSim/results/cp_wss01_prefetch/logs/w62.oracleGeneral.bin.zst__lru__Mithril__396206090.log,ok
w64.oracleGeneral.bin.zst,oracleGeneral,lru,Mithril,4260163476,426016347656,0.01,0.8988,0.9426,7458266,/users/varuncg/libCacheSim/results/cp_wss01_prefetch/logs/w64.oracleGeneral.bin.zst__lru__Mithril__4260163476.log,ok
w64.oracleGeneral.bin.zst,oracleGeneral,sieve,Mithril,4260163476,426016347656,0.01,0.8937,0.9387,7458266,/users/varuncg/libCacheSim/results/cp_wss01_prefetch/logs/w64.oracleGeneral.bin.zst__sieve__Mithril__4260163476.log,ok
w66.oracleGeneral.bin.zst,oracleGeneral,lru,PG,29567011,2956701184,0.01,0.5233,0.7683,9169631,/users/varuncg/libCacheSim/results/cp_wss01_prefetch/logs/w66.oracleGeneral.bin.zst__lru__PG__29567011.log,ok
w62.oracleGeneral.bin.zst,oracleGeneral,sieve,Mithril,396206090,39620609024,0.01,0.7037,0.6746,9497745,/users/varuncg/libCacheSim/results/cp_wss01_prefetch/logs/w62.oracleGeneral.bin.zst__sieve__Mithril__396206090.log,ok
w63.oracleGeneral.bin.zst,oracleGeneral,sieve,Mithril,623740083,62374008320,0.01,,,,/users/varuncg/libCacheSim/results/cp_wss01_prefetch/logs/w63.oracleGeneral.bin.zst__sieve__Mithril__623740083.log,fail:134
w68.oracleGeneral.bin.zst,oracleGeneral,lru,OBL,221981148,22198114816,0.01,0.6505,0.7168,8875971,/users/varuncg/libCacheSim/results/cp_wss01_prefetch/logs/w68.oracleGeneral.bin.zst__lru__OBL__221981148.log,ok
w68.oracleGeneral.bin.zst,oracleGeneral,lru,none,221981148,22198114816,0.01,0.6505,0.7168,8875971,/users/varuncg/libCacheSim/results/cp_wss01_prefetch/logs/w68.oracleGeneral.bin.zst__lru__noprefetch__221981148.log,ok
w67.oracleGeneral.bin.zst,oracleGeneral,lru,Mithril,61999339,6199933952,0.01,,,,/users/varuncg/libCacheSim/results/cp_wss01_prefetch/logs/w67.oracleGeneral.bin.zst__lru__Mithril__61999339.log,fail:134
w68.oracleGeneral.bin.zst,oracleGeneral,sieve,none,221981148,22198114816,0.01,0.6040,0.6707,8875971,/users/varuncg/libCacheSim/results/cp_wss01_prefetch/logs/w68.oracleGeneral.bin.zst__sieve__noprefetch__221981148.log,ok
w64.oracleGeneral.bin.zst,oracleGeneral,lru,PG,4260163476,426016347656,0.01,0.9022,0.9453,7458266,/users/varuncg/libCacheSim/results/cp_wss01_prefetch/logs/w64.oracleGeneral.bin.zst__lru__PG__4260163476.log,ok
w68.oracleGeneral.bin.zst,oracleGeneral,sieve,OBL,221981148,22198114816,0.01,0.6037,0.6706,8875971,/users/varuncg/libCacheSim/results/cp_wss01_prefetch/logs/w68.oracleGeneral.bin.zst__sieve__OBL__221981148.log,ok
w66.oracleGeneral.bin.zst,oracleGeneral,sieve,PG,29567011,2956701184,0.01,0.4768,0.7575,9169631,/users/varuncg/libCacheSim/results/cp_wss01_prefetch/logs/w66.oracleGeneral.bin.zst__sieve__PG__29567011.log,ok
w65.oracleGeneral.bin.zst,oracleGeneral,lru,PG,586067143,58606714368,0.01,0.9745,0.9803,9316229,/users/varuncg/libCacheSim/results/cp_wss01_prefetch/logs/w65.oracleGeneral.bin.zst__lru__PG__586067143.log,ok
w67.oracleGeneral.bin.zst,oracleGeneral,lru,PG,61999339,6199933952,0.01,0.2237,0.5429,9028144,/users/varuncg/libCacheSim/results/cp_wss01_prefetch/logs/w67.oracleGeneral.bin.zst__lru__PG__61999339.log,ok
w65.oracleGeneral.bin.zst,oracleGeneral,sieve,PG,586067143,58606714368,0.01,0.9727,0.9789,9316229,/users/varuncg/libCacheSim/results/cp_wss01_prefetch/logs/w65.oracleGeneral.bin.zst__sieve__PG__586067143.log,ok
w67.oracleGeneral.bin.zst,oracleGeneral,sieve,Mithril,61999339,6199933952,0.01,,,,/users/varuncg/libCacheSim/results/cp_wss01_prefetch/logs/w67.oracleGeneral.bin.zst__sieve__Mithril__61999339.log,fail:134
w67.oracleGeneral.bin.zst,oracleGeneral,sieve,PG,61999339,6199933952,0.01,0.2090,0.5270,9028144,/users/varuncg/libCacheSim/results/cp_wss01_prefetch/logs/w67.oracleGeneral.bin.zst__sieve__PG__61999339.log,ok
w69.oracleGeneral.bin.zst,oracleGeneral,lru,none,338126909,33812690944,0.01,0.7021,0.8243,7874006,/users/varuncg/libCacheSim/results/cp_wss01_prefetch/logs/w69.oracleGeneral.bin.zst__lru__noprefetch__338126909.log,ok
w69.oracleGeneral.bin.zst,oracleGeneral,lru,OBL,338126909,33812690944,0.01,0.7021,0.8243,7874006,/users/varuncg/libCacheSim/results/cp_wss01_prefetch/logs/w69.oracleGeneral.bin.zst__lru__OBL__338126909.log,ok
w59.oracleGeneral.bin.zst,oracleGeneral,sieve,Mithril,110647720,11064772096,0.01,0.7454,0.7532,10223136,/users/varuncg/libCacheSim/results/cp_wss01_prefetch/logs/w59.oracleGeneral.bin.zst__sieve__Mithril__110647720.log,ok
w64.oracleGeneral.bin.zst,oracleGeneral,sieve,PG,4260163476,426016347656,0.01,0.8953,0.9402,7458266,/users/varuncg/libCacheSim/results/cp_wss01_prefetch/logs/w64.oracleGeneral.bin.zst__sieve__PG__4260163476.log,ok
w69.oracleGeneral.bin.zst,oracleGeneral,sieve,none,338126909,33812690944,0.01,0.6236,0.7708,7874006,/users/varuncg/libCacheSim/results/cp_wss01_prefetch/logs/w69.oracleGeneral.bin.zst__sieve__noprefetch__338126909.log,ok
w69.oracleGeneral.bin.zst,oracleGeneral,sieve,OBL,338126909,33812690944,0.01,0.6236,0.7708,7874006,/users/varuncg/libCacheSim/results/cp_wss01_prefetch/logs/w69.oracleGeneral.bin.zst__sieve__OBL__338126909.log,ok
w70.oracleGeneral.bin.zst,oracleGeneral,sieve,none,345246924,34524692480,0.01,0.3065,0.5592,6928385,/users/varuncg/libCacheSim/results/cp_wss01_prefetch/logs/w70.oracleGeneral.bin.zst__sieve__noprefetch__345246924.log,ok
w70.oracleGeneral.bin.zst,oracleGeneral,lru,none,345246924,34524692480,0.01,0.3186,0.5425,6928385,/users/varuncg/libCacheSim/results/cp_wss01_prefetch/logs/w70.oracleGeneral.bin.zst__lru__noprefetch__345246924.log,ok
w59.oracleGeneral.bin.zst,oracleGeneral,lru,Mithril,110647720,11064772096,0.01,0.7509,0.7631,10223136,/users/varuncg/libCacheSim/results/cp_wss01_prefetch/logs/w59.oracleGeneral.bin.zst__lru__Mithril__110647720.log,ok
w70.oracleGeneral.bin.zst,oracleGeneral,sieve,OBL,345246924,34524692480,0.01,0.3065,0.5592,6928385,/users/varuncg/libCacheSim/results/cp_wss01_prefetch/logs/w70.oracleGeneral.bin.zst__sieve__OBL__345246924.log,ok
w70.oracleGeneral.bin.zst,oracleGeneral,lru,OBL,345246924,34524692480,0.01,0.3186,0.5425,6928385,/users/varuncg/libCacheSim/results/cp_wss01_prefetch/logs/w70.oracleGeneral.bin.zst__lru__OBL__345246924.log,ok
w71.oracleGeneral.bin.zst,oracleGeneral,lru,none,73800663,7380066304,0.01,0.5582,0.7240,6840776,/users/varuncg/libCacheSim/results/cp_wss01_prefetch/logs/w71.oracleGeneral.bin.zst__lru__noprefetch__73800663.log,ok
w71.oracleGeneral.bin.zst,oracleGeneral,sieve,none,73800663,7380066304,0.01,0.5258,0.7013,6840776,/users/varuncg/libCacheSim/results/cp_wss01_prefetch/logs/w71.oracleGeneral.bin.zst__sieve__noprefetch__73800663.log,ok
w66.oracleGeneral.bin.zst,oracleGeneral,lru,Mithril,29567011,2956701184,0.01,0.1935,0.1781,9169631,/users/varuncg/libCacheSim/results/cp_wss01_prefetch/logs/w66.oracleGeneral.bin.zst__lru__Mithril__29567011.log,ok
w71.oracleGeneral.bin.zst,oracleGeneral,lru,OBL,73800663,7380066304,0.01,0.5582,0.7240,6840776,/users/varuncg/libCacheSim/results/cp_wss01_prefetch/logs/w71.oracleGeneral.bin.zst__lru__OBL__73800663.log,ok
w71.oracleGeneral.bin.zst,oracleGeneral,sieve,OBL,73800663,7380066304,0.01,0.5258,0.7013,6840776,/users/varuncg/libCacheSim/results/cp_wss01_prefetch/logs/w71.oracleGeneral.bin.zst__sieve__OBL__73800663.log,ok
w72.oracleGeneral.bin.zst,oracleGeneral,lru,none,74601006,7460100608,0.01,0.4232,0.6653,6407185,/users/varuncg/libCacheSim/results/cp_wss01_prefetch/logs/w72.oracleGeneral.bin.zst__lru__noprefetch__74601006.log,ok
w65.oracleGeneral.bin.zst,oracleGeneral,lru,Mithril,586067143,58606714368,0.01,0.9627,0.9751,9316229,/users/varuncg/libCacheSim/results/cp_wss01_prefetch/logs/w65.oracleGeneral.bin.zst__lru__Mithril__586067143.log,ok
w72.oracleGeneral.bin.zst,oracleGeneral,lru,OBL,74601006,7460100608,0.01,0.4232,0.6653,6407185,/users/varuncg/libCacheSim/results/cp_wss01_prefetch/logs/w72.oracleGeneral.bin.zst__lru__OBL__74601006.log,ok
w66.oracleGeneral.bin.zst,oracleGeneral,sieve,Mithril,29567011,2956701184,0.01,0.1902,0.1933,9169631,/users/varuncg/libCacheSim/results/cp_wss01_prefetch/logs/w66.oracleGeneral.bin.zst__sieve__Mithril__29567011.log,ok
w72.oracleGeneral.bin.zst,oracleGeneral,sieve,none,74601006,7460100608,0.01,0.4063,0.6644,6407185,/users/varuncg/libCacheSim/results/cp_wss01_prefetch/logs/w72.oracleGeneral.bin.zst__sieve__noprefetch__74601006.log,ok
w65.oracleGeneral.bin.zst,oracleGeneral,sieve,Mithril,586067143,58606714368,0.01,0.9621,0.9749,9316229,/users/varuncg/libCacheSim/results/cp_wss01_prefetch/logs/w65.oracleGeneral.bin.zst__sieve__Mithril__586067143.log,ok
w72.oracleGeneral.bin.zst,oracleGeneral,sieve,OBL,74601006,7460100608,0.01,0.4063,0.6644,6407185,/users/varuncg/libCacheSim/results/cp_wss01_prefetch/logs/w72.oracleGeneral.bin.zst__sieve__OBL__74601006.log,ok
w73.oracleGeneral.bin.zst,oracleGeneral,lru,OBL,72396477,7239647744,0.01,0.6902,0.7490,6368815,/users/varuncg/libCacheSim/results/cp_wss01_prefetch/logs/w73.oracleGeneral.bin.zst__lru__OBL__72396477.log,ok
w68.oracleGeneral.bin.zst,oracleGeneral,lru,PG,221981148,22198114816,0.01,0.6401,0.7096,8875971,/users/varuncg/libCacheSim/results/cp_wss01_prefetch/logs/w68.oracleGeneral.bin.zst__lru__PG__221981148.log,ok
w73.oracleGeneral.bin.zst,oracleGeneral,lru,none,72396477,7239647744,0.01,0.6902,0.7490,6368815,/users/varuncg/libCacheSim/results/cp_wss01_prefetch/logs/w73.oracleGeneral.bin.zst__lru__noprefetch__72396477.log,ok
w68.oracleGeneral.bin.zst,oracleGeneral,sieve,PG,221981148,22198114816,0.01,0.5819,0.6582,8875971,/users/varuncg/libCacheSim/results/cp_wss01_prefetch/logs/w68.oracleGeneral.bin.zst__sieve__PG__221981148.log,ok
w54.oracleGeneral.bin.zst,oracleGeneral,lru,PG,27680301140,2768030114047,0.01,0.8832,0.9789,8832954,/users/varuncg/libCacheSim/results/cp_wss01_prefetch/logs/w54.oracleGeneral.bin.zst__lru__PG__27680301140.log,ok
w54.oracleGeneral.bin.zst,oracleGeneral,sieve,PG,27680301140,2768030114047,0.01,0.8460,0.9754,8832954,/users/varuncg/libCacheSim/results/cp_wss01_prefetch/logs/w54.oracleGeneral.bin.zst__sieve__PG__27680301140.log,ok
w73.oracleGeneral.bin.zst,oracleGeneral,sieve,none,72396477,7239647744,0.01,0.6572,0.7037,6368815,/users/varuncg/libCacheSim/results/cp_wss01_prefetch/logs/w73.oracleGeneral.bin.zst__sieve__noprefetch__72396477.log,ok
w73.oracleGeneral.bin.zst,oracleGeneral,sieve,OBL,72396477,7239647744,0.01,0.6572,0.7037,6368815,/users/varuncg/libCacheSim/results/cp_wss01_prefetch/logs/w73.oracleGeneral.bin.zst__sieve__OBL__72396477.log,ok
w70.oracleGeneral.bin.zst,oracleGeneral,lru,PG,345246924,34524692480,0.01,0.3043,0.5272,6928385,/users/varuncg/libCacheSim/results/cp_wss01_prefetch/logs/w70.oracleGeneral.bin.zst__lru__PG__345246924.log,ok
w70.oracleGeneral.bin.zst,oracleGeneral,sieve,PG,345246924,34524692480,0.01,0.2891,0.5405,6928385,/users/varuncg/libCacheSim/results/cp_wss01_prefetch/logs/w70.oracleGeneral.bin.zst__sieve__PG__345246924.log,ok
w74.oracleGeneral.bin.zst,oracleGeneral,lru,none,47421542,4742154240,0.01,0.2234,0.6086,6343762,/users/varuncg/libCacheSim/results/cp_wss01_prefetch/logs/w74.oracleGeneral.bin.zst__lru__noprefetch__47421542.log,ok
w74.oracleGeneral.bin.zst,oracleGeneral,lru,OBL,47421542,4742154240,0.01,0.2234,0.6086,6343762,/users/varuncg/libCacheSim/results/cp_wss01_prefetch/logs/w74.oracleGeneral.bin.zst__lru__OBL__47421542.log,ok
w72.oracleGeneral.bin.zst,oracleGeneral,lru,PG,74601006,7460100608,0.01,0.4167,0.6599,6407185,/users/varuncg/libCacheSim/results/cp_wss01_prefetch/logs/w72.oracleGeneral.bin.zst__lru__PG__74601006.log,ok
w71.oracleGeneral.bin.zst,oracleGeneral,lru,PG,73800663,7380066304,0.01,0.5373,0.7125,6840776,/users/varuncg/libCacheSim/results/cp_wss01_prefetch/logs/w71.oracleGeneral.bin.zst__lru__PG__73800663.log,ok
w74.oracleGeneral.bin.zst,oracleGeneral,sieve,none,47421542,4742154240,0.01,0.2089,0.5936,6343762,/users/varuncg/libCacheSim/results/cp_wss01_prefetch/logs/w74.oracleGeneral.bin.zst__sieve__noprefetch__47421542.log,ok
w72.oracleGeneral.bin.zst,oracleGeneral,sieve,PG,74601006,7460100608,0.01,0.3967,0.6552,6407185,/users/varuncg/libCacheSim/results/cp_wss01_prefetch/logs/w72.oracleGeneral.bin.zst__sieve__PG__74601006.log,ok
w61.oracleGeneral.bin.zst,oracleGeneral,lru,Mithril,311276277,31127627776,0.01,0.6835,0.5877,9884691,/users/varuncg/libCacheSim/results/cp_wss01_prefetch/logs/w61.oracleGeneral.bin.zst__lru__Mithril__311276277.log,ok
w74.oracleGeneral.bin.zst,oracleGeneral,sieve,OBL,47421542,4742154240,0.01,0.2089,0.5936,6343762,/users/varuncg/libCacheSim/results/cp_wss01_prefetch/logs/w74.oracleGeneral.bin.zst__sieve__OBL__47421542.log,ok
w61.oracleGeneral.bin.zst,oracleGeneral,sieve,Mithril,311276277,31127627776,0.01,0.7017,0.5997,9884691,/users/varuncg/libCacheSim/results/cp_wss01_prefetch/logs/w61.oracleGeneral.bin.zst__sieve__Mithril__311276277.log,ok
w71.oracleGeneral.bin.zst,oracleGeneral,sieve,PG,73800663,7380066304,0.01,0.5090,0.6970,6840776,/users/varuncg/libCacheSim/results/cp_wss01_prefetch/logs/w71.oracleGeneral.bin.zst__sieve__PG__73800663.log,ok
w75.oracleGeneral.bin.zst,oracleGeneral,lru,none,201410744,20141074432,0.01,0.2828,0.4460,6152624,/users/varuncg/libCacheSim/results/cp_wss01_prefetch/logs/w75.oracleGeneral.bin.zst__lru__noprefetch__201410744.log,ok
w75.oracleGeneral.bin.zst,oracleGeneral,sieve,none,201410744,20141074432,0.01,0.2587,0.3734,6152624,/users/varuncg/libCacheSim/results/cp_wss01_prefetch/logs/w75.oracleGeneral.bin.zst__sieve__noprefetch__201410744.log,ok
w75.oracleGeneral.bin.zst,oracleGeneral,lru,OBL,201410744,20141074432,0.01,0.2828,0.4460,6152624,/users/varuncg/libCacheSim/results/cp_wss01_prefetch/logs/w75.oracleGeneral.bin.zst__lru__OBL__201410744.log,ok
w75.oracleGeneral.bin.zst,oracleGeneral,sieve,OBL,201410744,20141074432,0.01,0.2587,0.3734,6152624,/users/varuncg/libCacheSim/results/cp_wss01_prefetch/logs/w75.oracleGeneral.bin.zst__sieve__OBL__201410744.log,ok
w71.oracleGeneral.bin.zst,oracleGeneral,lru,Mithril,73800663,7380066304,0.01,0.2192,0.3151,6840776,/users/varuncg/libCacheSim/results/cp_wss01_prefetch/logs/w71.oracleGeneral.bin.zst__lru__Mithril__73800663.log,ok
w76.oracleGeneral.bin.zst,oracleGeneral,lru,none,88240885,8824088576,0.01,0.3800,0.6077,6076272,/users/varuncg/libCacheSim/results/cp_wss01_prefetch/logs/w76.oracleGeneral.bin.zst__lru__noprefetch__88240885.log,ok
w69.oracleGeneral.bin.zst,oracleGeneral,sieve,PG,338126909,33812690944,0.01,0.6090,0.7484,7874006,/users/varuncg/libCacheSim/results/cp_wss01_prefetch/logs/w69.oracleGeneral.bin.zst__sieve__PG__338126909.log,ok
w69.oracleGeneral.bin.zst,oracleGeneral,lru,PG,338126909,33812690944,0.01,0.6528,0.7748,7874006,/users/varuncg/libCacheSim/results/cp_wss01_prefetch/logs/w69.oracleGeneral.bin.zst__lru__PG__338126909.log,ok
w70.oracleGeneral.bin.zst,oracleGeneral,sieve,Mithril,345246924,34524692480,0.01,0.2547,0.4485,6928385,/users/varuncg/libCacheSim/results/cp_wss01_prefetch/logs/w70.oracleGeneral.bin.zst__sieve__Mithril__345246924.log,ok
w71.oracleGeneral.bin.zst,oracleGeneral,sieve,Mithril,73800663,7380066304,0.01,0.2233,0.3202,6840776,/users/varuncg/libCacheSim/results/cp_wss01_prefetch/logs/w71.oracleGeneral.bin.zst__sieve__Mithril__73800663.log,ok
w76.oracleGeneral.bin.zst,oracleGeneral,lru,OBL,88240885,8824088576,0.01,0.3799,0.6076,6076272,/users/varuncg/libCacheSim/results/cp_wss01_prefetch/logs/w76.oracleGeneral.bin.zst__lru__OBL__88240885.log,ok
w70.oracleGeneral.bin.zst,oracleGeneral,lru,Mithril,345246924,34524692480,0.01,0.2786,0.5017,6928385,/users/varuncg/libCacheSim/results/cp_wss01_prefetch/logs/w70.oracleGeneral.bin.zst__lru__Mithril__345246924.log,ok
w74.oracleGeneral.bin.zst,oracleGeneral,lru,Mithril,47421542,4742154240,0.01,,,,/users/varuncg/libCacheSim/results/cp_wss01_prefetch/logs/w74.oracleGeneral.bin.zst__lru__Mithril__47421542.log,fail:134
w76.oracleGeneral.bin.zst,oracleGeneral,sieve,none,88240885,8824088576,0.01,0.3637,0.5898,6076272,/users/varuncg/libCacheSim/results/cp_wss01_prefetch/logs/w76.oracleGeneral.bin.zst__sieve__noprefetch__88240885.log,ok
w74.oracleGeneral.bin.zst,oracleGeneral,lru,PG,47421542,4742154240,0.01,0.2223,0.6077,6343762,/users/varuncg/libCacheSim/results/cp_wss01_prefetch/logs/w74.oracleGeneral.bin.zst__lru__PG__47421542.log,ok
w74.oracleGeneral.bin.zst,oracleGeneral,sieve,PG,47421542,4742154240,0.01,0.2070,0.5845,6343762,/users/varuncg/libCacheSim/results/cp_wss01_prefetch/logs/w74.oracleGeneral.bin.zst__sieve__PG__47421542.log,ok
w73.oracleGeneral.bin.zst,oracleGeneral,sieve,PG,72396477,7239647744,0.01,0.6434,0.6946,6368815,/users/varuncg/libCacheSim/results/cp_wss01_prefetch/logs/w73.oracleGeneral.bin.zst__sieve__PG__72396477.log,ok
w74.oracleGeneral.bin.zst,oracleGeneral,sieve,Mithril,47421542,4742154240,0.01,,,,/users/varuncg/libCacheSim/results/cp_wss01_prefetch/logs/w74.oracleGeneral.bin.zst__sieve__Mithril__47421542.log,fail:134
w73.oracleGeneral.bin.zst,oracleGeneral,lru,PG,72396477,7239647744,0.01,0.6751,0.7329,6368815,/users/varuncg/libCacheSim/results/cp_wss01_prefetch/logs/w73.oracleGeneral.bin.zst__lru__PG__72396477.log,ok
w76.oracleGeneral.bin.zst,oracleGeneral,sieve,OBL,88240885,8824088576,0.01,0.3636,0.5898,6076272,/users/varuncg/libCacheSim/results/cp_wss01_prefetch/logs/w76.oracleGeneral.bin.zst__sieve__OBL__88240885.log,ok
w72.oracleGeneral.bin.zst,oracleGeneral,sieve,Mithril,74601006,7460100608,0.01,,,,/users/varuncg/libCacheSim/results/cp_wss01_prefetch/logs/w72.oracleGeneral.bin.zst__sieve__Mithril__74601006.log,fail:134
w77.oracleGeneral.bin.zst,oracleGeneral,lru,none,189116375,18911637504,0.01,0.5813,0.7404,5616402,/users/varuncg/libCacheSim/results/cp_wss01_prefetch/logs/w77.oracleGeneral.bin.zst__lru__noprefetch__189116375.log,ok
w77.oracleGeneral.bin.zst,oracleGeneral,lru,OBL,189116375,18911637504,0.01,0.5811,0.7404,5616402,/users/varuncg/libCacheSim/results/cp_wss01_prefetch/logs/w77.oracleGeneral.bin.zst__lru__OBL__189116375.log,ok
w77.oracleGeneral.bin.zst,oracleGeneral,sieve,none,189116375,18911637504,0.01,0.5789,0.7409,5616402,/users/varuncg/libCacheSim/results/cp_wss01_prefetch/logs/w77.oracleGeneral.bin.zst__sieve__noprefetch__189116375.log,ok
w72.oracleGeneral.bin.zst,oracleGeneral,lru,Mithril,74601006,7460100608,0.01,0.2906,0.4083,6407185,/users/varuncg/libCacheSim/results/cp_wss01_prefetch/logs/w72.oracleGeneral.bin.zst__lru__Mithril__74601006.log,ok
w77.oracleGeneral.bin.zst,oracleGeneral,sieve,OBL,189116375,18911637504,0.01,0.5792,0.7416,5616402,/users/varuncg/libCacheSim/results/cp_wss01_prefetch/logs/w77.oracleGeneral.bin.zst__sieve__OBL__189116375.log,ok
w78.oracleGeneral.bin.zst,oracleGeneral,sieve,none,369610373,36961037312,0.01,0.4542,0.7216,5493106,/users/varuncg/libCacheSim/results/cp_wss01_prefetch/logs/w78.oracleGeneral.bin.zst__sieve__noprefetch__369610373.log,ok
w78.oracleGeneral.bin.zst,oracleGeneral,lru,none,369610373,36961037312,0.01,0.4955,0.6264,5493106,/users/varuncg/libCacheSim/results/cp_wss01_prefetch/logs/w78.oracleGeneral.bin.zst__lru__noprefetch__369610373.log,ok
w78.oracleGeneral.bin.zst,oracleGeneral,lru,OBL,369610373,36961037312,0.01,0.4954,0.6264,5493106,/users/varuncg/libCacheSim/results/cp_wss01_prefetch/logs/w78.oracleGeneral.bin.zst__lru__OBL__369610373.log,ok
w78.oracleGeneral.bin.zst,oracleGeneral,sieve,OBL,369610373,36961037312,0.01,0.4542,0.7216,5493106,/users/varuncg/libCacheSim/results/cp_wss01_prefetch/logs/w78.oracleGeneral.bin.zst__sieve__OBL__369610373.log,ok
w76.oracleGeneral.bin.zst,oracleGeneral,lru,PG,88240885,8824088576,0.01,0.3782,0.6066,6076272,/users/varuncg/libCacheSim/results/cp_wss01_prefetch/logs/w76.oracleGeneral.bin.zst__lru__PG__88240885.log,ok
w75.oracleGeneral.bin.zst,oracleGeneral,sieve,Mithril,201410744,20141074432,0.01,0.1905,0.3340,6152624,/users/varuncg/libCacheSim/results/cp_wss01_prefetch/logs/w75.oracleGeneral.bin.zst__sieve__Mithril__201410744.log,ok
w69.oracleGeneral.bin.zst,oracleGeneral,sieve,Mithril,338126909,33812690944,0.01,0.4305,0.5136,7874006,/users/varuncg/libCacheSim/results/cp_wss01_prefetch/logs/w69.oracleGeneral.bin.zst__sieve__Mithril__338126909.log,ok
w79.oracleGeneral.bin.zst,oracleGeneral,lru,none,657529134,65752913408,0.01,0.9722,0.9587,5411394,/users/varuncg/libCacheSim/results/cp_wss01_prefetch/logs/w79.oracleGeneral.bin.zst__lru__noprefetch__657529134.log,ok
w69.oracleGeneral.bin.zst,oracleGeneral,lru,Mithril,338126909,33812690944,0.01,0.4363,0.5154,7874006,/users/varuncg/libCacheSim/results/cp_wss01_prefetch/logs/w69.oracleGeneral.bin.zst__lru__Mithril__338126909.log,ok
w75.oracleGeneral.bin.zst,oracleGeneral,lru,Mithril,201410744,20141074432,0.01,0.2030,0.3838,6152624,/users/varuncg/libCacheSim/results/cp_wss01_prefetch/logs/w75.oracleGeneral.bin.zst__lru__Mithril__201410744.log,ok
w79.oracleGeneral.bin.zst,oracleGeneral,lru,OBL,657529134,65752913408,0.01,0.9576,0.9576,5411394,/users/varuncg/libCacheSim/results/cp_wss01_prefetch/logs/w79.oracleGeneral.bin.zst__lru__OBL__657529134.log,ok
w76.oracleGeneral.bin.zst,oracleGeneral,sieve,PG,88240885,8824088576,0.01,0.3621,0.5902,6076272,/users/varuncg/libCacheSim/results/cp_wss01_prefetch/logs/w76.oracleGeneral.bin.zst__sieve__PG__88240885.log,ok
w80.oracleGeneral.bin.zst,oracleGeneral,lru,none,49122165,4912216576,0.01,0.8187,0.9040,5256246,/users/varuncg/libCacheSim/results/cp_wss01_prefetch/logs/w80.oracleGeneral.bin.zst__lru__noprefetch__49122165.log,ok
w75.oracleGeneral.bin.zst,oracleGeneral,sieve,PG,201410744,20141074432,0.01,0.2542,0.3732,6152624,/users/varuncg/libCacheSim/results/cp_wss01_prefetch/logs/w75.oracleGeneral.bin.zst__sieve__PG__201410744.log,ok
w79.oracleGeneral.bin.zst,oracleGeneral,sieve,none,657529134,65752913408,0.01,0.9223,0.9464,5411394,/users/varuncg/libCacheSim/results/cp_wss01_prefetch/logs/w79.oracleGeneral.bin.zst__sieve__noprefetch__657529134.log,ok
w75.oracleGeneral.bin.zst,oracleGeneral,lru,PG,201410744,20141074432,0.01,0.2769,0.4421,6152624,/users/varuncg/libCacheSim/results/cp_wss01_prefetch/logs/w75.oracleGeneral.bin.zst__lru__PG__201410744.log,ok
w68.oracleGeneral.bin.zst,oracleGeneral,lru,Mithril,221981148,22198114816,0.01,0.4000,0.4735,8875971,/users/varuncg/libCacheSim/results/cp_wss01_prefetch/logs/w68.oracleGeneral.bin.zst__lru__Mithril__221981148.log,ok
w79.oracleGeneral.bin.zst,oracleGeneral,sieve,OBL,657529134,65752913408,0.01,0.9072,0.9456,5411394,/users/varuncg/libCacheSim/results/cp_wss01_prefetch/logs/w79.oracleGeneral.bin.zst__sieve__OBL__657529134.log,ok
w77.oracleGeneral.bin.zst,oracleGeneral,sieve,PG,189116375,18911637504,0.01,0.5771,0.7385,5616402,/users/varuncg/libCacheSim/results/cp_wss01_prefetch/logs/w77.oracleGeneral.bin.zst__sieve__PG__189116375.log,ok
w68.oracleGeneral.bin.zst,oracleGeneral,sieve,Mithril,221981148,22198114816,0.01,0.3652,0.4490,8875971,/users/varuncg/libCacheSim/results/cp_wss01_prefetch/logs/w68.oracleGeneral.bin.zst__sieve__Mithril__221981148.log,ok
w77.oracleGeneral.bin.zst,oracleGeneral,lru,PG,189116375,18911637504,0.01,0.5777,0.7342,5616402,/users/varuncg/libCacheSim/results/cp_wss01_prefetch/logs/w77.oracleGeneral.bin.zst__lru__PG__189116375.log,ok
w80.oracleGeneral.bin.zst,oracleGeneral,lru,OBL,49122165,4912216576,0.01,0.8187,0.9040,5256246,/users/varuncg/libCacheSim/results/cp_wss01_prefetch/logs/w80.oracleGeneral.bin.zst__lru__OBL__49122165.log,ok
w81.oracleGeneral.bin.zst,oracleGeneral,lru,Mithril,205789936,20578993664,0.01,,,,/users/varuncg/libCacheSim/results/cp_wss01_prefetch/logs/w81.oracleGeneral.bin.zst__lru__Mithril__205789936.log,fail:134
w80.oracleGeneral.bin.zst,oracleGeneral,sieve,none,49122165,4912216576,0.01,0.7962,0.8957,5256246,/users/varuncg/libCacheSim/results/cp_wss01_prefetch/logs/w80.oracleGeneral.bin.zst__sieve__noprefetch__49122165.log,ok
w73.oracleGeneral.bin.zst,oracleGeneral,lru,Mithril,72396477,7239647744,0.01,0.4429,0.4977,6368815,/users/varuncg/libCacheSim/results/cp_wss01_prefetch/logs/w73.oracleGeneral.bin.zst__lru__Mithril__72396477.log,ok
w76.oracleGeneral.bin.zst,oracleGeneral,sieve,Mithril,88240885,8824088576,0.01,,,,/users/varuncg/libCacheSim/results/cp_wss01_prefetch/logs/w76.oracleGeneral.bin.zst__sieve__Mithril__88240885.log,fail:134
w80.oracleGeneral.bin.zst,oracleGeneral,sieve,OBL,49122165,4912216576,0.01,0.7962,0.8957,5256246,/users/varuncg/libCacheSim/results/cp_wss01_prefetch/logs/w80.oracleGeneral.bin.zst__sieve__OBL__49122165.log,ok
w81.oracleGeneral.bin.zst,oracleGeneral,lru,OBL,205789936,20578993664,0.01,0.7407,0.9083,5026619,/users/varuncg/libCacheSim/results/cp_wss01_prefetch/logs/w81.oracleGeneral.bin.zst__lru__OBL__205789936.log,ok
w76.oracleGeneral.bin.zst,oracleGeneral,lru,Mithril,88240885,8824088576,0.01,,,,/users/varuncg/libCacheSim/results/cp_wss01_prefetch/logs/w76.oracleGeneral.bin.zst__lru__Mithril__88240885.log,fail:134
w81.oracleGeneral.bin.zst,oracleGeneral,sieve,none,205789936,20578993664,0.01,0.7192,0.9035,5026619,/users/varuncg/libCacheSim/results/cp_wss01_prefetch/logs/w81.oracleGeneral.bin.zst__sieve__noprefetch__205789936.log,ok
w82.oracleGeneral.bin.zst,oracleGeneral,lru,none,26526013,2652601344,0.01,0.4999,0.7453,4926610,/users/varuncg/libCacheSim/results/cp_wss01_prefetch/logs/w82.oracleGeneral.bin.zst__lru__noprefetch__26526013.log,ok
w81.oracleGeneral.bin.zst,oracleGeneral,sieve,OBL,205789936,20578993664,0.01,0.7192,0.9035,5026619,/users/varuncg/libCacheSim/results/cp_wss01_prefetch/logs/w81.oracleGeneral.bin.zst__sieve__OBL__205789936.log,ok
w82.oracleGeneral.bin.zst,oracleGeneral,lru,OBL,26526013,2652601344,0.01,0.4923,0.7451,4926610,/users/varuncg/libCacheSim/results/cp_wss01_prefetch/logs/w82.oracleGeneral.bin.zst__lru__OBL__26526013.log,ok
w81.oracleGeneral.bin.zst,oracleGeneral,lru,none,205789936,20578993664,0.01,0.7407,0.9083,5026619,/users/varuncg/libCacheSim/results/cp_wss01_prefetch/logs/w81.oracleGeneral.bin.zst__lru__noprefetch__205789936.log,ok
w78.oracleGeneral.bin.zst,oracleGeneral,sieve,PG,369610373,36961037312,0.01,0.4537,0.7293,5493106,/users/varuncg/libCacheSim/results/cp_wss01_prefetch/logs/w78.oracleGeneral.bin.zst__sieve__PG__369610373.log,ok
w73.oracleGeneral.bin.zst,oracleGeneral,sieve,Mithril,72396477,7239647744,0.01,0.4415,0.4953,6368815,/users/varuncg/libCacheSim/results/cp_wss01_prefetch/logs/w73.oracleGeneral.bin.zst__sieve__Mithril__72396477.log,ok
w78.oracleGeneral.bin.zst,oracleGeneral,lru,PG,369610373,36961037312,0.01,0.4891,0.6225,5493106,/users/varuncg/libCacheSim/results/cp_wss01_prefetch/logs/w78.oracleGeneral.bin.zst__lru__PG__369610373.log,ok
w82.oracleGeneral.bin.zst,oracleGeneral,sieve,none,26526013,2652601344,0.01,0.4632,0.7402,4926610,/users/varuncg/libCacheSim/results/cp_wss01_prefetch/logs/w82.oracleGeneral.bin.zst__sieve__noprefetch__26526013.log,ok
w82.oracleGeneral.bin.zst,oracleGeneral,sieve,OBL,26526013,2652601344,0.01,0.4543,0.7360,4926610,/users/varuncg/libCacheSim/results/cp_wss01_prefetch/logs/w82.oracleGeneral.bin.zst__sieve__OBL__26526013.log,ok
w83.oracleGeneral.bin.zst,oracleGeneral,lru,none,212506513,21250651328,0.01,0.4921,0.8241,3880481,/users/varuncg/libCacheSim/results/cp_wss01_prefetch/logs/w83.oracleGeneral.bin.zst__lru__noprefetch__212506513.log,ok
w83.oracleGeneral.bin.zst,oracleGeneral,lru,OBL,212506513,21250651328,0.01,0.4920,0.8241,3880481,/users/varuncg/libCacheSim/results/cp_wss01_prefetch/logs/w83.oracleGeneral.bin.zst__lru__OBL__212506513.log,ok
w83.oracleGeneral.bin.zst,oracleGeneral,sieve,none,212506513,21250651328,0.01,0.4806,0.8147,3880481,/users/varuncg/libCacheSim/results/cp_wss01_prefetch/logs/w83.oracleGeneral.bin.zst__sieve__noprefetch__212506513.log,ok
w83.oracleGeneral.bin.zst,oracleGeneral,lru,Mithril,212506513,21250651328,0.01,,,,/users/varuncg/libCacheSim/results/cp_wss01_prefetch/logs/w83.oracleGeneral.bin.zst__lru__Mithril__212506513.log,fail:134
w83.oracleGeneral.bin.zst,oracleGeneral,sieve,OBL,212506513,21250651328,0.01,0.4805,0.8147,3880481,/users/varuncg/libCacheSim/results/cp_wss01_prefetch/logs/w83.oracleGeneral.bin.zst__sieve__OBL__212506513.log,ok
w83.oracleGeneral.bin.zst,oracleGeneral,sieve,Mithril,212506513,21250651328,0.01,,,,/users/varuncg/libCacheSim/results/cp_wss01_prefetch/logs/w83.oracleGeneral.bin.zst__sieve__Mithril__212506513.log,fail:134
w78.oracleGeneral.bin.zst,oracleGeneral,lru,Mithril,369610373,36961037312,0.01,0.3330,0.5124,5493106,/users/varuncg/libCacheSim/results/cp_wss01_prefetch/logs/w78.oracleGeneral.bin.zst__lru__Mithril__369610373.log,ok
w78.oracleGeneral.bin.zst,oracleGeneral,sieve,Mithril,369610373,36961037312,0.01,0.3304,0.4938,5493106,/users/varuncg/libCacheSim/results/cp_wss01_prefetch/logs/w78.oracleGeneral.bin.zst__sieve__Mithril__369610373.log,ok
w77.oracleGeneral.bin.zst,oracleGeneral,lru,Mithril,189116375,18911637504,0.01,0.4292,0.4853,5616402,/users/varuncg/libCacheSim/results/cp_wss01_prefetch/logs/w77.oracleGeneral.bin.zst__lru__Mithril__189116375.log,ok
w81.oracleGeneral.bin.zst,oracleGeneral,sieve,Mithril,205789936,20578993664,0.01,,,,/users/varuncg/libCacheSim/results/cp_wss01_prefetch/logs/w81.oracleGeneral.bin.zst__sieve__Mithril__205789936.log,fail:134
w84.oracleGeneral.bin.zst,oracleGeneral,lru,none,216742246,21674224640,0.01,0.4818,0.5688,4814234,/users/varuncg/libCacheSim/results/cp_wss01_prefetch/logs/w84.oracleGeneral.bin.zst__lru__noprefetch__216742246.log,ok
w77.oracleGeneral.bin.zst,oracleGeneral,sieve,Mithril,189116375,18911637504,0.01,0.4326,0.4947,5616402,/users/varuncg/libCacheSim/results/cp_wss01_prefetch/logs/w77.oracleGeneral.bin.zst__sieve__Mithril__189116375.log,ok
w79.oracleGeneral.bin.zst,oracleGeneral,lru,PG,657529134,65752913408,0.01,0.9623,0.9566,5411394,/users/varuncg/libCacheSim/results/cp_wss01_prefetch/logs/w79.oracleGeneral.bin.zst__lru__PG__657529134.log,ok
w84.oracleGeneral.bin.zst,oracleGeneral,lru,OBL,216742246,21674224640,0.01,0.4818,0.5688,4814234,/users/varuncg/libCacheSim/results/cp_wss01_prefetch/logs/w84.oracleGeneral.bin.zst__lru__OBL__216742246.log,ok
w84.oracleGeneral.bin.zst,oracleGeneral,sieve,none,216742246,21674224640,0.01,0.4707,0.5081,4814234,/users/varuncg/libCacheSim/results/cp_wss01_prefetch/logs/w84.oracleGeneral.bin.zst__sieve__noprefetch__216742246.log,ok
w79.oracleGeneral.bin.zst,oracleGeneral,sieve,PG,657529134,65752913408,0.01,0.9188,0.9459,5411394,/users/varuncg/libCacheSim/results/cp_wss01_prefetch/logs/w79.oracleGeneral.bin.zst__sieve__PG__657529134.log,ok
w80.oracleGeneral.bin.zst,oracleGeneral,sieve,PG,49122165,4912216576,0.01,0.7917,0.8548,5256246,/users/varuncg/libCacheSim/results/cp_wss01_prefetch/logs/w80.oracleGeneral.bin.zst__sieve__PG__49122165.log,ok
w82.oracleGeneral.bin.zst,oracleGeneral,lru,PG,26526013,2652601344,0.01,0.4989,0.7447,4926610,/users/varuncg/libCacheSim/results/cp_wss01_prefetch/logs/w82.oracleGeneral.bin.zst__lru__PG__26526013.log,ok
w84.oracleGeneral.bin.zst,oracleGeneral,sieve,OBL,216742246,21674224640,0.01,0.4707,0.5081,4814234,/users/varuncg/libCacheSim/results/cp_wss01_prefetch/logs/w84.oracleGeneral.bin.zst__sieve__OBL__216742246.log,ok
w79.oracleGeneral.bin.zst,oracleGeneral,lru,Mithril,657529134,65752913408,0.01,,,,/users/varuncg/libCacheSim/results/cp_wss01_prefetch/logs/w79.oracleGeneral.bin.zst__lru__Mithril__657529134.log,fail:134
w82.oracleGeneral.bin.zst,oracleGeneral,sieve,PG,26526013,2652601344,0.01,0.4608,0.7332,4926610,/users/varuncg/libCacheSim/results/cp_wss01_prefetch/logs/w82.oracleGeneral.bin.zst__sieve__PG__26526013.log,ok
w80.oracleGeneral.bin.zst,oracleGeneral,lru,PG,49122165,4912216576,0.01,0.7961,0.8576,5256246,/users/varuncg/libCacheSim/results/cp_wss01_prefetch/logs/w80.oracleGeneral.bin.zst__lru__PG__49122165.log,ok
w81.oracleGeneral.bin.zst,oracleGeneral,lru,PG,205789936,20578993664,0.01,0.7383,0.9078,5026619,/users/varuncg/libCacheSim/results/cp_wss01_prefetch/logs/w81.oracleGeneral.bin.zst__lru__PG__205789936.log,ok
w85.oracleGeneral.bin.zst,oracleGeneral,sieve,none,239353927,23935392768,0.01,0.8017,0.9630,4790048,/users/varuncg/libCacheSim/results/cp_wss01_prefetch/logs/w85.oracleGeneral.bin.zst__sieve__noprefetch__239353927.log,ok
w85.oracleGeneral.bin.zst,oracleGeneral,lru,none,239353927,23935392768,0.01,0.8446,0.9730,4790048,/users/varuncg/libCacheSim/results/cp_wss01_prefetch/logs/w85.oracleGeneral.bin.zst__lru__noprefetch__239353927.log,ok
w85.oracleGeneral.bin.zst,oracleGeneral,sieve,OBL,239353927,23935392768,0.01,0.8017,0.9630,4790048,/users/varuncg/libCacheSim/results/cp_wss01_prefetch/logs/w85.oracleGeneral.bin.zst__sieve__OBL__239353927.log,ok
w85.oracleGeneral.bin.zst,oracleGeneral,lru,OBL,239353927,23935392768,0.01,0.8446,0.9730,4790048,/users/varuncg/libCacheSim/results/cp_wss01_prefetch/logs/w85.oracleGeneral.bin.zst__lru__OBL__239353927.log,ok
w81.oracleGeneral.bin.zst,oracleGeneral,sieve,PG,205789936,20578993664,0.01,0.7174,0.9035,5026619,/users/varuncg/libCacheSim/results/cp_wss01_prefetch/logs/w81.oracleGeneral.bin.zst__sieve__PG__205789936.log,ok
w79.oracleGeneral.bin.zst,oracleGeneral,sieve,Mithril,657529134,65752913408,0.01,0.8971,0.9405,5411394,/users/varuncg/libCacheSim/results/cp_wss01_prefetch/logs/w79.oracleGeneral.bin.zst__sieve__Mithril__657529134.log,ok
w83.oracleGeneral.bin.zst,oracleGeneral,sieve,PG,212506513,21250651328,0.01,0.4716,0.8139,3880481,/users/varuncg/libCacheSim/results/cp_wss01_prefetch/logs/w83.oracleGeneral.bin.zst__sieve__PG__212506513.log,ok
w83.oracleGeneral.bin.zst,oracleGeneral,lru,PG,212506513,21250651328,0.01,0.4829,0.8240,3880481,/users/varuncg/libCacheSim/results/cp_wss01_prefetch/logs/w83.oracleGeneral.bin.zst__lru__PG__212506513.log,ok
w86.oracleGeneral.bin.zst,oracleGeneral,lru,none,881879598,88187959808,0.01,0.9557,0.9813,4749563,/users/varuncg/libCacheSim/results/cp_wss01_prefetch/logs/w86.oracleGeneral.bin.zst__lru__noprefetch__881879598.log,ok
w86.oracleGeneral.bin.zst,oracleGeneral,lru,OBL,881879598,88187959808,0.01,0.9557,0.9813,4749563,/users/varuncg/libCacheSim/results/cp_wss01_prefetch/logs/w86.oracleGeneral.bin.zst__lru__OBL__881879598.log,ok
w86.oracleGeneral.bin.zst,oracleGeneral,sieve,none,881879598,88187959808,0.01,0.9478,0.9789,4749563,/users/varuncg/libCacheSim/results/cp_wss01_prefetch/logs/w86.oracleGeneral.bin.zst__sieve__noprefetch__881879598.log,ok
w87.oracleGeneral.bin.zst,oracleGeneral,lru,none,353836161,35383616192,0.01,0.8368,0.7006,3788806,/users/varuncg/libCacheSim/results/cp_wss01_prefetch/logs/w87.oracleGeneral.bin.zst__lru__noprefetch__353836161.log,ok
w86.oracleGeneral.bin.zst,oracleGeneral,sieve,OBL,881879598,88187959808,0.01,0.9478,0.9789,4749563,/users/varuncg/libCacheSim/results/cp_wss01_prefetch/logs/w86.oracleGeneral.bin.zst__sieve__OBL__881879598.log,ok
w88.oracleGeneral.bin.zst,oracleGeneral,lru,none,81331210,8133121024,0.01,0.3647,0.5837,4711053,/users/varuncg/libCacheSim/results/cp_wss01_prefetch/logs/w88.oracleGeneral.bin.zst__lru__noprefetch__81331210.log,ok
w87.oracleGeneral.bin.zst,oracleGeneral,lru,OBL,353836161,35383616192,0.01,0.7943,0.6997,3788806,/users/varuncg/libCacheSim/results/cp_wss01_prefetch/logs/w87.oracleGeneral.bin.zst__lru__OBL__353836161.log,ok
w87.oracleGeneral.bin.zst,oracleGeneral,sieve,none,353836161,35383616192,0.01,0.8668,0.7786,3788806,/users/varuncg/libCacheSim/results/cp_wss01_prefetch/logs/w87.oracleGeneral.bin.zst__sieve__noprefetch__353836161.log,ok
w82.oracleGeneral.bin.zst,oracleGeneral,lru,Mithril,26526013,2652601344,0.01,0.2193,0.2121,4926610,/users/varuncg/libCacheSim/results/cp_wss01_prefetch/logs/w82.oracleGeneral.bin.zst__lru__Mithril__26526013.log,ok
w88.oracleGeneral.bin.zst,oracleGeneral,lru,OBL,81331210,8133121024,0.01,0.3646,0.5837,4711053,/users/varuncg/libCacheSim/results/cp_wss01_prefetch/logs/w88.oracleGeneral.bin.zst__lru__OBL__81331210.log,ok
w87.oracleGeneral.bin.zst,oracleGeneral,sieve,OBL,353836161,35383616192,0.01,0.8235,0.7823,3788806,/users/varuncg/libCacheSim/results/cp_wss01_prefetch/logs/w87.oracleGeneral.bin.zst__sieve__OBL__353836161.log,ok
w88.oracleGeneral.bin.zst,oracleGeneral,lru,Mithril,81331210,8133121024,0.01,,,,/users/varuncg/libCacheSim/results/cp_wss01_prefetch/logs/w88.oracleGeneral.bin.zst__lru__Mithril__81331210.log,fail:134
w88.oracleGeneral.bin.zst,oracleGeneral,sieve,none,81331210,8133121024,0.01,0.3388,0.5703,4711053,/users/varuncg/libCacheSim/results/cp_wss01_prefetch/logs/w88.oracleGeneral.bin.zst__sieve__noprefetch__81331210.log,ok
w88.oracleGeneral.bin.zst,oracleGeneral,sieve,OBL,81331210,8133121024,0.01,0.3387,0.5704,4711053,/users/varuncg/libCacheSim/results/cp_wss01_prefetch/logs/w88.oracleGeneral.bin.zst__sieve__OBL__81331210.log,ok
w84.oracleGeneral.bin.zst,oracleGeneral,lru,PG,216742246,21674224640,0.01,0.4784,0.5573,4814234,/users/varuncg/libCacheSim/results/cp_wss01_prefetch/logs/w84.oracleGeneral.bin.zst__lru__PG__216742246.log,ok
w82.oracleGeneral.bin.zst,oracleGeneral,sieve,Mithril,26526013,2652601344,0.01,0.2020,0.2160,4926610,/users/varuncg/libCacheSim/results/cp_wss01_prefetch/logs/w82.oracleGeneral.bin.zst__sieve__Mithril__26526013.log,ok
w84.oracleGeneral.bin.zst,oracleGeneral,sieve,PG,216742246,21674224640,0.01,0.4701,0.5265,4814234,/users/varuncg/libCacheSim/results/cp_wss01_prefetch/logs/w84.oracleGeneral.bin.zst__sieve__PG__216742246.log,ok
w89.oracleGeneral.bin.zst,oracleGeneral,lru,none,234208133,23420813312,0.01,0.4346,0.5636,3625918,/users/varuncg/libCacheSim/results/cp_wss01_prefetch/logs/w89.oracleGeneral.bin.zst__lru__noprefetch__234208133.log,ok
w88.oracleGeneral.bin.zst,oracleGeneral,sieve,Mithril,81331210,8133121024,0.01,,,,/users/varuncg/libCacheSim/results/cp_wss01_prefetch/logs/w88.oracleGeneral.bin.zst__sieve__Mithril__81331210.log,fail:134
w89.oracleGeneral.bin.zst,oracleGeneral,lru,OBL,234208133,23420813312,0.01,0.4343,0.5636,3625918,/users/varuncg/libCacheSim/results/cp_wss01_prefetch/logs/w89.oracleGeneral.bin.zst__lru__OBL__234208133.log,ok
w85.oracleGeneral.bin.zst,oracleGeneral,sieve,Mithril,239353927,23935392768,0.01,,,,/users/varuncg/libCacheSim/results/cp_wss01_prefetch/logs/w85.oracleGeneral.bin.zst__sieve__Mithril__239353927.log,fail:134
w89.oracleGeneral.bin.zst,oracleGeneral,sieve,none,234208133,23420813312,0.01,0.4078,0.5518,3625918,/users/varuncg/libCacheSim/results/cp_wss01_prefetch/logs/w89.oracleGeneral.bin.zst__sieve__noprefetch__234208133.log,ok
w89.oracleGeneral.bin.zst,oracleGeneral,sieve,OBL,234208133,23420813312,0.01,0.4074,0.5517,3625918,/users/varuncg/libCacheSim/results/cp_wss01_prefetch/logs/w89.oracleGeneral.bin.zst__sieve__OBL__234208133.log,ok
w85.oracleGeneral.bin.zst,oracleGeneral,lru,PG,239353927,23935392768,0.01,0.8363,0.9717,4790048,/users/varuncg/libCacheSim/results/cp_wss01_prefetch/logs/w85.oracleGeneral.bin.zst__lru__PG__239353927.log,ok
w80.oracleGeneral.bin.zst,oracleGeneral,lru,Mithril,49122165,4912216576,0.01,0.5082,0.4471,5256246,/users/varuncg/libCacheSim/results/cp_wss01_prefetch/logs/w80.oracleGeneral.bin.zst__lru__Mithril__49122165.log,ok
w80.oracleGeneral.bin.zst,oracleGeneral,sieve,Mithril,49122165,4912216576,0.01,0.5168,0.4572,5256246,/users/varuncg/libCacheSim/results/cp_wss01_prefetch/logs/w80.oracleGeneral.bin.zst__sieve__Mithril__49122165.log,ok
w85.oracleGeneral.bin.zst,oracleGeneral,sieve,PG,239353927,23935392768,0.01,0.8016,0.9630,4790048,/users/varuncg/libCacheSim/results/cp_wss01_prefetch/logs/w85.oracleGeneral.bin.zst__sieve__PG__239353927.log,ok
w85.oracleGeneral.bin.zst,oracleGeneral,lru,Mithril,239353927,23935392768,0.01,,,,/users/varuncg/libCacheSim/results/cp_wss01_prefetch/logs/w85.oracleGeneral.bin.zst__lru__Mithril__239353927.log,fail:134
w90.oracleGeneral.bin.zst,oracleGeneral,lru,none,174719646,17471964672,0.01,0.7829,0.9376,4493515,/users/varuncg/libCacheSim/results/cp_wss01_prefetch/logs/w90.oracleGeneral.bin.zst__lru__noprefetch__174719646.log,ok
w90.oracleGeneral.bin.zst,oracleGeneral,sieve,none,174719646,17471964672,0.01,0.7823,0.9336,4493515,/users/varuncg/libCacheSim/results/cp_wss01_prefetch/logs/w90.oracleGeneral.bin.zst__sieve__noprefetch__174719646.log,ok
w87.oracleGeneral.bin.zst,oracleGeneral,lru,Mithril,353836161,35383616192,0.01,,,,/users/varuncg/libCacheSim/results/cp_wss01_prefetch/logs/w87.oracleGeneral.bin.zst__lru__Mithril__353836161.log,fail:134
w90.oracleGeneral.bin.zst,oracleGeneral,lru,OBL,174719646,17471964672,0.01,0.7828,0.9376,4493515,/users/varuncg/libCacheSim/results/cp_wss01_prefetch/logs/w90.oracleGeneral.bin.zst__lru__OBL__174719646.log,ok
w88.oracleGeneral.bin.zst,oracleGeneral,lru,PG,81331210,8133121024,0.01,0.3490,0.5392,4711053,/users/varuncg/libCacheSim/results/cp_wss01_prefetch/logs/w88.oracleGeneral.bin.zst__lru__PG__81331210.log,ok
w90.oracleGeneral.bin.zst,oracleGeneral,sieve,OBL,174719646,17471964672,0.01,0.7823,0.9335,4493515,/users/varuncg/libCacheSim/results/cp_wss01_prefetch/logs/w90.oracleGeneral.bin.zst__sieve__OBL__174719646.log,ok
w86.oracleGeneral.bin.zst,oracleGeneral,lru,PG,881879598,88187959808,0.01,0.9557,0.9812,4749563,/users/varuncg/libCacheSim/results/cp_wss01_prefetch/logs/w86.oracleGeneral.bin.zst__lru__PG__881879598.log,ok
w87.oracleGeneral.bin.zst,oracleGeneral,lru,PG,353836161,35383616192,0.01,0.8308,0.6997,3788806,/users/varuncg/libCacheSim/results/cp_wss01_prefetch/logs/w87.oracleGeneral.bin.zst__lru__PG__353836161.log,ok
w87.oracleGeneral.bin.zst,oracleGeneral,sieve,PG,353836161,35383616192,0.01,0.8628,0.7814,3788806,/users/varuncg/libCacheSim/results/cp_wss01_prefetch/logs/w87.oracleGeneral.bin.zst__sieve__PG__353836161.log,ok
w91.oracleGeneral.bin.zst,oracleGeneral,sieve,none,168709893,16870989312,0.01,0.6113,0.7217,4316605,/users/varuncg/libCacheSim/results/cp_wss01_prefetch/logs/w91.oracleGeneral.bin.zst__sieve__noprefetch__168709893.log,ok
w91.oracleGeneral.bin.zst,oracleGeneral,lru,none,168709893,16870989312,0.01,0.6699,0.8038,4316605,/users/varuncg/libCacheSim/results/cp_wss01_prefetch/logs/w91.oracleGeneral.bin.zst__lru__noprefetch__168709893.log,ok
w91.oracleGeneral.bin.zst,oracleGeneral,sieve,OBL,168709893,16870989312,0.01,0.6113,0.7217,4316605,/users/varuncg/libCacheSim/results/cp_wss01_prefetch/logs/w91.oracleGeneral.bin.zst__sieve__OBL__168709893.log,ok
w91.oracleGeneral.bin.zst,oracleGeneral,lru,OBL,168709893,16870989312,0.01,0.6699,0.8038,4316605,/users/varuncg/libCacheSim/results/cp_wss01_prefetch/logs/w91.oracleGeneral.bin.zst__lru__OBL__168709893.log,ok
w89.oracleGeneral.bin.zst,oracleGeneral,lru,PG,234208133,23420813312,0.01,0.4334,0.5624,3625918,/users/varuncg/libCacheSim/results/cp_wss01_prefetch/logs/w89.oracleGeneral.bin.zst__lru__PG__234208133.log,ok
w84.oracleGeneral.bin.zst,oracleGeneral,sieve,Mithril,216742246,21674224640,0.01,0.3933,0.3966,4814234,/users/varuncg/libCacheSim/results/cp_wss01_prefetch/logs/w84.oracleGeneral.bin.zst__sieve__Mithril__216742246.log,ok
w89.oracleGeneral.bin.zst,oracleGeneral,sieve,PG,234208133,23420813312,0.01,0.4071,0.5505,3625918,/users/varuncg/libCacheSim/results/cp_wss01_prefetch/logs/w89.oracleGeneral.bin.zst__sieve__PG__234208133.log,ok
w84.oracleGeneral.bin.zst,oracleGeneral,lru,Mithril,216742246,21674224640,0.01,0.4036,0.4225,4814234,/users/varuncg/libCacheSim/results/cp_wss01_prefetch/logs/w84.oracleGeneral.bin.zst__lru__Mithril__216742246.log,ok
w86.oracleGeneral.bin.zst,oracleGeneral,sieve,PG,881879598,88187959808,0.01,0.9478,0.9789,4749563,/users/varuncg/libCacheSim/results/cp_wss01_prefetch/logs/w86.oracleGeneral.bin.zst__sieve__PG__881879598.log,ok
w88.oracleGeneral.bin.zst,oracleGeneral,sieve,PG,81331210,8133121024,0.01,0.3407,0.5322,4711053,/users/varuncg/libCacheSim/results/cp_wss01_prefetch/logs/w88.oracleGeneral.bin.zst__sieve__PG__81331210.log,ok
w89.oracleGeneral.bin.zst,oracleGeneral,lru,Mithril,234208133,23420813312,0.01,0.3431,0.4815,3625918,/users/varuncg/libCacheSim/results/cp_wss01_prefetch/logs/w89.oracleGeneral.bin.zst__lru__Mithril__234208133.log,ok
w92.oracleGeneral.bin.zst,oracleGeneral,sieve,none,233237263,23323726336,0.01,0.8110,0.9561,4284658,/users/varuncg/libCacheSim/results/cp_wss01_prefetch/logs/w92.oracleGeneral.bin.zst__sieve__noprefetch__233237263.log,ok
w89.oracleGeneral.bin.zst,oracleGeneral,sieve,Mithril,234208133,23420813312,0.01,0.3436,0.4846,3625918,/users/varuncg/libCacheSim/results/cp_wss01_prefetch/logs/w89.oracleGeneral.bin.zst__sieve__Mithril__234208133.log,ok
w92.oracleGeneral.bin.zst,oracleGeneral,sieve,OBL,233237263,23323726336,0.01,0.8110,0.9561,4284658,/users/varuncg/libCacheSim/results/cp_wss01_prefetch/logs/w92.oracleGeneral.bin.zst__sieve__OBL__233237263.log,ok
w92.oracleGeneral.bin.zst,oracleGeneral,lru,none,233237263,23323726336,0.01,0.8306,0.9581,4284658,/users/varuncg/libCacheSim/results/cp_wss01_prefetch/logs/w92.oracleGeneral.bin.zst__lru__noprefetch__233237263.log,ok
w92.oracleGeneral.bin.zst,oracleGeneral,lru,OBL,233237263,23323726336,0.01,0.8306,0.9581,4284658,/users/varuncg/libCacheSim/results/cp_wss01_prefetch/logs/w92.oracleGeneral.bin.zst__lru__OBL__233237263.log,ok
w93.oracleGeneral.bin.zst,oracleGeneral,lru,none,335168636,33516863680,0.01,0.8643,0.9456,3351357,/users/varuncg/libCacheSim/results/cp_wss01_prefetch/logs/w93.oracleGeneral.bin.zst__lru__noprefetch__335168636.log,ok
w93.oracleGeneral.bin.zst,oracleGeneral,sieve,none,335168636,33516863680,0.01,0.8442,0.9335,3351357,/users/varuncg/libCacheSim/results/cp_wss01_prefetch/logs/w93.oracleGeneral.bin.zst__sieve__noprefetch__335168636.log,ok
w93.oracleGeneral.bin.zst,oracleGeneral,lru,OBL,335168636,33516863680,0.01,0.8643,0.9456,3351357,/users/varuncg/libCacheSim/results/cp_wss01_prefetch/logs/w93.oracleGeneral.bin.zst__lru__OBL__335168636.log,ok
w87.oracleGeneral.bin.zst,oracleGeneral,sieve,Mithril,353836161,35383616192,0.01,0.8029,0.6809,3788806,/users/varuncg/libCacheSim/results/cp_wss01_prefetch/logs/w87.oracleGeneral.bin.zst__sieve__Mithril__353836161.log,ok
w93.oracleGeneral.bin.zst,oracleGeneral,sieve,OBL,335168636,33516863680,0.01,0.8442,0.9335,3351357,/users/varuncg/libCacheSim/results/cp_wss01_prefetch/logs/w93.oracleGeneral.bin.zst__sieve__OBL__335168636.log,ok
w86.oracleGeneral.bin.zst,oracleGeneral,lru,Mithril,881879598,88187959808,0.01,0.9416,0.9428,4749563,/users/varuncg/libCacheSim/results/cp_wss01_prefetch/logs/w86.oracleGeneral.bin.zst__lru__Mithril__881879598.log,ok
w86.oracleGeneral.bin.zst,oracleGeneral,sieve,Mithril,881879598,88187959808,0.01,0.9364,0.9419,4749563,/users/varuncg/libCacheSim/results/cp_wss01_prefetch/logs/w86.oracleGeneral.bin.zst__sieve__Mithril__881879598.log,ok
w95.oracleGeneral.bin.zst,oracleGeneral,sieve,OBL,88527257,8852725760,0.01,0.3719,0.5710,3937240,/users/varuncg/libCacheSim/results/cp_wss01_prefetch/logs/w95.oracleGeneral.bin.zst__sieve__OBL__88527257.log,ok
w94.oracleGeneral.bin.zst,oracleGeneral,lru,none,559487221,55948722176,0.01,0.9541,0.9627,4118188,/users/varuncg/libCacheSim/results/cp_wss01_prefetch/logs/w94.oracleGeneral.bin.zst__lru__noprefetch__559487221.log,ok
w93.oracleGeneral.bin.zst,oracleGeneral,lru,Mithril,335168636,33516863680,0.01,,,,/users/varuncg/libCacheSim/results/cp_wss01_prefetch/logs/w93.oracleGeneral.bin.zst__lru__Mithril__335168636.log,fail:134
w95.oracleGeneral.bin.zst,oracleGeneral,lru,none,88527257,8852725760,0.01,0.3979,0.5945,3937240,/users/varuncg/libCacheSim/results/cp_wss01_prefetch/logs/w95.oracleGeneral.bin.zst__lru__noprefetch__88527257.log,ok
w94.oracleGeneral.bin.zst,oracleGeneral,lru,OBL,559487221,55948722176,0.01,0.9541,0.9627,4118188,/users/varuncg/libCacheSim/results/cp_wss01_prefetch/logs/w94.oracleGeneral.bin.zst__lru__OBL__559487221.log,ok
w90.oracleGeneral.bin.zst,oracleGeneral,sieve,PG,174719646,17471964672,0.01,0.7781,0.9281,4493515,/users/varuncg/libCacheSim/results/cp_wss01_prefetch/logs/w90.oracleGeneral.bin.zst__sieve__PG__174719646.log,ok
w95.oracleGeneral.bin.zst,oracleGeneral,sieve,none,88527257,8852725760,0.01,0.3722,0.5712,3937240,/users/varuncg/libCacheSim/results/cp_wss01_prefetch/logs/w95.oracleGeneral.bin.zst__sieve__noprefetch__88527257.log,ok
w95.oracleGeneral.bin.zst,oracleGeneral,lru,OBL,88527257,8852725760,0.01,0.3977,0.5945,3937240,/users/varuncg/libCacheSim/results/cp_wss01_prefetch/logs/w95.oracleGeneral.bin.zst__lru__OBL__88527257.log,ok
w90.oracleGeneral.bin.zst,oracleGeneral,lru,PG,174719646,17471964672,0.01,0.7746,0.9277,4493515,/users/varuncg/libCacheSim/results/cp_wss01_prefetch/logs/w90.oracleGeneral.bin.zst__lru__PG__174719646.log,ok
w94.oracleGeneral.bin.zst,oracleGeneral,sieve,none,559487221,55948722176,0.01,0.9593,0.9855,4118188,/users/varuncg/libCacheSim/results/cp_wss01_prefetch/logs/w94.oracleGeneral.bin.zst__sieve__noprefetch__559487221.log,ok
w94.oracleGeneral.bin.zst,oracleGeneral,sieve,OBL,559487221,55948722176,0.01,0.9593,0.9855,4118188,/users/varuncg/libCacheSim/results/cp_wss01_prefetch/logs/w94.oracleGeneral.bin.zst__sieve__OBL__559487221.log,ok
w96.oracleGeneral.bin.zst,oracleGeneral,sieve,none,174718622,17471862272,0.01,0.8490,0.8623,3787344,/users/varuncg/libCacheSim/results/cp_wss01_prefetch/logs/w96.oracleGeneral.bin.zst__sieve__noprefetch__174718622.log,ok
w96.oracleGeneral.bin.zst,oracleGeneral,sieve,OBL,174718622,17471862272,0.01,0.8490,0.8623,3787344,/users/varuncg/libCacheSim/results/cp_wss01_prefetch/logs/w96.oracleGeneral.bin.zst__sieve__OBL__174718622.log,ok
w96.oracleGeneral.bin.zst,oracleGeneral,lru,none,174718622,17471862272,0.01,0.7700,0.8001,3787344,/users/varuncg/libCacheSim/results/cp_wss01_prefetch/logs/w96.oracleGeneral.bin.zst__lru__noprefetch__174718622.log,ok
w92.oracleGeneral.bin.zst,oracleGeneral,sieve,PG,233237263,23323726336,0.01,0.8105,0.9559,4284658,/users/varuncg/libCacheSim/results/cp_wss01_prefetch/logs/w92.oracleGeneral.bin.zst__sieve__PG__233237263.log,ok
w93.oracleGeneral.bin.zst,oracleGeneral,sieve,PG,335168636,33516863680,0.01,0.8516,0.9309,3351357,/users/varuncg/libCacheSim/results/cp_wss01_prefetch/logs/w93.oracleGeneral.bin.zst__sieve__PG__335168636.log,ok
w96.oracleGeneral.bin.zst,oracleGeneral,lru,OBL,174718622,17471862272,0.01,0.7700,0.8001,3787344,/users/varuncg/libCacheSim/results/cp_wss01_prefetch/logs/w96.oracleGeneral.bin.zst__lru__OBL__174718622.log,ok
w90.oracleGeneral.bin.zst,oracleGeneral,lru,Mithril,174719646,17471964672,0.01,0.2471,0.1753,4493515,/users/varuncg/libCacheSim/results/cp_wss01_prefetch/logs/w90.oracleGeneral.bin.zst__lru__Mithril__174719646.log,ok
w93.oracleGeneral.bin.zst,oracleGeneral,lru,PG,335168636,33516863680,0.01,0.8554,0.9372,3351357,/users/varuncg/libCacheSim/results/cp_wss01_prefetch/logs/w93.oracleGeneral.bin.zst__lru__PG__335168636.log,ok
w90.oracleGeneral.bin.zst,oracleGeneral,sieve,Mithril,174719646,17471964672,0.01,0.2540,0.1827,4493515,/users/varuncg/libCacheSim/results/cp_wss01_prefetch/logs/w90.oracleGeneral.bin.zst__sieve__Mithril__174719646.log,ok
w95.oracleGeneral.bin.zst,oracleGeneral,lru,Mithril,88527257,8852725760,0.01,,,,/users/varuncg/libCacheSim/results/cp_wss01_prefetch/logs/w95.oracleGeneral.bin.zst__lru__Mithril__88527257.log,fail:134
w92.oracleGeneral.bin.zst,oracleGeneral,lru,PG,233237263,23323726336,0.01,0.8273,0.9569,4284658,/users/varuncg/libCacheSim/results/cp_wss01_prefetch/logs/w92.oracleGeneral.bin.zst__lru__PG__233237263.log,ok
w97.oracleGeneral.bin.zst,oracleGeneral,lru,none,545638686,54563868672,0.01,0.7418,0.9310,3768450,/users/varuncg/libCacheSim/results/cp_wss01_prefetch/logs/w97.oracleGeneral.bin.zst__lru__noprefetch__545638686.log,ok
w92.oracleGeneral.bin.zst,oracleGeneral,lru,Mithril,233237263,23323726336,0.01,0.8249,0.9563,4284658,/users/varuncg/libCacheSim/results/cp_wss01_prefetch/logs/w92.oracleGeneral.bin.zst__lru__Mithril__233237263.log,ok
w91.oracleGeneral.bin.zst,oracleGeneral,lru,PG,168709893,16870989312,0.01,0.6258,0.7390,4316605,/users/varuncg/libCacheSim/results/cp_wss01_prefetch/logs/w91.oracleGeneral.bin.zst__lru__PG__168709893.log,ok
w97.oracleGeneral.bin.zst,oracleGeneral,lru,OBL,545638686,54563868672,0.01,0.7418,0.9310,3768450,/users/varuncg/libCacheSim/results/cp_wss01_prefetch/logs/w97.oracleGeneral.bin.zst__lru__OBL__545638686.log,ok
w95.oracleGeneral.bin.zst,oracleGeneral,lru,PG,88527257,8852725760,0.01,0.3794,0.5500,3937240,/users/varuncg/libCacheSim/results/cp_wss01_prefetch/logs/w95.oracleGeneral.bin.zst__lru__PG__88527257.log,ok
w91.oracleGeneral.bin.zst,oracleGeneral,lru,Mithril,168709893,16870989312,0.01,0.3654,0.4011,4316605,/users/varuncg/libCacheSim/results/cp_wss01_prefetch/logs/w91.oracleGeneral.bin.zst__lru__Mithril__168709893.log,ok
w91.oracleGeneral.bin.zst,oracleGeneral,sieve,PG,168709893,16870989312,0.01,0.6121,0.7315,4316605,/users/varuncg/libCacheSim/results/cp_wss01_prefetch/logs/w91.oracleGeneral.bin.zst__sieve__PG__168709893.log,ok
w95.oracleGeneral.bin.zst,oracleGeneral,sieve,Mithril,88527257,8852725760,0.01,,,,/users/varuncg/libCacheSim/results/cp_wss01_prefetch/logs/w95.oracleGeneral.bin.zst__sieve__Mithril__88527257.log,fail:134
w95.oracleGeneral.bin.zst,oracleGeneral,sieve,PG,88527257,8852725760,0.01,0.3757,0.5419,3937240,/users/varuncg/libCacheSim/results/cp_wss01_prefetch/logs/w95.oracleGeneral.bin.zst__sieve__PG__88527257.log,ok
w92.oracleGeneral.bin.zst,oracleGeneral,sieve,Mithril,233237263,23323726336,0.01,0.8151,0.9509,4284658,/users/varuncg/libCacheSim/results/cp_wss01_prefetch/logs/w92.oracleGeneral.bin.zst__sieve__Mithril__233237263.log,ok
w94.oracleGeneral.bin.zst,oracleGeneral,lru,PG,559487221,55948722176,0.01,0.9175,0.9596,4118188,/users/varuncg/libCacheSim/results/cp_wss01_prefetch/logs/w94.oracleGeneral.bin.zst__lru__PG__559487221.log,ok
w97.oracleGeneral.bin.zst,oracleGeneral,sieve,none,545638686,54563868672,0.01,0.7017,0.9188,3768450,/users/varuncg/libCacheSim/results/cp_wss01_prefetch/logs/w97.oracleGeneral.bin.zst__sieve__noprefetch__545638686.log,ok
w93.oracleGeneral.bin.zst,oracleGeneral,sieve,Mithril,335168636,33516863680,0.01,0.5163,0.4339,3351357,/users/varuncg/libCacheSim/results/cp_wss01_prefetch/logs/w93.oracleGeneral.bin.zst__sieve__Mithril__335168636.log,ok
w98.oracleGeneral.bin.zst,oracleGeneral,lru,none,535995719,53599571968,0.01,0.7405,0.9299,3664418,/users/varuncg/libCacheSim/results/cp_wss01_prefetch/logs/w98.oracleGeneral.bin.zst__lru__noprefetch__535995719.log,ok
w97.oracleGeneral.bin.zst,oracleGeneral,sieve,OBL,545638686,54563868672,0.01,0.7017,0.9188,3768450,/users/varuncg/libCacheSim/results/cp_wss01_prefetch/logs/w97.oracleGeneral.bin.zst__sieve__OBL__545638686.log,ok
w91.oracleGeneral.bin.zst,oracleGeneral,sieve,Mithril,168709893,16870989312,0.01,0.3741,0.4066,4316605,/users/varuncg/libCacheSim/results/cp_wss01_prefetch/logs/w91.oracleGeneral.bin.zst__sieve__Mithril__168709893.log,ok
w99.oracleGeneral.bin.zst,oracleGeneral,lru,OBL,202314746,20231474688,0.01,0.6708,0.9431,3660840,/users/varuncg/libCacheSim/results/cp_wss01_prefetch/logs/w99.oracleGeneral.bin.zst__lru__OBL__202314746.log,ok
w98.oracleGeneral.bin.zst,oracleGeneral,lru,OBL,535995719,53599571968,0.01,0.7405,0.9299,3664418,/users/varuncg/libCacheSim/results/cp_wss01_prefetch/logs/w98.oracleGeneral.bin.zst__lru__OBL__535995719.log,ok
w96.oracleGeneral.bin.zst,oracleGeneral,sieve,PG,174718622,17471862272,0.01,0.8410,0.8554,3787344,/users/varuncg/libCacheSim/results/cp_wss01_prefetch/logs/w96.oracleGeneral.bin.zst__sieve__PG__174718622.log,ok
w99.oracleGeneral.bin.zst,oracleGeneral,sieve,none,202314746,20231474688,0.01,0.6472,0.9384,3660840,/users/varuncg/libCacheSim/results/cp_wss01_prefetch/logs/w99.oracleGeneral.bin.zst__sieve__noprefetch__202314746.log,ok
w98.oracleGeneral.bin.zst,oracleGeneral,sieve,none,535995719,53599571968,0.01,0.6985,0.9163,3664418,/users/varuncg/libCacheSim/results/cp_wss01_prefetch/logs/w98.oracleGeneral.bin.zst__sieve__noprefetch__535995719.log,ok
w99.oracleGeneral.bin.zst,oracleGeneral,sieve,OBL,202314746,20231474688,0.01,0.6472,0.9384,3660840,/users/varuncg/libCacheSim/results/cp_wss01_prefetch/logs/w99.oracleGeneral.bin.zst__sieve__OBL__202314746.log,ok
w99.oracleGeneral.bin.zst,oracleGeneral,lru,none,202314746,20231474688,0.01,0.6708,0.9431,3660840,/users/varuncg/libCacheSim/results/cp_wss01_prefetch/logs/w99.oracleGeneral.bin.zst__lru__noprefetch__202314746.log,ok
w98.oracleGeneral.bin.zst,oracleGeneral,sieve,OBL,535995719,53599571968,0.01,0.6985,0.9163,3664418,/users/varuncg/libCacheSim/results/cp_wss01_prefetch/logs/w98.oracleGeneral.bin.zst__sieve__OBL__535995719.log,ok
w99.oracleGeneral.bin.zst,oracleGeneral,lru,Mithril,202314746,20231474688,0.01,,,,/users/varuncg/libCacheSim/results/cp_wss01_prefetch/logs/w99.oracleGeneral.bin.zst__lru__Mithril__202314746.log,fail:134
w96.oracleGeneral.bin.zst,oracleGeneral,lru,PG,174718622,17471862272,0.01,0.7688,0.7995,3787344,/users/varuncg/libCacheSim/results/cp_wss01_prefetch/logs/w96.oracleGeneral.bin.zst__lru__PG__174718622.log,ok
w94.oracleGeneral.bin.zst,oracleGeneral,sieve,PG,559487221,55948722176,0.01,0.9174,0.9829,4118188,/users/varuncg/libCacheSim/results/cp_wss01_prefetch/logs/w94.oracleGeneral.bin.zst__sieve__PG__559487221.log,ok
w94.oracleGeneral.bin.zst,oracleGeneral,lru,Mithril,559487221,55948722176,0.01,0.3948,0.2884,4118188,/users/varuncg/libCacheSim/results/cp_wss01_prefetch/logs/w94.oracleGeneral.bin.zst__lru__Mithril__559487221.log,ok
w94.oracleGeneral.bin.zst,oracleGeneral,sieve,Mithril,559487221,55948722176,0.01,0.4088,0.3043,4118188,/users/varuncg/libCacheSim/results/cp_wss01_prefetch/logs/w94.oracleGeneral.bin.zst__sieve__Mithril__559487221.log,ok
w97.oracleGeneral.bin.zst,oracleGeneral,lru,PG,545638686,54563868672,0.01,0.7414,0.9308,3768450,/users/varuncg/libCacheSim/results/cp_wss01_prefetch/logs/w97.oracleGeneral.bin.zst__lru__PG__545638686.log,ok
w97.oracleGeneral.bin.zst,oracleGeneral,sieve,PG,545638686,54563868672,0.01,0.7014,0.9184,3768450,/users/varuncg/libCacheSim/results/cp_wss01_prefetch/logs/w97.oracleGeneral.bin.zst__sieve__PG__545638686.log,ok
w99.oracleGeneral.bin.zst,oracleGeneral,lru,PG,202314746,20231474688,0.01,0.6453,0.9157,3660840,/users/varuncg/libCacheSim/results/cp_wss01_prefetch/logs/w99.oracleGeneral.bin.zst__lru__PG__202314746.log,ok
w98.oracleGeneral.bin.zst,oracleGeneral,sieve,PG,535995719,53599571968,0.01,0.6979,0.9160,3664418,/users/varuncg/libCacheSim/results/cp_wss01_prefetch/logs/w98.oracleGeneral.bin.zst__sieve__PG__535995719.log,ok
w99.oracleGeneral.bin.zst,oracleGeneral,sieve,Mithril,202314746,20231474688,0.01,,,,/users/varuncg/libCacheSim/results/cp_wss01_prefetch/logs/w99.oracleGeneral.bin.zst__sieve__Mithril__202314746.log,fail:134
w98.oracleGeneral.bin.zst,oracleGeneral,lru,PG,535995719,53599571968,0.01,0.7398,0.9296,3664418,/users/varuncg/libCacheSim/results/cp_wss01_prefetch/logs/w98.oracleGeneral.bin.zst__lru__PG__535995719.log,ok
w97.oracleGeneral.bin.zst,oracleGeneral,sieve,Mithril,545638686,54563868672,0.01,0.6805,0.8977,3768450,/users/varuncg/libCacheSim/results/cp_wss01_prefetch/logs/w97.oracleGeneral.bin.zst__sieve__Mithril__545638686.log,ok
w99.oracleGeneral.bin.zst,oracleGeneral,sieve,PG,202314746,20231474688,0.01,0.6422,0.9171,3660840,/users/varuncg/libCacheSim/results/cp_wss01_prefetch/logs/w99.oracleGeneral.bin.zst__sieve__PG__202314746.log,ok
w98.oracleGeneral.bin.zst,oracleGeneral,sieve,Mithril,535995719,53599571968,0.01,0.6775,0.8951,3664418,/users/varuncg/libCacheSim/results/cp_wss01_prefetch/logs/w98.oracleGeneral.bin.zst__sieve__Mithril__535995719.log,ok
w98.oracleGeneral.bin.zst,oracleGeneral,lru,Mithril,535995719,53599571968,0.01,0.7105,0.9061,3664418,/users/varuncg/libCacheSim/results/cp_wss01_prefetch/logs/w98.oracleGeneral.bin.zst__lru__Mithril__535995719.log,ok
w97.oracleGeneral.bin.zst,oracleGeneral,lru,Mithril,545638686,54563868672,0.01,0.7118,0.9083,3768450,/users/varuncg/libCacheSim/results/cp_wss01_prefetch/logs/w97.oracleGeneral.bin.zst__lru__Mithril__545638686.log,ok
w96.oracleGeneral.bin.zst,oracleGeneral,lru,Mithril,174718622,17471862272,0.01,0.7198,0.7576,3787344,/users/varuncg/libCacheSim/results/cp_wss01_prefetch/logs/w96.oracleGeneral.bin.zst__lru__Mithril__174718622.log,ok
w96.oracleGeneral.bin.zst,oracleGeneral,sieve,Mithril,174718622,17471862272,0.01,0.7380,0.7665,3787344,/users/varuncg/libCacheSim/results/cp_wss01_prefetch/logs/w96.oracleGeneral.bin.zst__sieve__Mithril__174718622.log,ok
